region,metro_area,year,employment_rate,employment_rate_15_64,labor_force,labor_force_participation_rate,not_in_labor_force,population_15plus,unemployment_rate,male_labor_force_participation_rate,male_unemployment_rate,male_employment_rate,male_employment_rate_15_64,female_labor_force_participation_rate,female_unemployment_rate,female_employment_rate,female_employment_rate_15_64,gender_employment_rate_gap,gender_labor_force_participation_gap,youth_employed_share,senior_employed_share,core_30_49_employed_share,working_age_employed_share,wage_worker_share,regular_worker_share,temporary_worker_share,daily_worker_share,self_employed_share,short_hours_worker_share,long_hours_worker_share,average_weekly_hours,college_employed_share,quarter_count,is_complete_year,employment_rate_score,employment_rate_15_64_score,labor_force_participation_rate_score,unemployment_rate_score,female_employment_rate_score,female_labor_force_participation_rate_score,gender_employment_rate_gap_score,wage_worker_share_score,regular_worker_share_score,temporary_worker_share_score,daily_worker_share_score,self_employed_share_score,youth_employed_share_score,senior_employed_share_score,short_hours_worker_share_score,long_hours_worker_share_score,college_employed_share_score,labor_market_access_score,female_employment_score,stable_wage_job_score,youth_retention_score,working_time_quality_score,education_job_score,employment_inclusion_score
강원,비수도권,2016,58.175,64.6,771.25,59.875,516.5,1287.75,2.85,68.025,2.875,66.1,71.425,52.1,2.875,50.625,57.575,15.475,15.924999999999999,12.317146856162303,19.385696841155593,42.39645861432956,88.83873603065238,66.93654244280226,45.157419921210845,16.4111679145811,5.367954607010324,26.184207091381506,20.259317056820716,23.671069557231966,42.7,36.80877626525381,4,True,16.66666666666665,15.837937384898645,12.653778558875207,64.8,30.15873015873017,30.88235294117648,64.01384083044982,29.093192555166535,25.417857463681866,55.46919845527285,41.3613613784509,28.78131155318924,37.843769162246325,65.14961335163423,71.6769769047956,8.257924981625393,17.223359656926686,27.489595652610124,41.68497464345216,36.024584281152286,51.49669125694028,39.967450943210494,17.223359656926686,35.64777607238201
경기,수도권,2016,61.65,67.02499999999999,6767.25,64.15,3780.75,10548.5,3.9,76.1,3.8,73.2,77.9,52.45,4.075,50.325,55.925,22.875,23.650000000000002,15.600235875027128,10.85930205128327,51.0252158965931,94.89199624529385,78.44327335719501,54.242235967008554,19.090303804642595,5.114390790928292,18.576298611753973,15.686754973385018,20.910094802755292,43.375,47.34243601578839,4,True,39.37908496732026,33.701657458563446,42.7065026362039,31.200000000000003,28.79818594104311,32.466063348416306,29.873125720876587,75.0126978358859,50.366004996152604,39.10797323219294,44.91497063193718,72.65796538077828,74.57993817483955,99.07504600735504,94.71108759142395,23.686201433176635,41.638517446291345,36.7468112655219,30.379125003445335,56.411922415389384,86.8274920910973,59.19864451230029,41.638517446291345,51.867085455674264
경남,비수도권,2016,60.575,65.925,1762.75,62.7,1049.5,2812.0,3.325,74.95,3.575,72.275,76.05,50.425,3.025,48.9,55.05,23.375,24.525,13.040996486801454,16.454761826142814,46.089387101188684,90.90779604064039,68.20425144339382,48.35822474006801,16.066658552293326,3.77918114642469,25.84217340909703,18.831929772814703,24.03030885752954,43.225,39.17428688409976,4,True,32.352941176470615,25.59852670349903,32.51318101933218,49.6,22.335600907029487,23.30316742081447,27.56632064590542,34.152194158677254,34.20770531981202,57.573083998652486,63.6274723656905,30.753902773911477,45.94329440145456,76.81142832977918,78.86738702772962,6.25050233921759,22.706194339204174,35.01616222482546,24.401696324583128,44.06287172334875,61.37736136561686,42.558944683473605,22.706194339204174,38.353871776842
경북,비수도권,2016,62.375,67.525,1490.25,64.425,822.5,2313.0,3.175,76.225,3.15,73.875,77.225,52.825,3.2,51.150000000000006,57.05,22.724999999999998,23.4,12.51345867985953,22.272956596078163,41.326060449221885,85.9329715750281,64.54266559718005,43.778968409528396,16.3799501367949,4.435968600973918,27.68800771740254,18.438043837188797,23.394175024934373,43.125,32.644771086645974,4,True,44.117647058823536,37.38489871086558,44.63971880492089,54.400000000000006,32.53968253968257,34.16289592760183,30.565167243367938,19.54003264626096,21.63244106048254,55.65984242194091,54.42282316880051,20.108528531374148,40.04040297055083,53.66157663867955,80.85157271478238,9.805206565886024,7.571933098718129,45.1355661436525,32.422581903550785,34.272733565771816,46.85098980461519,45.3283896403342,7.571933098718129,35.2636990261071
광주,비수도권,2016,58.05,62.575,753.25,59.925,504.5,1257.25,3.0749999999999997,71.0,3.175,68.775,72.65,49.425,2.925,47.95,52.599999999999994,20.825000000000003,21.575000000000003,14.139216741128998,12.524086178527401,50.9136163289064,92.91752427046725,73.70468672653716,49.64287126588851,19.51057672778883,4.551238732859819,22.117731032360393,15.425682962956525,19.757073325004104,43.6,50.32859509256075,4,True,15.849673202614364,0.9208103130755062,13.005272407732829,57.60000000000001,18.02721088435377,18.778280542986415,39.33102652825835,56.10258727290481,37.735520400676606,36.541406908974494,52.80735210652638,52.23366548431633,58.231844801461506,92.4510832203845,96.02622809157698,30.129264371176333,48.55990533712774,21.843938980855675,25.378839318532844,47.084106434679725,75.341464010923,63.07774623137666,48.55990533712774,46.88100005224928
대구,비수도권,2016,59.325,65.25,1301.0,61.875,801.5,2102.5,4.15,72.6,4.325,69.475,74.175,51.725,3.9499999999999997,49.725,56.475,19.75,20.875,13.955150691879755,13.524225144399406,47.579725292500335,93.28875865189431,73.06199705157461,44.78258058015757,21.18358361560326,7.076038714879502,22.84925989378184,16.01716173077277,22.479586972031818,43.575,47.80103726839357,4,True,24.183006535947733,20.62615101289132,26.71353251318101,23.19999999999999,26.077097505668956,29.185520361990964,44.29065743944637,53.53782825117494,24.388497360579183,26.324514741303375,17.42315290199747,48.01476107669514,56.17223525208702,88.47165839087096,93.04667589347252,14.915907884899411,42.70147393149466,23.680672515505012,33.18442510236876,33.937750866350015,72.32194682147899,53.98129188918597,42.70147393149466,43.30126018773057
대전,비수도권,2016,59.725,64.625,799.75,61.75,495.75,1295.25,3.225,71.5,3.25,69.175,73.35,52.3,3.2,50.625,55.9,18.55,19.200000000000003,17.252571484065143,11.950719177885935,47.72677202117229,94.08955874095015,79.83630298651492,53.72839802063581,19.77472551590141,6.3975709769980975,17.578153852449752,17.82434339656114,17.100629481991838,42.05,51.60024696599747,4,True,26.797385620915048,16.02209944751379,25.8347978910369,52.8,30.15873015873017,31.787330316742075,49.82698961937716,80.57181205309101,48.95493570985497,34.92827566365557,26.931643777317262,78.41450835064819,93.06876983622861,94.73243706883397,83.94306575958072,44.97342400051084,51.50736917005846,30.363570739866432,37.2576833649498,53.9602351109134,93.9006034525313,64.45824488004578,51.50736917005846,55.241284453060864
부산,비수도권,2016,56.175,62.625,1754.5,58.45,1246.5,3001.0,3.9,69.05,4.2,66.175,71.925,48.6,3.45,46.925,53.625,19.25,20.449999999999996,14.769150239048288,16.249291281689487,44.63322397000516,92.261759318506,77.41755757744008,48.250260129621424,22.74601012297385,6.436062738556388,19.49839719924647,17.921327650588914,21.69619633102723,42.875,45.74438272636913,4,True,3.5947712418300477,1.289134438305688,2.6362038664323384,31.200000000000003,13.378684807256242,15.045248868778295,46.59746251441753,70.91941004499299,33.91121973153716,16.782926322280105,26.392195041412933,67.33999913201791,65.2804942024633,77.62896930581577,83.45451120277582,19.29348046479342,37.934512936842076,9.680027386642019,25.007132063484022,43.06915005444822,71.45473175413954,51.37399583378462,37.934512936842076,39.75325833822342
서울,수도권,2016,59.975,65.75,5372.0,62.575,3211.0,8582.75,4.225,72.825,4.175,69.75,75.225,53.15,4.2,50.9,56.775,18.849999999999998,19.675,16.521539351936077,12.76844621553122,48.47990940818421,93.79802545341141,78.52711324466901,50.53355820384034,21.334694981214867,6.668544422899088,18.591666719176086,15.989920565263382,20.231297445145845,43.1,54.05960471969011,4,True,28.431372549019624,24.309392265193345,31.63444639718806,20.80000000000001,31.40589569160998,35.633484162895925,48.44290657439447,75.34727471825497,40.181468565311775,25.401692164176865,23.134044578497424,72.56933377707921,84.88887589938516,91.47880593515143,93.18390224712863,27.47930865764529,57.207724890572024,26.29380280285026,38.494095476300124,47.326762760664046,88.1838409172683,60.33160545238696,57.207724890572024,52.97297205000695
울산,비수도권,2016,58.95,62.45,598.5,61.325,377.5,976.25,3.8,76.625,4.324999999999999,73.325,76.05,45.275,2.925,43.974999999999994,47.7,29.35,31.35,14.287417208000685,11.326401614991166,49.421094163068894,94.44758162328085,81.03112649074755,59.15831461195282,16.92962779338332,4.987431873022034,15.370430047427144,16.732952857122342,21.292580785003302,43.25,40.38201819641493,4,True,21.732026143790872,0.0,22.847100175746935,34.400000000000006,0.0,0.0,0.0,85.33995207655425,63.86622940323129,52.30301383668706,46.694255990768994,91.14698711262288,59.89013593138828,97.21651667782982,89.44090483296151,21.548876757028353,25.505501631794008,19.744781579884453,0.0,67.8700876839729,78.55332630460904,55.49489079499493,25.505501631794008,41.19476466587589
인천,수도권,2016,61.775,67.2,1598.0,64.95,863.0,2461.0,4.875,76.725,5.175,72.75,77.675,53.5,4.425000000000001,51.125,56.55,21.625,23.224999999999998,15.585419653936954,11.652758240320718,48.92028742807956,94.77559943177758,81.5491769912718,50.397188718554055,25.494199188108805,5.657885770226001,16.674008681448846,15.362134238047975,21.221846783826514,43.525,38.34159264633894,4,True,40.19607843137255,34.99079189686924,48.3304042179262,0.0,32.42630385487529,37.21719457013575,35.640138408304495,87.40731794019392,39.80697930535332,0.0,37.29807632304713,83.62893289112785,74.41415186841624,95.9179854712386,96.34635241943253,21.944137062436937,20.776156566321546,30.879318636541996,35.09454561110518,49.62826129194444,85.16606866982741,59.145244740934736,20.776156566321546,46.78159925277922
전남,비수도권,2016,62.7,67.525,994.25,64.6,544.75,1538.75,3.025,74.275,3.85,71.425,75.0,55.275,1.9,54.225,59.375,17.2,19.0,10.394834559579305,26.38346008600735,39.131100270951585,81.57429739826846,59.646230055367255,35.901559980695765,18.589855791230082,5.154814283441413,30.88155825632275,22.694893455783934,13.06572429475169,39.55,29.37794120973846,4,True,46.2418300653595,37.38489871086558,45.86994727592263,59.2,46.48526077097507,45.24886877828054,56.055363321799305,0.0,0.0,42.16416112107867,44.34844935428617,1.690547840316654,16.334029701487935,37.30640979907485,59.40785177630627,67.52040042019871,0.0,47.17416901303693,49.26316429035163,17.640631663136297,26.820219750281392,63.46412609825249,0.0,34.06038513584312
전북,비수도권,2016,59.925,65.475,960.0,61.2,608.75,1568.75,2.075,71.825,2.375,70.125,73.775,51.0,1.65,50.2,56.8,19.924999999999997,20.825,11.775814868489753,21.2075160465476,42.955452186100786,86.28677770231901,63.79801974573337,41.010972870554504,16.844190679774197,5.997359679352856,28.929623421114442,19.12553525749655,17.88491079132415,41.5,39.87471471295011,4,True,28.104575163398682,22.28360957642719,21.96836555360282,89.6,28.23129251700683,25.904977375565615,43.48327566320647,16.56840070647157,14.031146688926787,52.824770072850455,32.540466805133576,12.947829560750819,31.786527559355566,57.90082810457544,77.38836036631764,40.5908743822848,24.329662000628836,40.48913757335717,32.53984851859297,25.782522766826638,44.8436778319655,58.98961737430122,24.329662000628836,37.829077677612055
제주,비수도권,2016,69.225,73.775,362.75,70.775,149.5,512.5,2.15,77.925,2.55,75.925,79.6,63.800000000000004,1.7,62.75,67.675,13.175000000000002,14.124999999999998,13.727693390648017,18.227113167530042,46.07372053506816,88.74199772608799,65.27016298840798,38.57142491260278,18.520742843516143,8.319248314718603,28.036980285529033,21.41520471687653,25.148870559192726,42.275,43.87740346600114,4,True,88.88888888888887,83.42541436464089,89.27943760984188,87.2,85.14739229024941,83.82352941176472,74.62514417531716,22.443230830587613,7.33181430171022,42.58622724604584,0.0,18.095919072675656,53.62709870136181,69.7594693768664,65.85423599560531,0.0,33.60718565355456,87.1984352158429,81.19868862577711,18.091438290203865,61.693284039114104,32.927117997802654,33.60718565355456,52.45269163704919
충남,비수도권,2016,61.7,67.5,1266.25,63.725,720.5,1986.75,3.175,76.425,3.05,74.1,78.825,50.875,3.45,49.15,55.125,24.949999999999996,25.549999999999997,14.952817724261786,17.0810843667056,45.65023181324493,89.57791821222466,69.63530852503764,49.739755276028994,14.475296670866708,5.39842251700658,24.058769182742665,16.166184795989015,22.267392227008674,43.65,36.283462602651454,4,True,39.7058823529412,37.200736648250434,39.71880492091389,54.400000000000006,23.469387755102048,25.33936651583711,20.29988465974627,39.86306318885154,38.00157714484594,67.2913779642667,40.93436414923246,41.03922758873373,67.33564401416533,74.3193711714757,92.29597776922259,16.1016482407195,16.005775620125544,42.756355980526386,23.036212976895143,45.425922007186074,70.82750759282051,54.19881300497104,16.005775620125544,42.041764530420785
충북,비수도권,2016,62.0,68.2,867.5,63.65,495.25,1362.75,2.625,72.67500000000001,2.45,70.875,75.7,54.75,2.85,53.15,60.3,17.725,17.925000000000004,14.94635401994223,16.26816267992656,44.408892295078815,91.11965295015276,70.32497510344513,48.24185881312518,16.85009219416263,5.234724924134861,23.150983533143886,17.367672023338613,21.075517652204834,42.7,38.11090547020265,4,True,41.66666666666667,42.35727440147329,39.1915641476274,72.0,41.609977324263035,42.873303167420815,53.633217993079576,42.615291282541115,33.88814856726056,52.78873009204,43.228529341217794,46.27464765244205,67.26331830719661,77.55388242961675,86.2435307431679,22.76182157473255,20.241464546763527,48.80387630394184,46.03883282825447,43.7590693871003,72.40860036840668,54.50267615895022,20.241464546763527,47.62575326556951
강원,비수도권,2017,60.975,67.1,811.25,62.625,483.75,1295.0,2.65,70.725,2.375,69.05000000000001,73.97500000000001,54.9,3.0,53.275,60.025,15.775000000000004,15.825000000000003,13.36761620522985,21.46699816593774,39.992839292121566,87.35857590683496,66.61898650761914,44.24568684518843,17.525214323998348,4.878610368957399,26.19469190591429,19.76675983177143,23.701608756710282,42.45,36.29413927402308,4,True,34.967320261437926,34.25414364640877,31.985940246045686,71.2,42.176870748299315,43.55203619909502,62.629757785467106,27.82593328308902,22.914113725099284,48.66582417289529,48.21935176270389,28.72084308423574,49.598010161546846,56.868381990634035,74.1582155264392,8.087272493261807,16.030522253525223,43.1018510384731,49.452888244287145,35.26921320560465,53.23319607609044,41.1227440098505,16.030522253525223,39.7017358046385
경기,수도권,2017,62.125,67.85,6953.5,64.625,3806.5,10759.75,3.875,76.6,3.925,73.575,78.675,52.825,3.75,50.849999999999994,56.775,22.725,23.775,15.519843001120055,11.351260600297515,49.713376826751485,94.79938771051526,77.97811904552955,54.35681842740795,18.44476374869869,5.180225273081803,18.873476378744005,15.159334450788286,20.00008531086432,43.35,46.777316624061505,4,True,42.48366013071897,39.7790055248618,46.04569420035149,32.0,31.17913832199545,34.16289592760183,30.565167243367924,73.1564229277663,50.6806641056235,43.0502242710439,43.99232311623839,70.94406910529155,73.68038102415363,97.11760595967942,97.36794877213957,28.771317836963078,40.32867077897884,40.07708996398307,31.969067164321732,56.36474070519273,85.39899349191653,63.069633304551324,40.32867077897884,52.86803256815737
경남,비수도권,2017,60.85,66.425,1775.25,62.75,1054.75,2829.75,2.925,74.975,3.3,72.5,76.525,50.45,2.4,49.25,55.525,23.25,24.525,12.364785114278888,17.040848835796204,45.57967366017402,90.47313898371446,67.33928455314309,48.272023648535374,14.670388940284663,4.396871964323053,26.831075627565596,18.138525218684045,24.544048719477296,43.5,40.76794955264425,4,True,34.15032679738564,29.281767955801058,32.864674868189795,62.400000000000006,23.92290249433108,23.416289592760197,28.143021914648216,30.700401292396272,33.970985331407746,66.09996823732087,54.97074902008899,25.05066377921679,38.3768180962169,74.47946319487758,82.36038656694132,3.379733382905968,26.400022167045208,39.67419240534412,25.16073800057983,42.15855353208613,56.428140645547245,42.87005997492364,26.400022167045208,38.78195112092103
경북,비수도권,2017,62.45,67.85,1487.75,64.25,828.5,2316.0,2.775,75.775,2.7,73.775,77.625,52.9,2.925,51.325,57.325,22.450000000000003,22.875,12.02861846818842,22.91533851860227,40.82671579516033,85.54881953582313,64.43992008690574,44.27853481134332,15.466794148022094,4.728685946708754,27.827785753991876,18.159418127374785,21.63624367594145,42.9,34.45978550892923,4,True,44.607843137254925,39.7790055248618,43.40949033391915,67.2,33.33333333333336,34.502262443438916,31.83391003460207,19.130009761680448,23.004318733284656,61.23639822545156,50.32049072826516,19.302394685185902,34.61527685983396,51.10562125672492,82.25513931986916,19.62849480535128,11.778815090304134,48.74908474900897,33.22316860379144,34.59872242677354,42.86044905827944,50.94181706261022,11.778815090304134,37.025342831794624
광주,비수도권,2017,59.05,63.8,766.0,60.775,494.25,1259.75,2.85,70.5,3.2,68.275,72.5,51.575,2.425,50.325,55.25,17.95,18.924999999999997,14.554824506554999,13.138218240809739,48.98088276407528,92.57528968801519,75.59281845599008,50.85606441559226,19.225648345610644,5.477683234894142,20.909858241649374,16.53362920053185,18.021051820127198,42.849999999999994,50.689400378282414,4,True,22.385620915032664,9.944751381215426,18.980667838312808,64.8,28.79818594104311,28.506787330316758,52.59515570934256,63.63748798157258,41.06711473694193,38.281437136839536,39.82355257968231,59.199760889868045,62.882293517870316,90.00753041358439,90.4449903072738,39.83012080227964,49.396188090772235,29.027760033640224,36.63337632690081,48.401870664980876,76.44491196572736,65.13755555477672,49.396188090772235,50.84027710613304
대구,비수도권,2017,58.8,65.025,1290.75,61.275,816.75,2107.5,4.0,70.575,4.15,67.625,72.85,52.425,3.8,50.475,57.275,17.15,18.15,12.771385744391239,14.688835506256787,46.6114807168112,92.8777758486762,72.25545850497237,46.63308416423658,18.399573834586132,7.202458764896608,23.890650896200196,15.17025501820109,20.78073905268402,43.35,48.66877887100431,4,True,20.751633986928088,18.96869244935545,22.49560632688926,28.0,29.47845804988664,32.35294117647058,56.28604382929643,50.31920331544446,29.47023332443768,43.32619473053047,15.651419590405226,42.008806531548835,42.92648135012371,83.83782294517036,97.31293682173686,24.409038999677904,44.71274528920698,22.5539831907932,39.37248101855122,36.15517149847334,63.382152147647034,60.86098791070738,44.71274528920698,44.50625350922985
대전,비수도권,2017,58.9,63.975,791.0,61.0,505.5,1296.0,3.425,71.25,3.475,68.775,73.475,51.1,3.3,49.375,54.45,19.4,20.15,16.891910636674474,12.797163270316965,47.528623622978145,93.71642111322684,79.70678736517804,56.204022624440285,17.93857310460173,5.564191636136039,17.96962489464068,14.636839017389088,16.203360537974255,42.375,53.02843768818913,4,True,21.40522875816993,11.233885819521165,20.56239015817222,46.400000000000006,24.48979591836736,26.35746606334843,45.905420991926185,80.05495863032822,55.75333950134367,46.14148185323999,38.61116723264188,76.15679988218646,89.03315040287258,91.36454445275308,100.0,49.98734645570497,54.8176623313547,24.900376183965832,32.250894324547325,59.34354941994805,90.19884742781284,74.99367322785248,54.8176623313547,56.0841671525802
부산,비수도권,2017,56.325,63.375,1765.5,59.025000000000006,1226.25,2991.75,4.574999999999999,69.775,4.4,66.7,73.375,49.0,4.825,46.675,53.65,20.025,20.775,14.791694978313746,16.987804632174274,44.495241515664375,92.09251240651326,78.17329751886854,50.28383798601591,21.19799559858783,6.691568478452132,18.695632148865812,17.131784967873788,20.26644315445948,42.7,45.891767932458535,4,True,4.57516339869283,6.8139963167587245,6.678383128295278,9.600000000000023,12.24489795918368,16.85520361990951,43.02191464821223,73.93531477844492,39.495702689071884,26.236502147244053,22.811370396785264,71.96973992276986,65.53275886761304,74.69051928623867,87.43180297347888,27.28291507653867,38.27612574262007,6.916885710936714,24.040672075768473,46.8897259868632,70.11163907692585,57.357359025008776,38.27612574262007,40.59873460302052
서울,수도권,2017,60.225,66.35,5396.0,63.05,3160.5,8556.5,4.525,72.95,4.675,69.55,75.44999999999999,54.0,4.35,51.65,57.775,17.9,18.950000000000003,16.54401349776005,13.597833532684067,47.67934889398058,93.55281655251183,79.0828426302693,51.83506083661893,21.041085114865528,6.196982563453421,18.369538815956556,15.756200605573177,18.61964198819261,42.675000000000004,55.06631132364933,4,True,30.065359477124197,28.729281767955733,34.973637961335655,11.199999999999989,34.807256235827666,39.47963800904978,52.825836216839676,77.56500437983973,43.75557282155356,27.194739380960513,29.742821071966787,73.85039928162753,85.14035065826593,88.1787800429655,94.36125781342713,36.4852098866258,59.54109251069213,26.242069801603893,42.370910153905704,50.42170738718962,86.65956535061571,65.42323385002646,59.54109251069213,55.10976317567225
세종,비수도권,2017,61.2,64.775,132.25,62.675,78.75,211.25,2.3,75.15,2.2,73.475,76.475,50.275,2.45,49.05,52.7,24.424999999999997,24.875,13.90357268240579,11.75546691400437,56.58440984139048,93.27844992970324,80.90888883308365,63.172382676953134,14.243761487387854,3.6664107156144574,15.617008143609587,16.348713951191993,17.582884515327564,41.725,60.811924810175185,4,True,36.43790849673205,17.12707182320444,32.33743409490331,82.4,23.015873015873016,22.62443438914027,22.72202998846599,84.8521425667673,74.88940937585494,68.70534106259902,65.2079109812587,89.72491141381101,55.59510241697922,95.50932081541572,91.37649396828901,42.27859169087391,72.85840702363824,42.07560360370995,22.787445797826425,76.6759430800582,75.55221161619747,66.82754282958146,72.85840702363824,59.46285899183528
울산,비수도권,2017,59.75,63.925,604.75,61.925,371.75,976.5,3.525,75.9,3.825,72.975,76.35,47.4,3.0,45.95,50.475,27.025,28.5,14.525414654049321,11.394454637919427,48.888257838832494,94.68962443246882,80.16014556339672,57.5415757499003,17.048581774789305,5.569988038707115,16.197243408667322,16.492513397075246,20.738991067001127,43.075,41.7285863391319,4,True,26.960784313725494,10.865561694290932,27.065026362038637,43.2,8.956916099773277,9.615384615384615,10.726643598615922,81.86415920450004,59.426443341671764,51.576573312268316,38.52993265378208,86.37855387919146,62.5532115752011,96.94574241704692,90.65210963130001,24.642325980432332,28.62660810923629,27.022843092513767,9.766314771257939,63.55513247828274,79.749476996124,57.64721780586617,28.62660810923629,44.39459887554682
인천,수도권,2017,61.625,67.35,1607.5,64.675,877.75,2485.25,4.6499999999999995,76.375,5.3,72.35,77.25,53.25,3.775,51.25,57.3,21.099999999999998,23.125,15.594188648963282,12.441167726030404,47.625917989118804,94.54036113050114,80.87928159897398,51.4529379029194,23.31314041042534,6.1293323178873,16.951169698845252,14.690728566396139,20.45679880185446,43.25,40.309465604638156,4,True,39.21568627450981,36.095764272559784,46.39718804920911,7.200000000000017,32.99319727891157,36.085972850678736,38.06228373702423,84.73399002169073,42.70621097675472,13.319516198797771,30.690915884385177,82.0304780664715,74.51227265695006,92.78100512119127,99.72853340992842,26.2192111989998,25.337337573127932,32.227159649069684,35.71381795553818,50.69622222961998,83.64663888907066,62.97387230446411,25.337337573127932,48.432508100148425
전남,비수도권,2017,62.1,66.75,988.25,64.125,552.75,1541.0,3.15,73.25,3.35,70.825,74.0,55.25,2.95,53.65,58.9,17.174999999999997,18.0,10.011675150505095,27.824346248592146,38.15068994514865,80.84322676081484,60.065532139660625,36.65471213017281,17.584974366115652,5.851698797456956,31.043582597608946,21.293869700199927,12.55640034796442,39.775,31.992755834303264,4,True,42.32026143790851,31.675874769797396,42.53075571177504,55.2,43.87755102040816,45.13574660633485,56.170703575547876,1.673294041302623,2.0682588227245637,48.3008753429203,34.581853726084404,0.7561141581431343,12.046662307660021,31.573308332626965,66.46545660962764,70.36649332332583,6.060677215765216,42.931722979870244,48.3946670674303,17.476079218235004,21.809985320143493,68.41597496647674,6.060677215765216,34.1815177946535
전북,비수도권,2017,58.6,64.375,944.5,60.125,626.75,1571.0,2.525,70.775,2.65,68.875,72.875,49.9,2.275,48.75,55.5,20.125,20.875,11.434000532934256,21.87060357552796,42.43986435899556,86.2188860643937,65.42827708835485,42.05611365716557,17.542107911444944,5.828743765953371,27.33534913475097,19.914992928579935,18.116116352538878,41.275000000000006,41.80609819425152,4,True,19.444444444444457,14.180478821362774,14.41124780316343,75.2,21.655328798185955,20.927601809954748,42.56055363321799,23.07421119342768,16.901246249020392,48.56265665904693,34.90356055959735,22.14239613004021,27.961791425263243,55.26248776687588,73.41149683853385,39.298901933144094,28.80626686204495,30.809042767242666,28.38116141378623,29.116814158226514,41.61213959606956,56.35519938583897,28.80626686204495,35.846770697201485
제주,비수도권,2017,70.925,76.025,381.75,72.3,146.25,527.75,1.95,78.625,2.15,76.925,81.5,66.125,1.725,65.0,70.3,11.925,12.499999999999996,13.63173112404952,18.09799341177972,45.29192858661234,89.18153870433713,68.20122863498567,41.55493850421817,18.895162161076126,7.8853854268371055,26.786142766960495,20.245922929049488,20.049587454038438,41.25,45.55158726324446,4,True,100.0,100.0,100.0,93.6,95.35147392290247,94.34389140271493,80.39215686274508,34.14013114376074,15.524950725554751,40.29968448231534,6.080438435353017,25.309802486725246,52.553327620426316,70.27322034502869,71.7444493231037,28.494700765910096,37.48764719741816,98.4,90.02917406278749,24.271001454741818,61.4132739827275,50.119575044506895,37.48764719741816,60.28677862369698
충남,비수도권,2017,62.3,67.9,1173.75,64.1,656.75,1831.0,2.85,76.25,2.8,74.1,78.67500000000001,51.725,2.925,50.275,56.075,23.825000000000003,24.525,13.768500604354227,19.002454099643423,44.983717868813486,88.26414869290907,69.99661681001571,48.497682345085316,15.881730319731258,5.640722489507694,24.046092292602392,17.382812494491652,21.843705175625466,42.85,35.353196048101005,4,True,43.62745098039215,40.1473296500921,42.35500878734618,64.8,28.571428571428577,29.185520361990964,25.490196078431353,41.3049234203501,34.59067497896171,58.70242293001392,37.53861377087062,41.112338289497885,54.08371157144557,66.67448712752463,86.16726118530882,18.469203737952483,13.849582496993271,47.732447354457605,27.74904833728363,42.64979467793885,60.3790993494851,52.31823246163065,13.849582496993271,40.77970077963152
충북,비수도권,2017,62.575,69.075,880.25,63.974999999999994,495.25,1375.5,2.25,73.35000000000001,2.075,71.82499999999999,76.95,54.675,2.4250000000000003,53.35,60.725,18.474999999999994,18.675000000000004,15.068382221941402,16.771537610685915,43.87191175917784,90.91750739294112,70.1811442345192,48.862100119530254,15.950290579318752,5.368527807276909,23.45757287486826,16.28102653974553,20.45194050084639,42.825,39.634787397805454,4,True,45.42483660130722,48.802946593001835,41.476274165202064,84.0,42.5170068027211,42.5339366515837,50.17301038062286,42.04131050604502,35.59141603463915,58.283732018281896,41.35332817480651,44.50647254227994,68.62875452509559,75.55101806139174,91.7174667749781,26.246359296212873,23.773552975279113,54.92601433987778,45.074651278309226,44.355251855210504,72.08988629324367,58.98191303559549,23.773552975279113,49.86687829625263
강원,비수도권,2018,60.675,66.725,812.25,62.5,487.25,1300.0,2.9250000000000003,70.625,3.0,68.55,73.875,54.7,2.9,53.15,59.375,15.400000000000002,15.925000000000004,13.50176459596858,22.76622124245294,38.14789474092129,86.53053947344367,67.57574131437977,44.86487950873703,17.46927000163636,5.27303834488687,25.62953029488827,22.475189194406976,20.357749009534466,41.375,39.203592783647096,4,True,33.00653594771241,31.491712707182252,31.107205623901574,62.39999999999999,41.609977324263035,42.64705882352943,64.35986159169548,31.644020950929203,24.614501475754906,49.0074707692895,42.69157999008086,31.980267199290978,51.09906539539163,51.698939796914686,60.51460378591011,26.772699627644016,22.77412022427667,39.50136356969906,49.53896591316265,35.98756807706909,51.39900259615315,43.643651706777064,22.77412022427667,40.474112014522944
경기,수도권,2018,61.95,67.9,7058.25,64.4,3900.5,10958.75,3.8,76.25,3.8499999999999996,73.3,78.525,52.75,3.725,50.8,56.975,22.5,23.5,15.445855662591395,12.13209011283288,48.66723527905582,94.49694382599031,78.32489028033228,55.58785994270147,17.61346416145301,5.127224896256655,18.925578733236613,18.086389402869997,16.715690005162877,41.85,48.0906634500263,4,True,41.33986928104578,40.1473296500921,44.46397188049213,34.400000000000006,30.95238095238095,33.82352941176471,31.603229527104958,74.54027066577225,54.06127249519517,48.12689090271213,44.73510508108771,70.6435821872646,72.85249869828218,94.01078535191414,82.62301879156408,47.12445875952239,43.37277612768866,40.0877927029075,32.1263799637502,58.42142426640637,83.43164202509816,64.87373877554323,43.37277612768866,53.718958976899025
경남,비수도권,2018,61.375,66.9,1800.5,63.3,1044.0,2844.75,3.025,75.525,3.125,73.2,77.55,51.1,2.875,49.625,55.375,23.575000000000003,24.425000000000004,11.779925429570923,18.22416449844299,45.1268272614372,89.67445703695638,67.12156535904393,48.73419273169803,14.305650937029624,4.0817216903162645,26.671899517500773,20.310450592043573,20.430512059178835,42.025,41.59715236559512,4,True,37.58169934640524,32.780847145488046,36.73110720562388,59.2,25.623582766439924,26.35746606334843,26.643598615916943,29.831556982267728,35.24016485178142,68.32738814566122,59.387471197779156,25.968671020975606,31.832522738209008,69.77120175344551,71.41939363121062,26.366101036493887,28.32196743555013,41.5734134243793,26.208215815235096,43.75105043969303,50.80186224582726,48.892747333852256,28.32196743555013,39.924876115756184
경북,비수도권,2018,61.599999999999994,66.925,1488.0,64.225,828.0,2316.0,4.15,75.575,4.125,72.475,75.75,53.1,4.175,50.85,57.425,21.624999999999996,22.475,11.197606682127656,23.967391246196886,40.051186215776795,84.73783104438903,63.24773683035269,43.95778516267617,14.563116090410468,4.744172609166197,28.199509691083236,20.713768588837283,19.75796017287133,41.975,34.86413687228855,4,True,39.05228758169932,32.96500920810308,43.233743409490295,23.19999999999999,31.17913832199548,35.40723981900454,35.64013840830451,14.37240608152503,22.123496324157532,66.75507321487132,50.10345050594659,17.158572562343466,25.31665923211556,46.91963821936043,69.38769428836098,30.124308681507742,12.716029939897263,34.61276004982317,34.07550551643484,34.102599737768784,36.118148725737996,49.75600148493436,12.716029939897263,33.56350757576607
광주,비수도권,2018,59.4,64.625,778.5,61.725,482.75,1261.0,3.775,71.225,4.075,68.325,72.875,52.775,3.4,51.0,56.475,17.325000000000003,18.450000000000003,15.38691789491055,13.548663909877728,47.564602719113516,92.55930287116175,77.50025209643817,53.00033014992455,19.32553337630841,5.140651580615076,19.860623458450803,19.18504927134679,14.289367226103758,41.25,51.7285744945834,4,True,24.67320261437908,16.02209944751379,25.65905096660808,35.2,31.859410430839013,33.9366515837104,55.478662053056496,71.24941614577614,46.95556174778579,37.67144886049909,44.546934739920864,65.25095242162041,72.19301374910553,88.374419673587,77.08856074470116,60.682706090587004,51.80480965450032,25.38858825712524,40.424908022535305,53.134862783120454,80.28371671134627,68.88563341764407,51.80480965450032,53.32041980771195
대구,비수도권,2018,58.2,64.22500000000001,1282.0,60.85,824.5,2106.25,4.35,69.975,4.8,66.625,71.375,52.3,3.8,50.325,57.15,16.299999999999997,17.675,13.023272433781237,15.956803663792844,45.03935272182037,91.80960713667075,72.51134087133948,47.7209476668228,18.55034577867685,6.219820888623002,23.29382415799543,18.786592648144424,16.825240915465695,41.7,48.67953061883509,4,True,16.830065359477146,13.07550644567223,19.507908611599294,16.80000000000001,28.79818594104311,31.787330316742075,60.20761245674741,51.34034405133677,32.45765530644528,42.405444967989226,29.42274983739246,45.45085111678308,45.744970870293045,78.79274007037984,79.09577109968168,46.51229027557283,44.73766593654293,16.55337010418717,40.26437623817753,40.21540905598936,62.26885547033644,62.80403068762726,44.73766593654293,44.47395124881012
대전,비수도권,2018,58.675000000000004,63.875,792.0,61.275,500.75,1292.5,4.275,70.875,4.35,67.775,72.3,52.025,4.075,49.925,55.4,17.85,18.85,15.815793096768264,13.70731582763072,47.544456273227865,93.17914985754399,78.05614386083542,54.89296802036705,17.035243848232586,6.160957091311074,19.43964304275221,18.882912150576477,14.693810070962916,41.25,52.55375040106165,4,True,19.93464052287585,10.49723756906075,22.49560632688926,19.19999999999999,26.984126984126984,30.542986425339365,53.05651672433678,73.46779380669972,52.15300422535603,51.65802674701677,30.247705614029513,67.6788486058692,76.9919186250393,87.74316401582374,78.61056520420834,58.42268686758557,53.7174212669673,18.03187110470646,36.861210044601044,55.04107579979425,82.36754132043151,68.51662603589696,53.7174212669673,52.42262426206625
부산,비수도권,2018,55.675,62.95,1728.5,58.125,1246.75,2975.0,4.15,68.375,4.5,65.325,72.2,48.575,3.675,46.775,53.9,18.550000000000004,19.799999999999997,14.346376471663024,18.161451406968656,43.82335367202778,91.35759477980102,78.59321856319137,53.76122098991257,18.64819616797628,6.199070660310993,18.66044370306229,20.079895886834073,16.548763653608702,41.375,48.288286100627545,4,True,0.32679738562089655,3.683241252302025,0.35149384885762514,23.19999999999999,12.698412698412712,14.932126696832599,49.82698961937714,75.61107888170979,49.0450720731938,41.807882050993136,29.713557116131526,72.1726802261905,60.54986141014081,70.0207291110072,72.58080434630108,48.057240160239964,43.830830432787806,6.890383121695134,25.819176338207484,53.67005406964374,65.285295260574,60.31902225327052,43.830830432787806,42.63579357936312
서울,수도권,2018,59.625,66.025,5334.5,62.6,3186.0,8520.5,4.775,71.94999999999999,4.85,68.425,74.45,54.099999999999994,4.65,51.575,58.125,16.849999999999994,17.849999999999998,16.785575980441614,13.917170493280825,47.45306488966543,93.25773018231698,80.21827333675341,52.92998746471035,21.372773094393366,5.915468266735613,17.49845867777524,19.575616530373523,15.70125126943601,41.375,56.98024874530404,4,True,26.14379084967321,26.335174953959502,31.810193321616875,3.1999999999999886,34.46712018140592,39.93212669683256,57.67012687427914,82.09612765978652,46.76239111233128,25.16915278903936,33.68814665218065,78.87412975649008,87.843317327735,86.90817918314183,75.12109276704712,52.793123868676126,63.977260495546396,21.872289781312393,44.023124584172535,53.31798959396558,87.37574825543841,63.957108317861625,63.977260495546396,55.753920171382816
세종,비수도권,2018,61.775,65.5,152.0,63.225,88.25,240.0,2.3,75.325,1.7,74.05,77.6,51.225,3.15,49.625,53.125,24.425000000000004,24.1,14.002795916668152,10.626835659954002,57.67314091241592,94.11551510200682,82.07685940618285,66.39170795706818,13.496338025656122,2.1888134234585555,15.217036920925484,17.678016004703366,15.906901507949252,40.824999999999996,64.35380415435813,4,True,40.19607843137255,22.46777163904233,36.20386643233744,82.4,25.623582766439924,26.923076923076934,22.72202998846595,89.51312154491208,83.73011695192896,73.26978426227792,85.91592638923304,92.03164248526143,56.705362139726134,100.0,84.68018452998461,51.64395409558592,81.06785607620796,45.316929125688084,25.08956322599427,84.8921183267227,78.35268106986307,68.16206931278526,81.06785607620796,63.81353618954356
울산,비수도권,2018,59.0,63.6,601.5,61.85,371.25,973.0,4.55,74.875,4.875,71.2,75.475,48.3,4.075,46.325,50.775,24.875,26.575000000000003,13.927825074978132,12.019685221024837,48.235949450570544,94.42454299991735,82.63163950041864,58.64293671778093,18.722450337267805,5.309580001695736,14.103864655095457,18.600489759338693,17.491828893915933,41.75,41.748389712719614,4,True,22.058823529411768,8.471454880294647,26.5377855887522,10.400000000000006,10.65759637188212,13.687782805429856,20.645905420991923,91.7270629029249,62.45093120963474,41.35441898029259,42.17946129830467,98.45157699013711,55.866474891919125,94.4580300175889,80.0332574501418,42.787408838632544,28.672508822032828,16.867015999614654,14.9970948661013,67.23269027625881,75.16225245475401,61.410333144387174,28.672508822032828,44.05698259385813
인천,수도권,2018,62.925,68.625,1644.5,65.7,858.75,2502.75,4.25,76.3,4.275,73.05,77.825,55.375,4.225,53.05,59.3,20.0,20.925,15.893650187849957,13.2699852191262,46.226478981265004,93.76418678765899,80.16869410322118,52.08315107855918,23.08190433977742,4.97169726693455,17.35550117709917,17.53957652199157,17.018838964071023,42.175,41.48868253598647,4,True,47.71241830065359,45.48802946592998,53.60281195079089,20.0,41.15646258503401,45.70135746606335,43.13725490196079,81.89827356091736,44.43686256105849,14.731652643837805,46.91477105737597,79.69860034338235,77.86310159947931,89.48324648593508,85.37756825271956,45.4304679193485,28.07055358053679,41.700814929343615,43.331691651019376,53.53603203331439,83.67317404270719,65.40401808603403,28.07055358053679,52.619380720492565
전남,비수도권,2018,62.425,67.65,988.5,64.225,551.25,1539.5,2.8,73.45,2.95,71.275,75.05000000000001,55.2,2.525,53.825,59.525,17.450000000000003,18.25,9.959159385915923,28.048655131275243,37.90316546813115,80.99877131853273,61.09148023189363,37.82133532292044,17.421046495381944,5.849098413591236,29.687088721019823,21.686360411927446,12.402788590459426,40.05,34.40389016515273,4,True,44.444444444444436,38.305709023941084,43.233743409490295,66.4,44.671201814058975,44.90950226244345,54.90196078431371,5.767508913409371,5.271965687095561,49.30196708424014,34.61829720729804,8.579343420393556,11.459036448998278,30.68081202192549,64.48829931084421,71.22487301591555,11.649259582502133,48.09597421946896,48.16088828693871,20.707816462487333,21.069924235461883,67.85658616337989,11.649259582502133,36.256741491706485
전북,비수도권,2018,58.3,63.875,940.0,59.925,628.75,1568.5,2.725,70.725,3.125,68.525,72.75,49.575,2.175,48.474999999999994,54.6,20.050000000000004,21.150000000000002,11.000704401875755,23.232125287619603,41.62377088066819,85.37163097328242,66.1960478311511,42.27760985266206,16.983329955450827,6.990415593051674,26.115090597494806,22.309320673186694,15.467566778326457,40.175,40.28629543712501,4,True,17.48366013071894,10.49723756906075,13.005272407732829,68.8,20.40816326530611,19.45701357466065,42.90657439446365,26.13812682163764,17.50950509931198,51.9750598975785,18.623131363992684,29.179923140613568,23.1134185022008,49.845167282521615,61.350160265516095,54.09894853274902,25.283633228271846,27.44654252687813,27.590583744810136,28.685149264626876,36.47929289236121,57.72455439913256,25.283633228271846,33.86829267601346
제주,비수도권,2018,68.45,73.675,379.5,69.8,164.0,543.5,1.95,77.075,1.7,75.775,80.0,62.7,2.275,61.25,67.0,14.524999999999999,14.374999999999998,13.367671814983701,18.19065824462318,44.93347110084151,89.19451511967759,66.09366473196368,40.90885239382262,18.1426744011891,7.1776432727040635,27.666310558788126,23.17910607005993,17.98725079841255,39.925,47.95369059210273,4,True,83.82352941176474,82.68876611418042,82.42530755711775,93.6,78.34467120181404,78.84615384615387,68.39677047289504,25.729550198201302,13.750709891225005,44.895054863785575,15.999200137518912,20.233661308682954,49.598632407640224,69.90451884531412,56.96864881971905,40.01900029366684,43.055297300931,85.63440077076572,75.19586517362099,24.12163527988275,59.75157562647717,48.49382455669294,43.055297300931,56.04209978472843
충남,비수도권,2018,63.55,68.975,1216.5,65.55,638.75,1855.25,3.1,76.525,2.975,74.25,78.375,54.325,3.275,52.575,58.55,21.675,22.199999999999996,14.262350277554674,20.348936110684416,43.330749736028494,87.50308234700428,68.85285457217742,50.12321333372317,13.042189912059339,5.71053799773699,24.897801926661447,18.76842676358378,18.36817627757761,41.85,36.34606745745258,4,True,51.79738562091502,48.066298342541366,52.5483304042179,56.8,39.002267573696166,40.95022624434391,35.40945790080737,36.74055179203568,39.05460542275963,76.04322311573725,36.5601735505191,36.200322211057724,59.609649173886346,61.31700768709693,79.18728106456685,37.890395680216784,16.150882586227432,52.30300359191857,38.45398390628248,44.919775218421876,60.46332843049164,58.538838372391815,16.150882586227432,45.1383020176223
충북,비수도권,2018,63.275,69.14999999999999,898.0,64.875,486.5,1384.75,2.45,75.55,2.2,73.95,78.4,54.2,2.8,52.675,59.225,21.275000000000006,21.35,15.241860948925025,18.809474073720395,41.94362688257121,89.2878159786642,69.85890947288007,50.443960254556366,14.796996923769507,4.645854080268471,23.53919124467969,20.112110184983084,16.09439372339845,41.175,39.30836397058823,4,True,50.0,49.35543278084705,47.803163444639715,77.6,39.455782312925166,40.3846153846154,37.25490196078428,40.755379606226114,39.93542034088157,65.32678545830626,51.4813507106315,44.03575960352971,70.56989708868144,67.44232993033825,72.41852602274494,50.59625102341048,23.01696128061675,56.18964905637169,39.03176655277495,48.30693914391503,69.00611350950985,61.50738852307771,23.01696128061675,49.50980301104432
강원,비수도권,2019,62.25,68.35,841.5,64.575,461.75,1302.75,3.5999999999999996,72.35,3.525,69.85,75.225,57.1,3.775,54.949999999999996,61.224999999999994,14.9,15.249999999999998,12.80505032932259,24.55120558873539,37.27289756491069,85.51297040594449,67.62322576257684,45.542337201408834,17.141436087531375,4.969428492821285,25.57218141210673,23.22516731965477,17.063781261657994,40.075,38.67183705584831,4,True,43.30065359477125,43.462246777163834,45.69420035149387,40.80000000000001,49.77324263038547,53.506787330316754,66.66666666666666,31.833515463832946,26.474892966191437,51.00952095432598,46.946567142509664,32.31101211873141,43.30317167885702,44.5967157357851,56.7366169955093,45.17933118207287,21.541604621240694,43.31427518085724,56.64889887578963,37.71510172911829,43.949943707321054,50.95797408879109,21.541604621240694,42.354633033853
경기,수도권,2019,61.875,67.6,7226.0,64.3,4008.5,11234.5,3.8,75.55,3.925,72.55,77.625,53.225,3.575,51.3,57.275,21.25,22.324999999999996,15.204567448178253,13.541017760067493,47.2851340457438,93.66626205554658,78.52436022283635,55.53988480227044,17.390773712673397,5.597273646740911,18.938165900672963,19.24589063057938,14.336373894351855,40.8,48.78537923980248,4,True,40.84967320261439,37.937384898710796,43.76098418277678,34.400000000000006,33.21995464852607,35.972850678733046,37.370242214532865,75.33628833111136,53.929526197270086,49.48684005685091,38.14753428679849,70.57098893910006,70.15260095731477,88.40484272422626,76.78207467030424,60.42003368779806,44.983004294142184,39.23701057102549,35.521015847263996,57.49423556222617,79.27872184077052,68.60105417905115,44.983004294142184,54.185840382413254
경남,비수도권,2019,61.275,67.025,1817.5,63.65,1036.75,2854.25,3.8,74.9,3.825,72.025,76.525,52.5,3.7,50.55,56.775,21.475,22.400000000000002,11.668841044378947,19.149334085541106,44.39398848161481,89.28366596365868,69.47665944260974,49.853991676991775,15.859762065920226,3.777183255380211,25.00412128530054,21.807111277328055,18.843751228489158,41.1,40.324401073424625,4,True,36.928104575163395,33.70165745856355,39.1915641476274,34.400000000000006,29.81859410430839,32.6923076923077,36.33217993079584,39.22994789029033,38.315285927767995,58.8365809433097,63.655472118229405,35.58715267745062,30.58954250659669,66.09007047865401,63.880021337053655,35.23289154904012,25.371955344701696,36.05533154533859,32.94769390913731,47.12488791140961,48.33980649262535,49.55645644304688,25.371955344701696,39.899355274376575
경북,비수도권,2019,61.7,67.4,1488.5,64.2,830.0,2318.0,3.925,75.5,4.3,72.225,75.8,53.025,3.325,51.25,58.3,20.974999999999998,22.475000000000005,11.362028800942262,25.163864977160173,38.7856307543451,84.44271936118679,63.10097687157956,44.01848184464096,14.307975911309041,4.757265837506717,28.083747365070014,20.295463396584168,17.93307156471807,41.275,36.59447759525056,4,True,39.7058823529412,36.464088397790064,43.05799648506153,30.400000000000006,32.99319727891157,35.06787330316742,38.638985005767026,13.786736289468665,22.290177715256203,68.31318975133397,49.91995343563185,17.82620197959524,27.156462756014694,42.15902250961777,71.49489106848866,40.32175286104048,16.726653292178682,37.4069918089482,35.56668519594867,34.427251834257184,34.65774263281623,55.90832196476457,16.726653292178682,35.782274454818925
광주,비수도권,2019,59.25,64.44999999999999,778.5,61.55,486.25,1264.75,3.7,70.975,3.55,68.475,73.125,52.625,3.95,50.55,55.849999999999994,17.924999999999997,18.35,15.243135939783208,14.76630812928008,46.37454578204743,91.93533475452674,77.68742831085851,54.974617731013524,18.40962208217116,4.337017996997233,19.41315674367263,19.56469143302568,13.71181711534971,40.725,54.03939999600959,4,True,23.692810457516345,14.732965009207996,24.428822495606298,37.59999999999999,29.81859410430839,33.2579185520362,52.710495963091134,71.99637366398392,52.37722549928419,43.26483104888752,55.80958168727874,67.83160151805271,70.58416361614586,83.5295693022402,75.17612753682837,63.91004555064173,57.160893919339514,25.113649490582656,38.59566953981191,58.25592268349741,77.05686645919303,69.54308654373506,57.160893919339514,54.287681439359936
대구,비수도권,2019,57.925,64.2,1266.25,60.175,838.0,2104.25,3.675,70.35,3.85,67.65,72.825,50.575,3.5250000000000004,48.825,55.625,18.825000000000003,19.775,14.06388431522181,17.138331663927147,43.020922813557995,91.32967310407103,72.31650282671202,50.19044225571763,17.142879019731346,5.024320568989896,23.151814693265287,20.268732312674366,13.580361886394682,40.4,50.604063055297374,4,True,15.032679738562077,12.891344383057088,14.762741652021056,38.4,21.99546485260774,23.981900452488706,48.558246828143005,50.56281073751219,39.23922523849519,51.00070910615025,46.17727366511245,46.26985415038828,57.38891160216251,74.09159150908914,71.629547905141,64.6446149667625,49.198391289342794,20.271691443410056,31.51187071107982,46.64997457953167,65.74025155562583,68.13708143595176,49.198391289342794,46.918210169156986
대전,비수도권,2019,59.775,65.25,806.0,62.425,485.25,1291.0,4.225,72.64999999999999,4.45,69.4,74.075,52.5,3.875,50.475,56.375,18.924999999999997,20.15,16.283462334120205,15.0461937573479,45.38511361112362,92.62392262111106,79.07369099554104,56.92672339711488,16.670872807040432,5.475219412054685,18.435188294237847,19.582953231988505,13.15890046606403,40.325,50.592896289541564,4,True,27.124183006535947,20.62615101289132,30.579964850615088,20.80000000000001,29.47845804988664,32.6923076923077,48.0968858131488,77.5284832738577,57.73797467806322,53.88320565333052,39.858082205306864,73.47178281427341,82.22490988620585,82.41594024091673,75.08413440672513,66.99973367836306,49.17250870395635,24.78257471751059,36.75588385178105,60.495905724966335,82.32042506356129,71.04193404254409,49.17250870395635,54.09487201738662
부산,비수도권,2019,56.625,64.25,1740.75,58.8,1219.0,2959.75,3.775,67.65,3.75,65.1,72.0,50.625,3.75,48.7,56.675000000000004,16.4,17.025000000000002,14.677605226018683,18.616080300041638,42.59330914407331,90.68179266974937,77.1308114719366,54.69312479131513,16.240724942934396,6.196961737687062,19.97709227749591,20.365131747188645,15.676245055364898,40.825,47.74837791578183,4,True,6.535947712418302,13.25966850828727,5.096660808435814,35.2,21.428571428571455,24.208144796380097,59.746251441753174,69.77510247372415,51.60420738273213,56.51007729129888,29.743112937885158,64.57924848766346,64.25615004012364,68.2118189824717,71.14393935478931,52.93285813573896,42.579418878118155,15.023069257285346,35.12765588890158,54.44234971466075,66.23398451129768,62.03839874526413,42.579418878118155,45.907479499254606
서울,수도권,2019,59.975,66.325,5319.25,62.75,3158.5,8477.75,4.4,71.9,4.575,68.6,74.52499999999999,54.425,4.15,52.15,58.675,16.449999999999996,17.474999999999998,17.102002961904507,15.126088591119835,46.026357541242504,92.28489459757189,82.03368347490009,55.826688925476354,20.618600589793168,5.598002066662284,16.0783669932318,19.045432614680692,13.232306260924283,40.575,58.30933990373082,4,True,28.431372549019624,28.545119705340692,32.864674868189795,15.199999999999989,37.07482993197279,41.40271493212669,59.51557093425607,89.34082087852049,54.71712955022644,29.774811744447888,38.13732573333447,87.06414300559804,91.38398131959495,82.09804893169782,77.7918744372574,66.58954343869732,67.05785841858,26.260291780637523,45.997705266118516,59.80684618242547,86.74101512564638,72.19070893797736,67.05785841858,59.675737618564206
세종,비수도권,2019,62.525,65.875,172.5,64.25,95.75,268.0,2.7,75.475,2.35,73.7,77.1,53.075,3.125,51.45,54.325,22.25,22.400000000000002,12.539423012831318,11.174184666277519,57.77056126671486,93.74041656332554,82.1020658894406,67.49173699715848,12.672897809358389,1.7929224124034966,15.211471464809655,17.540268894795034,13.456192585238968,40.15,67.17727158835345,4,True,45.09803921568628,25.23020257826885,43.40949033391915,69.6,33.90022675736964,35.29411764705884,32.75663206459055,89.61371216875425,86.75094716399138,78.2984544714175,91.46420209353212,92.06373982082228,40.33093122576111,97.82216841809148,85.3740804505858,65.3384707515429,87.61215355179615,45.83443303196857,33.983658823006344,87.6382111437035,69.07654982192629,75.35627560106434,87.61215355179615,66.58354699557754
울산,비수도권,2019,59.075,63.724999999999994,596.25,61.65,370.5,966.75,4.175,74.25,4.475,70.925,75.525,48.6,3.7,46.825,51.0,24.099999999999998,25.65,12.954826885477294,13.293349256831197,47.402808214353946,93.57402871754795,81.79520581087067,59.30556131658707,18.67950214578623,3.8099158978545598,15.576784300592498,17.19029322944936,15.236862625919814,41.525,43.54623803079841,4,True,22.54901960784316,9.392265193370102,25.131810193321595,22.400000000000006,12.925170068027242,15.045248868778295,24.22145328719725,88.38913647447876,64.27058899536465,41.616699455262406,63.19673544599746,89.95689207451456,44.979098481148185,89.39028397279083,87.13706979137602,55.38811911863696,32.839602824191964,19.868273748633715,17.397290741334263,69.48601048912357,67.1846912269695,71.2625944550065,32.839602824191964,46.33974391420992
인천,수도권,2019,62.525,68.35,1652.75,65.375,875.75,2528.5,4.35,75.225,4.375,71.975,76.75,55.725,4.35,53.3,59.75,18.675000000000004,19.5,15.955501323175898,14.178377812743584,45.385277649282905,93.17375804385813,80.21669324430982,52.50135952543539,23.318998072537358,4.396335646337077,17.363358354447385,18.489700464769168,15.419905595812384,41.25,43.423631343260894,4,True,45.09803921568628,43.462246777163834,51.31810193321616,16.80000000000001,42.29024943310657,47.28506787330318,49.25028835063435,82.08982204059309,45.58532016101389,13.28374401962202,54.97826533131677,79.65328609551872,78.55518571535265,85.86886871910596,80.59135438298662,54.36527834929033,32.5554222361387,39.16959698151657,46.27520188568136,55.1180875296129,82.2120272172293,67.47831636613847,32.5554222361387,53.80144203605289
전남,비수도권,2019,63.4,68.825,999.25,65.075,535.75,1535.25,2.525,74.175,2.65,72.175,76.225,56.2,2.425,54.8,60.65,17.375,17.975,9.879067444426687,28.928788212720548,36.44113804136659,80.670262475062,61.836252071189776,38.84837150472836,18.24017208747908,4.772986537627423,28.789819205635766,21.45482167229391,12.499381111347546,39.825,35.331114101204335,4,True,50.81699346405229,46.96132596685082,49.209138840070324,75.2,49.09297052154194,49.43438914027151,55.24798154555939,8.739643628466748,8.092347525953107,44.299645870148105,49.699633256343525,13.754114386944707,10.56284658567479,27.178875234045208,65.65466706258701,70.68511577510854,13.79840045480217,55.546864567743356,51.25844706912428,24.917076933571238,18.87086090986,68.16989141884778,13.79840045480217,38.7602568923248
전북,비수도권,2019,59.35,64.45,953.25,60.975,609.5,1562.75,2.675,70.85,3.05,68.7,72.725,51.525,2.25,50.35,55.775,18.35,19.325000000000003,10.888654246757678,25.42797509121882,39.612231625642146,83.89644018551775,66.12997751085742,43.21869009179615,16.115316432499892,6.876099921820378,26.361608254531596,23.98000520052583,13.524260256011743,39.45,39.5219233783133,4,True,24.346405228758183,14.7329650092081,20.386643233743406,70.4,28.911564625850357,28.28054298642534,50.74971164936562,25.874462324379778,20.093840162064318,57.275935003750625,20.225225990043768,27.7581960090168,21.85963177492887,41.10816219772674,52.93414936769311,64.95810985168578,23.511954166327367,32.46650336792742,35.980606420547105,30.24553189785106,31.483896986327807,58.94612960968944,23.511954166327367,35.43910374144504
제주,비수도권,2019,68.425,72.45,390.0,69.925,168.0,558.0,2.15,77.025,2.175,75.375,78.92500000000001,62.85,2.05,61.55,65.65,13.825,14.174999999999999,12.718728282358022,20.436027501703677,43.58754056771181,87.75063727573898,64.74175522404173,39.83958059227172,16.908911064780142,7.993263566989858,29.295355882571236,24.448252130437425,16.719409752444186,39.475,47.846489754333405,4,True,83.66013071895424,73.6648250460405,83.30404217926186,87.2,79.7052154195011,79.52488687782807,71.62629757785467,20.33453259937764,10.814343263334722,52.429528905900014,4.5685635826268225,10.838561731383152,42.337269965993976,60.97048219845472,50.57537294969125,47.10367287971929,42.80682474426262,81.95724948606414,76.95213329172795,19.79710601652447,51.65387608222434,48.83952291470527,42.80682474426262,53.66778542258479
충남,비수도권,2019,63.65,69.3,1231.25,65.55,647.0,1878.25,2.875,76.1,2.625,74.1,78.45,54.725,3.225,52.95,59.125,21.150000000000002,21.375,14.457452034729805,21.07799868043591,42.060573640937314,87.27623365454328,68.15842616812135,50.21271016282438,12.159063373477299,5.806504652310727,24.83337873362299,18.87678258324836,17.61289047553214,41.55,36.7293905962217,4,True,52.450980392156865,50.4604051565377,52.5483304042179,64.0,40.70294784580501,42.760180995475125,37.83160322952709,33.96932084865379,39.30037595733617,81.43639195492146,35.215234051702666,36.57186639392817,61.79274292646383,58.416161113432544,78.6414426706529,42.110918933823214,17.039357735321524,54.864928988228115,40.43157735693574,45.298637841308455,60.104452019948184,60.37618080223806,17.039357735321524,46.35252245733002
충북,비수도권,2019,62.875,68.3,908.0,64.85,492.0,1399.5,3.05,74.675,3.3000000000000003,72.2,76.15,54.95,2.725,53.45,59.85,18.75,19.724999999999994,14.37777134709522,20.421624085602353,41.31148436262981,88.15082273885102,71.06720839994297,51.54727404041473,15.351251983004769,4.226027102123208,22.527881516058514,19.902240181748958,14.480660620824857,40.55,40.85322397772292,4,True,47.38562091503269,43.09392265193365,47.62741652021086,58.400000000000006,42.97052154195013,43.778280542986444,48.904267589388695,45.57729552437379,42.96527091412852,61.94200311530555,57.365080721689296,49.8682281451803,60.90115479371321,61.02779154607468,73.4757383243143,59.61376209813379,26.597673182266913,49.1267400217943,45.21768989144175,51.54357568413549,60.96447316989395,66.54475021122406,26.597673182266913,49.99915036012609
강원,비수도권,2020,60.775,66.975,827.25,63.275,480.0,1307.25,3.9499999999999997,70.95,3.55,68.375,74.1,55.875,4.375,53.45,59.575,14.925000000000002,15.075000000000003,12.183281038868815,26.244672332469612,36.40971881531062,84.63015656444867,68.48658928241858,47.17787272775274,16.591575815992748,4.747853269385623,24.955920141813255,24.50901164373759,13.986233596948097,38.4,39.970928575221556,4,True,33.66013071895424,33.333333333333265,36.555360281195064,29.60000000000001,42.97052154195013,47.963800904977376,66.55132641291809,35.278909816364866,30.966297239005435,54.36746475151831,50.05186732496757,35.865140365203274,36.345875787791655,37.85862849198314,50.26929917112156,62.376611268384266,24.55266869388778,33.28720608337065,52.4952162866152,41.30593589941189,37.1022521398874,56.32295521975291,24.55266869388778,40.8443723871543
경기,수도권,2020,60.3,65.925,7193.0,62.775,4262.75,11455.75,3.9749999999999996,74.3,3.9749999999999996,71.325,76.275,51.35,3.925,49.35,55.175,21.975,22.949999999999996,14.521830682947508,15.010926392854747,46.80079198560319,92.93232527676912,79.24309146445327,57.76581993117563,15.886324207289256,5.590948374667578,18.419214758016842,21.354125956260976,11.992297817898322,39.275000000000006,49.888064686890296,4,True,30.555555555555543,25.59852670349903,33.040421792618616,28.80000000000001,24.37641723356011,27.488687782805442,34.02537485582468,78.20450375131944,60.042248536796514,58.6743685005,38.23618078896086,73.56390607272851,62.513108682048966,82.55626456656,66.16191797060074,73.51868794834654,47.53883387477003,29.4986260129183,28.630159957396746,61.744241530061075,72.53468662430448,69.84030295947363,47.53883387477003,51.63114182648738
경남,비수도권,2020,60.6,65.525,1802.0,63.125,1052.25,2854.0,4.0,73.8,4.125,70.775,74.775,52.45,3.8499999999999996,50.425,55.525,20.35,21.35,10.927626115492545,21.826822461426595,42.65712105463038,87.16414894222572,70.164927320773,51.4164981514422,15.553298412795895,3.223957701792805,24.964149479010715,23.80707360303389,16.60920596440327,39.45,38.52293898399481,4,True,32.51633986928106,22.651933701657477,35.50087873462214,28.0,29.25170068027211,32.466063348416306,41.52249134948096,41.97659424023978,42.60614243477028,60.70812499975542,71.40873706300869,35.81767978120568,22.295708027614733,55.43668721161687,53.8052858301754,47.71948963253335,21.196485260550244,29.66728807639017,34.41341845938979,50.503455703795964,38.866197619615804,50.76238773135438,21.196485260550244,37.56820547518273
경북,비수도권,2020,61.125,66.4,1478.25,63.725,842.25,2320.5,4.05,74.95,4.175,71.825,75.525,52.5,3.85,50.5,56.4,21.325000000000003,22.449999999999996,10.947754571589833,27.558344702681083,37.05991087160856,82.9264539795933,63.007414323224936,45.0308802832377,14.097967285195216,3.8785667547920273,28.2567214484795,22.06144464492331,13.292783314994951,39.1,39.21738340734772,4,True,35.94771241830066,29.097605893186017,39.71880492091389,26.400000000000006,29.59183673469389,32.6923076923077,37.02422145328719,13.413359527188259,25.070362309025455,69.59569223408747,62.23461741101008,16.828618478265582,22.520935659550283,32.63169440957036,62.59882649845012,66.25159876619902,22.806084447693635,32.791030808100146,33.10278862676293,37.42852999191537,27.57631503456032,64.42521263232457,22.806084447693635,36.354993590226165
광주,비수도권,2020,58.65,63.85,777.5,61.0,496.75,1274.5,3.875,69.69999999999999,4.0,66.925,71.69999999999999,52.8,3.7,50.8,56.05,16.124999999999996,16.899999999999995,15.117090793843735,16.18728268046233,44.816243135605355,91.20423960329255,76.38844419039307,54.91740601995176,17.39116452420328,4.079784041787913,20.10008841058764,21.941774253323146,12.307360704918588,39.05,52.87666383467182,4,True,19.771241830065353,10.31307550644566,20.56239015817222,32.0,30.95238095238095,34.0497737556561,61.01499423298733,66.8125635424946,52.220114314978574,49.484453408423,59.4146266722737,63.86989995011873,69.17377974965828,77.87569358692765,63.20166162583218,71.75812229569395,54.465877418068786,20.661676873670807,42.00571631367479,58.360331577657725,73.52473666829297,67.47989196076307,54.465877418068786,52.74970513535468
대구,비수도권,2020,56.65,62.975,1232.0,58.925,859.0,2091.0,3.875,69.825,3.825,67.175,72.8,48.725,3.925,46.75,53.3,20.425,21.099999999999998,13.187650779648715,18.566570172640823,42.22159173681499,90.46223748721744,73.17731658534368,52.12698477248679,16.285113947881168,4.785947549884497,22.95708075992379,23.62185683467296,9.814929487990819,37.625,51.963246828331236,4,True,6.6993464052287495,3.867403314917116,5.975395430579927,32.0,12.585034013605462,15.6108597285068,41.17647058823529,53.9980298478991,44.557235880395545,56.23899790706283,49.51798914874582,47.392931985063804,47.58428459620783,68.40881343725668,54.73830838199598,85.68578236896637,52.348738563630036,12.135536287681447,23.124121443449184,50.34103695383342,57.99654901673226,70.21204537548118,52.348738563630036,44.35967127346792
대전,비수도권,2020,60.65,66.175,815.75,63.425,470.5,1286.5,4.375,73.075,4.35,69.875,74.475,54.05,4.35,51.675,57.775,18.2,19.025000000000002,17.334279990904786,16.40166814004083,43.00087629169589,91.640680183681,79.84183212597773,57.45208974729692,17.521686675542114,4.9321231179836325,17.56157370539188,22.881967281982508,11.500238828071051,38.275,50.20726676307913,4,True,32.843137254901954,27.440147329650046,37.60984182776799,16.0,34.92063492063491,39.70588235294117,51.44175317185698,80.59387699496278,59.180702538139144,48.687367182756944,47.46938907852661,78.51013008095907,93.9830482794204,77.02268130558981,58.465474364999196,76.26830458762113,48.278687756650704,28.473281603079997,42.022756815144355,62.88829317506891,85.50286479250511,67.36688947631016,48.278687756650704,55.755462269793206
부산,비수도권,2020,55.625,62.925,1711.5,58.075,1236.5,2948.25,4.175,67.225,4.35,64.25,70.75,49.625,4.0,47.65,55.325,16.599999999999998,17.599999999999998,13.750705207106222,20.585249201849965,41.14384635290696,89.02063039251345,75.50645872700301,53.28050909768241,16.585642186662522,5.640381172849081,21.137731901883967,23.53283346483043,12.301650696207796,38.475,47.28681496355104,4,True,0.0,3.4990791896868814,0.0,22.400000000000006,16.66666666666668,19.68325791855204,58.82352941176471,63.292855256538296,47.724971462734146,54.40370085518973,37.54339720588574,57.885558210733244,53.88458973308159,60.376748168557555,55.186760282097644,71.79002971997882,41.50959769770003,6.474769797421722,31.72448466566114,52.17009659821623,57.13066895081957,63.48839500103823,41.50959769770003,42.08300211847615
서울,수도권,2020,59.3,65.95,5292.5,62.15,3223.25,8516.0,4.55,70.775,4.25,67.75,73.9,54.325,4.9,51.65,58.45,16.1,16.45,16.76739243230393,15.945888620407228,45.57035766379583,91.84891243023849,82.24855663909706,58.49777457312443,18.336218397369187,5.414528251368545,15.955189397410194,21.45964986343076,10.9109198826177,38.8,59.725133883166095,4,True,24.01960784313724,25.782688766114177,28.64674868189805,10.400000000000006,34.807256235827666,40.95022624434391,61.13033448673586,90.19830763748226,62.05229610433778,43.713100292603066,40.70864784811654,87.77453808272755,87.63985226973739,78.83616962981718,65.63034523009287,79.56140808081635,70.33941812563151,22.212261322787366,45.629272322302484,64.88937799305344,83.23801094977728,72.59587665545462,70.33941812563151,59.81736956150112
세종,비수도권,2020,62.650000000000006,66.3,184.75,64.45,102.0,286.75,2.725,75.775,2.55,73.85,77.15,53.175,3.0,51.575,55.225,22.275,22.6,12.643372672442439,11.245185256813164,58.158543478310925,93.62008539334121,81.92711367129971,69.55401126912756,10.850472245821082,1.6679789935603888,15.434557672929767,18.770729584683075,11.945743341092179,39.25,70.08080691220226,4,True,45.91503267973861,28.36095764272555,44.815465729349754,68.8,34.46712018140592,35.746606334841616,32.64129181084199,88.91553652142548,92.41423440394622,89.42783212185381,93.21524092952849,90.77714753943421,41.494077348919255,97.53966616337598,79.17568068930134,73.77883351362485,94.34203421603208,46.97286401295348,34.285006109029844,90.94999830323765,69.51687175614762,76.4772571014631,94.34203421603208,68.75733858314396
울산,비수도권,2020,58.125,62.9,585.25,60.65,379.25,964.5,4.25,74.025,4.05,70.975,76.075,46.775,4.525,44.675,48.6,26.300000000000004,27.25,12.09097268701882,15.172802268633518,46.22949210116656,92.81540426297015,82.37491890227092,60.867428345214876,18.339549405775216,3.1235361779238113,15.661988810276155,20.8522300761911,12.982505182817754,39.25,45.74053083272773,4,True,16.339869281045754,3.314917127071791,18.101933216168696,20.0,3.1746031746031855,6.787330316742081,14.07151095732408,90.70257706502557,68.55968949667115,43.69275814461678,72.81611001544366,89.46549699714866,35.312990235389584,81.91218119279439,68.69019971806384,67.98542729626399,37.925584929552116,14.43917990607156,8.01114814955645,73.04732634378117,58.61258571409199,68.33781350716392,37.925584929552116,43.39560642503619
인천,수도권,2020,61.325,66.9,1634.25,64.225,909.75,2543.75,4.575,74.07499999999999,4.425,70.8,75.55000000000001,54.625,4.725,52.025,58.075,18.775000000000002,19.449999999999996,15.224865651471937,15.991500791440224,44.761496053838876,91.98889046612094,81.20132593338873,54.93603016353271,21.60351976900456,4.693940713978215,16.9231706315517,20.571324423880064,12.023030731545369,39.35,42.40567439114255,4,True,37.25490196078434,32.780847145488046,43.233743409490295,9.599999999999994,36.507936507936506,42.307692307692314,48.78892733564013,86.01916099030066,52.27125876076385,23.76000503852947,50.80743315740826,82.19195547993203,70.37972797780189,78.65468464409975,70.10525144831179,73.34695298874956,30.19597830142372,30.71737312894067,42.534852050422984,59.00996268538686,74.51720631095083,71.72610221853068,30.19597830142372,51.450245782609294
전남,비수도권,2020,63.849999999999994,69.125,997.75,65.4,528.0,1525.5,2.35,74.4,2.3,72.675,76.625,56.5,2.425,55.125,60.8,17.55,17.9,9.604739538264445,30.36525030510654,35.89439486419944,79.59658467585406,61.90642840289578,39.903184154688155,17.815801994716335,4.110754443042039,28.62356219882475,22.3700909987192,11.164564675513052,38.425,35.89542171683275,4,True,53.7581699346405,49.171270718232016,51.493848857645034,80.8,50.56689342403629,50.79185520361992,54.44059976931948,9.019693840671202,10.989007345772565,46.891233214182094,58.98058720173174,14.71295887801503,7.493250766694697,21.46337657620431,61.04403202072988,78.14404561528099,15.106365568884073,58.80582237762938,51.93311613232523,28.118696096074522,14.478313671449504,69.59403881800543,15.106365568884073,39.67272544406136
전북,비수도권,2020,59.925,64.625,955.75,61.45,599.5,1555.25,2.4749999999999996,70.925,2.575,69.1,72.675,52.3,2.375,51.075,56.175,18.025,18.625,10.080492052245688,27.687304364047332,38.11923152798534,82.20378312602898,64.76810165352605,44.19987370846181,15.148584166527952,5.419643778536292,27.2545678184717,25.670398698511615,12.203214145027655,38.3,39.096851613199995,4,True,28.104575163398682,16.02209944751379,23.725834797891046,76.80000000000001,32.1995464852608,31.787330316742075,52.24913494809689,20.439672366426514,22.788304585077157,63.179675979585284,40.636955502731254,22.608281578007123,12.816689961110484,32.11858043645455,44.4188552664689,72.34009136834486,22.526713095054063,36.16312735220088,38.74533725003325,33.930578002365465,22.467635198782517,58.37947331740688,22.526713095054063,35.36881070264051
제주,비수도권,2020,67.125,70.725,387.75,68.85,175.75,563.25,2.475,74.15,2.5,72.275,75.45,63.575,2.45,62.025,65.65,10.25,10.575000000000001,11.972536186216015,22.023686416477997,42.65966719089572,86.44045932002172,63.54718237756293,42.321194000431504,14.022178289075674,7.2034619956023915,29.311256973492736,25.943636833598354,16.326045056919796,38.35,47.54976386233824,4,True,75.16339869281047,60.95764272559845,75.74692442882247,76.8,81.85941043083898,82.80542986425341,88.11995386389849,15.567392866973309,17.629193130764424,70.05852834461953,15.637359658769313,10.74685628254501,33.987743406640384,54.65339075232458,43.04242836781719,49.30178760677006,42.11906667680802,72.16699146180785,84.26159805299697,25.92786605673432,44.32056707948249,46.17210798729363,42.11906667680802,52.49469955252055
충남,비수도권,2020,62.4,67.8,1218.5,64.675,666.5,1885.0,3.475,74.85,3.2,72.45,76.375,54.1,3.825,52.0,58.15,20.45,20.75,13.352803724963398,22.613209535712787,41.91328309838767,86.24299728439686,67.53645917352148,49.4880970034835,13.161899883872966,4.886462286165006,25.21204578206488,21.423789393843087,16.335096442797187,40.550000000000004,37.09730301985855,4,True,44.28104575163398,39.41068139963163,46.39718804920911,44.8,36.39455782312926,39.93212669683259,41.06113033448674,31.48725909667188,37.31048910524432,75.31216583060403,48.10930985657665,34.38800166357679,49.43226571312117,52.30775377755698,65.81099100606805,49.2512086279657,17.892113575978467,43.722228800118685,39.129271618149524,45.32144511053474,50.870009745339075,57.53109981701688,17.892113575978467,42.411028111189566
충북,비수도권,2020,63.199999999999996,69.0,919.0,65.275,489.5,1408.75,3.175,74.425,3.3,72.0,76.375,55.95,3.05,54.25,60.975,17.75,18.474999999999998,13.96380990101457,21.534350038763762,40.17848885905414,87.7344829843292,71.60532085988139,51.58594362394512,16.399044304387914,3.6480491178011247,22.273413192845176,21.48681618791256,13.43123949980179,39.175,40.20614352214098,4,True,49.509803921568604,48.25046040515651,50.615114235500926,54.400000000000006,46.59863945578231,48.303167420814496,53.51787773933102,47.724721941972184,43.07146287993962,55.5432361767723,65.4652424290436,51.33580869739342,56.26912758990185,56.600397516292084,65.49349588531754,65.47790813677062,25.097855284252375,50.69384464055651,49.473228205309276,52.62809442502422,56.43476255309697,65.48570201104408,25.097855284252375,49.96891451988057
강원,비수도권,2021,61.425,67.2,839.75,63.725,477.75,1317.25,3.675,70.175,3.25,67.9,73.375,57.45,4.1,55.15,60.8,12.749999999999996,12.725,11.496352587244978,28.444905487726917,35.74768060618621,82.97610077824473,70.12057126544967,46.388718741580966,17.98096944052501,5.721156567291383,24.188963365923534,28.02534489128931,12.8691780227907,38.025,38.7392906689942,4,True,37.90849673202613,34.99079189686924,39.71880492091389,38.4,50.680272108843525,55.090497737556575,76.58592848904269,41.79958409445597,28.799172448189474,45.882571507091704,36.411357967876704,40.288366150128155,28.65948058089664,29.104182612438805,32.55590178968683,68.61869739463472,21.697950150470096,37.754523387452316,60.78556611181426,38.636210433548406,28.881831596667723,50.587299592160775,21.697950150470096,39.72389687868559
경기,수도권,2021,61.125,66.9,7421.5,63.45,4273.0,11694.5,3.675,74.5,3.45,71.925,77.05000000000001,52.475,3.975,50.375,56.375,21.549999999999997,22.025,14.833199250874035,15.816960295432896,45.73295844930382,92.26419985633545,80.56501924914966,58.7197839577356,17.16796496869747,4.684122680741914,17.21776963948737,23.389398944082913,10.420915362432114,39.15,50.601431614831164,4,True,35.94771241830066,32.780847145488046,37.78558875219685,38.4,29.02494331065761,32.579185520362,35.98615916955018,83.47987434455789,62.66196424213507,50.84751162837693,50.945029500209266,80.49293153350078,65.99717148717907,79.34915891944367,55.909306322347206,82.29954438129327,49.192292076370535,36.22853707899639,32.53009600018993,65.68546224975599,72.67316520331137,69.10442535182024,49.192292076370535,54.2356629934074
경남,비수도권,2021,60.65,65.425,1805.5,63.25,1049.5,2854.5,4.075,73.25,4.125,70.25,73.65,53.2,4.0,51.075,56.5,19.174999999999997,20.049999999999997,11.056837574964558,23.919796968728146,40.2780062157036,85.83467906904525,70.19184819993876,50.68642164431875,16.25692518765716,3.262713988770116,24.647352069456737,26.709115302406346,14.691903094551304,39.25,39.3114875072465,4,True,32.843137254901954,21.915285451197004,36.37961335676625,25.599999999999994,32.1995464852608,35.85972850678735,46.94348327566321,42.084026443374675,40.60125248236097,56.41114395478489,70.8655810947739,37.64472729494723,23.741521402230124,47.10900975268202,39.18635917574932,58.4333430169101,23.024201085411903,29.1845090157163,38.33425275590378,49.52134625404834,35.425265577456074,48.80985109632971,23.024201085411903,37.38323763081102
경북,비수도권,2021,60.974999999999994,65.7,1457.25,63.025,854.5,2311.75,3.225,74.35,3.45,71.75,75.525,51.725,2.875,50.275,54.875,21.475,22.625,10.726159292664219,30.038474581299816,34.99101258259199,81.05626853693533,62.88705179379768,44.84079481883229,13.850117141160183,4.196139833805203,28.54968266993935,23.778998081063932,11.986763249231782,39.1,39.726953109480064,4,True,34.96732026143788,23.94106813996316,34.79789103690683,52.8,28.571428571428577,29.185520361990964,36.33217993079584,12.933033025529797,24.548361622841185,71.10928922749599,57.78394045845051,15.139040043755955,20.041392286760832,22.763575321950583,53.94671522333411,73.54961501687153,23.987176772382536,36.62656985957697,31.36304295473846,36.30273287561469,21.402483804355708,63.74816512010282,23.987176772382536,35.57169523112852
광주,비수도권,2021,58.175,63.4,772.25,60.325,508.0,1280.25,3.6,69.35,3.425,66.95,72.175,51.725,3.725,49.825,54.625,17.125,17.625,14.136179283852414,16.91297460970525,44.4129133014287,90.57331825165683,76.16304155984136,54.58776964551469,16.844310577995415,4.764789387333211,20.010127351179168,23.12396602494022,12.921339528435672,39.725,51.49668641821739,4,True,16.66666666666665,6.998158379373816,15.81722319859403,40.79999999999999,26.530612244897984,29.185520361990964,56.40138408304498,65.91305721346757,51.31488774131241,52.82403786594431,49.814513484870716,64.38872720365346,58.19785713215375,74.98825836007495,57.24641473724571,68.32721985471338,51.267334160889355,20.070512061158624,37.37250556331131,56.851044701849695,66.59305774611435,62.786817295979546,51.267334160889355,49.15687858821715
대구,비수도권,2021,58.25,65.525,1264.75,60.5,825.25,2090.0,3.7249999999999996,70.875,3.7,68.225,74.325,50.8,3.8000000000000003,48.875,56.824999999999996,19.349999999999998,20.075,14.144601870562617,18.76991584361344,41.266406730268855,90.49289167390998,76.49553015448232,54.67654009197986,16.89271335465696,4.946684871110809,20.606069690869717,24.667237327338913,9.463971981230749,38.175,54.19615392830413,4,True,17.156862745098042,22.651933701657477,17.04745166959577,36.80000000000001,22.22222222222224,24.999999999999993,46.13610149942331,67.23990772305041,51.55866352981181,52.52844676385812,47.26531114083311,60.95178315919962,58.292101780145735,67.59972706060802,49.47224320052184,87.64692650049533,57.52422177325849,23.414062029087827,31.119441240548515,55.90882246335061,62.94591442037688,68.55958485050859,57.52422177325849,49.91200779618848
대전,비수도권,2021,60.9,66.65,811.5,63.0,476.75,1288.5,3.3,72.475,3.125,70.225,74.8,53.75,3.55,51.85,58.4,18.375,18.724999999999998,16.94974685862253,17.28972853934306,42.60466197301755,90.9584334443179,79.39628532165219,57.42298664173602,17.824955520685116,4.116975530623766,18.022689417365683,25.211737621527647,12.22915125048451,38.475,53.91007379916394,4,True,34.47712418300654,30.939226519337033,34.622144112478026,50.400000000000006,35.71428571428573,38.34841628959276,50.634371395617066,78.81584907493523,59.10078142938734,46.835333511402524,58.89340080921419,75.85076390654797,89.68030959116294,73.4892027354295,46.729343308428696,72.19515529723716,56.86113869873588,37.6096237037054,41.56569113316518,63.899225746297454,81.58475616329622,59.46224930283293,56.86113869873588,56.830447458005516
부산,비수도권,2021,56.2,63.85,1715.0,58.15,1234.0,2949.25,3.35,67.5,3.45,65.2,71.82499999999999,49.525,3.3,47.925,56.125,17.275,17.974999999999994,13.484984445885868,21.911529888217107,40.25168467235239,88.10319413615909,74.28244563387656,51.12089161153246,18.16797446453747,4.963265125491237,22.324252039100344,26.1587371625061,11.957502709068182,38.525,48.19663690857056,4,True,3.758169934640542,10.31307550644566,0.5272407732864377,48.8,17.91383219954649,19.23076923076923,55.70934256055364,58.40822937003336,41.79436644150262,44.74054981007166,47.03294460564741,51.04260873789006,50.91130367892487,55.099647211260056,41.958868496046485,73.7131223803611,43.618403836682354,15.84962155359316,30.95131466362312,48.60373979302902,53.00547544509246,57.835995438203796,43.618403836682354,41.64409178837065
서울,수도권,2021,59.25,66.575,5312.25,62.275,3221.0,8533.25,4.825,70.825,4.725,67.45,74.075,54.475,4.95,51.8,59.55,15.650000000000002,16.35,17.872011296368427,15.802764069764539,44.82153655049116,91.86709121700503,82.0917674131755,59.26848311795881,18.133293794008065,4.69981083169018,16.20230644772421,24.539007409064524,10.302237430958236,38.625,60.22162076497774,4,True,23.692810457516345,30.38674033149171,29.52548330404216,1.5999999999999943,35.4875283446712,41.62895927601811,63.2064590542099,89.57261440269396,64.16876719017313,44.952341329689574,50.72516548632405,86.34935410469238,100.0,79.40564388287152,50.11819662378302,82.96271449268544,71.49018678978605,21.301258523262554,46.774315558299726,67.15364850271462,89.70282194143576,66.54045555823423,71.49018678978605,60.49378114562216
세종,비수도권,2021,62.65,66.175,189.25,63.975,106.75,296.0,2.075,75.3,1.825,73.95,76.825,52.675,2.5,51.35,55.25,22.6,22.624999999999996,12.001739581526817,12.241610911823678,56.76306625774711,93.27968926373183,82.21940405451043,71.03561388135856,9.843734311819418,1.614079885356481,15.223095435861392,23.936942261410348,10.916379905741607,38.825,72.52187597932279,4,True,45.91503267973856,27.440147329650046,41.47627416520211,89.6,33.44671201814061,33.4841628959276,31.14186851211072,90.08196944622432,96.48291783882225,95.57588386492583,93.97061830405933,91.99670155987255,34.31451519373317,93.57501612211301,53.1510773148654,79.53089757142075,100.0,51.10786354364768,32.69091447539297,93.62161820278084,63.94476565792309,66.34098744314308,100.0,67.95102488714794
울산,비수도권,2021,57.675,62.875,575.5,59.825,386.25,961.5,3.5500000000000003,71.525,3.375,69.075,74.675,47.6,3.925,45.75,50.0,23.325,23.924999999999997,11.445593187956902,15.90531444760861,45.74516586595398,92.20379652408944,81.74861414936686,62.19481941356007,16.938012671442475,2.6157820643643075,16.178291005777613,24.393285646403967,11.451119072618509,39.225,48.16939069560181,4,True,13.398692810457499,3.1307550644567,12.302284710017581,42.39999999999999,8.049886621315213,10.520361990950239,27.797001153402547,88.2032047739481,72.2048869381403,52.25180819276926,79.93210844266815,86.48785698437727,28.091507595543597,78.99760906591696,50.8522645597293,76.5427848830768,43.5552519403283,17.80793314623294,15.455749921889334,75.81597306638062,53.54455833073028,63.697524721403056,43.5552519403283,44.97949852116076
인천,수도권,2021,61.325,67.4,1628.75,63.9,919.75,2548.5,4.025,74.225,4.2,71.125,76.275,53.85,3.85,51.75,58.4,19.375,20.375,14.829211494777066,17.15726018434377,43.65174137484604,91.67208922784147,81.71262198855837,56.54978303349752,19.678008846393027,5.468957092794808,16.863733704564602,22.31185325006648,10.622838317147437,39.125,41.52203162082638,4,True,37.25490196078434,36.464088397790064,40.94903339191563,27.19999999999999,35.2607709750567,38.80090497737558,46.020761245674734,88.05957212705594,56.70284487961024,35.518915062919675,39.945846445544454,82.53474265685088,65.9525504363585,74.01627735105492,61.33740250408892,81.1712026019232,28.147850853068878,35.4670059376225,40.027479066035674,60.55238423439623,69.98441389370672,71.25430255300606,28.147850853068878,50.90557275630601
전남,비수도권,2021,64.65,69.45,1008.25,66.175,515.75,1523.75,2.375,74.85,2.35,73.1,76.225,57.474999999999994,2.375,56.125,61.775,16.974999999999998,17.375000000000004,9.109425862047669,32.219649701299836,34.499692477150134,78.234732197473,60.51468364385238,39.18436153409333,17.601133777930905,3.702789176601109,30.068165924145546,24.69698595281408,10.951441715999739,38.575,36.156411981947386,4,True,58.986928104575206,51.565377532228354,56.94200351493846,80.0,55.10204081632652,55.203619909502244,57.09342560553633,3.465707109968245,9.015022105138852,48.20219136904551,64.69807942253215,6.381578743293787,1.9509316826876844,14.084958923400904,49.32238561095463,79.33497281670243,15.711294782013304,61.873577287935504,55.79969544378837,26.35251574999571,8.017945303044295,64.32867921382854,15.711294782013304,38.68061796343429
전북,비수도권,2021,61.25,66.075,974.0,62.625,581.75,1555.75,2.2,71.6,2.1,70.125,73.0,53.925,2.35,52.6,58.75,17.525,17.674999999999997,11.153980151653514,29.19036549182351,36.3684383496694,81.38518460246476,65.19865107177533,45.31409244884136,15.500096044735121,4.384462578198861,27.277087051232815,27.961755314110118,12.009144758261579,38.375,40.495236463887466,4,True,36.76470588235295,26.70349907918968,31.985940246045686,85.6,39.11564625850341,39.14027149321266,54.555940023068054,22.157850746715166,25.848101655078466,61.03302674493099,55.14466227807035,22.478407699664842,24.828499578898082,26.13809274799202,32.876231909329704,73.4245475535944,25.76792152482692,45.263536301897076,44.27061925826138,37.33240982489197,25.48329616344505,53.15038973146205,25.76792152482692,38.544695467464074
제주,비수도권,2021,67.45,71.6,395.5,69.625,172.75,567.75,3.125,75.475,2.775,73.35,76.875,63.8,3.55,61.525,66.075,11.824999999999998,11.675000000000004,12.009608021458252,22.710305140318795,41.71636907709339,86.36317379593739,65.01204606605694,45.04089663243259,13.051436733912007,6.9197126997123375,28.134974527857555,29.361097015456245,14.034842413058326,37.7,49.60806632567426,4,True,77.28758169934645,67.403314917127,81.19507908611601,56.0,79.59183673469386,83.8235294117647,80.85351787773934,21.413172730930825,25.097868574005528,75.9867536639672,19.61400797999076,17.530762504446812,34.402559208843854,51.92142280457175,25.82710036139831,62.10498609263238,46.88984726121379,70.47149392564737,81.4229613413993,31.928513090668226,43.1619910067078,43.96604322701535,46.88984726121379,52.973474975441974
충남,비수도권,2021,63.025000000000006,68.2,1220.75,64.5,672.0,1892.25,2.3000000000000003,74.65,2.375,72.875,76.625,53.95,2.2,52.8,58.625,20.075000000000003,20.7,12.983143696106549,23.958399146977015,40.89154981185044,85.04834896933471,68.80591060634876,51.71306604878572,13.370536318955988,3.7223082386070514,24.070639792961668,23.788682823115934,14.215528811568717,39.775,38.65739991764681,4,True,48.366013071895466,42.35727440147329,45.166959578207376,82.39999999999999,40.022675736961446,39.253393665158384,42.7912341407151,36.553214163059685,43.420558447050816,74.03804318650947,64.42452651409491,40.970766899873425,45.295949816947044,46.95541663028735,53.89792869702201,61.095313801086256,21.508141891708497,54.572561762894026,40.68910118094498,51.88142184211766,46.1256832236172,57.49662124905413,21.508141891708497,45.37892185838942
충북,비수도권,2021,63.349999999999994,69.85,920.5,64.95,496.5,1416.25,2.475,73.975,2.55,72.1,77.075,55.8,2.425,54.45,61.975,17.65,18.175000000000004,14.411429413284788,22.857197076194744,38.99203900761481,87.60425141352218,72.62923136101362,52.82004759630558,15.886291343717637,3.9246437322449133,21.69235702673765,24.62304044689689,12.80259415851294,39.2,39.73628209347518,4,True,50.490196078431346,54.51197053406991,48.3304042179262,76.8,47.505668934240376,47.62443438914026,53.97923875432526,51.81080547112777,46.460481195516685,58.67456919517133,61.588864495711306,54.68690056751199,61.2777721808971,51.336958608268375,49.694883334768036,68.99076681092481,24.008799705119063,57.53314270760687,49.70311402590196,54.64432418500782,56.30736539458274,59.34282507284642,24.008799705119063,50.256595181844155
강원,비수도권,2022,61.849999999999994,67.725,844.25,63.875,477.75,1322.75,3.2,69.4,2.825,67.5,73.275,58.475,3.675,56.4,62.025,11.1,10.924999999999999,11.076916720862686,29.73217950251805,34.96087961842815,81.78621284471541,70.80084708051916,48.70071871721369,17.404649303226797,4.695479060078679,24.078928304141563,31.97604667841661,11.371744404152857,37.1,40.706718952733695,4,True,40.686274509803894,38.8581952117863,40.77328646748681,53.599999999999994,56.34920634920634,59.728506787330325,84.1983852364475,44.5143368000534,35.148240629249074,49.402103159782875,50.785873768445974,40.92296504516393,23.96619727702477,23.982284204669952,12.654389116036029,76.98632907932587,26.25810048039896,43.47943904726925,66.7586994576614,44.15470388053905,23.97424074084736,44.82035909768095,26.25810048039896,41.57425711739949
경기,수도권,2022,63.9,69.975,7808.75,65.7,4074.5,11883.25,2.725,76.45,2.45,74.6,79.45,55.05,3.1,53.325,60.175,21.275,21.4,15.137818140355503,17.061335831114906,44.18296713432673,91.3890709020016,81.28387890329071,60.72101970842013,16.610911960656914,3.951813253824473,16.906070999927394,27.25747808344093,9.126191604793512,38.425,51.04781973790758,4,True,54.084967320261434,55.432780847145416,53.60281195079089,68.8,42.40362811791385,44.230769230769226,37.254901960784316,86.34860221609762,68.15763135346056,54.249380775647566,61.20809304026562,82.29057320376086,69.40570867399252,74.39794806484534,36.42400215045393,89.53443706868613,50.22694069027283,57.98014002954943,41.2964331031558,70.45085611784644,71.90182836941892,62.97921960957003,50.22694069027283,59.13923631996891
경남,비수도권,2022,61.05,66.45,1800.0,63.125,1051.0,2850.75,3.3,72.85,3.075,70.625,75.15,53.375,3.575,51.45,56.975,19.174999999999997,19.474999999999998,10.760760952093333,25.275636823799047,38.46175458592883,85.36751858684949,69.73491737609241,51.650445061779536,15.125466536612745,2.9590057777001286,24.794628792283742,29.915401343894573,12.288717264063493,38.475,42.0479337876281,4,True,35.45751633986927,29.4659300184162,35.50087873462214,50.400000000000006,33.90022675736964,36.651583710407245,46.94348327566321,40.26056871809744,43.24859265109154,63.32085312221161,75.1219467146576,36.79534670609732,20.428568023269992,41.71429664957941,23.03481301300387,71.86230150235066,29.366798938379972,37.70608127322691,39.16509791448003,51.7494615824311,31.0714323364247,47.448557257677265,29.366798938379972,39.41790488377
경북,비수도권,2022,62.875,68.2,1499.0,64.45,826.0,2325.25,2.5,74.75,2.375,72.95,76.875,54.15,2.65,52.7,58.5,20.25,20.6,11.068369183056245,30.560460974263055,34.49132731020297,80.5734135090077,63.693900830283624,45.13453470147644,14.303697794035811,4.272424366942958,28.345608215836616,27.922728626526705,11.421591577318779,38.35,39.1236157531432,4,True,47.38562091503269,42.35727440147329,44.815465729349754,76.0,39.569160997732446,40.15837104072398,41.983852364475204,16.152897022289896,25.355011519925956,68.33931580208701,56.71483908963177,16.315986927606787,23.870554487050246,20.686658329705338,33.07282739018392,76.70778398698657,22.588747631510092,52.63959026146394,40.570461467643874,36.57561007230829,22.27860640837779,54.890305688585244,22.588747631510092,38.25722025498154
광주,비수도권,2022,58.625,64.3,772.75,60.375,507.0,1279.25,2.875,69.475,2.7,67.65,73.15,51.75,3.2,50.075,55.45,17.575000000000003,17.725,14.169497721766993,17.862119663992697,42.90150627724825,90.26841744884773,77.2959089995885,56.76586674849372,16.798002706967207,3.7323922821684397,19.103824096889145,26.8904508751893,11.64015472869967,39.075,50.30122391052241,4,True,19.607843137254903,13.627992633517449,16.168717047451654,64.0,27.664399092970548,29.298642533936658,54.32525951557092,70.43395135523949,57.2962403180994,53.10683558079873,64.28320212851807,69.61559793399742,58.57067424415785,71.21173177254387,38.2728880016702,75.48645709286733,48.49646378460241,28.351138204556,37.096100380826044,62.94716546333062,64.89120300835086,56.87967254726877,48.49646378460241,49.77695723148912
대구,비수도권,2022,59.125,66.9,1265.0,60.949999999999996,812.0,2076.75,2.925,70.775,2.55,68.94999999999999,75.19999999999999,51.675,3.4,49.925,58.675,19.025,19.1,13.110229800788854,20.02344190689002,40.71050271299768,89.78572597473746,78.17672203696957,56.6472745000341,16.62585566989915,4.883015735349084,19.72609437636799,27.42738282981417,10.115903685540523,38.275,53.070041945006906,4,True,22.875816993464056,32.780847145488046,20.210896309314546,62.400000000000006,26.984126984126984,28.95927601809954,47.63552479815456,73.9489808820667,56.97056978213444,54.15812098046979,48.157612075171244,66.02681427380978,46.71798150537673,62.612107428874154,35.56811333741365,84.00394405550422,54.914093630539554,34.56689011206666,34.526309266793696,59.8524195987304,54.66504446712544,59.786028696458935,54.914093630539554,49.71846429528578
대전,비수도권,2022,61.599999999999994,67.925,812.75,63.1,475.25,1288.25,2.35,73.075,2.025,71.625,76.85,53.4,2.85,51.875,58.875,19.75,19.675,17.39200392533274,18.110580488404878,41.6218525689368,90.61557349311175,80.04967242707681,60.64313503175686,15.21917359520855,4.2192922803157495,17.617162459949633,29.020241850659524,11.600137459312652,38.15,57.9401096907953,4,True,39.05228758169932,40.33149171270713,35.32513181019333,80.8,35.82766439909298,36.764705882352935,44.29065743944637,81.42329795517036,67.94374937785217,62.748593127350674,57.45946692183949,78.18953624798006,94.62895102498481,70.22313797951513,27.54414552137071,75.71007286260156,66.20204817570936,48.877227776149944,38.96100924029742,69.55292872603854,82.42604450224997,51.627109191986136,66.20204817570936,59.60772793540523
부산,비수도권,2022,57.125,65.4,1729.75,58.849999999999994,1209.25,2939.25,2.95,68.375,2.975,66.325,73.8,50.125,2.925,48.625,57.175,17.699999999999996,18.250000000000004,13.162840418777193,23.103792737643,39.8742683984477,87.43679773716124,75.87095428228616,51.132700174979995,20.15162466823478,4.616242105049643,21.147800603031246,30.563993528837464,11.206379424649839,38.175,48.553970740989826,4,True,9.803921568627452,21.73112338858197,5.448154657293439,61.599999999999994,21.088435374149675,21.945701357466067,53.74855824682816,64.74743481524582,41.8267943719693,32.62658878745435,51.89635230974606,57.82748956862016,47.306668727432275,50.355786059749654,19.767554109603395,77.91038556156678,44.446640376366666,24.645799903625715,32.260898326147974,49.78493197060713,48.831227393590964,48.83896983558509,44.446640376366666,41.46807796765392
서울,수도권,2022,60.425,68.4,5294.5,62.525,3170.75,8465.5,3.425,71.125,3.425,68.65,75.675,54.8,3.425,52.95,61.65,15.700000000000003,16.325000000000003,17.533523252557828,16.312124263861815,44.48168695692849,91.56799228077921,82.03717378865726,60.38505728642462,17.546711316056445,4.1152220435329205,16.324822839618097,28.683804817080592,10.248559365002953,38.275,61.034742903054884,4,True,31.37254901960783,43.830570902394115,31.28295254833039,46.400000000000006,40.70294784580501,43.09954751131221,62.97577854671278,89.35474955054698,67.23503258788762,48.53454410980256,58.917975324806285,85.6427723510175,96.21248345240797,77.37896491852452,29.238934510373397,83.26266654389487,73.37485990182306,38.22151811758309,48.926091301276664,69.93701478481219,86.79572418546624,56.25080052713413,73.37485990182306,62.25100146968256
세종,비수도권,2022,63.75,67.425,201.25,65.025,108.5,309.75,2.025,77.175,2.0250000000000004,75.625,78.575,53.075,1.975,51.975,56.05,23.65,24.1,11.146712822265414,13.41662547295138,55.66563645877561,92.78919252922552,81.88317422699691,71.10774853344437,9.251800264403549,1.6560652374704028,15.71322328274493,29.343326669681275,9.781632284360876,37.25,70.87140127555448,4,True,53.10457516339871,36.64825046040511,48.857644991212695,91.2,36.28117913832201,35.29411764705884,26.29757785467129,88.74018893054975,96.68100946042118,99.19076816508651,93.38220810386483,89.17001536529526,24.74718169834798,88.89978370027178,25.91661781442602,85.8718465341071,96.17449193592823,57.45261765375413,32.62429154668405,93.43283800504351,56.82348269930988,55.89423217426656,96.17449193592823,65.40032566916439
울산,비수도권,2022,59.15,64.75,584.5,61.125,372.0,956.25,3.2,72.85,3.025,70.625,76.825,48.825,3.5250000000000004,47.125,51.45,23.5,24.025,11.97711645413108,17.793660858019155,43.44699103108322,91.25887026846084,84.70471194459654,64.69447715375051,17.667540862503994,2.4303369531555243,13.83537880854307,28.384381107931468,9.020409396261226,38.15,48.39233531697719,4,True,23.039215686274506,16.942909760589295,21.441124780316333,53.599999999999994,14.285714285714304,16.06334841628961,26.989619377162626,100.0,79.0692890095284,47.796649690051574,82.53105758844109,100.0,34.038994376469084,71.484120592084,30.747270260198704,90.12554611604179,44.07199808915789,28.755812556795032,19.112894026388847,81.8793992576042,52.76155748427654,60.43640818812025,44.07199808915789,47.83634493372379
인천,수도권,2022,62.65,69.4,1669.75,64.825,905.5,2575.0,3.35,74.925,3.3,72.475,77.975,54.975,3.4250000000000003,53.075,60.625,19.400000000000002,19.950000000000003,15.180797201207328,18.04922040458867,42.46811443281848,91.3212039909046,81.44957447279738,57.62609891330146,19.383338020500144,4.4553907421684436,16.97190045489498,26.628457181973033,10.598828576723166,38.8,41.91826354396986,4,True,45.91503267973856,51.19705340699817,47.45166959578209,48.8,41.26984126984129,43.891402714932134,45.90542099192617,87.00983768215306,59.65855550991084,37.31844145760127,54.150628572040475,81.9109187671958,69.8866234571077,70.46728189292256,39.592671444437066,81.30536859246513,29.066246278195496,48.34093892062971,43.68888832556653,64.00967639778028,70.17695267501513,60.449020018451094,29.066246278195496,52.62195376927304
전남,비수도권,2022,66.275,71.225,1033.5,67.8,491.25,1525.0,2.225,75.85,2.125,74.25,77.65,59.725,2.375,58.3,64.05,15.950000000000001,16.124999999999996,9.303759706354505,33.560161035751214,32.76542460241718,77.37348113081298,60.073271098559914,39.59448280336738,16.892523024009623,3.6361635334790368,31.174687566048597,29.256257588914373,11.177928963293436,38.025,36.27423604841099,4,True,69.60784313725496,64.64088397790047,68.36555360281193,84.8,64.9659863945578,65.3846153846154,61.822376009227206,1.7041776316713397,10.14127120919044,52.52960909481694,65.63181478578869,0.0,4.125432863831825,8.751236040292227,26.355225056311923,78.06936621949168,15.984390101419981,71.85357017949184,64.05765926280013,26.00137454429348,6.438334452062026,52.2122956379018,15.984390101419981,39.424604029661545
전북,비수도권,2022,62.2,66.80000000000001,992.25,63.75,564.75,1556.25,2.425,71.625,2.475,69.875,72.425,56.075,2.375,54.75,60.85,15.125,15.549999999999999,11.286499520360032,30.013318012473768,35.44986630450252,80.10888829966679,65.24253945645273,45.21367122019931,16.439959383791976,3.5895684510455843,26.92440521235818,32.1031591792418,10.168789332660497,37.15,42.255576005351394,4,True,42.973856209150355,32.044198895027684,39.894551845342704,78.4,48.86621315192744,48.868778280543005,65.62860438292964,22.332994575744433,25.5723312250638,55.293371721731646,66.28482876333865,24.512409422611086,26.31132684866492,22.86367008680604,12.01406464143389,83.7084200262594,29.848076825601517,48.32815173738019,54.454531938466694,38.79918714169792,24.58749846773548,47.86124233384665,29.848076825601517,40.64644807412141
제주,비수도권,2022,69.95,74.45,410.5,71.45,164.0,574.5,2.125,77.325,2.35,75.525,79.4,65.65,1.925,64.4,69.275,11.125000000000005,11.675,12.565772598943695,23.26947545948495,41.26540787864884,85.87680854707051,66.072018269867,45.4790806992997,14.678258852741596,5.914678717825702,26.76952127171402,32.5374900168332,12.100182026202242,37.050000000000004,51.08718372095836,4,True,93.6274509803922,88.3977900552486,94.02460456942008,88.0,92.63038548752834,92.19457013574663,84.08304498269892,25.64316642526417,26.301181958830234,66.05190743881062,33.69921190729352,25.40566268207057,40.62577027620236,49.6965557331476,9.826139271554752,72.91583296469598,50.31817943161854,91.01246140126523,89.6360002019913,35.42022608245382,45.161163004674975,41.370986118125366,50.31817943161854,58.819836040021535
충남,비수도권,2022,64.25,69.525,1254.75,65.75,652.75,1907.5,2.35,75.675,2.275,73.925,77.75,55.5,2.375,54.2,60.25,19.725,20.174999999999997,13.147186445854103,25.28911802817035,39.48807648452341,84.22199257007533,68.95158324109849,51.94556791111818,12.9309615053932,4.095198868906202,25.005566859500473,28.729703019158258,12.508919493614112,38.55,38.1815851027247,4,True,56.37254901960785,52.11786372007368,53.95430579964851,80.8,46.371882086167815,46.26696832579186,44.40599769319492,37.13454480947983,44.05904036388914,76.72248429820277,59.19859319740786,35.578815700353374,47.13150838553572,41.66065666429982,29.00772403194074,70.6318154693848,20.40528741757845,60.81117963483251,45.681616035051526,50.5386956738666,44.39608252491777,49.81976975066277,20.40528741757845,45.2754385061516
충북,비수도권,2022,64.9,71.1,949.0,66.52499999999999,477.5,1426.75,2.45,76.075,2.55,74.15,78.1,56.825,2.325,55.5,63.449999999999996,18.65,19.25,14.555806147649339,24.953877111647373,37.1870028579892,85.98113597784072,70.7963631933479,52.20285600977732,14.63268246182681,3.9874771737693533,23.513133058997834,28.524979120416646,12.305816787898433,38.3,40.1242670575693,4,True,60.62091503267979,63.72007366482497,59.40246045694195,77.6,52.26757369614512,52.26244343891404,49.36562860438294,44.49644310964118,44.765588676077165,66.33023807496018,60.70827552730186,44.18604348189121,62.89327760418176,42.99453732749073,30.039013024362504,71.76674967577651,24.90808013970668,65.33586228861168,51.29854857981403,52.09731777397432,52.94390746583625,50.90288135006951,24.90808013970668,49.58109959966874
강원,비수도권,2023,63.325,69.55,864.5,65.125,463.0,1327.5,2.8,70.2,2.425,68.525,74.45,60.25,3.175,58.375,64.5,10.149999999999999,9.95,11.341771692175076,30.628986977305466,34.271221334980126,80.72806796643833,71.56838861212752,48.34514692178276,18.73016358216191,4.521780748825789,23.635656702535346,28.839024127395078,11.19625167333108,37.1,40.43345664294911,4,True,50.32679738562095,52.30202578268871,49.56063268892794,66.4,65.3061224489796,67.76018099547511,88.58131487889273,47.57733772325883,34.171791841945364,41.307314935521525,53.220195572403675,43.47941990622834,26.92979556328802,20.414002141636004,28.45702303290264,77.96697925077926,25.624726841105332,54.6473639643094,73.88253944111581,43.951211995871546,23.671898852462014,53.21200114184095,25.624726841105332,45.83162370611751
경기,수도권,2023,63.974999999999994,70.4,7859.5,65.7,4101.75,11961.0,2.6,75.725,2.8249999999999997,73.575,78.575,55.775,2.325,54.45,61.875,19.125,19.950000000000003,14.689121237606837,17.974552057320437,43.43558406371405,90.87921170466538,80.43751570991208,61.21863940056835,15.406167323117003,3.816044176012307,17.83218817795341,21.916240733002397,9.710203625191737,39.1,52.553063230020484,4,True,54.57516339869278,58.563535911602216,53.60281195079089,72.8,47.505668934240376,47.511312217194565,47.17416378316032,82.97105046687363,69.52416309523633,61.606640414551435,63.110849745483065,76.94943076851162,64.38500860765639,70.76437768184513,63.33028578063983,86.27098857567714,53.715828526191956,59.88537781527147,47.397048311531755,70.83242689813122,67.57469314475077,74.80063717815848,53.715828526191956,62.36766864567261
경남,비수도권,2023,62.0,68.175,1805.0,63.574999999999996,1034.75,2839.75,2.5,71.55,2.5250000000000004,69.75,74.9,55.5,2.425,54.175,60.825,15.574999999999996,16.05,10.042024614451392,25.52728920061231,38.42242798326961,85.05025144644775,70.9178258965138,53.111495435146935,15.655622877850169,2.1507075835167004,23.588921231504074,27.29270291192212,12.24737529077272,38.825,44.913028401149894,4,True,41.66666666666667,42.17311233885815,38.66432337434092,76.0,46.258503401360535,46.26696832579186,63.55247981545561,44.98116003584137,47.26083682680074,60.08323933240477,86.44996656705334,43.74895470536525,12.386258045261524,40.7130040783779,36.24655839280819,72.09331969328069,36.00758084393216,49.626025594966436,52.025983847536,56.5048314934931,26.54963106181971,54.16993904304444,36.00758084393216,45.813998647465304
경북,비수도권,2023,63.475,68.35,1500.75,65.2,802.5,2303.25,2.6,74.55,2.625,72.57499999999999,75.75,55.675,2.575,54.275,60.15,18.299999999999997,18.875,9.89115638954334,32.504324163168974,33.417002395296414,79.05637927223401,62.83968823917249,44.52243987683765,14.780191405457204,3.554121803294015,29.13359484862286,25.555354230859397,11.166831349291812,38.6,38.34408464788934,4,True,51.30718954248368,43.462246777163834,50.087873462214425,72.8,46.712018140589564,47.058823529411754,50.980392156862756,12.744020958340082,23.67411540579782,65.42941514242126,66.78160128160006,11.771476856262936,10.698116000679233,12.952275705821478,44.99838747476521,78.13137948364488,20.781932584581607,54.41432744546549,48.25041127562136,36.080125928884435,11.825195853250356,61.564883479205044,20.781932584581607,38.819479427834715
광주,비수도권,2023,60.075,65.625,788.75,61.65,491.0,1279.5,2.575,69.95,2.5749999999999997,68.175,73.525,53.725,2.5,52.35,57.725,15.825,16.225,13.531733045625842,19.08485228328864,42.08357286637842,89.04545381498528,77.81870678209054,57.30586196711963,16.676061110084397,3.86972178130286,19.188060893865497,23.07489148270407,11.677209164272554,39.275000000000006,51.38144216059172,4,True,29.084967320261462,23.38858195211784,25.131810193321595,73.6,37.98185941043085,38.235294117647065,62.39907727797001,72.52026202965726,58.77914105193865,53.85152118560987,62.3585766577339,69.1297838905749,51.43439776844899,66.34663530983377,57.493625910574096,75.27939758431958,51.00021838148457,37.801339866425224,46.20541026868264,63.32785696310292,58.89051653914138,66.38651174744683,51.00021838148457,53.93530896104726
대구,비수도권,2023,59.775,67.8,1286.0,61.65,799.5,2085.5,3.075,71.3,3.025,69.15,75.95,52.625,3.125,51.0,59.675,18.15,18.675,12.97489934009341,21.495128385360843,40.014205765174204,88.91528194366335,77.95611736144139,56.14301556259956,17.099316129518073,4.733564150336414,19.817279974396257,23.19424775067774,10.889255174087378,38.85,53.62498113357982,4,True,27.124183006535947,39.41068139963163,25.131810193321595,57.599999999999994,31.859410430839013,33.2579185520362,51.67243367935409,73.06862158295449,55.58580576465023,51.266743487157825,50.25212439027775,65.50092480899015,45.20369948375219,56.75645545097125,56.89237316922638,79.68247007600705,56.20034438985634,37.31666864987229,38.92992088740977,59.13484400680609,50.980077467361724,68.28742162261672,56.20034438985634,51.8082128373205
대전,비수도권,2023,61.6,67.825,820.0,63.375,473.75,1293.5,2.8,72.4,2.9,70.30000000000001,75.725,54.6,2.65,53.2,59.775,17.1,17.799999999999997,15.617185213748638,19.409503581301465,42.39608551592447,89.52726737425984,80.71474630522671,62.433738206153436,14.079050925428115,4.233207173645154,17.215604020597574,24.958447900238824,10.129025484614544,38.35,60.45621948828152,4,True,39.05228758169936,39.59484346224677,37.258347978910365,66.4,41.83673469387757,42.194570135746616,56.51672433679353,84.07738482719176,72.86099062321782,69.71121262396333,57.26445450066402,80.50542118300227,74.76959302987008,65.05488938218699,48.00528081774913,83.93061968217286,72.03394508294285,45.576369755714126,46.84934305547258,72.88389275160785,69.91224120602854,65.96795024996099,72.03394508294285,62.20395701695449
부산,비수도권,2023,57.7,66.525,1746.0,59.575,1184.5,2930.5,3.125,69.27499999999999,2.75,67.425,75.975,50.65,3.65,48.8,57.25,18.625,18.624999999999993,13.271715586929012,23.764272172046432,39.77395340880389,86.7733515376976,77.25323499118517,52.246732239496815,21.76900198367653,3.2228380114135815,20.352451900357593,24.97292890954894,11.855176164841756,38.85,49.23118248309407,4,True,13.562091503267995,30.018416206261524,10.544815465729354,56.0,21.882086167800455,24.32126696832579,49.48096885813148,70.26365369478272,44.88607880451701,22.749421068262848,71.42442913672066,62.41445848299154,48.52492889507241,47.72782299628028,47.93233327428948,74.28492123875247,46.016297260285526,27.531330793814718,31.89477399808591,54.34760823745496,48.126375945676344,61.108627256520975,46.016297260285526,44.83750224863974
서울,수도권,2023,61.075,69.475,5319.5,62.8,3149.75,8469.0,2.75,70.775,2.55,69.0,76.45,55.6,2.975,53.95,62.95,15.049999999999999,15.174999999999999,17.221516230386403,17.335369206403985,44.210530921528026,91.02842737653614,82.82945279397474,63.13789563776346,16.31126200843445,3.394813632752894,15.74002222388702,22.248272957227293,10.818124567400593,39.4,62.761576384958076,4,True,35.62091503267976,51.749539594843384,33.216168717047424,68.0,45.238095238095255,46.71945701357467,65.97462514417532,92.51646943772826,74.79470324891467,56.07931421597198,69.0142502365588,89.01545937049248,92.7212766548632,73.30760436766722,61.657685854215835,80.0799466057547,77.37735409046293,47.14665583614264,52.64405913194842,76.28403930193323,83.0144405112652,70.86881622998527,77.37735409046293,67.88922751695628
세종,비수도권,2023,64.6,67.85,212.5,65.95,109.75,322.0,2.05,76.5,1.425,75.4,78.425,55.575,2.875,53.975,57.225,21.424999999999997,20.924999999999997,10.564490712002744,14.631849070801909,54.50887620290126,91.72859133798838,82.35879599779744,71.55980845161193,9.119289280492715,1.441000790531013,15.843490980245795,24.088074087086195,9.12055127495164,38.175,70.59676149542489,4,True,58.66013071895422,39.7790055248618,55.36028119507911,90.4,45.3514739229025,46.60633484162898,36.56286043829298,90.63823595870976,97.9224278309316,100.0,96.39626200378119,88.4187299517722,18.23239951529479,84.06456467200319,52.38975638857324,89.56595512872534,95.53792556432505,61.04985435972379,42.84022306760815,94.67513114903895,51.14848209364899,70.97785575864928,95.53792556432505,69.37157866549903
울산,비수도권,2023,59.775,65.525,592.0,61.875,364.75,956.5,3.45,72.95,3.325,70.55,76.675,50.225,3.6,48.35,53.225,22.199999999999996,22.724999999999998,11.550393973093476,18.891432544674434,42.655114634187406,90.29176293278366,83.73177513726874,64.5743236440935,16.9276231144682,2.2298283787070496,14.562893342297873,21.560445530505106,10.842428521358688,39.65,47.16265423286477,4,True,27.124183006535947,22.651933701657477,26.71353251318101,45.599999999999994,19.841269841269863,22.39819004524888,32.987312572087674,96.1173353931469,78.73933103675758,52.31525621802797,85.34111596574887,95.80424719388026,29.26417739928861,67.11622767311931,65.12259082244171,79.94413655536461,41.22181511284919,30.522412305343607,25.075590819535474,81.66345716151231,48.19020253620396,72.53336368890317,41.22181511284919,49.867806937391286
인천,수도권,2023,63.075,69.425,1708.75,65.15,914.0,2623.0,3.175,74.625,3.0999999999999996,72.30000000000001,77.475,55.925,3.3,54.05,61.15,18.250000000000004,18.700000000000003,14.247480751768979,19.598063011172364,42.616384237602,89.78267384416137,80.72708647845539,57.811715088343846,19.003547773793542,3.9268838572818607,17.566645141806113,21.80584637770102,10.813632674099754,39.225,43.635571100266766,4,True,48.692810457516366,51.38121546961321,49.73637961335681,54.400000000000006,45.691609977324255,48.19004524886877,51.21107266435984,84.12663032132515,60.16828291617047,39.637783969097825,61.55746991748139,78.48088187686305,59.44326641385103,64.30463556479575,63.88639322167434,80.10504722339847,33.04666105832255,51.0526013851216,48.36424263018429,64.79420980018759,61.87395098932339,71.9957202225364,33.04666105832255,55.18789768094597
전남,비수도권,2023,66.9,71.85,1041.5,68.375,481.75,1522.75,2.225,75.275,1.825,73.925,77.85,61.475,2.6500000000000004,59.824999999999996,65.05,14.100000000000003,13.799999999999999,8.935072287460407,34.81427719482732,31.759339573818988,76.54552661712665,61.81556425741828,40.39876403295294,17.372132466298833,4.019742533839483,30.28570316078253,28.798253190005994,11.87355439218497,37.875,37.034883597522374,4,True,73.69281045751639,69.244935543278,72.40773286467488,84.8,71.88208616780042,73.30316742081449,70.35755478662051,8.657085499594674,12.349937479607554,49.60068035569674,60.25608765647732,5.126988726590724,0.0,3.761268492962074,28.662405106996232,74.18222404035151,17.74743640949021,75.03636971636732,71.84760279174513,27.1981559435934,1.880634246481037,51.42231457367387,17.74743640949021,40.855418946891824
전북,비수도권,2023,63.275,67.775,1008.0,64.89999999999999,545.5,1553.0,2.5,71.375,2.5,69.575,72.175,58.575,2.5,57.125,63.099999999999994,12.450000000000001,12.799999999999999,10.86248605198745,30.98286144001919,34.44746484471657,78.95688674422263,65.89660793946108,46.36644998286387,15.36008137322253,4.220381652749112,26.558674819054055,28.973909567930875,10.29990345950851,37.3,41.688527151751074,4,True,50.0,39.22651933701658,47.97891036906848,76.0,59.63718820861678,60.18099547511314,77.97001153402536,24.943162605474434,28.738019390709997,61.888082878384715,57.4441997436612,26.6216653244406,21.5668224053657,19.005980985070053,27.777542664867553,82.97575668247657,28.533758007374306,53.301357426521264,65.92939840591843,39.92702598853418,20.286401695217876,55.37664967367206,28.533758007374306,43.89243186620635
제주,비수도권,2023,69.225,74.55,408.75,70.55,170.5,579.25,1.9,76.9,1.7999999999999998,75.5,79.85,64.35,1.975,63.075,69.025,12.425,12.55,12.038345846359679,22.939167966132572,40.71289147365121,86.09948761849644,67.76216455217332,47.819463667505204,14.955644263291607,4.988487991929716,26.49759577141195,27.79685142514215,12.459560616620758,38.0,53.803146021532726,4,True,88.88888888888887,89.13443830570897,87.69771528998243,95.2,86.62131519274375,86.31221719457011,78.08535178777392,32.38797359186583,32.728193719875286,64.35794141325712,46.67945484926107,26.97392300954391,34.72412148953954,51.010806937503794,33.70692908999861,70.90763197163888,56.61329904710867,90.23026062114506,83.67296139169592,40.625497316760644,42.86746421352167,52.307280530818744,56.61329904710867,61.052793853508454
충남,비수도권,2023,64.775,69.75,1281.5,66.475,645.25,1926.25,2.6,75.75,2.4,73.95,77.75,56.825,2.95,55.2,60.650000000000006,18.75,18.925000000000004,12.63376038815678,26.83611016425435,39.03193105412133,83.09570999297058,71.7944420781487,53.50857963920848,14.435841671130602,3.8894870417448075,23.513931209747692,25.883727320093957,12.167500014850166,38.65,39.31183611823454,4,True,59.803921568627494,53.77532228360954,59.05096660808432,72.8,50.907029478458064,52.26244343891404,48.904267589388695,48.47944131844249,48.351284366497865,67.53232585319374,62.08157336329953,44.18144035289097,41.38652056380438,35.505373121249946,43.34422030416756,72.53966127484675,23.025009103943134,61.35755261508034,50.69124683558693,54.12521305086491,38.445946842527164,57.94194078950716,23.025009103943134,47.59781820625161
충북,비수도권,2023,65.425,71.4,960.75,66.95,474.0,1434.75,2.3,77.475,2.125,75.825,80.075,56.25,2.575,54.775,61.85,21.049999999999997,21.225,13.56172896939282,26.265711572166055,37.00353690568438,84.62406399475404,71.40205759799308,53.913244501066195,13.337002338944988,4.1780988757526645,23.146709376338933,24.504980427814946,10.72135177444802,38.725,41.942136086119625,4,True,64.05228758169935,65.93001841620627,62.39015817223201,82.4,48.979591836734684,49.6606334841629,38.29296424452136,46.91356641073596,49.46254942942702,74.24283197741086,58.036778250797504,46.299297751616876,51.77003756342891,37.7749160523132,50.28960627074526,80.62071120356212,29.12157860306865,68.6931160425344,45.64439652180632,54.99100476399765,44.77247680787106,65.4551587371537,29.12157860306865,51.44628857940529
강원,비수도권,2024,63.550000000000004,70.35,867.75,65.325,460.5,1328.0,2.8,70.925,2.675,69.025,75.95,59.925,2.9,58.225,64.55,10.8,10.999999999999996,11.98377554218249,30.972614780854563,33.39657163124953,80.01226600067575,72.2917721850226,50.44421375659109,17.712813178344653,4.135997962038944,23.10558965792948,34.488102847992025,10.201607620407302,36.325,43.12316987815805,4,True,51.79738562091507,58.195211786371935,50.96660808435855,66.4,64.62585034013605,66.28959276018098,85.58246828143021,50.4641190378364,39.93611649214432,47.520176011136236,58.62680800687635,46.53644514304129,34.11350633234987,19.046751129310692,0.0,83.52503203431806,31.859005771790947,56.83980137291139,72.16597046058241,48.616732938206916,26.580128730830282,41.76251601715903,31.859005771790947,46.3040258819135
경기,수도권,2024,64.025,70.75,7938.0,65.75,4133.0,12071.0,2.6,74.92500000000001,2.675,72.9,78.25,56.625,2.475,55.25,62.9,17.65,18.300000000000004,14.070931990977865,18.77545358787232,43.518256628386595,90.08922730980473,80.11025334968156,60.637815162742804,16.173768122903894,3.295362310660949,18.047182127055486,30.255664566953186,8.96271291659105,37.875,53.07580960481104,4,True,54.90196078431377,61.14180478821359,53.95430579964851,72.8,51.13378684807256,51.357466063348426,53.97923875432526,81.66505610665192,67.92914028985886,56.918976151862125,70.40802614637965,75.7095085080062,57.467771665423896,67.57769308557528,21.320749737425103,90.44795298962492,54.92746204451231,60.699517843043964,52.156830555248746,70.52614144055175,62.52273237549959,55.88435136352501,54.92746204451231,59.4528392703969
경남,비수도권,2024,62.1,68.025,1798.75,63.575,1031.5,2830.25,2.2750000000000004,71.44999999999999,2.0,70.025,75.4,55.599999999999994,2.6,54.125,60.05,15.900000000000002,15.849999999999998,9.014134358114855,26.82922073920339,38.22094306421465,83.38031300623862,71.25172352412856,53.28170927077461,16.151331606960564,1.8043230829241148,23.31906620046813,31.780853510832127,11.64200097354111,38.0,45.21330870067047,4,True,42.32026143790851,41.068139963167596,38.66432337434097,83.19999999999999,46.03174603174603,46.71945701357464,62.05305651672432,46.31363352362387,47.72826730221155,57.055993796966206,91.30442563613367,45.30527413429943,0.8846661096785131,35.53278526100688,13.63766740627554,75.47614031044662,36.70357739854467,51.31318119385426,51.601419854015,57.54151887864695,18.208725685342696,44.55690385836108,36.70357739854467,43.32088781146078
경북,비수도권,2024,64.025,68.9,1500.0,65.7,784.25,2283.75,2.55,74.075,2.5,72.225,75.625,57.2,2.6500000000000004,55.675,61.375,16.549999999999997,16.875,9.971303843315948,33.28923607878815,33.1333120123754,77.82769003199765,63.439332896977334,44.25882995880156,16.22489283825846,2.9893484298016864,29.21553973053065,29.88251544244885,10.207307265495206,37.625,39.53851318084119,4,True,54.90196078431377,47.51381215469615,53.60281195079089,74.4,53.0612244897959,53.959276018099565,59.05420991926183,15.137001748060571,22.95020651286774,56.60676243195161,74.69670493154558,11.298880843043449,11.594927019448848,9.829211739132944,23.20047451307937,83.49318252176842,23.550406390531045,57.6046462224502,55.358236809052435,36.13791129349379,10.712069379290895,53.346828517423894,23.550406390531045,39.45168310204037
광주,비수도권,2024,60.55,65.975,798.75,62.425,480.0,1278.75,3.05,70.975,3.125,68.75,73.925,54.35,2.9,52.775,58.025,15.975,16.624999999999996,12.617550070625338,20.56097048229737,40.839215149389595,87.63967924143097,78.24678699782756,57.524839285168646,16.913721385779127,3.808226326879786,19.431456270809782,29.705126700833333,9.198950775725601,37.85,53.34243178750505,4,True,32.18954248366012,25.966850828729214,30.579964850615088,58.400000000000006,39.909297052154194,41.0633484162896,61.70703575547866,74.22858665055544,59.38048272021367,52.400152738176814,63.22041419931153,67.726063705715,41.20513499638264,60.47335008360458,24.09406367258694,89.12786015170931,55.54544504517727,36.78408954075111,47.559893741307484,63.39114000279449,50.839242539993606,56.61096191214813,55.54544504517727,51.78846213036201
대구,비수도권,2024,57.975,65.65,1258.5,60.025,837.75,2096.0,3.425,69.325,3.35,67.025,73.39999999999999,51.325,3.5,49.5,57.925,17.525000000000006,18.000000000000004,11.269035269409137,23.158011036593404,39.53423126106156,87.26876060393812,76.79843179626128,57.15662200918409,15.34277543890109,4.319477547833764,20.753282329964037,28.12349091652042,8.535546576007615,37.975,54.89516455373439,4,True,15.35947712418302,23.57274401473298,13.708260105448131,46.400000000000006,25.056689342403644,27.37556561085975,54.555940023068025,68.44868662321656,58.36930771359188,61.993768554941575,56.055405020515856,60.10277215678237,26.115910376274464,50.14005839347569,32.06149485384324,92.8349506913,59.144404608142274,24.760120311091036,35.66273165877714,60.99398801380964,38.12798438487508,62.44822277257162,59.144404608142274,46.856241958211136
대전,비수도권,2024,60.65,67.225,813.5,62.525,488.0,1301.5,3.025,71.075,2.975,68.95,74.75,54.125,3.075,52.474999999999994,59.475,16.475000000000005,16.949999999999996,15.077485776827501,19.702512096505007,42.00259308233355,89.1348006169912,79.78914045647787,59.7698008754706,16.376251659317365,3.642966676256814,17.83589521259908,32.04377164912608,9.471297279063847,37.175,58.79082089558715,4,True,32.843137254901954,35.17495395948428,31.28295254833039,59.2,38.548752834467095,40.04524886877828,59.40023068050747,80.38360220763613,65.54545432527883,55.6824286682067,65.53647109085047,76.92805140040926,68.73061887570853,63.889046033964604,12.313227105962582,87.60599287012593,68.17384608736296,39.625260940679155,45.99807746125094,68.81520153847627,66.30983245483657,49.95960998804426,68.17384608736296,56.480304745108356
부산,비수도권,2024,57.8,66.875,1739.5,59.575,1180.5,2920.0,2.975,68.19999999999999,2.65,66.4,75.125,51.625,3.375,49.875,58.8,16.525,16.574999999999996,13.418163366558058,24.079043318392635,39.399038437252166,85.62233250370393,79.4722480195894,55.65805142255731,21.104032235344373,2.7399441614411817,18.365676446061848,30.591850097180412,9.27205146119546,37.375,53.46394606741637,4,True,14.215686274509787,32.5966850828729,10.544815465729354,60.8,26.757369614512484,28.73303167420815,59.169550173010386,79.11899073480517,54.25402790005292,26.81032736993889,78.19201956120921,73.87267450579432,50.16360830737534,46.47538892648839,19.627227687161692,88.71937485773906,55.82709362581853,29.53929670577801,38.219983820577006,62.4496080143601,48.31949861693187,54.173301272450374,55.82709362581853,48.08813034265265
서울,수도권,2024,61.725,70.425,5392.75,63.65,3078.0,8470.25,3.05,71.25,3.15,69.0,76.825,56.825,2.925,55.175,64.475,13.824999999999996,14.425,16.48711530308718,18.27925217326828,44.18523894564606,90.26994030741496,83.55605879213068,63.3356867028311,17.178956399136926,3.036621826308395,15.172084395980331,31.40448546883875,9.075648321007835,37.625,63.74211070579899,4,True,39.869281045751656,58.74769797421726,39.1915641476274,58.400000000000006,50.79365079365078,52.26244343891404,71.62629757785467,95.41611037115712,75.33786456853156,50.78038801974965,74.03418461667692,92.2908946017894,84.50368753886724,69.55201495193057,15.533607358537722,89.81687201444225,79.65005899342921,49.05213579189908,58.227463936806494,77.57188843558095,77.0278512453989,52.67523968648999,79.65005899342921,65.7007730149341
세종,비수도권,2024,65.175,68.975,214.25,66.425,108.25,322.75,1.875,75.925,1.05,75.2,78.35,57.1,2.9,55.475,59.475,19.725,18.825000000000003,11.295570032211073,14.255800047550132,53.400249253697524,91.68478819144225,83.23790562436508,71.58855675951108,10.34064212071088,1.1907822158412469,15.216420806847236,31.18079235436728,7.2533216743458215,36.525,70.98796131693692,4,True,62.41830065359476,48.066298342541366,58.6994727592267,96.0,52.154195011337876,53.506787330316754,44.40599769319492,94.14646774407383,98.00137461677309,92.54131566458204,99.902988855234,92.03519576461566,26.412821463789847,85.56081556443561,16.660453066601022,100.0,96.44465746905577,66.2960179388407,50.022326678283186,95.32546852905573,55.98681851411273,58.33022653330051,96.44465746905577,70.4009192771081
울산,비수도권,2024,59.825,65.95,594.25,62.15,362.0,956.5,3.7,73.05,3.5,70.475,76.975,50.575,4.0,48.5,53.625,21.974999999999998,22.475,11.04898632513534,19.921438295053743,41.89822118105555,89.21026731238105,82.7856998457951,62.83344444981744,17.767980982887615,2.227752673959609,15.336627276656614,26.840298448876567,11.309856673914238,39.05,46.967076834996575,4,True,27.450980392156886,25.782688766114177,28.64674868189805,37.59999999999999,20.521541950113395,23.981900452488706,34.025374855824694,92.3418660903545,73.9586386423202,47.18327153438365,85.37020625044322,91.34193589197314,23.653669736000875,63.01796673392327,38.52552897576987,77.33215658446053,40.76850134137077,29.870104460042278,26.1762724194756,78.03918368189495,43.33581823496207,57.928842780115204,40.76850134137077,46.01978715297681
인천,수도권,2024,63.5,69.95,1753.25,65.65,917.75,2670.75,3.25,74.3,3.15,71.975,77.35,57.150000000000006,3.4,55.2,62.375,16.775,17.15,13.130223527974469,20.894492287759157,42.581651044915176,88.71377134004649,81.18896475491567,59.251986494720796,18.236917006611296,3.6855094491598366,17.174953604344203,29.696107726968442,9.369282297368375,37.925,47.423173665222926,4,True,51.47058823529412,55.24861878453038,53.25131810193325,52.0,50.907029478458064,53.73303167420818,58.0161476355248,85.96983167127928,64.1234652062634,44.31952433596044,64.94024883093529,80.73986199504314,46.941701586331575,59.146309543111656,24.139496416526327,88.17605072279036,41.825653019033446,52.99263128043944,54.21873626273035,68.01858640789632,53.044005564721616,56.157773569658346,41.825653019033446,54.376231017413254
전남,비수도권,2024,66.05,70.80000000000001,1032.5,67.9,487.75,1520.25,2.725,74.65,2.475,72.80000000000001,76.7,61.125,3.05,59.225,64.075,13.575000000000003,13.524999999999999,9.2371027459876,35.368176372189076,31.122495707306197,75.36101575872324,62.41389486854359,40.43668361662843,18.41461769472078,3.53736651380388,29.524179514127695,34.282387789989876,10.476169912118857,36.825,37.988570550376906,4,True,68.13725490196077,61.510128913443886,69.06854130052729,68.8,69.1609977324263,71.71945701357465,72.77970011534023,11.044822369570381,12.454069843228012,43.23432332348444,67.01642087335807,9.518880337178729,3.3795739036166657,1.5573746195555032,1.036281920171831,81.99078296781391,19.957913868136064,66.87898127898299,71.22005162044707,28.65370334936393,2.4684742615860844,41.51353244399287,19.957913868136064,38.44877613708484
전북,비수도권,2024,63.775,68.675,1013.25,65.425,535.75,1549.0,2.525,71.4,2.325,69.725,73.375,59.55,2.75,57.9,63.7,11.824999999999998,11.850000000000001,10.17989107909803,31.73633443742428,33.676479659792285,78.34062633139625,67.09295070183632,47.60791569879788,15.988750810796809,3.496284192241624,26.484878654852373,33.653531085487614,9.356882564866993,36.4,42.568409314745345,4,True,53.26797385620915,45.85635359116017,51.6695957820738,75.2,63.15192743764171,64.59276018099547,80.85351787773934,29.717365478831475,32.147254061119504,58.04885908343803,67.59217541244854,27.047265705826845,13.928916717422293,16.008008446696266,4.204124078074187,88.24534020131472,30.573169033960994,56.49848080736078,69.53273516545885,42.91058394833288,14.96846258205928,46.22473213969445,30.573169033960994,43.45136061281121
제주,비수도권,2024,69.325,74.725,410.0,70.975,167.75,577.75,2.35,76.275,2.2,74.625,79.375,65.7,2.45,64.1,69.825,10.525,10.574999999999996,10.485228795381897,24.22006258660679,40.449634341441055,85.01889061364383,67.7911681818777,47.87854629569137,15.355337075266993,4.619319550373415,26.466517451166155,32.077694668928885,11.234628733912317,37.225,55.368555448495485,4,True,89.54248366013076,90.42357274401465,90.68541300527238,80.8,91.26984126984122,92.42081447963803,86.85121107266434,32.50371735412799,32.890442698518775,61.91705584973114,51.85322297706511,27.15315922178533,17.34549722647037,45.914291322534964,12.142341160904962,77.75252893786524,60.24164086461563,87.86286735235446,90.18062227404785,41.263519620245674,31.629894274502668,44.9474350493851,60.24164086461563,59.35432990585857
충남,비수도권,2024,64.775,70.25,1302.25,66.7,649.75,1951.75,2.95,76.15,2.65,74.125,78.45,56.8,3.375,54.925,60.975,19.200000000000003,19.349999999999998,12.084748411946052,26.70858154881583,39.053303062532635,82.9617361490343,72.21458578099885,56.15495772447923,12.977562720041412,3.1014451814394484,22.728037735379875,29.96242408667534,11.826718160583377,38.175,41.73874211153593,4,True,59.803921568627494,57.458563535911566,60.63268892794379,61.599999999999994,49.65986394557822,52.149321266968315,46.828143021914634,50.156093977240346,55.61860057468587,76.43789516207241,73.12570769676333,48.7138786718501,35.243343625218436,36.01279314593327,22.797937702786697,74.44394404627573,28.65014739108034,59.873793508120706,49.54577607815372,60.81043521652241,35.62806838557586,48.620940874531215,28.65014739108034,47.18819357566404
충북,비수도권,2024,65.875,71.675,972.25,67.4,470.25,1442.75,2.25,76.325,2.375,74.525,78.975,58.175,2.1,57.025,63.575,17.5,18.15,12.96868454893077,26.94756587375657,36.51448984281802,83.3665901210823,71.91979695915776,52.839632114162185,15.40223255604651,3.677932288949062,23.303405754872617,31.216534905017127,10.000104907083132,37.475,42.80291866742865,4,True,66.99346405228759,67.95580110497232,65.55360281195084,84.0,59.18367346938774,58.37104072398189,54.6712802768166,48.979690621505576,46.51426296042814,61.63066965863701,65.04644011270494,45.39559172316371,45.13415899392179,35.0619051303818,16.48040130287025,84.65102551247726,31.11672018184709,71.12571699230269,57.40866482339541,53.513331015287875,40.098032062151795,50.565713407673755,31.11672018184709,50.63802974710976
강원,비수도권,2025,64.425,70.6,877.25,66.125,449.25,1326.25,2.625,72.1,2.6,70.225,76.1,60.325,2.55,58.8,64.875,11.424999999999997,11.775,10.636694741864215,33.19732669630551,32.506488093271656,77.55323257042294,70.84544529191875,48.44065042570922,18.99901157643427,3.34813029500955,23.990179522001984,30.51110474117324,9.340605893984888,36.325,42.210034913465634,4,True,57.51633986928104,60.03683241252295,56.59050966608085,72.0,67.23356009070292,68.09954751131222,82.69896193771626,44.692313309551196,34.434057527217824,39.665486090116296,69.66850108177681,41.434800801598925,19.040327484697965,10.194907398633404,20.033979401794042,88.33629394063192,29.742520639943027,61.53592048697121,72.67735651324381,45.97903176205221,14.617617441665685,54.18513667121298,29.742520639943027,46.45626391918149
경기,수도권,2025,63.825,70.725,8001.25,65.525,4204.0,12205.25,2.65,74.2,2.825,72.075,77.725,56.95,2.425,55.55,63.45,16.525,17.25,12.956261580563755,19.83739115680371,43.482789403324524,89.18911793289548,81.26274866177286,61.63416909963743,16.41664431744605,3.208656986218969,17.145461049096244,23.756425556211934,8.953223364407847,38.375,54.633364888083605,4,True,53.594771241830095,60.95764272559845,52.37258347978915,71.2,52.494331065759624,52.82805429864255,59.169550173010386,86.26427850642015,70.66526448729962,55.43575458965254,71.62317130401472,80.90995271584649,44.99515202123647,63.35237953075907,54.060423474076316,90.50098043373555,58.53759934791518,59.53124936180443,54.83064517913752,72.97968432064671,54.17376577599777,72.28070195390593,58.53759934791518,62.05560765656793
경남,비수도권,2025,63.324999999999996,69.9,1834.75,64.575,1005.75,2840.25,1.975,72.575,1.9000000000000001,71.175,76.75,56.475,2.05,55.3,62.3,15.875000000000002,16.099999999999998,9.073651787493246,27.77058706870472,37.841385331522424,82.6523789516315,71.1472212759196,53.01473720756793,16.33903538401366,1.7933794319620358,24.30432978532669,26.82839438254721,11.779826377266641,38.525,46.752225578461825,4,True,50.32679738562089,54.88029465930019,45.69420035149387,92.8,51.360544217687064,50.67873303167422,62.16839677047288,45.89660008691804,46.99512549875047,55.9097048823274,91.45779712236019,39.6230200223408,1.5506371912654566,31.787209222961536,38.58549526522599,74.70597447416856,40.27051417890589,60.925323099103736,54.735891339944715,55.97644952253938,16.668923207113497,56.64573486969727,40.27051417890589,47.537139369550744
경북,비수도권,2025,64.775,70.025,1518.75,66.5,764.5,2283.25,2.675,74.325,3.025,72.025,75.975,58.575,2.175,57.325,63.275,14.700000000000003,15.749999999999998,10.005278153634151,34.23612142899148,33.09406676407804,76.80174387301763,64.8575136516769,46.48217867937138,15.403912644524596,2.972181398323574,27.937114099278162,26.660340208945232,10.353824482500816,37.9,42.78615580361786,4,True,59.803921568627494,55.801104972375704,59.22671353251319,70.4,60.54421768707484,60.18099547511314,67.5893886966551,20.796485674375877,29.055826221322206,61.620409519878606,74.93729494497153,18.671871595625248,11.975083024590424,6.061676224689222,39.43206188705942,82.67444699178603,31.077866832238822,61.3079350183791,62.7715339529477,41.01637759123469,9.018379624639824,61.05325443942272,31.077866832238822,44.37422457647714
광주,비수도권,2025,60.85,66.225,802.25,62.875,473.75,1276.0,3.25,71.275,2.875,69.275,74.275,54.8,3.7,52.775,58.1,16.5,16.475,11.821207074270614,22.28151488832046,40.74414860301696,86.25156660205708,79.80395553906754,57.841245076762114,18.033591593401617,3.9281629273649785,18.038586088554034,24.44992922925804,9.308691885155156,38.15,54.97325920523491,4,True,34.15032679738564,27.808471454880223,33.74340949033392,52.0,39.909297052154194,43.09954751131221,59.284890426758935,80.44272423527998,60.24937630363998,45.56121308024543,61.53954419229923,75.7590839473831,32.29444426031565,53.62752429014663,50.56692462703066,88.5146288385168,59.325414179748556,36.92555193564995,47.43124499674178,64.71038835176954,42.96098427523114,69.54077673277374,59.325414179748556,53.48239341198579
대구,비수도권,2025,57.975,65.7,1255.25,59.9,839.75,2094.5,3.275,67.45,3.925,64.8,70.8,52.85,2.5,51.55,60.675,13.249999999999998,14.600000000000003,11.345796369125985,23.92640861719174,39.067320064739874,85.89697775406842,75.68072040057729,56.59024001867846,15.280763253574488,3.788901141646569,21.6835355757282,23.7984511519145,7.888376919611256,38.175000000000004,55.70384412740084,4,True,15.35947712418302,23.94106813996316,12.829525483304016,51.2,34.35374149659863,34.27601809954752,74.2791234140715,63.988275172016806,56.813945294844274,62.372471006902906,63.49124999178074,54.73777601550603,26.97482974050348,47.082702850383605,53.84872110559649,96.45132289961126,61.01878064265398,25.832517686862552,47.63629433673922,60.28074349621015,37.028766295443546,75.15002200260388,61.01878064265398,51.15785407675222
대전,비수도권,2025,62.025,68.375,835.25,63.875,472.25,1307.25,2.875,71.225,3.1,69.0,74.85,56.7,2.675,55.225,61.724999999999994,13.774999999999997,14.525000000000002,14.735363865030113,21.298336959545964,41.093263573255626,87.39618910312834,78.79077161726264,58.477966917869395,17.751783746441575,2.561170402975577,19.081127495170286,26.452530636678944,9.132104711111536,37.65,57.923253375537925,4,True,41.83006535947712,43.64640883977898,40.77328646748681,64.0,51.02040816326531,51.69683257918554,71.8569780853518,76.39944688797826,61.99790157360828,47.282186499640986,80.69747200383362,69.74649474214749,64.90244111309458,57.53946332572226,40.47889484459599,89.50139473868512,66.16297822219818,47.56244016668573,58.19140627593422,67.22470034144173,61.22095221940842,64.99014479164056,66.16297822219818,60.89210366955147
부산,비수도권,2025,58.375,68.075,1745.5,60.025,1161.75,2907.75,2.75,68.2,2.575,66.45,75.825,52.525,3.0,50.975,60.475,15.474999999999998,15.674999999999999,12.269476864848212,25.106100680481312,39.29362548914579,84.74549881677545,81.04190687884052,58.67497391464566,19.302545465993134,3.0643874982017305,17.027975089861208,26.407514975599035,8.381768507324505,37.3,56.46691401456208,4,True,17.97385620915033,41.43646408839778,13.708260105448131,68.0,31.74603174603176,32.80542986425339,64.01384083044982,85.38297299115165,62.5389097344479,37.81183381800402,73.64505832060675,81.58752274402988,37.31036514923275,42.38885924661845,40.70565955571988,93.69425972771252,62.78744150132742,35.279645100749065,42.855100813578325,68.19325952164805,39.8496121979256,67.1999596417162,62.78744150132742,52.694169796157446
서울,수도권,2025,61.525,70.0,5379.0,63.675,3070.5,8449.25,3.375,70.775,3.425,68.325,75.625,57.325,3.3,55.425,64.75,12.9,13.449999999999998,15.424213948261785,19.508058071794764,44.199377383506686,88.84178847380542,83.13324654497684,63.322113683943954,16.87316586750545,2.942719845238473,15.736623165255185,24.413125686102745,9.54680992794927,38.55,64.51337867787777,4,True,38.56209150326797,55.61694290976056,39.36731107205622,48.0,51.92743764172334,54.524886877828074,75.89388696655132,93.72880844671141,75.30059120207588,52.64782138797387,75.35018842986617,89.0350625662102,72.6103384428744,64.66275368913641,50.752321100874084,87.18402956868529,81.4377215610597,45.386586371271186,60.78207049536758,77.2124944065675,68.6365460660054,68.96817533477969,81.4377215610597,67.07059903917518
세종,비수도권,2025,64.6,68.35,216.5,66.225,110.25,327.0,2.4000000000000004,74.225,1.95,72.775,75.95,58.375,2.95,56.725,60.775,16.049999999999997,15.850000000000001,10.533830246182827,15.140518168174413,52.43199275445238,90.89378434103243,83.67225185999494,72.31635203679355,10.172598613176914,1.1838600940448725,14.554249734805312,24.484021779071433,8.283491372020011,37.5,71.84288144561623,4,True,58.66013071895422,43.462246777163834,57.2934973637961,79.19999999999999,57.82312925170068,59.276018099547514,61.361014994232995,95.8797979495902,100.0,93.56754120403254,100.0,95.8540969751688,17.88932381801907,82.04063549299602,50.39518468087753,94.24343056307991,98.42621092087957,59.65396871497853,59.48672078182707,97.06028722575832,49.96497965550754,72.31930762197872,98.42621092087957,72.8185791534883
울산,비수도권,2025,59.85,66.8,588.5,61.275,372.25,960.75,2.325,73.075,1.925,71.7,79.025,48.6,2.95,47.175,53.0,24.525000000000002,24.475,11.43277237983938,20.25714222537892,41.8728616154617,88.87478473791106,83.0427355332081,63.09146640354167,17.433016572146144,2.4321930179462288,15.087938178225949,21.113537848737625,11.349451946755247,39.875,49.95891405345573,4,True,27.614379084967332,32.04419889502758,22.49560632688926,81.6,14.512471655328804,15.045248868778295,22.260668973471738,93.36760934387333,74.66720222089766,49.22886697662591,82.50504548183523,92.77618625286493,27.948048989585295,61.68224379812449,67.37387157504811,77.1108989237104,47.70305015903759,40.93854607672104,17.272796499192946,78.50898205521942,44.81514639385489,72.24238524937925,47.70305015903759,50.24681773890086
인천,수도권,2025,63.3,69.775,1773.0,65.4,938.0,2711.0,3.25,74.64999999999999,3.15,72.30000000000001,77.725,56.35,3.375,54.425,61.625,17.875000000000007,18.299999999999997,12.068430303563357,22.144827512391345,43.06555693303577,87.50218323168532,80.88021518988282,60.405837726634736,17.588319353841513,2.886226929029894,17.48751191288923,22.64009523001799,10.129074347173358,38.675,50.785729860519254,4,True,50.163398692810446,53.959484346224684,51.493848857645034,52.0,47.392290249433096,50.11312217194571,52.941176470588196,84.73771567000801,67.2920985191666,48.280447824572214,76.14191712719057,78.93726240519658,35.06075193060768,54.17138584960414,59.68389579160703,83.93034663908752,49.619462770634655,51.90418297417004,50.148862963989,71.07788830922678,44.61606889010591,71.80712121534728,49.619462770634655,56.52893118724561
전남,비수도권,2025,65.6,70.525,1028.25,67.65,492.0,1519.75,2.975,74.7,2.85,72.575,76.5,60.425,3.2,58.525,63.575,14.049999999999999,14.275,9.520124966373439,35.759587470075786,30.905465094928243,74.46692616847386,62.70237339008581,40.30202429740127,18.9894371321225,3.436198144456257,29.02705441856012,30.9463797548065,10.898774517893282,36.925,36.92233428910539,4,True,65.19607843137253,59.48434622467772,67.31107205623907,60.8,65.98639455782312,68.55203619909501,70.58823529411765,12.196043432432182,12.084276933193772,39.723956300736,68.43426060707435,12.385921362400609,6.546454869277637,0.0,17.84129778037388,79.62927615685342,17.486567045075336,63.197874178072325,68.37555535034527,28.964891727167384,3.2732274346388186,48.73528696861365,17.486567045075336,38.338900450652126
전북,비수도권,2025,63.325,68.75,1006.75,65.1,539.75,1546.5,2.75,71.725,2.3,70.075,74.225,58.6,3.325,56.675,62.825,13.4,13.125000000000002,9.907915083343262,31.8986929532832,34.08559737453841,77.69949478322339,69.31646370693313,50.45273473749802,15.74850352640409,3.0894787900959106,24.667232152256247,27.90308122385037,9.927037533401268,36.975,44.45407071588575,4,True,50.32679738562095,46.4088397790055,49.38488576449908,68.0,57.59637188208615,60.29411764705883,73.58708189158016,38.59066041715149,39.95951627126101,59.51602614419223,73.29341253598801,37.53007403467292,10.885637631779293,15.362004709876913,33.171800447234546,85.05932466078522,34.943798210949645,53.53013073228138,63.825857140241716,49.777937880653134,13.123821170828103,59.115562554009884,34.943798210949645,45.71951794816064
제주,비수도권,2025,69.85,74.80000000000001,411.75,71.4,165.0,577.0,2.175,75.475,2.3499999999999996,73.7,77.675,67.375,2.0,66.025,71.7,7.674999999999997,8.100000000000001,10.426302943233313,26.06837414590735,38.984643333376276,83.4290499014808,68.8380474408284,47.986075026335264,17.497649808125857,3.3543226063672797,25.94834270278065,28.429158894908692,11.172021536121399,37.525,53.87885832330121,4,True,92.97385620915031,90.97605893186008,93.67311072056245,86.4,100.0,100.0,100.0,36.68146149512754,33.18573130123341,48.834158020397375,69.58171797809383,30.141598701307288,16.686145606303242,38.56009639288869,30.521703830981266,78.10237681452875,56.788786753950504,91.0057564653932,100.0,43.68493349923189,27.623120999595965,54.31204032275501,56.788786753950504,62.2357730068211
충남,비수도권,2025,65.525,71.5,1332.75,67.375,645.75,1978.5,2.725,76.275,2.775,74.175,78.92500000000001,57.949999999999996,2.725,56.375,63.0,17.8,18.325000000000003,12.233894714099819,26.99830934717208,39.07029863837506,82.44576554346406,72.85972110416958,56.17453712271398,13.777691929732981,2.945530918792329,22.297182389900268,25.042287822622978,12.237156085228214,38.675,43.264817971844735,4,True,64.70588235294123,66.66666666666663,65.37785588752197,68.8,56.23582766439908,57.35294117647057,53.28719723183391,52.73061276102998,55.67236828041542,71.55158302841343,75.31079220548538,51.19872597173514,36.91221819183574,34.86000334979336,47.58294034059066,72.15042442703466,32.18732096706271,66.38760122678245,55.62532202423452,61.292816449415874,35.886110770814554,59.86668238381266,32.18732096706271,51.87430897035379
충북,비수도권,2025,67.175,73.175,993.0,68.35,460.0,1452.5,1.75,75.675,1.35,74.675,79.275,60.725,2.275,59.375,66.35,15.300000000000002,14.950000000000001,12.430411909548738,27.656992295896984,37.002725833906425,82.23403996286837,72.20662096347766,52.82187436153577,16.771132143099443,2.638866984094971,22.679179399943443,26.424558118365972,10.729278593148805,38.175,44.609434362826136,4,True,75.49019607843137,79.0055248618784,72.23198594024602,100.0,69.84126984126982,69.90950226244344,64.82122260668972,50.124309060834015,46.46549774271371,53.27093153014662,79.60858127054067,48.99565654500368,39.11115001013548,32.23918827271282,40.61980536068036,80.57641628558116,35.303903629637404,81.68192672013895,68.19066490346766,55.69299522984774,35.67516914142415,60.59811082313076,35.303903629637404,56.19046174127444
강원,비수도권,2026,61.8,69.0,856.0,64.4,473.0,1328.0,4.0,71.5,3.2,69.2,75.4,57.5,5.0,54.6,62.2,14.600000000000001,14.0,10.475030450669914,32.03410475030451,34.22655298416565,77.95371498172959,72.71619975639464,51.64433617539586,18.392204628501826,2.679658952496955,23.142509135200974,29.963459196102317,8.647990255785627,35.1,44.945188794153474,1,False,40.359477124182995,48.25046040515651,44.46397188049213,28.0,48.18594104308391,55.31674208144797,68.05074971164935,52.15786717967605,43.23181681347514,43.37119776337695,79.0368959306485,46.3235215612087,17.231382710282926,14.823218515494602,22.79272337771495,92.20661746440902,36.0821229393051,40.26847735245791,57.18447761206041,52.82425984967706,16.027300612888766,57.499670421061985,36.0821229393051,43.31438479790854
경기,수도권,2026,62.6,69.9,7995.0,65.0,4296.0,12292.0,3.7,73.3,3.7,70.6,76.5,56.8,3.8,54.6,62.9,15.999999999999993,16.5,12.563336364817463,19.631025074704432,43.770300116928674,88.98272054047031,81.17448356502534,62.180070157204106,15.382616603871638,3.6117968039495905,17.331427829024296,21.060153306483045,8.769650513186956,38.4,55.93088216188126,1,False,45.588235294117666,54.88029465930019,48.68189806678383,37.59999999999999,48.18594104308391,52.149321266968315,61.59169550173013,85.91204209745614,72.16438346270307,61.75046239206603,65.97330607926656,79.83743718175663,40.598510001472896,64.17348373637245,67.64279421246871,91.52678217025749,61.545014598117106,46.68760700505042,53.97565260392745,73.12752624264968,52.385996868922675,79.5847881913631,61.545014598117106,61.217764251671746
경남,비수도권,2026,63.2,70.6,1854.0,65.0,998.0,2851.0,2.8,73.1,2.8,71.1,77.5,56.7,2.9,55.1,63.0,15.999999999999993,16.39999999999999,9.60044395116537,27.192008879023305,37.624861265260826,82.7968923418424,70.81021087680355,54.66148723640399,14.317425083240842,1.8312985571587126,25.305216426193116,23.751387347391788,11.598224195338513,38.7,48.335183129855714,1,False,49.509803921568654,60.03683241252295,48.68189806678383,66.4,50.453514739229036,51.69683257918554,61.59169550173013,44.55170457167573,51.51732632938876,68.25548456709106,90.92637368716697,33.8506639563403,7.445185236709626,34.08929772505866,54.08580326280482,75.72076414671054,43.93952944106934,56.15713360021886,54.58068094004824,57.82031062233257,20.76724148088414,64.90328370475768,43.93952944106934,49.6946966315518
경북,비수도권,2026,62.0,69.1,1469.0,64.3,815.0,2284.0,3.6,73.1,3.3,70.7,76.4,55.4,4.0,53.1,60.8,17.6,17.699999999999996,10.240112994350282,32.34463276836158,34.32203389830508,78.24858757062147,66.24293785310734,48.23446327683616,15.112994350282486,2.9661016949152543,28.177966101694917,27.75423728813559,9.533898305084746,36.9,43.57344632768362,1,False,41.66666666666667,48.987108655616865,43.76098418277678,40.79999999999999,41.38321995464854,45.81447963800905,54.209919261822364,26.32524917870423,33.86783941300911,63.39701956465693,75.0224998871596,17.28281966867054,14.602770653229891,13.58766730962941,33.92159621331227,87.25617948120045,32.90266683777931,43.803689876265075,47.13587295149332,43.17908554244008,14.09521898142965,60.58888784725636,32.90266683777931,40.28423700611063
광주,비수도권,2026,60.5,66.7,799.0,62.9,473.0,1272.0,3.8,70.7,3.4,68.4,74.0,55.3,4.2,52.9,59.3,15.500000000000007,15.400000000000006,12.093628088426527,22.62678803641092,40.572171651495445,86.47594278283485,79.9739921976593,59.167750325097536,17.29518855656697,3.6410923276983094,17.945383615084527,21.84655396618986,9.102730819245773,38.1,55.2665799739922,1,False,31.86274509803922,31.30755064456721,33.919156414762725,34.400000000000006,40.476190476190474,45.361990950226236,63.89850057670123,81.12128353246086,63.89214116219502,50.07056941258905,65.56273943814338,76.29660522215228,35.342702885381506,52.25372666265639,63.68133026529932,89.66553550941406,60.005279774585496,32.87236303934229,49.91222733437265,67.38866775350812,43.798214774018945,76.67343288735668,60.005279774585496,55.1083642605307
대구,비수도권,2026,57.3,65.7,1251.0,59.6,847.0,2098.0,3.8,66.9,3.7,64.4,71.1,52.8,4.0,50.7,60.3,13.700000000000003,14.100000000000009,10.640066500415628,23.358270989193684,40.399002493765586,85.785536159601,75.39484621778885,57.439733998337495,15.045719035743973,2.826267664172901,21.778886118038237,23.025768911055692,7.148794679966749,37.8,58.85286783042394,1,False,10.947712418300636,23.94106813996316,10.720562390158166,34.400000000000006,30.49886621315195,34.0497737556561,72.20299884659744,62.847447151978976,59.14677196140982,63.8078634405504,76.98222550289,54.18786630662699,19.078055822645133,49.34324969495654,57.74107903027246,100.58409493361548,68.31765989379521,20.00233573710549,45.58387960513517,63.394434872691235,34.21065275880083,79.16258698194397,68.31765989379521,51.77859164157865
대전,비수도권,2026,60.7,67.0,831.0,63.2,483.0,1314.0,4.0,70.7,4.0,67.9,73.5,55.9,4.0,53.6,60.4,14.300000000000004,14.800000000000004,13.42534504391468,21.329987452948558,41.78168130489335,86.82559598494353,78.16813048933501,59.59849435382685,16.68757841907152,1.7565872020075282,19.69887076537014,24.341279799247175,8.657465495608532,37.8,59.72396486825596,1,False,33.169934640522904,33.5174953959484,36.02811950790862,28.0,43.65079365079366,48.07692307692307,69.43483275663203,73.91469489589831,65.07502318460433,53.78118608726672,91.97342751017717,66.18381944269268,50.24396778335994,57.41353006683476,51.11424207209614,92.15366999750607,70.33670855610251,32.678887386094985,53.72084982811626,70.18563022412783,53.82874892509735,71.6339560348011,70.33670855610251,58.73079682572334
부산,비수도권,2026,57.9,68.6,1740.0,59.9,1163.0,2903.0,3.3,67.5,3.3,65.3,74.7,53.0,3.4,51.2,62.6,14.099999999999994,14.5,12.366230677764566,24.137931034482758,40.36860879904875,85.07728894173603,80.61831153388823,59.51248513674198,18.13317479191439,2.972651605231867,17.59809750297265,23.602853745541022,8.263971462544589,37.8,57.78834720570749,1,False,14.86928104575163,45.30386740331485,12.829525483304016,50.400000000000006,32.76643990929708,34.95475113122172,70.35755478662055,83.69254598593724,64.83883010967925,44.953068064031,74.93070515765021,78.299488479892,38.39299324840533,46.24108224755796,54.83403573363515,94.3525074603633,65.85028961242969,30.850668483092623,46.026248609046455,69.34292755943795,42.317037747981644,74.59327159699922,65.85028961242969,54.83007393483126
서울,수도권,2026,60.8,69.3,5324.0,63.0,3131.0,8455.0,3.5,68.9,3.2,66.7,74.0,57.7,3.8,55.5,65.0,11.200000000000003,11.200000000000003,14.421954067730635,19.521214480342547,44.6866485013624,88.38069287660568,82.5807707279097,63.42934994161153,16.290385363954847,2.88049824834566,16.40716231996886,21.195017516543402,9.73141300116777,38.8,64.55819384974698,1,False,33.82352941176469,50.4604051565377,34.622144112478026,43.99999999999999,52.26757369614512,56.221719457013585,83.73702422145327,91.52406268633631,75.59507663399148,56.20680587606285,76.22220260721022,85.16790059285054,61.39553794426818,64.61040602483295,66.9634207921606,86.15247097047536,81.54159519268036,40.7265196701951,64.07543912487067,76.94320967929028,63.00297198455057,76.55794588131798,81.54159519268036,67.14128025548416
세종,비수도권,2026,64.1,68.3,217.0,65.6,114.0,330.0,2.2,72.9,2.4,71.1,74.2,58.3,2.0,57.2,62.4,13.899999999999991,14.600000000000009,9.433962264150944,15.09433962264151,53.301886792452834,91.0377358490566,84.43396226415094,71.69811320754717,11.320754716981133,1.4150943396226416,14.150943396226415,22.169811320754718,8.962264150943396,37.5,73.58490566037736,1,False,55.39215686274507,43.09392265193365,52.899824253075536,85.6,59.977324263038554,58.9366515837104,71.28027681660903,98.91952879810337,98.30223160880894,86.55586229842706,96.7593319602737,98.18006246906036,5.582336146562721,82.2243740102972,62.05293341700133,90.45046068385963,102.46391453800359,59.24647594193856,63.398084221119326,95.74340342693469,43.90335507842996,76.25169705043048,102.46391453800359,73.50115504280944
울산,비수도권,2026,59.6,67.2,593.0,61.6,370.0,963.0,3.2,72.7,3.1,70.4,78.3,49.7,3.4,48.0,54.6,22.400000000000006,23.0,10.452961672473867,20.905923344947734,42.508710801393725,88.67595818815332,84.14634146341463,63.76306620209059,17.59581881533101,2.7874564459930316,14.634146341463413,19.860627177700348,10.975609756097562,39.6,52.09059233449478,1,False,25.98039215686276,34.99079189686924,24.78031634446397,53.599999999999994,18.25396825396827,20.022624434389158,32.06459054209917,97.77173061141461,76.51150713279804,48.23464933449313,77.52615131294502,95.39331386221156,16.984443817961406,59.10082683085262,73.68536227774976,79.19992225047875,52.64390289401308,34.837875099548995,23.447061076818866,79.08747045077249,38.042635324407016,76.44264226411426,52.64390289401308,50.75026451827912
인천,수도권,2026,62.4,69.2,1775.0,64.8,965.0,2740.0,3.7,74.4,3.6,71.7,77.5,55.3,3.7,53.2,60.5,18.5,19.10000000000001,11.461988304093568,22.39766081871345,43.21637426900585,87.07602339181287,81.9298245614035,60.877192982456144,18.01169590643275,3.0409356725146197,16.72514619883041,21.578947368421055,8.88888888888889,38.5,51.345029239766085,1,False,44.28104575163398,49.72375690607734,47.27592267135323,37.59999999999999,41.83673469387757,45.361990950226236,50.05767012687428,88.92635477496447,68.58650452619604,45.69492793481501,73.97372755291512,83.33401042278304,28.274960969459695,53.165394511161516,65.0293885050788,90.86048030676507,50.915819679743294,44.72018133226614,45.75213192365936,72.10310504233473,40.720177740310604,77.94493440592194,50.915819679743294,55.35939168737267
전남,비수도권,2026,64.1,69.9,1022.0,67.0,504.0,1526.0,4.3,74.0,3.1,71.7,76.3,59.8,5.7,56.3,62.4,15.400000000000006,14.200000000000003,8.88661899897855,35.13789581205312,31.869254341164456,74.77017364657814,63.02349336057201,41.77732379979571,17.7732379979571,3.472931562819203,28.600612870275793,29.928498467824312,9.499489274770173,36.3,39.325842696629216,1,False,55.39215686274507,54.88029465930019,62.741652021089635,18.400000000000006,55.895691609977305,65.72398190045247,64.35986159169548,13.477525574509693,16.135651166284852,47.15116744893131,67.91945444338845,14.845313223104043,-0.5421687272740797,2.4736314698826334,22.968836740452645,87.44845651352834,23.057473872095326,47.853525885783725,61.99317836737509,31.905822371243666,0.9657313713042768,55.20864662699049,23.057473872095326,36.8307297491321
전북,비수도권,2026,62.1,67.9,993.0,64.1,555.0,1548.0,3.2,71.9,3.0,69.7,74.3,56.5,3.3,54.6,61.0,15.100000000000001,15.400000000000006,9.67741935483871,32.049947970863684,34.54734651404787,77.52341311134235,70.55150884495318,50.36420395421436,17.48178980228928,2.705515088449532,24.97398543184183,30.697190426638915,9.053069719042664,35.8,47.13839750260146,1,False,42.32026143790851,40.1473296500921,42.35500878734618,53.599999999999994,48.18594104308391,50.79185520361992,65.74394463667818,43.51931149617353,39.71639863064048,48.931013550754834,78.67453112087316,35.760953455095034,8.306502557960368,14.760180370372765,19.096579712516842,89.94304082943897,41.1655923079686,44.605649968836694,54.907246961127335,49.32044165070741,11.533341464166567,54.519810270977906,41.1655923079686,42.67534710396408
제주,비수도권,2026,71.1,76.2,421.0,73.1,155.0,577.0,2.7,76.7,2.7,74.6,78.9,69.5,2.7,67.6,73.3,7.0,7.200000000000003,11.219512195121952,26.585365853658537,37.80487804878049,82.92682926829268,69.02439024390243,47.5609756097561,18.29268292682927,3.414634146341464,25.365853658536587,28.536585365853657,11.707317073170733,37.2,54.87804878048781,1,False,101.14379084967318,101.2891344383057,105.62390158172231,69.6,107.1428571428571,109.61538461538463,103.11418685121106,37.42509314806547,32.01835015588926,43.97896722430246,68.73647258836942,33.50095432724552,25.56177126625232,36.503052613293576,29.980546996526442,75.11115513983289,59.10473327696215,94.41420671742529,106.62414286981759,43.13196748877443,31.03241193977295,52.545851068179665,59.10473327696215,64.475552226822
충남,비수도권,2026,63.8,71.0,1307.0,65.6,685.0,1993.0,2.7,74.8,2.4,73.0,78.4,55.9,3.1,54.2,62.4,18.799999999999997,18.9,12.028301886792454,25.78616352201258,40.172955974842765,83.25471698113208,73.19182389937107,58.490566037735846,12.578616352201259,2.1226415094339623,22.562893081761008,24.135220125786162,10.220125786163523,37.9,46.69811320754717,1,False,53.4313725490196,62.9834254143646,52.899824253075536,69.6,46.371882086167815,48.07692307692307,48.67358708189159,54.05592367439477,62.03250048013792,78.87422226305145,86.84330289599227,49.66630795221217,34.61173446801893,39.68297631478055,52.15225997976884,83.42155286262357,40.14509128643295,59.72865555411493,47.707464081660824,66.29445145315772,37.14735539139974,67.7869064211962,40.14509128643295,53.13498736466039
충북,비수도권,2026,65.3,72.2,980.0,67.0,483.0,1463.0,2.5,74.5,2.4,72.8,77.9,59.1,2.7,57.5,65.9,15.299999999999997,15.399999999999999,12.447698744769875,26.98744769874477,37.55230125523013,82.74058577405857,73.32635983263597,54.60251046025104,16.84100418410042,1.882845188284519,22.17573221757322,25.313807531380757,10.87866108786611,37.8,44.45606694560669,1,False,63.23529411764706,71.82320441988949,62.741652021089635,76.0,61.33786848072562,62.55656108597286,64.82122260668974,54.59281147892984,51.3553680349075,52.84422969547894,90.20396546589518,51.89915857851064,39.30458128681653,34.903220457531376,46.21516995037902,79.74166963612916,34.948425117910276,68.45003763965654,62.905217391129405,60.179106650744416,37.10390087217395,62.97841979325409,34.948425117910276,54.427517910811446
