region,metro_area,year,quarter,period,employment_rate,employment_rate_15_64,labor_force,labor_force_participation_rate,not_in_labor_force,population_15plus,unemployment_rate,male_labor_force_participation_rate,male_unemployment_rate,male_employment_rate,male_employment_rate_15_64,female_labor_force_participation_rate,female_unemployment_rate,female_employment_rate,female_employment_rate_15_64,gender_employment_rate_gap,gender_labor_force_participation_gap,youth_employed_share,senior_employed_share,core_30_49_employed_share,working_age_employed_share,wage_worker_share,regular_worker_share,temporary_worker_share,daily_worker_share,self_employed_share,short_hours_worker_share,long_hours_worker_share,average_weekly_hours,college_employed_share
강원,비수도권,2016,1,2016.1/4,53.7,61.5,723.0,56.3,561.0,1284.0,4.6,64.4,4.6,61.5,68.2,48.5,4.7,46.2,54.6,15.299999999999997,15.900000000000006,12.608695652173912,15.942028985507244,44.927536231884055,91.73913043478261,67.82608695652173,48.69565217391305,15.072463768115943,4.057971014492753,26.231884057971016,17.53623188405797,23.333333333333332,42.8,38.69565217391304
경기,수도권,2016,1,2016.1/4,60.5,66.1,6638.0,63.4,3831.0,10470.0,4.5,75.2,4.5,71.8,76.6,51.9,4.6,49.5,55.3,22.299999999999997,23.300000000000004,15.748777023828309,10.004734101309767,51.99621271895219,95.42370206722424,79.28041660091526,54.74199147861765,19.59917942243964,4.92346536215875,18.005365314817737,13.192362316553574,22.408079532902004,43.8,47.41991478617643
경남,비수도권,2016,1,2016.1/4,59.5,65.0,1729.0,61.7,1076.0,2805.0,3.5,74.0,3.7,71.3,75.2,49.3,3.2,47.7,54.1,23.599999999999994,24.700000000000003,12.702216896345117,15.458358298382265,47.15398442180947,91.49191132414619,69.68244457759137,50.5692031156381,15.997603355302575,3.115638106650689,24.865188735769923,17.43559017375674,24.02636309167166,43.1,39.424805272618336
경북,비수도권,2016,1,2016.1/4,60.6,66.7,1455.0,63.0,854.0,2309.0,3.8,75.8,3.9,72.9,76.5,50.5,3.6,48.7,56.1,24.200000000000003,25.299999999999997,13.285714285714286,20.214285714285715,42.57142857142857,87.5,64.64285714285715,44.42857142857143,15.642857142857142,4.642857142857143,28.357142857142858,19.214285714285715,22.78571428571429,42.2,33.57142857142857
광주,비수도권,2016,1,2016.1/4,57.4,62.4,746.0,59.4,510.0,1256.0,3.3,70.0,3.2,67.8,72.1,49.4,3.5,47.6,52.8,20.199999999999996,20.6,14.285714285714285,11.095700416088766,52.42718446601942,93.89736477115119,72.95423023578364,50.20804438280167,18.723994452149793,4.0221914008321775,22.607489597780862,12.89875173370319,20.527045769764214,44.2,51.04022191400832
대구,비수도권,2016,1,2016.1/4,58.1,64.2,1286.0,61.2,815.0,2101.0,5.1,73.0,4.7,69.6,74.2,50.0,5.6,47.3,54.3,22.299999999999997,23.0,14.250614250614252,12.366912366912366,48.402948402948404,93.93939393939394,74.03767403767404,46.846846846846844,20.22932022932023,6.961506961506962,22.03112203112203,13.841113841113842,23.25962325962326,43.9,48.56674856674857
대전,비수도권,2016,1,2016.1/4,59.0,64.1,792.0,61.2,503.0,1294.0,3.4,70.8,3.4,68.4,72.9,51.8,3.5,50.0,55.3,18.400000000000006,19.0,17.015706806282722,10.99476439790576,48.82198952879581,94.63350785340315,79.31937172774869,53.010471204188484,19.895287958115183,6.4136125654450264,17.93193717277487,14.528795811518325,19.240837696335078,42.7,51.832460732984295
부산,비수도권,2016,1,2016.1/4,55.9,62.8,1759.0,58.6,1243.0,3001.0,4.6,68.8,4.8,65.5,71.7,49.1,4.3,47.0,54.2,18.5,19.699999999999996,14.967203339296361,14.907573047107931,45.25939177101968,93.38103756708408,77.69827072152653,48.24090638044126,22.659511031604055,6.797853309481217,19.260584376863445,14.669051878354203,23.4943351222421,43.6,45.855694692903995
서울,수도권,2016,1,2016.1/4,59.3,65.1,5347.0,62.2,3252.0,8599.0,4.7,72.3,4.6,69.0,74.5,52.8,4.7,50.3,56.2,18.700000000000003,19.5,16.40502354788069,12.009419152276294,49.19544740973312,94.21114599686028,78.23783359497645,50.84379905808477,20.97723704866562,6.41679748822606,18.740188383045524,12.892464678178964,21.369701726844585,43.7,54.08163265306123
울산,비수도권,2016,1,2016.1/4,58.0,61.8,589.0,60.4,386.0,975.0,4.0,76.2,4.1,73.1,76.2,43.9,3.8,42.3,46.3,30.799999999999997,32.300000000000004,14.513274336283185,10.265486725663717,50.442477876106196,95.39823008849557,81.94690265486726,61.94690265486725,16.10619469026549,4.070796460176991,15.221238938053098,11.504424778761061,23.893805309734514,44.3,40.35398230088496
인천,수도권,2016,1,2016.1/4,61.0,66.7,1580.0,64.5,870.0,2450.0,5.4,76.3,5.8,71.9,77.0,53.0,4.9,50.4,56.3,21.500000000000007,23.299999999999997,15.451505016722408,10.836120401337793,49.89966555183947,95.45150501672241,81.07023411371237,50.70234113712374,24.48160535117057,5.88628762541806,16.989966555183948,12.107023411371237,23.010033444816052,44.3,38.12709030100335
전남,비수도권,2016,1,2016.1/4,59.9,66.2,956.0,62.2,580.0,1536.0,3.8,73.5,4.8,70.0,74.4,51.4,2.3,50.2,57.3,19.799999999999997,22.1,10.326086956521738,24.02173913043478,41.30434782608695,83.80434782608695,60.43478260869565,37.06521739130435,18.586956521739133,4.782608695652174,31.08695652173913,25.32608695652174,12.934782608695652,38.5,29.565217391304348
전북,비수도권,2016,1,2016.1/4,57.1,63.6,919.0,58.7,647.0,1566.0,2.7,70.8,2.9,68.7,72.9,47.1,2.4,46.0,53.8,22.700000000000003,23.699999999999996,11.6331096196868,19.12751677852349,45.302013422818796,88.14317673378076,65.77181208053692,41.387024608501115,17.449664429530202,7.046979865771812,29.194630872483224,20.469798657718123,17.337807606263983,40.6,39.14988814317674
제주,비수도권,2016,1,2016.1/4,68.1,73.3,353.0,69.7,153.0,506.0,2.2,77.4,2.7,75.3,79.3,62.2,1.7,61.2,67.1,14.099999999999994,15.200000000000003,13.623188405797102,17.101449275362317,47.2463768115942,89.56521739130436,65.21739130434783,37.68115942028986,17.971014492753625,9.565217391304348,27.82608695652174,18.55072463768116,26.666666666666668,43.0,43.768115942028984
충남,비수도권,2016,1,2016.1/4,58.3,65.1,1195.0,60.8,769.0,1964.0,4.1,73.6,3.8,70.8,76.3,48.0,4.7,45.7,52.8,25.099999999999994,25.599999999999994,15.283842794759824,14.934497816593886,47.161572052401745,91.353711790393,70.56768558951964,51.004366812227076,13.449781659388647,6.026200873362445,23.842794759825328,15.37117903930131,22.882096069868997,43.5,36.5938864628821
충북,비수도권,2016,1,2016.1/4,59.6,66.7,831.0,61.2,526.0,1357.0,2.7,71.2,2.7,69.2,74.9,51.4,2.7,50.0,58.0,19.200000000000003,19.800000000000004,15.346534653465346,13.985148514851486,46.410891089108915,92.82178217821783,72.27722772277228,49.38118811881188,17.945544554455445,5.074257425742575,22.153465346534652,15.717821782178218,21.65841584158416,42.7,38.366336633663366
강원,비수도권,2016,2,2016.2/4,60.0,65.8,789.0,61.3,498.0,1287.0,2.2,69.3,2.0,67.9,72.6,53.7,2.4,52.4,58.8,15.500000000000007,15.599999999999994,11.78756476683938,20.595854922279795,41.58031088082901,87.8238341968912,66.70984455958549,44.689119170984455,15.932642487046634,6.0880829015544045,26.295336787564764,22.53886010362694,23.44559585492228,42.5,36.65803108808291
경기,수도권,2016,2,2016.2/4,62.0,67.1,6795.0,64.6,3728.0,10523.0,4.0,76.7,3.9,73.7,78.0,52.7,4.2,50.5,56.0,23.200000000000003,24.0,15.7725321888412,11.082158185162477,50.797057020232984,94.55855303494789,78.44880441446965,53.893316983445736,19.497240956468424,5.058246474555488,18.59288779889638,17.397302268546905,20.999386879215205,43.3,47.348252605763335
경남,비수도권,2016,2,2016.2/4,60.6,65.8,1768.0,62.9,1042.0,2810.0,3.6,75.3,3.9,72.4,76.1,50.5,3.3,48.9,54.8,23.500000000000007,24.799999999999997,13.321596244131456,16.842723004694836,45.539906103286384,90.78638497652582,68.54460093896714,48.12206572769953,16.784037558685448,3.5798122065727704,25.29342723004695,19.42488262910798,24.413145539906104,43.6,39.201877934272304
경북,비수도권,2016,2,2016.2/4,63.2,68.0,1511.0,65.3,802.0,2313.0,3.2,76.3,3.1,73.9,77.1,54.5,3.3,52.7,58.3,21.200000000000003,21.799999999999997,12.7136021872864,22.829801777170196,40.533151059466846,85.50922761449077,64.73000683526999,43.81408065618592,16.131237183868762,4.784688995215311,27.204374572795626,17.908407382091593,24.538619275461382,43.9,31.989063568010938
광주,비수도권,2016,2,2016.2/4,58.4,62.8,757.0,60.2,501.0,1257.0,2.9,71.3,3.0,69.2,72.9,49.6,2.7,48.3,52.8,20.900000000000006,21.699999999999996,14.013605442176871,12.925170068027212,50.61224489795918,92.65306122448979,73.46938775510205,49.38775510204081,19.45578231292517,4.625850340136054,22.312925170068027,17.687074829931973,19.591836734693878,43.4,50.204081632653065
대구,비수도권,2016,2,2016.2/4,59.6,65.2,1309.0,62.3,793.0,2102.0,4.3,73.3,4.5,70.0,74.4,51.9,4.1,49.8,56.2,20.200000000000003,21.4,13.886671987230647,13.806863527533919,47.486033519553075,92.89704708699122,73.34397446129289,44.45331205107742,21.94732641660016,6.943335993615324,22.426177174780527,17.238627294493217,22.426177174780527,43.7,47.64565043894653
대전,비수도권,2016,2,2016.2/4,60.0,64.7,801.0,61.8,494.0,1295.0,3.0,71.2,2.6,69.3,73.2,52.8,3.4,51.0,56.2,18.299999999999997,18.400000000000006,16.73101673101673,11.96911196911197,47.61904761904761,93.95109395109395,79.53667953667953,52.638352638352636,20.463320463320464,6.563706563706563,17.88931788931789,20.077220077220076,17.117117117117118,41.8,52.25225225225225
부산,비수도권,2016,2,2016.2/4,56.3,62.5,1759.0,58.6,1244.0,3003.0,3.8,69.1,4.2,66.2,71.8,48.8,3.3,47.2,53.5,19.0,20.299999999999997,14.539007092198581,16.371158392434985,44.680851063829785,91.903073286052,77.12765957446808,48.226950354609926,22.81323877068558,6.1465721040189125,19.62174940898345,19.562647754137117,21.513002364066196,42.8,45.981087470449175
서울,수도권,2016,2,2016.2/4,60.0,65.8,5375.0,62.6,3211.0,8586.0,4.2,72.7,4.1,69.6,75.2,53.3,4.3,51.0,56.8,18.599999999999994,19.400000000000006,16.644008545348612,12.526704214410564,48.766750825402994,93.88230724412507,78.67547096523597,50.92250922509225,21.40221402214022,6.370168964847543,18.50844824237716,17.98407457758788,19.557195571955717,42.8,54.53486113808507
울산,비수도권,2016,2,2016.2/4,58.9,62.1,596.0,61.1,380.0,976.0,3.5,76.3,3.9,73.4,75.9,45.1,2.9,43.8,47.1,29.60000000000001,31.199999999999996,14.26086956521739,11.652173913043478,49.391304347826086,94.08695652173913,80.8695652173913,58.608695652173914,17.217391304347824,5.043478260869565,15.478260869565217,17.91304347826087,21.043478260869566,43.5,40.17391304347826
인천,수도권,2016,2,2016.2/4,62.2,67.4,1613.0,65.6,845.0,2458.0,5.2,77.1,5.8,72.6,77.3,54.5,4.2,52.2,57.3,20.39999999999999,22.599999999999994,15.751633986928104,11.96078431372549,48.75816993464052,94.44444444444444,81.56862745098039,50.19607843137255,25.816993464052292,5.490196078431373,16.666666666666664,16.5359477124183,21.50326797385621,43.6,37.77777777777778
전남,비수도권,2016,2,2016.2/4,63.4,67.7,1001.0,65.1,538.0,1539.0,2.6,74.2,3.7,71.5,74.9,56.2,1.1,55.5,59.9,16.0,18.0,10.358974358974358,26.769230769230766,38.871794871794876,80.92307692307692,59.179487179487175,35.48717948717949,18.666666666666668,5.0256410256410255,30.76923076923077,21.641025641025642,13.333333333333334,40.3,28.615384615384613
전북,비수도권,2016,2,2016.2/4,61.0,66.1,982.0,62.6,587.0,1569.0,2.5,73.2,3.2,70.9,74.5,52.4,1.5,51.6,57.3,19.300000000000004,20.800000000000004,11.703239289446186,22.048066875653085,42.21525600835946,85.57993730407524,62.38244514106584,39.39393939393939,16.823406478578892,6.165099268547544,29.6760710553814,19.22675026123302,17.763845350052247,42.0,39.811912225705335
제주,비수도권,2016,2,2016.2/4,68.8,73.2,359.0,70.3,151.0,511.0,2.2,77.8,2.5,75.9,79.4,63.1,1.8,61.9,66.7,14.000000000000007,14.699999999999996,13.105413105413104,18.51851851851852,46.438746438746435,88.6039886039886,64.67236467236467,37.60683760683761,19.08831908831909,8.262108262108262,28.774928774928775,23.931623931623932,24.786324786324787,42.3,44.15954415954416
충남,비수도권,2016,2,2016.2/4,62.7,67.7,1284.0,64.9,696.0,1980.0,3.4,77.3,3.2,74.8,78.9,52.3,3.7,50.4,55.5,24.4,25.0,14.5044319097502,18.049959709911363,45.04431909750202,88.47703464947622,68.17082997582594,47.86462530217567,14.5044319097502,5.801772763900081,24.73811442385173,16.35777598710717,23.69057211925866,43.9,35.85817888799355
충북,비수도권,2016,2,2016.2/4,62.8,68.5,880.0,64.6,481.0,1361.0,2.9,73.9,2.8,71.8,76.2,55.5,2.9,53.8,60.4,18.0,18.400000000000006,14.736842105263156,17.192982456140353,43.859649122807014,90.4093567251462,69.47368421052632,47.485380116959064,16.140350877192983,5.847953216374268,23.50877192982456,18.128654970760234,21.403508771929825,42.8,37.07602339181287
강원,비수도권,2016,3,2016.3/4,60.0,65.5,795.0,61.7,494.0,1289.0,2.6,69.8,2.9,67.8,72.3,53.9,2.3,52.7,58.5,15.099999999999994,15.899999999999999,12.27390180878553,21.188630490956072,41.21447028423773,87.20930232558139,66.1498708010336,43.281653746770026,17.05426356589147,5.813953488372093,26.356589147286826,23.901808785529717,24.67700258397933,42.3,35.5297157622739
경기,수도권,2016,3,2016.3/4,62.3,67.6,6843.0,64.7,3731.0,10574.0,3.7,76.8,3.6,74.0,78.6,52.9,3.8,50.9,56.4,23.1,23.9,15.594660194174756,11.240898058252426,50.65230582524271,94.61468446601941,78.00364077669903,53.82281553398058,18.947208737864077,5.24878640776699,18.901699029126213,19.447815533980584,19.720873786407765,42.5,47.48179611650485
경남,비수도권,2016,3,2016.3/4,61.0,66.2,1782.0,63.3,1033.0,2814.0,3.6,75.7,4.2,72.5,76.1,51.0,2.8,49.5,55.5,23.0,24.700000000000003,13.10425160163075,16.8899242865463,45.71927781013396,90.56493884682585,66.91904484566103,47.117064647641236,15.899825276645313,3.902154921374491,26.732673267326735,21.60745486313337,22.073383808969133,42.2,38.846825859056494
경북,비수도권,2016,3,2016.3/4,63.0,67.6,1504.0,65.0,811.0,2315.0,3.1,76.3,3.0,74.1,77.3,53.8,3.2,52.1,57.0,21.999999999999993,22.5,12.139917695473251,23.11385459533608,41.01508916323731,85.11659807956104,64.26611796982168,43.34705075445816,16.872427983539097,4.11522633744856,27.229080932784637,18.998628257887518,23.593964334705074,43.3,32.16735253772291
광주,비수도권,2016,3,2016.3/4,58.3,62.6,758.0,60.3,500.0,1258.0,3.3,71.8,3.7,69.2,72.8,49.4,2.6,48.1,52.5,21.1,22.4,14.577656675749317,12.942779291553133,50.13623978201635,92.50681198910081,74.38692098092643,49.59128065395095,20.16348773841962,4.632152588555858,21.525885558583106,17.847411444141688,19.07356948228883,42.8,49.59128065395095
대구,비수도권,2016,3,2016.3/4,60.1,65.9,1312.0,62.4,791.0,2103.0,3.7,72.5,4.1,69.6,74.3,52.8,3.2,51.1,57.7,18.499999999999993,19.700000000000003,14.014251781472684,14.014251781472684,47.347585114806016,92.95328582739509,72.68408551068883,43.705463182897866,21.694378463974665,7.205067300079176,23.198733174980205,19.239904988123516,22.090261282660332,42.8,47.110055423594616
대전,비수도권,2016,3,2016.3/4,59.9,64.8,804.0,62.1,492.0,1296.0,3.5,72.4,3.8,69.7,73.8,52.1,3.2,50.4,55.8,19.300000000000004,20.300000000000004,17.525773195876287,12.371134020618557,47.29381443298969,93.94329896907216,80.28350515463917,53.99484536082474,19.974226804123713,6.443298969072164,17.13917525773196,22.938144329896907,15.335051546391753,40.9,51.03092783505154
부산,비수도권,2016,3,2016.3/4,56.2,62.4,1754.0,58.4,1247.0,3001.0,3.8,69.2,4.3,66.3,71.7,48.4,3.1,46.9,53.4,19.4,20.800000000000004,14.819205690574986,16.71606401896858,44.398340248962654,91.81979845880261,77.17842323651453,48.01422643746295,23.058684054534677,6.1055127445168935,19.79845880260818,21.69531713100178,20.33195020746888,41.8,45.583876704208656
서울,수도권,2016,3,2016.3/4,60.2,65.9,5381.0,62.7,3195.0,8576.0,4.1,73.2,4.2,70.1,75.5,53.1,3.9,51.0,56.8,19.099999999999994,20.1,16.656982374588416,13.248111563044743,47.97598295564594,93.5502614758861,78.52024017044354,50.338950222738724,21.46039124539996,6.720898702304861,18.574472206081737,19.387952740654658,19.36858415649816,42.3,54.19329846988185
울산,비수도권,2016,3,2016.3/4,59.3,62.6,603.0,61.7,374.0,977.0,3.8,76.8,4.8,73.1,75.6,45.8,2.0,44.9,48.4,28.199999999999996,31.0,14.310344827586208,11.724137931034482,48.96551724137931,93.96551724137932,80.86206896551724,57.758620689655174,17.413793103448274,5.689655172413794,15.344827586206897,23.620689655172413,18.620689655172416,41.3,41.03448275862069
인천,수도권,2016,3,2016.3/4,62.3,67.6,1611.0,65.4,854.0,2465.0,4.7,77.2,5.0,73.3,78.2,53.9,4.2,51.6,56.8,21.699999999999996,23.300000000000004,15.885416666666666,11.9140625,48.50260416666667,94.46614583333334,81.90104166666666,50.0,26.497395833333332,5.403645833333334,16.471354166666664,20.182291666666664,19.401041666666664,42.3,38.73697916666667
전남,비수도권,2016,3,2016.3/4,64.3,68.6,1018.0,66.1,522.0,1540.0,2.8,75.6,3.7,72.8,76.1,56.9,1.7,56.0,60.4,16.799999999999997,18.699999999999996,10.616784630940344,27.199191102123354,38.32153690596562,80.788675429727,58.84732052578362,35.28816986855409,18.503538928210315,5.055611729019211,30.940343781597573,23.154701718907987,12.942366026289182,39.4,29.42366026289181
전북,비수도권,2016,3,2016.3/4,61.6,66.6,980.0,62.4,590.0,1570.0,1.3,72.1,1.4,71.1,74.4,53.1,1.1,52.6,58.6,18.499999999999993,18.999999999999993,11.983471074380166,22.210743801652892,41.735537190082646,85.3305785123967,62.70661157024794,41.01239669421488,16.012396694214875,5.681818181818182,28.82231404958678,20.351239669421485,18.285123966942148,41.3,39.77272727272727
제주,비수도권,2016,3,2016.3/4,69.3,73.6,366.0,71.1,149.0,515.0,2.4,78.4,2.8,76.1,79.4,64.0,2.0,62.8,67.5,13.299999999999997,14.400000000000006,14.285714285714285,18.487394957983195,45.378151260504204,88.51540616246498,64.70588235294117,39.21568627450981,18.76750700280112,7.002801120448179,28.57142857142857,24.649859943977592,23.52941176470588,41.2,44.25770308123249
충남,비수도권,2016,3,2016.3/4,63.4,68.6,1308.0,65.6,687.0,1995.0,3.3,78.3,3.4,75.7,79.8,52.6,3.2,51.0,56.5,24.700000000000003,25.699999999999996,15.09881422924901,18.26086956521739,44.58498023715415,88.61660079051383,68.93280632411067,48.93280632411067,14.703557312252965,5.296442687747035,24.110671936758894,19.288537549407113,20.948616600790515,43.1,35.8102766798419
충북,비수도권,2016,3,2016.3/4,63.1,69.0,885.0,64.9,480.0,1365.0,2.7,73.4,2.2,71.8,76.3,56.4,3.3,54.5,61.3,17.299999999999997,17.000000000000007,14.965197215777263,17.16937354988399,43.27146171693735,90.48723897911833,69.37354988399072,47.679814385150806,16.58932714617169,5.104408352668213,23.54988399071926,20.185614849187935,19.953596287703014,42.1,37.7030162412993
강원,비수도권,2016,4,2016.4/4,59.0,65.6,778.0,60.2,513.0,1291.0,2.0,68.6,2.0,67.2,72.6,52.3,2.1,51.2,58.4,16.0,16.299999999999997,12.598425196850393,19.816272965879264,41.86351706036746,88.58267716535433,67.06036745406824,43.963254593175854,17.585301837270343,5.511811023622047,25.853018372703414,17.060367454068242,23.228346456692915,43.2,36.351706036745405
경기,수도권,2016,4,2016.4/4,61.8,67.3,6793.0,63.9,3833.0,10627.0,3.4,75.7,3.2,73.3,78.4,52.3,3.7,50.4,56.0,22.9,23.400000000000006,15.284974093264248,11.109417860408412,50.655288021944536,94.97104541298384,78.04023163669613,54.51081987199024,18.317586101798234,5.227064919231942,18.805242304175557,12.709539774459005,20.512039012496192,43.9,47.11978055470893
경남,비수도권,2016,4,2016.4/4,61.2,66.7,1772.0,62.9,1047.0,2819.0,2.6,74.8,2.5,72.9,76.8,50.9,2.8,49.5,55.8,23.400000000000006,23.9,13.035921205098495,16.628041714947855,45.94438006952492,90.78794901506373,67.67091541135574,47.62456546929316,15.585168018539978,4.5191193511008105,26.4774044032445,16.859791425260717,25.608342989571263,44.0,39.22363847045191
경북,비수도권,2016,4,2016.4/4,62.7,67.8,1491.0,64.4,823.0,2315.0,2.6,76.5,2.6,74.6,78.0,52.5,2.7,51.1,56.8,23.499999999999993,24.0,11.914600550964186,22.933884297520663,41.18457300275482,85.60606060606061,64.53168044077135,43.52617079889807,16.8732782369146,4.201101928374656,27.96143250688705,17.63085399449036,22.65840220385675,43.1,32.85123966942149
광주,비수도권,2016,4,2016.4/4,58.1,62.5,752.0,59.8,507.0,1258.0,2.8,70.9,2.8,68.9,72.8,49.3,2.9,47.8,52.3,21.10000000000001,21.60000000000001,13.679890560875513,13.132694938440492,50.47879616963065,92.61285909712723,74.00820793433653,49.3844049247606,19.699042407660738,4.924760601915184,22.024623803009575,13.269493844049249,19.835841313269494,44.0,50.47879616963065
대구,비수도권,2016,4,2016.4/4,59.5,65.7,1297.0,61.6,807.0,2104.0,3.5,71.6,4.0,68.7,73.8,52.2,2.9,50.7,57.7,18.0,19.39999999999999,13.66906474820144,13.908872901678656,47.082334132693845,93.36530775379697,72.18225419664267,44.12470023980815,20.863309352517987,7.194244604316546,23.741007194244602,13.74900079936051,22.142286171063148,43.9,47.88169464428457
대전,비수도권,2016,4,2016.4/4,60.0,64.9,802.0,61.9,494.0,1296.0,3.0,71.6,3.2,69.3,73.5,52.5,2.7,51.1,56.3,18.199999999999996,19.099999999999994,17.737789203084834,12.467866323907455,47.17223650385604,93.83033419023135,80.20565552699229,55.26992287917738,18.76606683804627,6.169665809768637,17.35218508997429,13.753213367609254,16.709511568123396,42.8,51.285347043701805
부산,비수도권,2016,4,2016.4/4,56.3,62.8,1746.0,58.2,1252.0,2999.0,3.4,69.1,3.5,66.7,72.5,48.1,3.1,46.6,53.4,20.1,20.999999999999993,14.751184834123224,17.002369668246445,44.19431279620853,91.9431279620853,77.66587677725119,48.518957345971565,22.45260663507109,6.69431279620853,19.312796208530806,15.758293838862558,21.445497630331754,43.3,45.556872037914694
서울,수도권,2016,4,2016.4/4,60.4,66.2,5385.0,62.8,3186.0,8570.0,3.9,73.1,3.8,70.3,75.7,53.4,3.9,51.3,57.3,19.0,19.699999999999996,16.380142939926596,13.289549932393276,47.9814564419548,93.54838709677419,78.67490824802009,50.02897430944563,21.49893760865366,7.1663125362178866,18.543558045199923,13.695190264632027,20.629708325284916,43.6,53.42862661773228
울산,비수도권,2016,4,2016.4/4,59.6,63.3,606.0,62.1,370.0,977.0,3.9,77.2,4.5,73.7,76.5,46.3,3.0,44.9,49.0,28.800000000000004,30.900000000000006,14.065180102915953,11.663807890222985,48.88507718696398,94.33962264150944,80.44596912521442,58.31903945111492,16.9811320754717,5.145797598627787,15.437392795883362,13.893653516295027,21.612349914236706,43.9,39.96569468267582
인천,수도권,2016,4,2016.4/4,61.6,67.1,1588.0,64.3,883.0,2471.0,4.2,76.3,4.1,73.2,78.2,52.6,4.4,50.3,55.8,22.900000000000006,23.699999999999996,15.253122945430638,11.900065746219592,48.5207100591716,94.74030243261012,81.65680473372781,50.69033530571993,25.18080210387903,5.851413543721236,16.56804733727811,12.6232741617357,20.973044049967125,43.9,38.724523339907954
전남,비수도권,2016,4,2016.4/4,63.2,67.6,1002.0,65.0,539.0,1540.0,2.9,73.8,3.2,71.4,74.6,56.6,2.5,55.2,59.9,16.200000000000003,17.199999999999996,10.277492291880781,27.543679342240495,38.026721479958894,80.78108941418294,60.123329907502566,35.765673175745114,18.602261048304214,5.755395683453238,30.729701952723538,20.65775950668037,13.052415210688592,40.0,29.907502569373072
전북,비수도권,2016,4,2016.4/4,60.0,65.6,959.0,61.1,611.0,1570.0,1.8,71.2,2.0,69.8,73.3,51.4,1.6,50.6,57.5,19.199999999999996,19.800000000000004,11.78343949044586,21.443736730360936,42.569002123142255,86.09341825902335,64.3312101910828,42.25053078556263,17.091295116772823,5.095541401273886,28.02547770700637,16.454352441613587,18.152866242038215,42.1,40.76433121019109
제주,비수도권,2016,4,2016.4/4,70.7,75.0,373.0,72.0,145.0,518.0,1.8,78.1,2.2,76.4,80.3,65.9,1.3,65.1,69.4,11.300000000000011,12.199999999999989,13.896457765667575,18.80108991825613,45.23160762942779,88.28337874659401,66.4850136239782,39.782016348773844,18.256130790190735,8.446866485013624,26.975476839237057,18.52861035422343,25.61307901907357,42.6,43.32425068119891
충남,비수도권,2016,4,2016.4/4,62.4,68.6,1278.0,63.6,730.0,2008.0,1.9,76.5,1.8,75.1,80.3,50.6,2.2,49.5,55.7,25.599999999999994,25.9,14.924181963288108,17.07901037509976,45.81005586592179,89.86432561851556,70.86991221069432,51.15722266560255,15.243415802075019,4.4692737430167595,23.543495610534716,13.647246608140462,21.54828411811652,44.1,36.87150837988827
충북,비수도권,2016,4,2016.4/4,62.5,68.6,874.0,63.9,494.0,1368.0,2.2,72.2,2.1,70.7,75.4,55.7,2.5,54.3,61.5,16.400000000000006,16.5,14.736842105263156,16.72514619883041,44.09356725146199,90.76023391812865,70.17543859649122,48.421052631578945,16.72514619883041,4.912280701754386,23.391812865497073,15.43859649122807,21.28654970760234,43.2,39.29824561403509
강원,비수도권,2017,1,2017.1/4,56.0,64.1,754.0,58.3,539.0,1293.0,3.9,66.7,3.4,64.4,71.2,50.3,4.6,48.0,56.9,16.400000000000006,16.400000000000006,13.812154696132598,17.5414364640884,43.0939226519337,91.16022099447514,67.67955801104972,47.651933701657455,16.16022099447514,3.867403314917127,26.10497237569061,18.370165745856355,23.204419889502763,42.5,38.25966850828729
경기,수도권,2017,1,2017.1/4,61.0,66.9,6806.0,63.7,3876.0,10682.0,4.3,75.5,4.2,72.3,77.7,52.1,4.5,49.8,55.9,22.5,23.4,15.312547995699585,10.52065734910152,50.91383812010444,95.46920595914607,78.16003686069728,55.13745968361234,17.892796805406235,5.129780371678697,18.87574873291353,13.699892489632928,20.53448011058209,43.4,47.79603747504223
경남,비수도권,2017,1,2017.1/4,59.8,65.8,1750.0,62.0,1074.0,2824.0,3.4,74.2,3.4,71.7,75.8,49.7,3.4,48.0,55.0,23.700000000000003,24.5,12.781065088757396,15.79881656804734,46.3905325443787,91.42011834319527,67.39644970414201,48.04733727810651,14.852071005917159,4.497041420118343,27.278106508875737,18.04733727810651,26.094674556213015,43.8,40.11834319526627
경북,비수도권,2017,1,2017.1/4,60.8,66.9,1466.0,63.3,850.0,2316.0,3.9,75.3,3.5,72.7,76.7,51.6,4.6,49.2,56.4,23.5,23.699999999999996,12.349183818310859,21.220723917672107,42.01561391057488,86.94109297374024,64.65578424414478,44.996451383960256,15.613910574875797,4.045422285308729,28.601845280340665,19.659332860184527,22.285308729595457,42.1,34.705464868701206
광주,비수도권,2017,1,2017.1/4,58.3,63.4,754.0,59.8,506.0,1259.0,2.6,70.1,2.6,68.3,72.9,50.2,2.7,48.8,54.1,19.5,19.89999999999999,14.577656675749317,12.125340599455042,50.2724795640327,93.46049046321527,74.79564032697547,50.68119891008175,18.93732970027248,5.177111716621254,21.389645776566756,15.531335149863759,18.93732970027248,43.3,50.68119891008175
대구,비수도권,2017,1,2017.1/4,58.7,65.3,1295.0,61.5,811.0,2106.0,4.6,71.6,5.0,68.0,73.5,51.9,4.0,49.9,57.2,18.1,19.699999999999996,13.927125506072874,13.684210526315791,46.88259109311741,93.84615384615384,71.90283400809716,46.47773279352227,18.62348178137652,6.801619433198381,24.129554655870443,14.251012145748987,22.672064777327936,43.6,49.31174089068826
대전,비수도권,2017,1,2017.1/4,58.6,64.0,793.0,61.1,504.0,1296.0,4.1,70.8,3.8,68.1,73.0,51.8,4.4,49.5,55.0,18.599999999999994,19.0,17.63157894736842,11.842105263157894,47.63157894736842,94.47368421052632,80.39473684210526,56.315789473684205,18.421052631578945,5.657894736842105,17.5,13.289473684210526,17.236842105263158,42.6,52.89473684210526
부산,비수도권,2017,1,2017.1/4,55.9,62.9,1758.0,58.7,1238.0,2996.0,4.8,69.0,4.3,66.0,72.6,49.1,5.5,46.4,53.5,19.6,19.9,14.814814814814813,16.48745519713262,44.504181600955796,92.5925925925926,77.12066905615292,49.70131421744325,20.84826762246117,6.5710872162485074,19.59378733572282,15.113500597371566,21.68458781362007,43.2,46.59498207885305
서울,수도권,2017,1,2017.1/4,59.6,65.7,5368.0,62.7,3198.0,8566.0,4.9,72.9,5.0,69.3,75.0,53.3,4.9,50.7,56.8,18.599999999999994,19.60000000000001,16.454456415279136,13.006856023506366,48.05093046033301,93.82957884427032,78.8050930460333,51.43976493633693,20.70519098922625,6.64054848188051,18.51126346718903,14.025465230166503,19.627815866797256,43.1,54.37806072477963
세종,비수도권,2017,1,2017.1/4,59.9,64.4,124.0,61.6,77.0,202.0,2.7,74.9,2.5,73.0,76.9,48.4,3.1,46.9,51.5,26.1,26.500000000000007,14.049586776859504,10.743801652892563,57.85123966942148,95.0413223140496,81.81818181818183,65.28925619834712,12.396694214876034,3.3057851239669422,14.87603305785124,14.049586776859504,18.181818181818183,42.1,61.15702479338842
울산,비수도권,2017,1,2017.1/4,59.0,63.3,600.0,61.4,377.0,977.0,4.0,75.7,3.7,72.8,76.3,46.5,4.4,44.5,49.3,28.299999999999997,29.200000000000003,14.756944444444445,10.76388888888889,49.47916666666667,95.3125,79.6875,57.8125,16.145833333333336,5.729166666666666,16.493055555555554,13.715277777777779,21.70138888888889,43.7,41.31944444444444
인천,수도권,2017,1,2017.1/4,60.7,66.7,1594.0,64.3,883.0,2477.0,5.6,75.9,6.1,71.3,76.5,53.0,5.0,50.4,56.8,20.9,22.900000000000006,15.35904255319149,11.569148936170212,48.8031914893617,95.34574468085107,80.58510638297872,51.66223404255319,23.537234042553195,5.38563829787234,17.287234042553195,12.433510638297872,20.6781914893617,43.5,40.29255319148936
전남,비수도권,2017,1,2017.1/4,59.8,65.3,965.0,62.6,576.0,1541.0,4.5,72.5,4.2,69.5,72.8,53.0,4.8,50.5,57.2,19.0,19.5,10.52060737527115,25.92190889370933,39.04555314533623,82.32104121475055,60.73752711496746,36.984815618221255,17.895878524945772,5.856832971800434,31.77874186550976,25.92190889370933,11.822125813449023,38.1,31.344902386117134
전북,비수도권,2017,1,2017.1/4,56.9,63.5,928.0,59.1,643.0,1571.0,3.7,70.9,3.8,68.2,72.1,47.7,3.4,46.1,54.6,22.1,23.200000000000003,11.6331096196868,19.798657718120804,44.07158836689038,87.80760626398211,65.21252796420582,43.51230425055929,17.002237136465325,4.586129753914989,28.859060402684566,20.246085011185684,18.568232662192393,40.7,42.61744966442953
제주,비수도권,2017,1,2017.1/4,70.3,75.7,374.0,71.7,148.0,522.0,2.0,78.6,2.1,77.0,81.4,64.9,1.9,63.7,69.7,13.299999999999997,13.699999999999989,14.168937329700274,17.43869209809264,45.50408719346049,89.64577656675749,67.8474114441417,42.234332425068125,17.43869209809264,8.446866485013624,26.70299727520436,20.708446866485016,21.525885558583106,41.1,44.6866485013624
충남,비수도권,2017,1,2017.1/4,58.4,66.1,1097.0,60.2,724.0,1821.0,3.1,73.6,2.7,71.6,78.0,46.7,3.7,45.0,53.0,26.599999999999994,26.89999999999999,14.863593603010347,15.051740357478833,47.03668861712135,91.72154280338664,73.09501411100658,52.77516462841017,15.428033866415806,4.985888993414863,22.10724365004704,13.922859830667921,21.260583254938854,43.1,37.06491063029163
충북,비수도권,2017,1,2017.1/4,59.2,66.6,838.0,61.1,533.0,1371.0,3.1,69.9,2.6,68.1,73.8,52.4,3.7,50.5,59.0,17.599999999999994,17.500000000000007,14.77832512315271,14.408866995073891,46.18226600985222,92.85714285714286,72.16748768472905,50.73891625615764,16.25615763546798,5.172413793103448,22.906403940886698,16.00985221674877,20.8128078817734,42.5,40.51724137931034
강원,비수도권,2017,2,2017.2/4,63.2,68.7,836.0,64.6,459.0,1294.0,2.0,72.9,1.7,71.7,75.9,56.6,2.5,55.2,61.3,16.5,16.300000000000004,13.30891330891331,22.71062271062271,39.072039072039075,86.20268620268621,65.8119658119658,43.58974358974359,17.46031746031746,4.884004884004884,26.61782661782662,16.971916971916972,25.396825396825395,43.4,35.40903540903541
경기,수도권,2017,2,2017.2/4,62.3,67.8,6984.0,65.1,3752.0,10735.0,4.3,77.2,4.2,73.9,78.8,53.1,4.3,50.8,56.6,23.10000000000001,24.1,15.572176514584893,11.50336574420344,49.43904263275991,94.56993268511593,77.4869109947644,53.65744203440539,18.459237097980555,5.370231862378459,19.07255048616305,13.313388182498132,21.301421091997007,44.1,47.00074794315632
경남,비수도권,2017,2,2017.2/4,61.4,66.9,1792.0,63.4,1036.0,2828.0,3.1,75.4,3.7,72.6,76.5,51.3,2.1,50.2,56.5,22.39999999999999,24.10000000000001,12.435233160621761,17.271157167530223,45.48071387449626,90.38572251007484,67.35751295336787,48.07138744962579,14.73805411629246,4.548071387449626,26.65515256188831,16.350028785261948,26.42487046632124,44.4,40.8175014392631
경북,비수도권,2017,2,2017.2/4,63.4,68.3,1512.0,65.3,805.0,2316.0,2.9,76.3,2.9,74.2,78.0,54.4,2.9,52.8,57.9,21.400000000000006,21.9,12.125340599455042,23.637602179836513,40.25885558583106,85.01362397820164,64.71389645776566,44.00544959128065,15.871934604904633,4.904632152588556,27.247956403269757,15.531335149863759,23.092643051771116,43.7,34.19618528610354
광주,비수도권,2017,2,2017.2/4,59.2,63.7,773.0,61.4,487.0,1260.0,3.5,71.3,3.6,68.7,72.9,51.9,3.2,50.3,54.7,18.400000000000006,19.4,14.47721179624665,13.136729222520108,49.46380697050938,92.22520107238606,75.33512064343164,50.26809651474531,19.43699731903485,5.630026809651475,21.0455764075067,15.683646112600535,18.36461126005362,43.3,51.206434316353885
대구,비수도권,2017,2,2017.2/4,59.3,65.4,1304.0,61.9,803.0,2107.0,4.1,71.1,4.2,68.1,73.4,53.2,4.0,51.1,57.5,16.999999999999993,17.89999999999999,12.959999999999999,14.799999999999999,46.32,92.72,72.32,46.239999999999995,18.72,7.359999999999999,23.76,14.879999999999999,21.6,43.6,48.64
대전,비수도권,2017,2,2017.2/4,59.1,63.9,795.0,61.3,501.0,1296.0,3.7,72.1,3.6,69.5,74.1,50.9,3.8,49.0,53.7,20.5,21.199999999999996,16.971279373368144,13.185378590078328,47.51958224543081,93.47258485639686,80.67885117493474,56.26631853785901,18.66840731070496,5.7441253263707575,17.10182767624021,12.402088772845952,16.449086161879894,43.0,52.61096605744125
부산,비수도권,2017,2,2017.2/4,56.8,63.8,1785.0,59.6,1209.0,2994.0,4.8,70.1,4.7,66.8,73.5,49.9,5.0,47.5,54.4,19.299999999999997,20.199999999999996,14.941176470588236,16.88235294117647,44.64705882352941,92.11764705882352,78.3529411764706,49.470588235294116,22.235294117647058,6.588235294117648,18.64705882352941,16.705882352941178,21.470588235294116,43.0,45.88235294117647
서울,수도권,2017,2,2017.2/4,60.4,66.5,5414.0,63.2,3147.0,8561.0,4.5,73.2,4.7,69.8,75.6,54.1,4.2,51.8,57.9,18.0,19.1,16.68600154679041,13.669760247486465,47.66047950502707,93.5614849187935,79.48569218870844,51.99149265274555,21.11368909512761,6.380510440835267,18.05877803557618,13.9984532095901,19.296210363495746,43.2,54.988399071925755
세종,비수도권,2017,2,2017.2/4,62.3,65.6,132.0,63.4,76.0,208.0,1.6,75.7,1.9,74.3,76.7,51.1,1.1,50.5,53.9,23.799999999999997,24.6,13.846153846153847,12.307692307692308,55.38461538461539,92.3076923076923,80.76923076923077,62.30769230769231,14.615384615384617,4.615384615384616,15.384615384615385,14.615384615384617,17.692307692307693,42.3,60.0
울산,비수도권,2017,2,2017.2/4,60.1,64.1,609.0,62.3,368.0,977.0,3.6,76.7,4.0,73.6,76.7,47.4,2.8,46.0,50.4,27.599999999999994,29.300000000000004,14.65076660988075,11.41396933560477,48.722316865417376,94.54855195911414,79.89778534923339,56.72913117546848,17.035775127768314,6.132879045996593,16.524701873935264,13.458262350936966,21.63543441226576,43.8,41.396933560477
인천,수도권,2017,2,2017.2/4,62.0,67.7,1618.0,65.2,865.0,2483.0,4.8,77.4,5.2,73.4,78.2,53.2,4.2,51.0,57.0,22.400000000000006,24.200000000000003,15.779220779220779,12.532467532467532,47.4025974025974,94.54545454545455,81.16883116883116,50.71428571428571,23.7012987012987,6.753246753246753,16.68831168831169,13.896103896103895,21.298701298701296,43.6,40.19480519480519
전남,비수도권,2017,2,2017.2/4,62.7,66.8,998.0,64.8,543.0,1541.0,3.1,73.6,3.6,71.0,73.9,56.2,2.6,54.7,59.0,16.299999999999997,17.39999999999999,10.13443640124095,28.541882109617372,37.5387797311272,80.04136504653567,59.77249224405378,36.09100310237849,17.78697001034126,5.997931747673216,30.920372285418825,17.993795243019648,13.133402275077561,40.8,31.64426059979317
전북,비수도권,2017,2,2017.2/4,59.7,65.2,964.0,61.4,607.0,1571.0,2.7,71.9,3.2,69.6,73.5,51.3,1.9,50.3,56.4,19.299999999999997,20.60000000000001,11.727078891257996,22.388059701492537,41.7910447761194,85.71428571428571,64.92537313432835,41.68443496801706,17.3773987206823,5.970149253731343,27.078891257995735,17.803837953091683,18.976545842217483,42.0,41.57782515991471
제주,비수도권,2017,2,2017.2/4,71.4,76.5,383.0,72.8,143.0,526.0,1.9,78.9,1.8,77.4,82.0,66.8,2.0,65.5,70.8,11.900000000000006,12.100000000000009,14.095744680851062,17.819148936170212,45.21276595744681,89.09574468085107,68.08510638297872,41.755319148936174,18.882978723404257,7.446808510638298,27.127659574468083,18.351063829787233,21.01063829787234,41.9,45.47872340425532
충남,비수도권,2017,2,2017.2/4,63.6,68.7,1199.0,65.6,628.0,1828.0,3.1,78.0,2.9,75.7,79.9,53.0,3.3,51.3,56.4,24.400000000000006,25.0,13.68330464716007,20.051635111876077,44.061962134251296,87.4354561101549,69.01893287435456,47.16006884681583,16.092943201376936,5.76592082616179,24.354561101549052,15.23235800344234,22.289156626506024,43.6,35.111876075731494
충북,비수도권,2017,2,2017.2/4,63.8,69.9,897.0,65.3,477.0,1374.0,2.3,74.4,2.4,72.6,77.4,56.2,2.1,55.0,62.0,17.599999999999994,18.200000000000003,15.279361459521096,17.44583808437856,43.21550741163056,90.3078677309008,69.66932725199544,47.5484606613455,16.077537058152792,5.929304446978335,23.603192702394526,14.481185860889395,22.462941847206388,43.9,38.99657924743444
강원,비수도권,2017,3,2017.3/4,63.7,68.8,842.0,65.0,453.0,1296.0,2.0,72.5,1.5,71.4,75.4,57.9,2.5,56.4,62.0,15.000000000000007,14.600000000000001,13.075060532687651,23.365617433414045,38.7409200968523,85.4721549636804,65.98062953995158,42.251815980629544,18.401937046004843,5.326876513317192,26.39225181598063,23.24455205811138,24.33414043583535,41.9,35.351089588377725
경기,수도권,2017,3,2017.3/4,62.7,68.2,7031.0,65.2,3754.0,10785.0,3.8,77.4,4.0,74.3,79.2,53.2,3.5,51.3,57.0,23.0,24.200000000000003,15.821381043915423,11.769924589679137,49.14978559810735,94.38119177879639,77.85006653851842,54.014490610675736,18.689930504214107,5.145645423628567,18.941298240425848,20.257282271181428,18.571639804820347,42.3,46.26644980038444
경남,비수도권,2017,3,2017.3/4,61.1,66.5,1778.0,62.8,1054.0,2832.0,2.6,74.8,3.1,72.5,76.5,50.7,2.0,49.7,55.7,22.799999999999997,24.099999999999994,12.362796071634893,17.33102253032929,45.29173887926055,90.1213171577123,67.30213749277874,48.29578278451762,14.846909300982091,4.15944540727903,26.689774696707108,21.25938763720393,22.876949740034664,42.6,41.24783362218371
경북,비수도권,2017,3,2017.3/4,63.2,68.5,1494.0,64.5,822.0,2316.0,2.0,75.7,2.0,74.2,78.2,53.5,2.0,52.4,58.0,21.800000000000004,22.200000000000003,12.013651877133105,23.48122866894198,40.40955631399317,85.11945392491468,63.82252559726962,43.89078498293515,14.948805460750853,5.051194539249146,27.918088737201362,19.453924914675767,20.68259385665529,42.8,34.26621160409557
광주,비수도권,2017,3,2017.3/4,59.3,64.0,770.0,61.1,490.0,1260.0,2.9,70.7,3.8,68.1,72.1,52.0,1.9,51.0,55.9,17.099999999999994,18.700000000000003,14.99330655957162,13.520749665327978,48.058902275769746,92.3694779116466,75.90361445783132,51.27175368139224,19.143239625167336,5.4886211512717535,20.74966532797858,19.812583668005352,17.13520749665328,42.0,50.73627844712182
대구,비수도권,2017,3,2017.3/4,58.9,65.0,1285.0,61.0,823.0,2108.0,3.4,69.7,3.3,67.4,72.5,52.7,3.5,50.9,57.5,16.500000000000007,17.0,12.318840579710146,15.136876006441224,46.4573268921095,92.512077294686,72.46376811594203,46.2962962962963,18.679549114331724,7.487922705314009,23.832528180354267,17.310789049919485,19.404186795491142,42.7,48.228663446054746
대전,비수도권,2017,3,2017.3/4,58.8,63.7,783.0,60.4,514.0,1296.0,2.6,71.4,2.9,69.3,73.9,49.7,2.1,48.6,53.4,20.699999999999996,21.700000000000003,16.79790026246719,13.123359580052494,47.3753280839895,93.43832020997375,79.39632545931758,56.69291338582677,17.585301837270343,5.118110236220472,18.241469816272964,20.078740157480315,14.960629921259844,41.2,53.674540682414694
부산,비수도권,2017,3,2017.3/4,56.4,63.5,1769.0,59.2,1221.0,2990.0,4.6,70.4,4.5,67.2,73.9,48.7,4.6,46.5,53.3,20.700000000000003,21.700000000000003,14.869668246445498,17.239336492890995,44.372037914691944,91.88388625592417,78.55450236966824,50.53317535545023,21.32701421800948,6.753554502369669,18.305687203791468,20.438388625592417,18.601895734597157,41.8,45.14218009478673
서울,수도권,2017,3,2017.3/4,60.7,66.8,5432.0,63.5,3121.0,8553.0,4.5,73.2,4.9,69.6,75.6,54.6,4.0,52.5,58.6,17.099999999999994,18.6,16.628131021194605,13.815028901734102,47.591522157996145,93.41040462427745,79.11368015414259,52.00385356454721,21.19460500963391,5.895953757225433,18.36223506743738,20.770712909441233,17.552986512524086,41.7,55.14450867052023
세종,비수도권,2017,3,2017.3/4,61.9,65.0,135.0,63.2,79.0,214.0,2.1,75.0,2.0,73.5,76.1,51.5,2.2,50.4,53.7,23.1,23.5,14.285714285714285,12.030075187969924,55.639097744360896,92.4812030075188,80.45112781954887,62.40601503759399,15.037593984962406,3.7593984962406015,15.789473684210526,21.804511278195488,17.293233082706767,40.7,60.150375939849624
울산,비수도권,2017,3,2017.3/4,59.7,63.7,605.0,62.0,371.0,976.0,3.6,75.8,4.2,72.6,75.8,47.6,2.7,46.3,50.6,26.299999999999997,28.199999999999996,14.408233276157805,11.83533447684391,48.54202401372213,94.33962264150944,80.10291595197255,57.46140651801029,17.495711835334475,5.145797598627787,16.295025728987994,22.46998284734134,19.210977701543737,41.8,41.680960548885075
인천,수도권,2017,3,2017.3/4,61.7,67.3,1606.0,64.5,882.0,2488.0,4.3,76.6,5.2,72.6,77.4,52.8,3.1,51.1,57.0,21.499999999999993,23.799999999999997,15.690104166666666,12.6953125,47.265625,94.20572916666666,80.92447916666666,51.7578125,22.981770833333336,6.184895833333334,16.796875,19.401041666666664,19.140625,42.3,40.234375
전남,비수도권,2017,3,2017.3/4,62.9,67.1,996.0,64.6,545.0,1541.0,2.7,73.2,2.8,71.2,74.2,56.3,2.7,54.8,59.4,16.400000000000006,16.900000000000006,9.907120743034056,28.586171310629517,37.874097007223945,80.18575851393189,59.54592363261094,36.738906088751285,17.3374613003096,5.469556243550051,30.959752321981426,21.981424148606813,11.97110423116615,39.6,32.404540763673886
전북,비수도권,2017,3,2017.3/4,59.3,64.6,949.0,60.4,623.0,1571.0,1.8,70.1,1.5,69.0,73.0,51.1,2.3,49.9,55.9,19.1,18.999999999999993,11.385606874328678,22.771213748657356,41.568206229860365,85.49946294307198,65.19871106337271,41.46079484425349,17.508055853920514,6.229860365198711,26.852846401718583,21.697099892588614,17.400644468313644,41.2,41.35338345864661
제주,비수도권,2017,3,2017.3/4,71.1,76.1,385.0,72.6,145.0,530.0,2.2,78.5,2.4,76.6,81.1,66.9,2.0,65.6,70.9,11.0,11.599999999999994,13.563829787234042,18.351063829787233,45.21276595744681,89.09574468085107,68.88297872340425,41.48936170212766,19.9468085106383,7.446808510638298,26.329787234042552,23.670212765957448,18.085106382978726,40.3,45.744680851063826
충남,비수도권,2017,3,2017.3/4,64.0,68.7,1202.0,65.5,632.0,1834.0,2.3,77.2,2.3,75.4,79.4,53.6,2.4,52.4,57.0,23.000000000000007,23.6,13.543441226575808,20.528109028960817,43.95229982964225,86.79727427597955,68.56899488926746,46.678023850085175,16.098807495741056,5.792163543441227,24.787052810902896,22.061328790459967,21.039182282793867,41.9,34.41226575809199
충북,비수도권,2017,3,2017.3/4,64.2,70.3,901.0,65.4,476.0,1377.0,1.9,74.9,1.7,73.6,78.5,56.0,2.1,54.8,61.5,18.799999999999997,18.900000000000006,15.158371040723981,17.760180995475114,42.98642533936652,90.04524886877829,69.11764705882352,47.85067873303168,15.95022624434389,5.429864253393665,23.64253393665158,19.230769230769234,19.79638009049774,42.3,39.14027149321267
강원,비수도권,2017,4,2017.4/4,61.0,66.8,813.0,62.6,484.0,1297.0,2.7,70.8,2.9,68.7,73.4,54.8,2.4,53.5,59.9,15.200000000000003,16.0,13.274336283185843,22.25031605562579,39.06447534766119,86.5992414664981,67.00379266750947,43.48925410872314,18.078381795195956,5.436156763590392,25.663716814159294,20.480404551201012,21.871049304677623,42.0,36.15676359039191
경기,수도권,2017,4,2017.4/4,62.5,68.5,6993.0,64.5,3844.0,10837.0,3.1,76.3,3.3,73.8,79.0,52.9,2.7,51.5,57.6,22.299999999999997,23.4,15.373266450280317,11.611094718205962,49.35084095603423,94.77722041900265,78.4154617881381,54.61788138093833,18.737090587193865,5.075243434641488,18.60430805547359,13.36677485984066,19.592800236057833,43.6,46.04603127766303
경남,비수도권,2017,4,2017.4/4,61.1,66.5,1781.0,62.8,1055.0,2835.0,2.6,75.5,3.0,73.2,77.3,50.1,2.1,49.1,54.9,24.1,25.4,11.8800461361015,17.762399077277973,45.15570934256055,89.96539792387543,67.30103806228374,48.673587081891576,14.244521337946944,4.382929642445213,26.701268742791235,16.897347174163784,22.779700115340255,43.2,40.8881199538639
경북,비수도권,2017,4,2017.4/4,62.4,67.7,1479.0,63.9,837.0,2316.0,2.3,75.8,2.4,74.0,77.6,52.1,2.2,50.9,57.0,23.1,23.699999999999996,11.626297577854672,23.321799307958475,40.622837370242216,85.12110726643598,64.5674740484429,44.221453287197235,15.432525951557095,4.913494809688582,27.54325259515571,17.99307958477509,20.484429065743946,43.0,34.67128027681661
광주,비수도권,2017,4,2017.4/4,59.4,64.1,767.0,60.8,494.0,1260.0,2.4,69.9,2.8,68.0,72.1,52.2,1.9,51.2,56.3,16.799999999999997,17.700000000000003,14.171122994652407,13.770053475935828,48.1283422459893,92.24598930481284,76.33689839572193,51.20320855614974,19.385026737967912,5.614973262032086,20.454545454545457,15.106951871657753,17.647058823529413,42.8,50.13368983957219
대구,비수도권,2017,4,2017.4/4,58.3,64.4,1279.0,60.7,830.0,2109.0,3.9,69.9,4.1,67.0,72.0,51.9,3.7,50.0,56.9,17.0,18.000000000000007,11.879576891781937,15.134255492270137,46.7860048820179,92.43287225386493,72.33523189585028,47.51830756712775,17.57526444263629,7.160292921074044,23.840520748576076,14.239218877135883,19.446704637917005,43.5,48.4947111472742
대전,비수도권,2017,4,2017.4/4,59.1,64.3,793.0,61.2,503.0,1296.0,3.3,70.7,3.6,68.2,72.9,52.0,2.9,50.4,55.7,17.800000000000004,18.700000000000003,16.166883963494133,13.03780964797914,47.58800521512386,93.48109517601043,78.35723598435462,55.54106910039114,17.07953063885267,5.736636245110821,19.035202086049544,12.777053455019557,16.166883963494133,42.7,52.9335071707953
부산,비수도권,2017,4,2017.4/4,56.2,63.3,1750.0,58.6,1237.0,2987.0,4.1,69.6,4.1,66.8,73.5,48.3,4.2,46.3,53.4,20.5,21.299999999999997,14.541120381406436,17.34207389749702,44.45768772348033,91.77592371871275,78.66507747318236,51.43027413587604,20.38140643623361,6.853396901072706,18.235995232419548,16.269368295589988,19.30870083432658,42.8,45.947556615017874
서울,수도권,2017,4,2017.4/4,60.2,66.4,5370.0,62.8,3176.0,8546.0,4.2,72.5,4.1,69.5,75.6,54.0,4.3,51.6,57.8,17.9,18.5,16.40746500777605,13.899688958009332,47.414463452566096,93.40979782270607,78.92690513219284,51.90513219284604,21.15085536547434,5.870917573872473,18.54587869362364,14.23017107309487,18.00155520995334,42.7,55.7542768273717
세종,비수도권,2017,4,2017.4/4,60.7,64.1,138.0,62.5,83.0,221.0,2.8,75.0,2.4,73.1,76.2,50.1,3.4,48.4,51.7,24.699999999999996,24.9,13.432835820895523,11.940298507462686,57.46268656716418,93.28358208955224,80.59701492537313,62.68656716417911,14.925373134328357,2.9850746268656714,16.417910447761194,14.925373134328357,17.16417910447761,41.8,61.940298507462686
울산,비수도권,2017,4,2017.4/4,60.2,64.6,605.0,62.0,371.0,976.0,2.9,75.4,3.4,72.9,76.6,48.1,2.1,47.0,51.6,25.900000000000006,27.300000000000004,14.285714285714285,11.564625850340136,48.80952380952381,94.5578231292517,80.95238095238095,58.16326530612245,17.517006802721088,5.272108843537415,15.476190476190476,16.3265306122449,20.408163265306122,43.0,42.517006802721085
인천,수도권,2017,4,2017.4/4,62.1,67.7,1612.0,64.7,881.0,2493.0,3.9,75.6,4.7,72.1,76.9,54.0,2.8,52.5,58.4,19.599999999999994,21.599999999999994,15.548387096774194,12.96774193548387,47.03225806451613,94.06451612903226,80.83870967741935,51.677419354838705,23.032258064516128,6.193548387096774,17.032258064516128,13.032258064516128,20.70967741935484,43.6,40.516129032258064
전남,비수도권,2017,4,2017.4/4,63.0,67.8,994.0,64.5,547.0,1541.0,2.3,73.7,2.8,71.6,75.1,55.5,1.7,54.6,60.0,16.999999999999993,18.200000000000003,9.484536082474227,28.24742268041237,38.144329896907216,80.82474226804123,60.20618556701031,36.80412371134021,17.31958762886598,6.082474226804123,30.515463917525775,19.27835051546392,13.29896907216495,40.6,32.577319587628864
전북,비수도권,2017,4,2017.4/4,58.5,64.2,937.0,59.6,634.0,1571.0,1.9,70.2,2.1,68.7,72.9,49.5,1.5,48.7,55.1,20.0,20.700000000000003,10.990206746463548,22.52448313384113,42.328618063112074,85.85418933623504,66.37649619151252,41.566920565832426,18.280739934711644,6.528835690968444,26.550598476605003,19.912948857453756,17.51904243743199,41.2,41.67573449401523
제주,비수도권,2017,4,2017.4/4,70.9,75.8,385.0,72.1,149.0,533.0,1.7,78.5,2.3,76.7,81.5,65.9,1.0,65.2,69.8,11.5,12.599999999999994,12.698412698412698,18.78306878306878,45.23809523809524,88.88888888888889,67.98941798941799,40.74074074074074,19.31216931216931,8.201058201058201,26.984126984126984,18.253968253968253,19.576719576719576,41.7,46.2962962962963
충남,비수도권,2017,4,2017.4/4,63.2,68.1,1197.0,65.1,643.0,1841.0,2.9,76.2,3.3,73.7,77.4,53.6,2.3,52.4,57.9,21.300000000000004,22.6,12.983662940670678,20.378331900257955,44.88392089423904,87.10232158211522,69.30352536543423,47.3774720550301,15.907136715391228,6.0189165950128976,24.935511607910577,18.31470335339639,22.785898538263112,42.8,34.82373172828891
충북,비수도권,2017,4,2017.4/4,63.1,69.5,885.0,64.1,495.0,1380.0,1.7,74.2,1.6,73.0,78.1,54.1,1.8,53.1,60.4,19.9,20.1,15.057471264367816,17.47126436781609,43.103448275862064,90.45977011494253,69.77011494252874,49.310344827586206,15.517241379310345,4.942528735632184,23.678160919540232,15.402298850574713,18.735632183908045,42.6,39.88505747126437
강원,비수도권,2018,1,2018.1/4,56.1,63.9,761.0,58.7,536.0,1298.0,4.4,66.4,4.2,63.6,69.9,51.3,4.7,48.9,57.7,14.700000000000003,15.100000000000009,14.972527472527473,18.681318681318682,40.38461538461539,89.83516483516483,68.26923076923077,48.07692307692308,15.659340659340659,4.532967032967033,25.549450549450547,19.917582417582416,21.291208791208792,41.7,40.52197802197802
경기,수도권,2018,1,2018.1/4,61.3,67.6,6945.0,63.8,3935.0,10880.0,4.0,75.6,3.8,72.7,78.3,52.2,4.2,50.1,56.6,22.6,23.39999999999999,15.6071964017991,11.019490254872563,49.595202398800595,95.30734632683658,78.8455772113943,56.356821589205396,17.601199400299848,4.887556221889056,18.530734632683657,13.493253373313344,18.590704647676162,42.9,47.42128935532234
경남,비수도권,2018,1,2018.1/4,59.8,65.6,1757.0,61.9,1082.0,2839.0,3.4,74.2,3.5,71.7,76.0,49.5,3.4,47.9,54.4,23.800000000000004,24.700000000000003,11.726576311137302,16.971125515615793,45.90453741897466,90.63052445492045,67.1184443134944,49.49911608721273,13.376546847377726,4.242781378903948,27.283441367118442,17.619328226281674,22.215674720094285,42.6,41.48497348261638
경북,비수도권,2018,1,2018.1/4,59.5,65.8,1448.0,62.5,867.0,2315.0,4.8,75.3,4.8,71.7,75.7,50.0,4.9,47.5,55.2,24.200000000000003,25.299999999999997,11.103047895500726,21.77068214804064,42.0899854862119,86.5021770682148,64.65892597968069,45.86357039187228,14.513788098693759,4.281567489114659,28.30188679245283,20.609579100145137,20.319303338171263,41.5,35.41364296081277
광주,비수도권,2018,1,2018.1/4,58.9,64.5,774.0,61.4,486.0,1260.0,4.2,71.2,4.7,67.9,72.4,52.2,3.5,50.4,56.6,17.500000000000007,19.0,15.22911051212938,12.668463611859837,47.97843665768194,93.39622641509435,76.54986522911051,51.886792452830186,19.2722371967655,5.256064690026954,20.080862533692724,16.442048517520217,15.498652291105122,42.0,49.59568733153639
대구,비수도권,2018,1,2018.1/4,56.7,62.9,1257.0,59.6,851.0,2108.0,4.9,68.7,4.9,65.4,70.0,51.1,4.9,48.6,55.8,16.800000000000004,17.6,12.217573221757322,14.811715481171547,46.77824267782427,92.63598326359833,72.38493723849372,48.28451882845188,17.824267782426777,6.2761506276150625,24.10041841004184,14.811715481171547,19.414225941422593,42.6,49.28870292887029
대전,비수도권,2018,1,2018.1/4,58.7,64.2,793.0,61.2,502.0,1294.0,4.2,70.3,3.8,67.7,72.6,52.5,4.7,50.0,55.8,17.700000000000003,17.799999999999997,15.921052631578947,12.763157894736842,48.1578947368421,93.94736842105263,78.02631578947368,55.39473684210526,16.447368421052634,6.315789473684211,19.473684210526315,14.605263157894738,15.657894736842104,42.0,52.368421052631575
부산,비수도권,2018,1,2018.1/4,55.2,62.8,1734.0,58.2,1248.0,2982.0,5.0,69.2,4.9,65.9,72.9,47.9,5.2,45.4,52.9,20.500000000000007,21.300000000000004,14.74514563106796,16.868932038834952,44.90291262135923,92.29368932038835,77.79126213592234,52.42718446601942,18.810679611650485,6.553398058252427,19.053398058252426,15.8373786407767,18.203883495145632,42.4,47.87621359223301
서울,수도권,2018,1,2018.1/4,59.5,66.0,5355.0,62.7,3182.0,8538.0,5.1,72.5,5.1,68.8,75.0,53.8,5.1,51.0,57.6,17.799999999999997,18.700000000000003,16.84376229830775,13.597009051554506,47.599370326643054,93.70326643053916,79.456906729634,53.128689492325854,20.66115702479339,5.667060212514758,18.14246359700905,14.010232192050372,17.926013380558835,42.5,56.51318378591106
세종,비수도권,2018,1,2018.1/4,59.7,63.9,140.0,61.3,88.0,228.0,2.6,73.7,1.9,72.3,76.3,49.1,3.6,47.3,51.3,25.0,24.6,13.970588235294118,10.294117647058822,58.08823529411765,94.85294117647058,80.88235294117648,65.44117647058823,13.23529411764706,2.2058823529411766,16.176470588235293,14.705882352941178,16.911764705882355,41.3,63.23529411764706
울산,비수도권,2018,1,2018.1/4,59.4,64.4,602.0,61.8,373.0,975.0,3.8,75.0,4.1,71.9,76.4,47.9,3.3,46.4,51.5,25.500000000000007,27.1,15.025906735751295,10.708117443868739,48.53195164075993,95.33678756476684,82.03799654576856,58.72193436960277,17.616580310880828,5.699481865284974,14.680483592400693,14.335060449050086,19.516407599309154,42.9,42.31433506044905
인천,수도권,2018,1,2018.1/4,62.1,68.2,1630.0,65.3,867.0,2496.0,4.8,76.0,4.7,72.4,77.6,54.9,5.0,52.1,58.7,20.300000000000004,21.1,15.860735009671178,12.443584784010316,47.25983236621534,94.64861379754996,80.20631850419085,52.67569310122502,22.11476466795616,5.3513862024500325,17.53707285622179,12.508059316569955,19.664732430689877,43.5,41.52159896840748
전남,비수도권,2018,1,2018.1/4,60.4,66.2,970.0,63.0,571.0,1540.0,4.2,73.1,4.4,69.9,73.7,53.1,3.8,51.1,57.9,18.800000000000004,19.999999999999993,9.89247311827957,26.666666666666668,38.81720430107527,82.04301075268818,61.0752688172043,38.494623655913976,16.881720430107528,5.698924731182796,30.752688172043012,23.225806451612904,12.258064516129032,39.1,34.193548387096776
전북,비수도권,2018,1,2018.1/4,56.3,63.1,912.0,58.1,658.0,1570.0,3.1,70.5,3.2,68.2,72.9,46.2,3.0,44.8,53.0,23.400000000000006,24.299999999999997,11.990950226244344,20.361990950226243,43.09954751131222,87.55656108597285,67.3076923076923,43.55203619909502,17.647058823529413,6.221719457013575,26.809954751131222,22.511312217194572,17.53393665158371,39.7,41.96832579185521
제주,비수도권,2018,1,2018.1/4,68.2,74.2,376.0,69.9,161.0,537.0,2.5,77.0,1.9,75.6,80.6,63.1,3.2,61.0,67.5,14.599999999999994,13.899999999999999,13.623978201634879,16.893732970027248,46.049046321525886,90.19073569482289,67.0299727520436,41.689373297002724,19.07356948228883,6.539509536784741,27.520435967302454,22.070844686648503,16.62125340599455,39.0,48.228882833787466
충남,비수도권,2018,1,2018.1/4,59.9,66.9,1153.0,62.4,693.0,1846.0,4.1,74.0,3.8,71.2,76.8,50.6,4.6,48.3,56.0,22.900000000000006,23.4,14.841628959276019,16.832579185520363,46.244343891402714,90.22624434389141,71.13122171945702,51.22171945701357,14.93212669683258,5.067873303167421,23.891402714932127,18.190045248868778,20.09049773755656,41.8,36.92307692307693
충북,비수도권,2018,1,2018.1/4,60.3,67.6,856.0,62.0,525.0,1381.0,2.7,73.0,2.7,71.1,76.6,51.0,2.8,49.6,58.0,21.499999999999993,22.0,15.606242496998798,15.966386554621847,43.81752701080432,91.83673469387756,70.58823529411765,51.980792316926774,14.165666266506602,4.441776710684274,23.649459783913564,17.286914765906364,18.24729891956783,41.7,40.33613445378151
강원,비수도권,2018,2,2018.2/4,62.6,67.6,834.0,64.2,465.0,1299.0,2.5,71.7,2.6,69.9,74.2,57.0,2.5,55.6,60.8,14.300000000000004,14.700000000000003,13.407134071340712,24.231242312423124,37.14637146371464,84.9938499384994,67.52767527675276,43.542435424354245,18.696186961869618,5.289052890528905,25.584255842558424,24.354243542435423,20.418204182041823,41.4,38.00738007380074
경기,수도권,2018,2,2018.2/4,62.5,68.3,7090.0,64.9,3832.0,10922.0,3.7,76.9,3.9,73.9,78.9,53.2,3.5,51.3,57.4,22.60000000000001,23.700000000000003,15.3992673992674,12.205128205128204,48.67399267399267,94.34432234432234,77.77289377289377,55.03296703296703,17.802197802197803,4.9523809523809526,19.238095238095237,21.054945054945055,17.391941391941394,41.8,47.88278388278388
경남,비수도권,2018,2,2018.2/4,62.0,67.4,1820.0,64.0,1023.0,2843.0,3.1,75.7,3.1,73.4,77.8,52.4,3.2,50.7,56.1,22.700000000000003,23.300000000000004,11.73469387755102,18.480725623582767,44.89795918367347,89.45578231292517,66.55328798185941,47.61904761904761,14.682539682539684,4.2517006802721085,27.15419501133787,20.918367346938776,21.08843537414966,42.2,41.043083900226755
경북,비수도권,2018,2,2018.2/4,62.3,67.1,1502.0,64.8,814.0,2316.0,4.0,75.5,3.8,72.6,75.6,54.4,4.2,52.1,58.0,20.499999999999993,21.1,10.8876560332871,24.687933425797503,39.59778085991678,84.11927877947295,63.10679611650486,43.203883495145625,14.909847434119278,5.062413314840499,27.947295423023576,20.249653259361995,22.191400832177532,43.1,33.91123439667129
광주,비수도권,2018,2,2018.2/4,59.6,64.6,782.0,62.0,479.0,1261.0,3.9,71.5,4.3,68.4,72.7,53.1,3.5,51.3,56.6,17.10000000000001,18.4,15.978695073235686,13.981358189081226,46.870838881491345,92.27696404793608,77.62982689747004,52.86284953395472,19.174434087882823,5.459387483355526,19.973368841544605,21.70439414114514,14.780292942743008,41.0,50.86551264980027
대구,비수도권,2018,2,2018.2/4,58.6,64.4,1300.0,61.7,807.0,2106.0,5.0,70.9,5.8,66.7,71.2,53.1,4.0,51.0,57.7,15.700000000000003,17.800000000000004,13.117408906882591,16.11336032388664,45.02024291497976,91.49797570850203,73.03643724696356,47.530364372469634,19.271255060728745,6.234817813765183,22.753036437246962,19.51417004048583,17.894736842105264,41.9,48.01619433198381
대전,비수도권,2018,2,2018.2/4,58.7,63.7,794.0,61.4,499.0,1293.0,4.4,71.3,4.2,68.2,72.4,51.9,4.5,49.6,55.0,18.6,19.4,15.394736842105264,13.94736842105263,48.026315789473685,92.89473684210526,77.76315789473685,54.21052631578947,16.973684210526315,6.447368421052632,19.736842105263158,20.92105263157895,15.263157894736842,41.3,52.5
부산,비수도권,2018,2,2018.2/4,55.8,62.9,1737.0,58.4,1240.0,2977.0,4.3,68.8,4.5,65.7,72.5,48.7,4.1,46.7,53.5,19.0,20.099999999999994,14.07095610342754,18.280216476247745,44.01683704149128,91.10042092603729,78.47263980757667,52.796151533373425,19.603126879134095,6.133493686109441,18.701142513529764,22.549609140108238,17.13770294648226,41.1,48.466626578472635
서울,수도권,2018,2,2018.2/4,59.9,66.2,5376.0,63.0,3155.0,8530.0,5.0,72.6,5.2,68.8,74.9,54.3,4.8,51.7,58.1,17.099999999999994,18.299999999999997,16.784175479827653,13.807285546415981,47.493145319232276,93.28241284763024,80.25851938895417,53.11398354876615,21.30826478652566,5.8558558558558556,17.489228358793575,22.91421856639248,15.804935370152762,41.2,57.20720720720721
세종,비수도권,2018,2,2018.2/4,62.4,65.8,151.0,63.8,86.0,236.0,2.3,76.4,1.8,75.0,78.3,51.3,3.0,49.9,53.0,25.1,25.10000000000001,14.285714285714285,11.564625850340136,57.14285714285714,93.87755102040816,81.63265306122449,65.3061224489796,14.285714285714285,2.0408163265306123,15.646258503401361,20.408163265306122,17.687074829931973,40.8,63.26530612244898
울산,비수도권,2018,2,2018.2/4,59.2,63.6,607.0,62.4,367.0,974.0,5.0,75.6,5.0,71.8,75.8,48.6,5.1,46.1,50.4,25.699999999999996,26.999999999999993,13.69150779896014,12.305025996533796,48.18024263431543,94.28076256499133,82.66897746967071,58.05892547660312,19.410745233968804,5.37261698440208,13.864818024263432,20.797227036395146,18.02426343154246,41.4,41.59445407279029
인천,수도권,2018,2,2018.2/4,63.3,68.7,1655.0,66.2,844.0,2499.0,4.5,77.2,4.4,73.8,78.3,55.6,4.5,53.1,58.9,20.699999999999996,21.6,15.62302340290955,13.598987982289689,46.426312460468054,93.35863377609108,80.13915243516762,51.865907653383935,23.33965844402277,4.933586337760911,17.39405439595193,19.924098671726757,17.39405439595193,42.0,41.04996837444656
전남,비수도권,2018,2,2018.2/4,63.0,67.8,999.0,64.9,541.0,1540.0,2.9,73.9,3.1,71.7,75.4,56.0,2.6,54.6,59.4,17.1,17.900000000000006,9.381443298969073,28.76288659793814,37.628865979381445,80.51546391752578,61.03092783505155,36.907216494845365,18.144329896907216,5.979381443298969,29.587628865979383,22.061855670103093,12.989690721649486,40.5,33.91752577319588
전북,비수도권,2018,2,2018.2/4,59.0,64.1,955.0,60.9,614.0,1569.0,3.0,71.2,3.8,68.6,72.4,51.0,2.0,49.9,55.4,18.699999999999996,20.200000000000003,10.691144708423327,24.08207343412527,41.252699784017274,84.66522678185746,65.98272138228943,41.90064794816415,17.49460043196544,6.587473002159827,25.593952483801296,21.814254859611232,16.846652267818573,41.0,40.06479481641469
제주,비수도권,2018,2,2018.2/4,68.5,73.8,376.0,69.5,165.0,541.0,1.4,76.5,1.1,75.7,80.2,62.7,1.9,61.5,67.1,14.200000000000003,13.799999999999997,13.477088948787062,18.059299191374663,44.74393530997305,89.21832884097036,66.57681940700809,40.97035040431267,19.137466307277627,6.738544474393531,27.49326145552561,22.371967654986523,18.598382749326145,40.7,48.24797843665768
충남,비수도권,2018,2,2018.2/4,64.4,69.2,1226.0,66.2,625.0,1852.0,2.7,76.7,2.8,74.5,78.2,55.5,2.5,54.1,59.3,20.4,21.200000000000003,13.57921207041073,21.45850796311819,42.91701592623638,86.58843252305113,67.72841575859178,49.0360435875943,13.4953897736798,5.1969823973176865,25.31433361274099,19.69823973176865,19.027661357921207,42.2,36.127409891031014
충북,비수도권,2018,2,2018.2/4,64.8,70.1,920.0,66.6,463.0,1383.0,2.6,77.0,2.2,75.4,79.4,56.1,3.2,54.3,60.1,21.10000000000001,20.9,14.732142857142858,19.866071428571427,41.517857142857146,88.39285714285714,68.97321428571429,48.88392857142857,14.84375,5.245535714285714,23.772321428571427,21.651785714285715,16.741071428571427,41.5,38.504464285714285
강원,비수도권,2018,3,2018.3/4,63.0,68.1,842.0,64.7,458.0,1301.0,2.7,73.9,2.7,71.9,76.8,56.0,2.6,54.5,59.1,17.400000000000006,17.900000000000006,13.048780487804878,24.75609756097561,37.073170731707314,84.8780487804878,66.70731707317074,42.68292682926829,18.414634146341463,5.609756097560976,25.975609756097562,25.0,20.853658536585364,41.1,38.53658536585366
경기,수도권,2018,3,2018.3/4,62.2,68.0,7109.0,64.7,3874.0,10983.0,3.8,76.4,3.8,73.5,78.5,53.3,3.9,51.2,57.2,22.299999999999997,23.10000000000001,15.518502267076203,12.593242650285214,48.266783677051336,94.09097557408221,78.10443176831944,55.36053824776948,17.55155770074594,5.206962117887962,19.028813807225394,22.729267222465992,14.962702939885913,40.7,48.36916776363902
경남,비수도권,2018,3,2018.3/4,62.1,67.4,1818.0,63.9,1028.0,2847.0,2.7,76.5,2.8,74.4,78.6,51.3,2.5,50.0,55.3,24.400000000000006,25.200000000000003,11.98417184850198,18.99378179762578,44.48841153193895,89.08988128886377,66.59129451667609,48.50197851893726,14.527981910684002,3.5613340870548336,26.851328434143586,23.96834369700396,18.315432447710574,40.8,41.60542679479932
경북,비수도권,2018,3,2018.3/4,62.3,67.0,1507.0,65.1,809.0,2316.0,4.3,75.8,4.4,72.5,75.4,54.5,4.1,52.2,58.0,20.299999999999997,21.299999999999997,11.365211365211366,25.017325017325014,39.15453915453915,83.78378378378379,62.09286209286209,43.03534303534304,14.483714483714483,4.5738045738045745,28.34372834372834,22.245322245322246,18.364518364518364,41.6,34.65003465003465
광주,비수도권,2018,3,2018.3/4,59.5,64.5,782.0,62.0,480.0,1261.0,3.9,71.5,4.3,68.4,72.9,53.0,3.4,51.2,56.2,17.200000000000003,18.5,15.579227696404793,13.715046604527299,47.66977363515313,92.14380825565912,77.62982689747004,53.26231691078562,19.307589880159785,5.0599201065246335,19.973368841544605,22.503328894806923,12.649800266311583,40.4,52.729693741677764
대구,비수도권,2018,3,2018.3/4,58.8,64.7,1294.0,61.4,812.0,2106.0,4.3,70.3,4.6,67.1,71.9,53.1,3.9,51.0,57.6,16.099999999999994,17.199999999999996,13.489499192245557,16.478190630048463,44.18416801292407,91.437802907916,72.37479806138933,47.41518578352181,18.578352180936992,6.381260096930533,23.101777059773827,22.940226171243943,14.94345718901454,40.6,48.62681744749596
대전,비수도권,2018,3,2018.3/4,58.6,63.6,790.0,61.2,502.0,1292.0,4.3,70.9,4.8,67.5,71.9,51.8,3.5,50.0,55.2,17.5,19.10000000000001,16.116248348745046,14.002642007926024,47.15984147952444,92.86657859973579,77.80713342140027,54.689564068692206,17.701453104359313,5.5482166446499335,19.418758256274767,24.042272126816382,13.474240422721268,40.2,52.70805812417437
부산,비수도권,2018,3,2018.3/4,55.4,62.4,1716.0,57.7,1257.0,2973.0,4.1,67.5,5.0,64.2,70.9,48.6,2.9,47.2,54.1,17.0,18.9,14.155528554070473,19.015795868772784,42.952612393681655,90.94775212636695,79.16160388821385,54.67800729040098,18.894289185905226,5.6500607533414335,18.286755771567435,23.51154313487242,14.88456865127582,40.4,48.724179829890645
서울,수도권,2018,3,2018.3/4,59.6,66.0,5332.0,62.6,3184.0,8516.0,4.9,71.6,5.0,68.0,74.0,54.4,4.7,51.9,58.4,16.1,17.199999999999996,16.715947171299035,14.0153755174453,47.545830869308105,93.15986595702739,80.16952493593534,52.69071555292726,21.565148827123988,5.913660555884092,17.504435245416914,25.172481766213284,14.251921939680662,40.1,57.30337078651685
세종,비수도권,2018,3,2018.3/4,62.6,66.1,157.0,64.2,87.0,244.0,2.4,76.8,1.8,75.4,78.7,51.7,3.3,50.0,53.2,25.400000000000006,25.099999999999994,14.37908496732026,10.457516339869281,56.86274509803921,93.4640522875817,82.35294117647058,66.66666666666666,13.725490196078432,1.9607843137254901,15.032679738562091,22.22222222222222,14.37908496732026,39.9,63.39869281045751
울산,비수도권,2018,3,2018.3/4,58.6,63.0,599.0,61.6,373.0,972.0,4.9,74.4,5.2,70.5,74.7,48.4,4.4,46.2,50.4,24.299999999999997,26.000000000000007,13.508771929824562,12.456140350877194,48.24561403508772,94.03508771929825,82.98245614035088,58.59649122807018,19.473684210526315,4.912280701754386,13.859649122807017,22.982456140350877,15.6140350877193,40.5,41.40350877192983
인천,수도권,2018,3,2018.3/4,63.1,68.6,1645.0,65.7,860.0,2505.0,4.0,76.1,4.3,72.9,77.5,55.5,3.6,53.5,59.6,19.400000000000006,20.599999999999994,16.0126582278481,13.544303797468354,45.75949367088607,93.41772151898734,80.37974683544303,52.08860759493671,23.481012658227847,4.746835443037975,17.088607594936708,22.278481012658226,15.379746835443036,41.0,40.949367088607595
전남,비수도권,2018,3,2018.3/4,62.8,67.6,991.0,64.4,548.0,1539.0,2.5,73.6,2.6,71.6,75.4,55.5,2.2,54.2,59.2,17.39999999999999,18.099999999999994,10.031023784901757,28.74870734229576,37.5387797311272,80.45501551189244,60.9100310237849,37.64219234746639,17.78697001034126,5.4808686659772485,29.36918304033092,22.337125129265768,11.582213029989658,39.8,34.126163391933815
전북,비수도권,2018,3,2018.3/4,59.0,63.9,947.0,60.4,621.0,1568.0,2.4,70.4,2.8,68.4,72.4,50.8,1.8,49.9,55.0,18.500000000000007,19.60000000000001,10.486486486486486,24.43243243243243,41.08108108108108,84.32432432432432,65.62162162162161,41.945945945945944,16.64864864864865,7.135135135135136,25.945945945945947,23.243243243243246,13.513513513513514,39.8,39.78378378378378
제주,비수도권,2018,3,2018.3/4,68.2,73.2,378.0,69.3,168.0,546.0,1.6,77.3,1.5,76.1,80.0,61.4,1.7,60.4,66.0,15.699999999999996,15.899999999999999,13.440860215053762,18.548387096774192,44.086021505376344,88.97849462365592,65.86021505376344,41.39784946236559,17.473118279569892,6.989247311827956,27.419354838709676,27.956989247311824,17.20430107526882,39.0,47.58064516129033
충남,비수도권,2018,3,2018.3/4,65.8,70.5,1256.0,67.6,603.0,1858.0,2.7,78.3,2.6,76.3,79.8,56.5,2.8,55.0,60.1,21.299999999999997,21.799999999999997,14.402618657937808,21.849427168576106,41.734860883797054,86.2520458265139,67.43044189852701,48.854337152209496,12.193126022913257,6.30114566284779,25.53191489361702,20.867430441898527,16.53027823240589,41.2,35.59738134206219
충북,비수도권,2018,3,2018.3/4,64.6,69.8,918.0,66.3,467.0,1386.0,2.5,76.9,2.0,75.4,79.4,55.7,3.2,53.9,59.5,21.500000000000007,21.200000000000003,15.401785714285715,20.200892857142858,40.848214285714285,88.05803571428571,69.41964285714286,49.888392857142854,15.178571428571427,4.464285714285714,23.325892857142858,23.214285714285715,14.84375,40.3,38.392857142857146
강원,비수도권,2018,4,2018.4/4,61.0,67.3,812.0,62.4,490.0,1302.0,2.1,70.5,2.5,68.8,74.6,54.5,1.8,53.6,59.9,15.199999999999996,16.0,12.578616352201259,23.39622641509434,37.9874213836478,86.41509433962264,67.79874213836477,45.15723270440252,17.10691823899371,5.660377358490567,25.40880503144654,20.628930817610065,18.867924528301888,41.3,39.74842767295598
경기,수도권,2018,4,2018.4/4,61.8,67.7,7089.0,64.2,3961.0,11050.0,3.7,76.1,3.9,73.1,78.4,52.3,3.3,50.6,56.7,22.499999999999993,23.799999999999997,15.258456582222873,12.710499341045542,48.13296236637868,94.24513105872016,78.57665836872162,55.60111290086396,17.498901742568457,5.462000292868648,18.90467125494216,15.0680919607556,15.917411041148045,42.0,48.68941279835994
경남,비수도권,2018,4,2018.4/4,61.6,67.2,1807.0,63.4,1043.0,2850.0,2.9,75.7,3.1,73.3,77.8,51.2,2.4,49.9,55.7,23.4,24.5,11.674259681093394,18.45102505694761,45.21640091116173,89.52164009111617,68.22323462414579,49.31662870159453,14.635535307517083,4.271070615034168,25.39863325740319,18.735763097949885,20.10250569476082,42.5,42.25512528473804
경북,비수도권,2018,4,2018.4/4,62.3,67.8,1495.0,64.5,822.0,2317.0,3.5,75.7,3.5,73.1,76.3,53.5,3.5,51.6,58.5,21.499999999999993,22.200000000000003,11.434511434511435,24.393624393624393,39.36243936243936,84.54608454608454,63.13236313236313,43.728343728343724,14.345114345114347,5.058905058905059,28.205128205128204,19.75051975051975,18.15661815661816,41.7,35.48163548163548
광주,비수도권,2018,4,2018.4/4,59.6,64.9,776.0,61.5,486.0,1262.0,3.1,70.7,3.0,68.6,73.5,52.8,3.2,51.1,56.5,17.499999999999993,17.900000000000006,14.760638297872342,13.829787234042554,47.73936170212766,92.42021276595744,78.19148936170212,53.98936170212766,19.54787234042553,4.787234042553192,19.414893617021274,16.090425531914892,14.22872340425532,41.6,53.72340425531915
대구,비수도권,2018,4,2018.4/4,58.7,64.9,1277.0,60.7,828.0,2105.0,3.2,70.0,3.9,67.3,72.4,51.9,2.4,50.7,57.5,16.599999999999994,18.1,13.268608414239482,16.423948220064723,44.1747572815534,91.66666666666666,72.24919093851133,47.653721682847895,18.527508090614887,5.9870550161812295,23.220064724919094,17.880258899676377,15.048543689320388,41.7,48.786407766990294
대전,비수도권,2018,4,2018.4/4,58.7,64.0,791.0,61.3,500.0,1291.0,4.2,71.0,4.6,67.7,72.3,51.9,3.6,50.1,55.6,17.6,19.1,15.8311345646438,14.116094986807386,46.833773087071236,93.00791556728231,78.62796833773086,55.27704485488126,17.018469656992085,6.33245382585752,19.129287598944593,15.963060686015831,14.379947229551451,41.5,52.638522427440634
부산,비수도권,2018,4,2018.4/4,56.3,63.7,1727.0,58.2,1242.0,2968.0,3.2,68.0,3.6,65.5,72.5,49.1,2.5,47.8,55.1,17.700000000000003,18.9,14.413875598086124,18.480861244019138,43.42105263157895,91.08851674641149,78.94736842105263,55.14354066985646,17.284688995215312,6.4593301435406705,18.600478468899524,18.421052631578945,15.9688995215311,41.6,48.08612440191388
서울,수도권,2018,4,2018.4/4,59.5,65.9,5275.0,62.1,3223.0,8498.0,4.1,71.1,4.1,68.1,73.9,53.9,4.0,51.7,58.4,16.39999999999999,17.199999999999996,16.798418972332016,14.249011857707512,47.17391304347826,92.88537549407114,80.98814229249012,52.786561264822126,21.956521739130437,6.225296442687747,16.857707509881422,16.205533596837945,14.82213438735178,41.7,56.89723320158103
세종,비수도권,2018,4,2018.4/4,62.4,66.2,160.0,63.6,92.0,252.0,1.9,74.4,1.3,73.5,77.1,52.8,2.7,51.3,55.0,22.200000000000003,21.60000000000001,13.375796178343949,10.191082802547772,58.59872611464968,94.26751592356688,83.43949044585987,68.15286624203821,12.738853503184714,2.547770700636943,14.012738853503185,13.375796178343949,14.64968152866242,41.3,67.51592356687898
울산,비수도권,2018,4,2018.4/4,58.8,63.4,598.0,61.6,372.0,971.0,4.5,74.5,5.2,70.6,75.0,48.3,3.5,46.6,50.8,23.999999999999993,26.200000000000003,13.485113835376533,12.609457092819614,47.98598949211909,94.04553415061297,82.83712784588442,59.19439579684763,18.388791593695274,5.253940455341506,14.010507880910684,16.28721541155867,16.81260945709282,42.2,41.68126094570928
인천,수도권,2018,4,2018.4/4,63.2,69.0,1648.0,65.6,864.0,2511.0,3.7,75.9,3.7,73.1,77.9,55.5,3.8,53.5,60.0,19.599999999999994,20.400000000000006,16.078184110970998,13.493064312736443,45.46027742749054,93.63177805800757,79.94955863808323,51.70239596469105,23.3921815889029,4.854981084489282,17.402269861286253,15.447667087011348,15.636822194199244,42.2,42.43379571248423
전남,비수도권,2018,4,2018.4/4,63.5,69.0,994.0,64.6,545.0,1539.0,1.6,73.2,1.7,71.9,75.7,56.2,1.5,55.4,61.6,16.500000000000007,17.0,10.531697341513292,28.016359918200408,37.627811860940696,80.98159509202453,61.34969325153374,38.24130879345603,16.87116564417178,6.237218813905931,29.038854805725972,19.120654396728014,12.781186094069529,40.8,35.37832310838446
전북,비수도권,2018,4,2018.4/4,58.9,64.4,946.0,60.3,622.0,1567.0,2.4,70.8,2.7,68.9,73.3,50.3,1.9,49.3,55.0,19.60000000000001,20.5,10.834236186348862,24.052004333694473,41.06175514626219,84.94041170097508,65.87215601300109,41.71180931744312,16.143011917659805,8.017334777898158,26.11050920910076,21.668472372697725,13.976164680390033,40.2,39.32827735644637
제주,비수도권,2018,4,2018.4/4,68.9,73.5,388.0,70.5,162.0,550.0,2.3,77.5,2.3,75.7,79.2,63.6,2.3,62.1,67.4,13.600000000000001,13.899999999999999,12.928759894459102,19.261213720316622,44.854881266490764,88.39050131926122,64.90765171503958,39.577836411609496,16.886543535620053,8.443271767810026,28.232189973614773,20.316622691292878,19.525065963060687,41.0,47.75725593667546
충남,비수도권,2018,4,2018.4/4,64.1,69.3,1231.0,66.0,634.0,1865.0,2.9,77.1,2.7,75.0,78.7,54.7,3.2,52.9,58.8,22.1,22.39999999999999,14.225941422594143,21.25523012552301,42.42677824267783,86.94560669456067,69.1213389121339,51.38075313807532,11.548117154811715,6.2761506276150625,24.85355648535565,16.317991631799163,17.824267782426777,42.2,36.73640167364017
충북,비수도권,2018,4,2018.4/4,63.4,69.1,898.0,64.6,491.0,1389.0,2.0,75.3,1.9,73.9,78.2,54.0,2.0,52.9,59.3,21.000000000000007,21.299999999999997,15.227272727272728,19.204545454545453,41.590909090909086,88.86363636363637,70.45454545454545,51.02272727272727,15.0,4.431818181818182,23.40909090909091,18.295454545454547,14.545454545454545,41.2,40.0
강원,비수도권,2019,1,2019.1/4,57.7,65.4,796.0,61.1,507.0,1302.0,5.6,68.5,4.7,65.3,72.3,54.0,6.8,50.3,58.3,15.0,14.5,13.715046604527299,20.905459387483354,39.280958721704394,88.68175765645806,68.57523302263648,47.802929427430094,15.446071904127828,5.326231691078561,25.832223701731028,22.37017310252996,17.310252996005325,39.9,41.14513981358189
경기,수도권,2019,1,2019.1/4,60.9,66.9,7075.0,63.6,4050.0,11125.0,4.3,75.1,4.2,71.9,77.4,52.2,4.3,49.9,56.1,22.000000000000007,22.89999999999999,15.209686946249262,12.433549911399881,48.33136444181926,94.40342587123449,78.78027170702894,56.15770821027761,17.247489663319552,5.375073833431778,18.88659184878913,16.228588304784406,15.209686946249262,41.5,49.128765505020674
경남,비수도권,2019,1,2019.1/4,60.6,67.0,1806.0,63.3,1046.0,2852.0,4.4,75.2,4.7,71.7,76.4,51.5,3.9,49.5,56.7,22.200000000000003,23.700000000000003,12.3335263462652,17.486971627099017,45.570353213665314,90.56166763173132,69.31094383323682,50.955414012738856,13.896931094383325,4.45859872611465,25.07237984944991,19.629415170816443,19.10828025477707,41.2,42.32773595830921
경북,비수도권,2019,1,2019.1/4,59.9,66.5,1459.0,63.0,858.0,2317.0,4.9,75.2,4.8,71.6,75.2,50.9,5.0,48.3,57.1,23.299999999999997,24.300000000000004,11.455331412103746,22.83861671469741,40.345821325648416,86.0951008645533,63.25648414985591,44.81268011527377,13.544668587896252,4.899135446685879,29.178674351585016,22.622478386167145,17.507204610951007,40.4,37.60806916426513
광주,비수도권,2019,1,2019.1/4,58.5,64.6,776.0,61.4,487.0,1263.0,4.7,71.3,4.7,68.0,73.2,52.1,4.9,49.6,56.0,18.4,19.199999999999996,15.426251691474965,12.990527740189444,47.902571041948576,93.50473612990527,77.80784844384303,55.88633288227334,17.591339648173207,4.465493910690121,19.621109607577807,16.373477672530445,14.479025710419485,41.6,54.53315290933695
대구,비수도권,2019,1,2019.1/4,57.2,63.7,1256.0,59.7,849.0,2105.0,4.1,69.9,4.4,66.9,71.9,50.0,3.9,48.1,55.5,18.800000000000004,19.900000000000006,13.870431893687707,16.196013289036546,43.604651162790695,92.109634551495,71.67774086378738,48.9202657807309,17.691029900332225,5.149501661129568,23.67109634551495,18.18936877076412,15.53156146179402,41.0,50.16611295681063
대전,비수도권,2019,1,2019.1/4,58.4,64.1,796.0,61.7,495.0,1291.0,5.3,71.8,5.2,68.1,73.0,51.9,5.4,49.0,55.2,19.099999999999994,19.9,16.047745358090186,13.925729442970821,46.684350132625994,93.50132625994695,78.77984084880637,56.233421750663126,16.312997347480106,6.23342175066313,18.96551724137931,16.843501326259947,13.793103448275861,40.8,51.724137931034484
부산,비수도권,2019,1,2019.1/4,55.4,63.3,1726.0,58.2,1239.0,2964.0,4.8,67.7,4.6,64.6,71.6,49.4,5.0,46.9,55.2,17.699999999999996,18.300000000000004,14.181375532562384,17.83323189287888,43.76141205112599,91.661594643944,77.66281192939745,55.81253804017042,15.21606816798539,6.634205721241631,19.72002434570907,18.441874619598295,16.920267802799756,41.4,48.0219111381619
서울,수도권,2019,1,2019.1/4,58.6,65.2,5252.0,61.9,3233.0,8485.0,5.3,71.4,5.3,67.6,73.6,53.2,5.3,50.4,57.3,17.199999999999996,18.200000000000003,17.41753821399839,14.11906677393403,46.64119066773934,93.14159292035397,81.33547868061143,54.706355591311336,21.098149637972647,5.510860820595334,16.733708769107,15.506838294448913,14.360418342719228,41.4,57.80370072405471
세종,비수도권,2019,1,2019.1/4,61.5,65.4,164.0,63.2,95.0,259.0,2.8,74.7,2.2,73.0,76.7,51.8,3.4,50.1,53.9,22.9,22.900000000000006,12.578616352201259,10.062893081761008,58.490566037735846,94.33962264150944,83.01886792452831,69.18238993710692,11.949685534591195,1.8867924528301887,14.465408805031446,14.465408805031446,13.836477987421384,40.4,67.9245283018868
울산,비수도권,2019,1,2019.1/4,57.6,62.5,589.0,60.8,379.0,969.0,5.3,73.3,5.8,69.0,73.8,47.9,4.4,45.8,50.2,23.200000000000003,25.4,13.082437275985665,12.007168458781361,48.2078853046595,94.44444444444444,81.89964157706093,60.0358422939068,17.741935483870968,4.121863799283155,15.232974910394265,16.129032258064516,16.129032258064516,41.9,43.727598566308245
인천,수도권,2019,1,2019.1/4,61.9,68.2,1638.0,65.0,880.0,2519.0,4.9,75.2,5.1,71.4,76.4,55.1,4.6,52.6,59.8,18.800000000000004,20.1,16.046213093709884,12.965340179717586,45.892169448010264,94.22336328626444,79.84595635430038,53.01668806161746,22.33632862644416,4.492939666238768,17.58664955070603,15.340179717586649,16.110397946084724,41.8,43.838254172015404
전남,비수도권,2019,1,2019.1/4,61.9,67.7,980.0,63.7,558.0,1537.0,2.8,72.7,2.8,70.6,74.4,55.0,2.9,53.4,60.2,17.199999999999996,17.700000000000003,9.558823529411764,27.941176470588236,37.71008403361344,81.40756302521008,60.60924369747899,39.705882352941174,16.386554621848738,4.516806722689076,29.831932773109244,24.054621848739497,11.449579831932773,38.9,35.819327731092436
전북,비수도권,2019,1,2019.1/4,57.6,63.6,934.0,59.6,632.0,1565.0,3.3,70.2,3.5,67.8,71.9,49.5,3.1,47.9,54.9,19.9,20.700000000000003,10.864745011086473,23.503325942350333,41.46341463414634,85.58758314855875,67.51662971175166,44.345898004434595,15.96452328159645,7.206208425720622,26.274944567627497,25.609756097560975,12.86031042128603,38.4,40.35476718403548
제주,비수도권,2019,1,2019.1/4,67.8,72.2,385.0,69.6,169.0,554.0,2.6,77.8,2.4,76.0,79.4,61.4,2.7,59.7,64.7,16.299999999999997,16.4,13.333333333333334,19.2,44.800000000000004,88.53333333333333,64.8,39.733333333333334,16.8,8.266666666666666,29.06666666666667,22.666666666666664,18.666666666666668,39.9,49.06666666666666
충남,비수도권,2019,1,2019.1/4,61.8,68.9,1192.0,63.7,679.0,1870.0,3.0,75.4,2.5,73.5,78.9,51.8,3.6,49.9,57.7,23.6,23.60000000000001,15.989628349178911,18.409680207433016,43.12878133102852,89.45548833189282,70.70008643042351,53.50043215211755,11.66810717372515,5.445116681071737,23.509075194468455,19.101123595505616,17.372515125324114,41.1,37.68366464995678
충북,비수도권,2019,1,2019.1/4,61.0,67.5,880.0,63.1,514.0,1393.0,3.3,73.5,3.4,71.0,75.8,52.7,3.3,51.0,58.6,20.0,20.799999999999997,14.941176470588236,18.11764705882353,42.705882352941174,90.0,71.6470588235294,53.88235294117647,14.117647058823529,3.7647058823529407,23.058823529411764,19.88235294117647,14.117647058823529,40.1,42.0
강원,비수도권,2019,2,2019.2/4,64.0,69.1,863.0,66.2,440.0,1302.0,3.3,74.3,3.8,71.5,76.0,58.5,2.8,56.8,61.9,14.700000000000003,15.799999999999997,12.11031175059952,25.899280575539567,36.57074340527578,84.17266187050359,66.30695443645084,43.645083932853716,17.985611510791365,4.796163069544365,26.378896882494008,21.58273381294964,17.62589928057554,40.7,37.76978417266187
경기,수도권,2019,2,2019.2/4,62.4,68.0,7285.0,65.0,3921.0,11206.0,4.0,76.1,4.0,73.0,77.9,54.1,4.0,51.9,57.8,21.1,21.999999999999993,15.072215072215073,13.713713713713712,47.19004719004719,93.53639353639353,78.06377806377807,54.3972543972544,17.975117975117975,5.691405691405691,19.31931931931932,17.28871728871729,15.129415129415131,41.2,48.30544830544831
경남,비수도권,2019,2,2019.2/4,61.4,66.9,1833.0,64.2,1020.0,2853.0,4.5,75.7,4.9,72.0,76.5,52.8,3.8,50.8,56.6,21.200000000000003,22.900000000000006,12.050256996002284,19.41747572815534,43.974871501998855,89.14905768132496,68.93203883495146,49.0005711022273,16.333523700742433,3.6550542547115934,25.185608223872073,19.87435750999429,19.588806396344946,41.6,40.60536836093661
경북,비수도권,2019,2,2019.2/4,61.9,67.4,1503.0,64.8,815.0,2318.0,4.5,75.9,5.2,71.9,75.5,53.9,3.4,52.1,58.6,19.800000000000004,22.000000000000007,11.07242339832869,25.41782729805014,38.64902506963788,84.19220055710306,62.46518105849582,42.618384401114206,14.484679665738161,5.362116991643454,28.133704735376046,17.757660167130922,19.637883008356546,42.3,36.28133704735376
광주,비수도권,2019,2,2019.2/4,59.2,64.1,780.0,61.7,484.0,1264.0,4.0,71.4,4.0,68.6,73.0,52.5,4.0,50.4,55.3,18.199999999999996,18.900000000000006,14.819759679572764,14.819759679572764,46.86248331108144,91.58878504672897,77.97062750333778,54.73965287049399,18.958611481975968,4.2723631508678235,19.359145527369826,18.55807743658211,13.084112149532709,40.8,54.47263017356475
대구,비수도권,2019,2,2019.2/4,58.3,64.4,1283.0,61.0,822.0,2105.0,4.3,71.0,4.6,67.7,72.7,51.5,4.0,49.5,56.2,18.200000000000003,19.5,14.65798045602606,17.18241042345277,42.671009771986974,91.20521172638436,72.39413680781759,50.0814332247557,17.42671009771987,4.88599348534202,22.964169381107492,18.973941368078176,14.169381107491857,40.9,50.1628664495114
대전,비수도권,2019,2,2019.2/4,59.1,64.3,802.0,62.1,489.0,1291.0,4.8,72.1,4.7,68.7,73.2,52.4,4.9,49.9,55.4,18.800000000000004,19.699999999999996,15.837696335078533,14.921465968586386,45.811518324607334,92.40837696335078,78.53403141361257,57.460732984293195,16.230366492146597,4.712041884816754,18.979057591623036,17.539267015706805,13.874345549738221,41.0,50.39267015706807
부산,비수도권,2019,2,2019.2/4,56.5,63.9,1745.0,58.9,1216.0,2962.0,4.2,68.1,4.4,65.1,71.9,50.4,3.9,48.4,56.1,16.699999999999996,17.699999999999996,14.413875598086124,18.839712918660286,42.64354066985646,90.66985645933015,77.33253588516746,54.54545454545454,16.148325358851675,6.638755980861244,19.916267942583733,19.37799043062201,15.669856459330145,41.0,47.547846889952154
서울,수도권,2019,2,2019.2/4,60.1,66.3,5355.0,63.2,3121.0,8476.0,4.8,72.6,5.2,68.8,74.6,54.6,4.3,52.2,58.6,16.599999999999994,17.999999999999993,16.830129462534327,15.241271086700667,46.15535504119263,92.17340133385642,81.79678305217732,55.10003923107101,20.94939191839937,5.766967438211063,16.24166339741075,17.22244017261671,13.828952530404079,41.1,57.96390741467242
세종,비수도권,2019,2,2019.2/4,62.9,66.0,171.0,64.5,94.0,265.0,2.4,75.9,2.0,74.4,77.4,53.1,3.0,51.5,54.2,22.900000000000006,22.800000000000004,12.574850299401197,11.377245508982035,57.48502994011976,93.41317365269461,81.437125748503,67.06586826347305,12.574850299401197,1.7964071856287425,15.568862275449103,14.37125748502994,15.568862275449103,41.1,67.06586826347305
울산,비수도권,2019,2,2019.2/4,59.3,64.0,601.0,62.1,366.0,967.0,4.5,74.8,4.8,71.3,75.8,48.9,4.2,46.9,51.3,24.4,25.9,12.717770034843207,13.066202090592336,47.5609756097561,93.72822299651567,81.8815331010453,59.23344947735192,18.641114982578397,3.8327526132404177,15.33101045296167,16.202090592334496,15.156794425087108,41.9,43.72822299651568
인천,수도권,2019,2,2019.2/4,63.0,68.7,1669.0,66.1,858.0,2526.0,4.6,75.8,4.6,72.4,77.1,56.5,4.6,53.9,60.1,18.500000000000007,19.299999999999997,15.891959798994975,14.321608040201006,45.10050251256281,93.09045226130654,79.83668341708542,51.75879396984925,23.618090452261306,4.459798994974874,17.587939698492463,16.08040201005025,16.268844221105528,41.7,43.71859296482412
전남,비수도권,2019,2,2019.2/4,63.3,67.8,1007.0,65.5,529.0,1536.0,3.3,74.5,3.7,71.7,75.1,56.8,2.9,55.1,59.9,16.6,17.700000000000003,9.249743062692703,29.701952723535456,36.07399794450154,79.75334018499485,61.87050359712231,37.92394655704008,19.013360739979447,4.933196300102774,28.57142857142857,19.013360739979447,13.771839671120247,40.7,35.35457348406988
전북,비수도권,2019,2,2019.2/4,60.1,65.0,965.0,61.7,598.0,1564.0,2.6,70.7,3.1,68.5,72.3,53.1,2.1,52.0,57.2,16.5,17.6,11.27659574468085,25.53191489361702,39.25531914893617,83.61702127659575,66.48936170212765,42.340425531914896,17.340425531914892,6.914893617021277,25.638297872340427,21.70212765957447,14.148936170212767,40.1,39.57446808510638
제주,비수도권,2019,2,2019.2/4,68.5,72.3,390.0,70.1,167.0,557.0,2.3,77.7,2.2,76.0,79.2,62.5,2.4,61.0,65.1,15.0,15.200000000000003,12.860892388451445,20.47244094488189,43.569553805774284,87.66404199475065,64.82939632545933,39.89501312335958,17.322834645669293,7.874015748031496,29.658792650918635,23.097112860892388,17.322834645669293,40.0,48.031496062992126
충남,비수도권,2019,2,2019.2/4,64.8,69.8,1256.0,66.9,620.0,1876.0,3.2,77.5,3.0,75.2,79.0,56.1,3.5,54.1,59.6,21.1,21.4,14.144736842105262,22.039473684210524,41.44736842105263,86.43092105263158,67.10526315789474,49.588815789473685,11.759868421052632,5.756578947368421,25.411184210526315,16.69407894736842,18.667763157894736,42.2,36.59539473684211
충북,비수도권,2019,2,2019.2/4,63.7,68.6,925.0,66.1,474.0,1398.0,3.7,75.8,4.2,72.6,76.1,56.4,3.0,54.7,60.5,17.89999999999999,19.4,14.14141414141414,20.98765432098765,41.07744107744108,87.42985409652077,71.15600448933782,51.515151515151516,15.151515151515152,4.489337822671156,22.10998877665544,18.6307519640853,14.927048260381593,41.1,40.85297418630752
강원,비수도권,2019,3,2019.3/4,65.1,70.5,868.0,66.6,435.0,1303.0,2.2,74.5,2.6,72.6,77.4,59.0,1.8,57.9,63.3,14.699999999999996,15.5,12.956419316843345,26.03062426383981,35.924617196702,84.09893992932862,67.13780918727915,44.16961130742049,18.138987043580684,4.829210836277975,25.323910482921086,25.795053003533567,17.432273262661955,39.8,37.102473498233216
경기,수도권,2019,3,2019.3/4,62.1,67.6,7251.0,64.3,4022.0,11273.0,3.5,75.3,3.7,72.5,77.2,53.5,3.2,51.8,57.7,20.700000000000003,21.799999999999997,15.173596228032576,14.144877839691382,46.80668666952422,93.31333047578225,78.08258322617517,55.25075010715816,17.273896270895843,5.572224603514788,19.131304472067438,25.746535219317046,13.773396199457066,39.6,48.92127446778111
경남,비수도권,2019,3,2019.3/4,61.4,66.9,1816.0,63.6,1039.0,2855.0,3.4,74.7,3.4,72.1,76.5,52.6,3.5,50.8,56.5,21.299999999999997,22.1,11.117445838084379,19.84036488027366,44.241733181299885,88.71151653363741,69.66932725199544,49.77194982896237,16.305587229190422,3.5917901938426455,24.91448118586089,26.51083238312429,18.129988597491447,40.1,39.62371721778791
경북,비수도권,2019,3,2019.3/4,62.5,67.7,1493.0,64.4,826.0,2318.0,3.0,75.5,3.7,72.6,76.2,53.4,1.9,52.4,58.5,20.199999999999996,22.1,11.602209944751381,26.174033149171272,37.98342541436464,83.70165745856355,62.569060773480665,43.508287292817684,14.502762430939226,4.558011049723757,27.76243093922652,21.685082872928177,16.85082872928177,41.1,35.84254143646409
광주,비수도권,2019,3,2019.3/4,59.4,64.1,777.0,61.4,488.0,1265.0,3.3,70.2,2.9,68.2,72.6,53.1,3.9,51.0,55.8,17.200000000000003,17.1,15.179760319573901,15.312916111850866,45.80559254327563,91.21171770972038,77.89613848202397,54.72703062583223,18.77496671105193,4.394141145139813,19.04127829560586,23.169107856191744,13.581890812250332,39.9,53.52862849533955
대구,비수도권,2019,3,2019.3/4,58.3,64.5,1272.0,60.4,832.0,2104.0,3.5,70.2,3.5,67.8,73.1,51.2,3.5,49.4,56.0,18.4,19.0,14.26242868785656,17.440912795436024,42.868785656071715,91.03504482477588,72.6161369193154,50.69274653626732,17.033414832925835,4.9714751426242865,22.901385493072535,23.96088019559902,12.469437652811736,39.4,50.8557457212714
대전,비수도권,2019,3,2019.3/4,60.8,66.3,811.0,62.8,481.0,1291.0,3.1,73.1,3.8,70.3,74.9,52.8,2.2,51.6,57.5,18.699999999999996,20.299999999999997,16.81528662420382,15.414012738853502,44.71337579617835,92.35668789808918,79.61783439490446,56.94267515923567,17.452229299363058,5.222929936305733,17.8343949044586,25.095541401273884,12.611464968152866,39.2,50.318471337579616
부산,비수도권,2019,3,2019.3/4,57.2,64.7,1743.0,58.9,1215.0,2958.0,3.0,67.4,2.8,65.5,72.4,51.1,3.2,49.4,57.2,16.1,16.300000000000004,15.070921985815602,18.79432624113475,42.08037825059102,90.24822695035462,76.59574468085107,54.19621749408984,16.48936170212766,5.91016548463357,20.390070921985814,23.64066193853428,14.893617021276595,40.2,47.75413711583924
서울,수도권,2019,3,2019.3/4,60.7,67.0,5357.0,63.2,3117.0,8474.0,4.0,72.5,4.2,69.5,75.3,54.8,3.7,52.7,59.2,16.799999999999997,17.700000000000003,17.1622934888241,15.413022351797862,45.694849368318756,91.99222546161322,82.48785228377065,56.20991253644315,20.680272108843536,5.617103984450924,15.704567541302236,25.928085519922256,12.303206997084548,39.1,58.67832847424685
세종,비수도권,2019,3,2019.3/4,63.1,66.2,176.0,64.7,96.0,271.0,2.5,75.8,2.1,74.3,77.6,53.6,3.0,52.0,54.4,22.299999999999997,22.199999999999996,12.865497076023392,11.695906432748536,56.72514619883041,93.56725146198829,81.87134502923976,66.66666666666666,13.450292397660817,1.7543859649122806,15.204678362573098,24.561403508771928,12.280701754385964,38.9,66.66666666666666
울산,비수도권,2019,3,2019.3/4,59.6,64.1,597.0,61.8,369.0,966.0,3.5,74.5,3.8,71.6,76.1,48.7,3.0,47.2,51.3,24.39999999999999,25.799999999999997,13.020833333333334,13.715277777777779,47.04861111111111,93.22916666666666,81.59722222222221,58.854166666666664,19.270833333333336,3.4722222222222223,15.79861111111111,20.13888888888889,14.756944444444445,40.7,42.70833333333333
인천,수도권,2019,3,2019.3/4,62.6,68.2,1653.0,65.3,879.0,2532.0,4.1,75.0,3.9,72.1,76.7,55.8,4.4,53.3,59.4,18.799999999999997,19.200000000000003,15.762925598991174,14.691046658259774,45.46027742749054,92.6860025220681,80.20176544766709,52.585119798234544,23.329129886506937,4.287515762925599,17.402269861286253,25.346784363177804,14.50189155107188,40.1,43.31651954602774
전남,비수도권,2019,3,2019.3/4,63.9,69.2,1005.0,65.5,529.0,1535.0,2.4,74.3,2.4,72.5,76.7,56.9,2.3,55.5,60.9,17.0,17.4,9.98980632008155,29.153924566768602,36.08562691131498,80.42813455657493,61.46788990825688,38.53211009174312,18.450560652395513,4.485219164118247,28.950050968399594,22.629969418960243,12.945973496432211,39.7,34.862385321100916
전북,비수도권,2019,3,2019.3/4,59.8,64.5,957.0,61.3,605.0,1562.0,2.4,71.1,2.8,69.1,73.3,51.8,1.9,50.8,55.3,18.299999999999997,19.299999999999997,10.706638115631693,26.231263383297645,38.86509635974304,83.19057815845824,65.31049250535332,42.933618843683085,15.631691648822269,6.852248394004283,26.445396145610278,25.481798715203425,13.81156316916488,39.5,39.07922912205567
제주,비수도권,2019,3,2019.3/4,68.1,72.0,388.0,69.4,171.0,559.0,1.9,76.1,2.5,74.2,77.9,62.7,1.1,62.0,65.7,12.200000000000003,13.399999999999991,12.598425196850393,20.73490813648294,43.30708661417323,87.4015748031496,64.04199475065617,39.37007874015748,17.060367454068242,7.349081364829396,29.92125984251969,29.92125984251969,14.435695538057743,37.9,47.24409448818898
충남,비수도권,2019,3,2019.3/4,64.2,69.2,1247.0,66.3,634.0,1881.0,3.1,76.1,3.0,73.8,77.7,56.2,3.2,54.4,59.8,19.4,19.89999999999999,13.730355665839536,22.167080231596362,41.60463192721257,86.35235732009926,66.91480562448304,48.80066170388751,12.40694789081886,5.789909015715467,25.475599669148057,21.09181141439206,17.20430107526882,41.1,35.98014888337469
충북,비수도권,2019,3,2019.3/4,63.8,68.6,918.0,65.5,484.0,1402.0,2.5,74.8,2.7,72.8,76.3,56.0,2.2,54.7,60.3,18.099999999999994,18.799999999999997,14.078212290502792,21.564245810055866,40.5586592178771,87.15083798882681,70.27932960893854,49.94413407821229,15.977653631284916,4.4692737430167595,22.56983240223464,23.016759776536315,14.30167597765363,40.1,40.44692737430168
강원,비수도권,2019,4,2019.4/4,62.2,68.4,839.0,64.4,465.0,1304.0,3.3,72.1,3.0,70.0,75.2,56.9,3.7,54.8,61.4,15.200000000000003,15.199999999999996,12.438423645320198,25.36945812807882,37.31527093596059,85.09852216748769,68.4729064039409,46.55172413793103,16.995073891625616,4.926108374384237,24.75369458128079,23.15270935960591,15.886699507389162,39.9,38.669950738916256
경기,수도권,2019,4,2019.4/4,62.1,67.9,7293.0,64.3,4041.0,11334.0,3.4,75.7,3.8,72.8,78.0,53.1,2.8,51.6,57.5,21.199999999999996,22.6,15.3627715462161,13.871929575465,46.81243788158455,93.41189833877608,79.1708078943632,56.35382649439159,17.066590941360214,5.750390458611387,18.415447962515973,17.719721709498792,13.232997302285957,40.9,48.78602868095982
경남,비수도권,2019,4,2019.4/4,61.7,67.3,1815.0,63.5,1042.0,2857.0,2.9,74.0,2.3,72.3,76.7,53.1,3.6,51.1,57.3,21.199999999999996,20.9,11.174134997163925,19.852524106636416,43.78899602949518,88.712422007941,69.99432785025525,49.68803176403857,16.903006239364718,3.403289846851957,24.844015882019285,21.213840045377196,18.547929665343165,41.5,38.74078275666478
경북,비수도권,2019,4,2019.4/4,62.5,68.0,1499.0,64.6,821.0,2319.0,3.3,75.4,3.5,72.8,76.3,53.9,3.0,52.2,59.0,20.599999999999994,21.500000000000007,11.31815044858523,26.224982746721874,38.164251207729464,83.78191856452726,64.11318150448585,45.13457556935818,14.699792960662524,4.209799861973775,27.26017943409248,19.116632160110424,17.736369910282953,41.3,36.64596273291926
광주,비수도권,2019,4,2019.4/4,59.9,65.0,781.0,61.7,486.0,1267.0,2.8,71.0,2.6,69.1,73.7,52.8,3.0,51.2,56.3,17.89999999999999,18.200000000000003,15.5467720685112,15.942028985507244,44.927536231884055,91.43610013175231,77.07509881422925,54.54545454545454,18.31357048748353,4.216073781291173,19.63109354413702,20.158102766798418,13.70223978919631,40.6,53.62318840579711
대구,비수도권,2019,4,2019.4/4,57.9,64.2,1254.0,59.6,849.0,2103.0,2.8,70.3,2.9,68.2,73.6,49.6,2.7,48.3,54.8,19.900000000000006,20.699999999999996,13.464696223316913,17.733990147783253,42.939244663382595,90.9688013136289,72.57799671592775,51.06732348111659,16.420361247947454,5.0903119868637114,23.070607553366173,19.950738916256157,12.151067323481117,40.3,51.231527093596064
대전,비수도권,2019,4,2019.4/4,60.8,66.3,815.0,63.1,476.0,1291.0,3.7,73.6,4.1,70.5,75.2,52.9,3.0,51.4,57.4,19.1,20.699999999999996,16.43312101910828,15.92356687898089,44.3312101910828,92.22929936305732,79.36305732484077,57.07006369426752,16.687898089171973,5.7324840764331215,17.961783439490446,18.85350318471338,12.356687898089172,40.3,49.93630573248408
부산,비수도권,2019,4,2019.4/4,57.4,65.1,1749.0,59.2,1206.0,2955.0,3.1,67.4,3.2,65.2,72.1,51.6,2.9,50.1,58.2,15.100000000000001,15.800000000000004,15.04424778761062,18.997050147492626,41.88790560471977,90.14749262536873,76.93215339233038,54.21828908554572,17.10914454277286,5.604719764011799,19.882005899705018,20.0,15.221238938053098,40.7,47.66961651917404
서울,수도권,2019,4,2019.4/4,60.5,66.8,5313.0,62.7,3163.0,8476.0,3.5,71.1,3.6,68.5,74.6,55.1,3.3,53.3,59.6,15.200000000000003,15.999999999999993,16.99805068226121,15.730994152046785,45.614035087719294,91.83235867446395,82.51461988304094,57.29044834307992,19.746588693957115,5.497076023391813,15.633528265107213,17.524366471734893,12.436647173489279,40.7,58.79142300194932
세종,비수도권,2019,4,2019.4/4,62.6,65.9,179.0,64.6,98.0,277.0,3.1,75.5,3.1,73.1,76.7,53.8,3.1,52.2,54.8,20.89999999999999,21.700000000000003,12.138728323699421,11.560693641618498,58.38150289017341,93.64161849710982,82.08092485549133,67.05202312138728,12.716763005780345,1.7341040462427744,15.606936416184972,16.76300578034682,12.138728323699421,40.2,67.05202312138728
울산,비수도권,2019,4,2019.4/4,59.8,64.3,598.0,61.9,368.0,965.0,3.4,74.4,3.5,71.8,76.4,48.9,3.2,47.4,51.2,24.4,25.500000000000007,12.99826689774697,14.384748700173311,46.79376083188908,92.89428076256499,81.80242634315424,59.09878682842288,19.064124783362217,3.8128249566724435,15.944540727902945,16.291161178509533,14.904679376083187,41.6,44.0207972270364
인천,수도권,2019,4,2019.4/4,62.6,68.3,1651.0,65.1,886.0,2537.0,3.8,74.9,3.9,72.0,76.8,55.5,3.8,53.4,59.7,18.6,19.400000000000006,16.120906801007557,14.73551637279597,45.08816120906801,92.69521410579345,80.9823677581864,52.64483627204031,23.992443324937028,4.345088161209068,16.876574307304786,17.191435768261965,14.798488664987405,41.4,42.82115869017632
전남,비수도권,2019,4,2019.4/4,64.5,70.6,1005.0,65.6,527.0,1533.0,1.6,75.2,1.7,73.9,78.7,56.1,1.6,55.2,61.6,18.700000000000003,19.1,10.717896865520729,28.91809908998989,35.8948432760364,81.09201213346815,63.397371081900914,39.23154701718908,19.11021233569262,5.156723963599596,27.80586450960566,20.12133468149646,11.830131445904954,40.0,35.28816986855409
전북,비수도권,2019,4,2019.4/4,59.9,64.7,957.0,61.3,603.0,1560.0,2.4,71.4,2.8,69.4,73.4,51.7,1.9,50.7,55.7,18.700000000000003,19.700000000000003,10.706638115631693,26.445396145610278,38.86509635974304,83.19057815845824,65.20342612419701,43.25481798715203,15.524625267665954,6.5310492505353315,27.08779443254818,23.126338329764454,13.276231263383298,39.8,39.07922912205567
제주,비수도권,2019,4,2019.4/4,69.3,73.3,397.0,70.6,165.0,562.0,1.8,76.5,1.6,75.3,79.2,64.8,2.0,63.5,67.1,11.799999999999997,11.700000000000003,12.082262210796916,21.336760925449873,42.673521850899746,87.40359897172236,65.29562982005142,40.3598971722365,16.452442159383033,8.483290488431876,28.53470437017995,22.10796915167095,16.452442159383033,40.1,47.04370179948586
충남,비수도권,2019,4,2019.4/4,63.8,69.3,1230.0,65.3,655.0,1886.0,2.2,75.4,2.0,73.9,78.2,54.8,2.6,53.4,59.4,20.500000000000007,20.60000000000001,13.96508728179551,21.695760598503743,42.061512884455524,86.86616791354946,67.91354945968412,48.960931005818786,12.801330008312553,6.234413965087282,24.93765586034913,18.62011637572735,17.206982543640898,41.8,36.65835411471321
충북,비수도권,2019,4,2019.4/4,63.0,68.5,909.0,64.7,496.0,1405.0,2.7,74.6,2.9,72.4,76.4,54.7,2.4,53.4,60.0,19.000000000000007,19.89999999999999,14.350282485875706,21.01694915254237,40.90395480225989,88.0225988700565,71.1864406779661,50.847457627118644,16.158192090395477,4.1807909604519775,22.372881355932204,18.07909604519774,14.576271186440678,40.9,40.11299435028249
강원,비수도권,2020,1,2020.1/4,58.5,65.8,805.0,61.7,500.0,1305.0,5.1,69.2,4.9,65.7,72.3,54.4,5.3,51.6,59.1,14.100000000000001,14.800000000000004,13.219895287958114,23.56020942408377,37.82722513089005,86.78010471204189,69.3717277486911,49.47643979057592,15.44502617801047,4.450261780104712,24.60732984293194,23.298429319371728,13.743455497382199,38.1,40.05235602094241
경기,수도권,2020,1,2020.1/4,60.7,66.8,7216.0,63.4,4167.0,11383.0,4.2,74.7,4.3,71.5,77.0,52.1,4.0,50.0,56.3,21.5,22.6,14.986257775206132,13.568638796470417,47.57702878634456,93.86662809200058,79.18414581223782,57.99218863011717,15.637205265441919,5.554751916678721,18.501374222479384,17.45985823810213,13.14913930276291,40.2,49.03804426442934
경남,비수도권,2020,1,2020.1/4,60.6,66.3,1803.0,63.1,1053.0,2856.0,4.0,73.8,3.6,71.1,75.8,52.4,4.6,50.0,56.0,21.099999999999994,21.4,11.098265895953757,20.0,43.75722543352601,88.61271676300578,69.94219653179191,51.84971098265896,15.433526011560694,2.7167630057803467,25.202312138728324,21.445086705202314,16.878612716763005,40.0,38.49710982658959
경북,비수도권,2020,1,2020.1/4,60.2,66.2,1459.0,62.9,861.0,2320.0,4.2,75.1,4.1,72.0,75.7,50.7,4.4,48.5,55.8,23.5,24.39999999999999,11.52469577666428,25.554760200429495,38.367931281317105,84.32355046528275,64.49534717251252,46.81460272011453,13.600572655690765,4.08017179670723,28.060128847530425,23.264137437365783,14.101646385110952,38.4,38.65425912670007
광주,비수도권,2020,1,2020.1/4,58.8,64.3,775.0,61.0,495.0,1270.0,3.7,70.8,4.0,68.0,72.8,51.8,3.3,50.1,55.8,17.9,19.0,15.66265060240964,15.528781793842034,44.97991967871486,91.83400267737618,77.24230254350736,56.22489959839358,17.13520749665328,3.8821954484605086,19.544846050870145,19.812583668005352,13.119143239625167,39.5,53.279785809906286
대구,비수도권,2020,1,2020.1/4,55.7,62.1,1217.0,58.0,881.0,2098.0,3.9,68.9,4.0,66.1,71.6,47.8,3.8,45.9,52.7,20.199999999999996,21.10000000000001,12.917023096663815,17.621899059024805,43.45594525235244,91.10350727117195,71.51411462788708,51.75363558597091,15.483319076133448,4.277159965782721,24.294268605645854,21.471343028229256,10.778443113772456,37.6,52.18135158254918
대전,비수도권,2020,1,2020.1/4,60.2,66.1,817.0,63.4,472.0,1289.0,5.1,73.3,5.3,69.4,74.3,53.8,4.8,51.2,57.8,18.200000000000003,19.5,17.2680412371134,15.721649484536082,43.55670103092783,92.5257731958763,79.12371134020619,57.98969072164949,16.3659793814433,4.768041237113402,18.04123711340206,18.556701030927837,11.984536082474227,39.0,49.871134020618555
부산,비수도권,2020,1,2020.1/4,55.9,63.7,1723.0,58.4,1229.0,2952.0,4.1,66.8,4.1,64.0,70.8,50.6,4.1,48.5,56.8,15.5,16.199999999999996,14.415505754088432,19.018776499091462,42.33797698364627,90.1877649909146,76.13567534827376,55.118110236220474,15.566323440339188,5.390672319806178,20.59357964869776,20.109024833434283,13.204118715929738,39.4,47.789218655360386
서울,수도권,2020,1,2020.1/4,59.7,66.4,5308.0,62.5,3183.0,8491.0,4.5,70.8,4.2,67.8,74.0,55.0,4.8,52.3,59.3,15.5,15.799999999999997,16.62721893491124,15.463510848126234,46.21301775147929,92.26824457593689,82.11045364891518,57.909270216962526,18.8560157790927,5.345167652859961,15.996055226824456,17.199211045364894,11.972386587771203,39.9,59.38856015779093
세종,비수도권,2020,1,2020.1/4,61.2,65.4,178.0,63.2,104.0,281.0,3.0,74.0,3.3,71.6,76.1,52.3,2.7,50.9,54.5,20.699999999999996,21.700000000000003,12.209302325581394,9.883720930232558,59.30232558139535,94.76744186046511,82.55813953488372,70.34883720930233,11.046511627906977,1.744186046511628,15.11627906976744,16.86046511627907,11.046511627906977,38.9,69.18604651162791
울산,비수도권,2020,1,2020.1/4,58.5,63.4,594.0,61.5,371.0,965.0,5.0,74.5,4.4,71.1,76.2,48.1,5.8,45.3,49.5,25.799999999999997,26.4,12.76595744680851,14.184397163120568,46.98581560283688,93.43971631205675,81.73758865248227,60.63829787234043,17.907801418439718,3.1914893617021276,16.134751773049647,18.439716312056735,13.652482269503546,39.8,45.21276595744681
인천,수도권,2020,1,2020.1/4,61.1,67.0,1628.0,64.1,913.0,2540.0,4.6,74.1,4.2,71.0,75.9,54.3,5.1,51.5,57.9,19.5,19.799999999999997,15.71152607855763,14.745653573728267,45.58918222794591,92.78815196394076,80.94011590470058,54.86155827430779,22.279459111397294,3.8634900193174504,16.870573084352866,16.99935608499678,14.101738570508694,40.4,43.142305215711524
전남,비수도권,2020,1,2020.1/4,62.8,69.2,992.0,64.9,537.0,1530.0,3.1,74.5,2.9,72.3,76.9,55.4,3.4,53.5,60.6,18.799999999999997,19.1,10.301768990634756,28.720083246618106,36.420395421436005,81.26951092611863,63.47554630593132,41.20707596253902,17.48178980228928,4.786680541103017,27.887617065556714,23.82934443288241,10.40582726326743,37.6,36.524453694068676
전북,비수도권,2020,1,2020.1/4,58.2,63.3,932.0,59.8,626.0,1558.0,2.8,70.1,2.8,68.1,72.2,49.9,2.8,48.5,54.0,19.599999999999994,20.199999999999996,10.154525386313466,26.048565121412803,39.40397350993378,83.44370860927152,65.34216335540839,44.70198675496689,15.011037527593817,5.629139072847682,28.14569536423841,26.158940397350992,12.030905077262693,37.2,39.29359823399559
제주,비수도권,2020,1,2020.1/4,67.5,71.2,391.0,69.4,172.0,562.0,2.7,75.0,2.3,73.3,76.7,63.9,3.2,61.9,65.3,11.399999999999999,11.100000000000001,11.842105263157894,21.31578947368421,42.89473684210526,86.8421052631579,64.73684210526316,42.10526315789473,15.0,7.894736842105263,28.68421052631579,23.94736842105263,16.315789473684212,38.6,47.368421052631575
충남,비수도권,2020,1,2020.1/4,59.8,66.4,1173.0,62.2,713.0,1886.0,3.9,73.4,3.3,70.9,76.0,50.6,4.7,48.2,55.7,22.700000000000003,22.800000000000004,14.019520851818989,19.964507542147295,43.921916592724045,88.55368234250221,69.29902395740906,52.17391304347826,12.156166814551908,4.968944099378882,24.489795918367346,20.141969831410826,15.705412599822537,40.2,38.15439219165927
충북,비수도권,2020,1,2020.1/4,61.8,68.1,903.0,64.2,504.0,1407.0,3.7,73.8,3.4,71.3,76.0,54.4,4.0,52.2,59.6,19.099999999999994,19.4,14.367816091954023,20.229885057471265,41.37931034482759,88.85057471264368,71.72413793103448,52.758620689655174,15.862068965517242,3.103448275862069,22.298850574712645,18.50574712643678,14.022988505747128,39.2,41.37931034482759
강원,비수도권,2020,2,2020.2/4,62.2,67.5,846.0,64.7,461.0,1307.0,3.8,73.3,3.9,70.4,75.2,56.5,3.7,54.4,59.6,16.000000000000007,16.799999999999997,11.916461916461916,27.51842751842752,35.62653562653563,83.41523341523342,66.83046683046683,46.06879606879607,16.33906633906634,4.545454545454546,25.675675675675674,26.535626535626534,14.004914004914005,38.1,40.04914004914005
경기,수도권,2020,2,2020.2/4,60.5,66.1,7203.0,63.0,4224.0,11427.0,4.1,74.6,4.1,71.5,76.3,51.6,4.0,49.5,55.5,22.0,22.999999999999993,14.585443495876142,14.976125018087108,46.85284329330053,93.01114165822601,78.58486470843583,57.314426276949796,15.641730574446536,5.628707857039502,18.984228042251484,26.73997974243959,11.242946028071191,38.2,49.84806829691796
경남,비수도권,2020,2,2020.2/4,60.5,65.2,1804.0,63.2,1050.0,2853.0,4.3,74.0,4.4,70.8,74.9,52.4,4.0,50.3,54.9,20.5,21.6,11.001737116386797,21.945570353213665,42.617255356108856,87.02953097857556,69.77417486971626,52.05558772437753,14.53387376954256,3.1847133757961785,25.188187608569773,26.751592356687897,16.039374638100753,38.6,38.795599305153445
경북,비수도권,2020,2,2020.2/4,60.9,65.7,1485.0,64.0,836.0,2321.0,4.9,74.9,5.3,71.0,74.6,53.1,4.3,50.8,55.9,20.200000000000003,21.800000000000004,10.261854210898797,27.883934890304317,37.08421797593772,82.51946213729653,62.42038216560509,44.72753007784855,14.012738853503185,3.680113234253362,28.379334748761497,21.86836518046709,12.951167728237792,39.0,38.71196036801132
광주,비수도권,2020,2,2020.2/4,58.6,63.7,780.0,61.2,494.0,1274.0,4.3,69.6,4.7,66.3,71.1,53.2,3.7,51.2,56.3,15.099999999999994,16.39999999999999,15.013404825737265,16.487935656836463,44.90616621983914,91.15281501340483,76.67560321715817,55.630026809651476,17.426273458445042,3.485254691689008,19.973190348525467,25.335120643431637,11.26005361930295,38.1,53.35120643431635
대구,비수도권,2020,2,2020.2/4,55.6,61.5,1216.0,58.1,876.0,2092.0,4.4,69.3,4.4,66.2,71.4,47.7,4.3,45.6,51.8,20.6,21.599999999999994,12.983662940670678,18.572656921754085,42.30438521066208,90.19776440240757,72.48495270851247,51.93465176268271,15.907136715391228,4.643164230438521,23.559759243336202,25.88134135855546,9.114359415305245,36.0,51.84866723989682
대전,비수도권,2020,2,2020.2/4,60.1,65.5,815.0,63.4,471.0,1287.0,5.2,73.2,4.9,69.6,74.1,53.8,5.4,50.9,56.8,18.699999999999996,19.400000000000006,17.335058214747736,16.170763260025872,43.07891332470893,91.72056921086676,79.30142302716689,57.56791720569211,17.335058214747736,4.527813712807244,17.981888745148773,27.29624838292367,10.73738680465718,37.3,50.32341526520052
부산,비수도권,2020,2,2020.2/4,54.8,61.9,1701.0,57.7,1248.0,2949.0,5.1,66.7,5.6,62.9,69.2,49.4,4.4,47.2,54.8,15.699999999999996,17.300000000000004,13.126934984520124,20.309597523219814,41.98142414860681,89.10216718266254,74.6749226006192,53.931888544891635,15.479876160990713,5.263157894736842,21.73374613003096,27.058823529411764,11.640866873065017,37.6,47.61609907120743
서울,수도권,2020,2,2020.2/4,59.0,65.6,5304.0,62.3,3211.0,8515.0,5.3,71.1,4.9,67.6,73.7,54.3,5.8,51.2,58.0,16.39999999999999,16.799999999999997,16.762890702767272,15.827194903444155,45.68982679673502,91.99681465259805,82.63985665936691,58.451124825801315,18.594465458889108,5.574357953414294,15.667927533346607,26.11984869599841,10.312562213816443,37.7,59.74517220784392
세종,비수도권,2020,2,2020.2/4,63.1,66.6,186.0,65.3,99.0,285.0,3.3,76.6,2.9,74.3,77.6,54.1,3.9,52.0,55.3,22.299999999999997,22.499999999999993,12.222222222222221,11.666666666666666,58.333333333333336,93.33333333333333,81.11111111111111,68.88888888888889,10.555555555555555,1.6666666666666667,16.11111111111111,25.0,11.666666666666666,38.3,68.88888888888889
울산,비수도권,2020,2,2020.2/4,57.6,62.3,582.0,60.3,382.0,965.0,4.6,73.8,4.6,70.4,75.3,46.4,4.6,44.3,48.2,26.10000000000001,27.4,11.711711711711711,15.135135135135137,46.666666666666664,92.97297297297298,82.52252252252252,61.08108108108108,18.1981981981982,3.2432432432432434,15.495495495495495,25.405405405405407,12.252252252252251,38.3,45.765765765765764
인천,수도권,2020,2,2020.2/4,61.4,66.7,1641.0,64.5,901.0,2542.0,4.9,74.6,4.6,71.2,75.9,54.7,5.3,51.8,57.4,19.400000000000006,19.89999999999999,15.246636771300448,16.079436258808457,44.650864830237026,91.80012812299807,81.2299807815503,55.349135169762974,21.204356181934656,4.6764894298526585,16.72005124919923,25.944907110826392,11.338885329916721,38.4,42.66495836002562
전남,비수도권,2020,2,2020.2/4,64.0,69.0,1003.0,65.7,524.0,1526.0,2.5,74.5,2.7,72.5,76.4,57.0,2.3,55.7,60.8,16.799999999999997,17.5,9.723643807574208,30.808597748208804,35.41453428863869,79.32446264073695,62.23132036847492,40.02047082906858,18.11668372569089,3.991811668372569,28.04503582395087,23.132036847492323,10.951893551688844,38.7,35.20982599795291
전북,비수도권,2020,2,2020.2/4,59.7,63.7,956.0,61.5,600.0,1556.0,2.8,71.0,3.2,68.8,72.1,52.2,2.4,51.0,54.9,17.799999999999997,18.799999999999997,9.364908503767493,28.417653390742736,37.78256189451022,81.48546824542518,64.58557588805166,44.241119483315394,14.854682454251883,5.489773950484392,27.018299246501616,25.941872981700755,12.917115177610333,38.6,38.213132400430574
제주,비수도권,2020,2,2020.2/4,65.9,69.3,383.0,68.1,180.0,563.0,3.2,73.5,4.0,70.5,73.6,62.7,2.3,61.3,64.6,9.200000000000003,10.799999999999997,12.129380053908356,22.10242587601078,42.857142857142854,86.25336927223721,61.99460916442049,41.509433962264154,14.016172506738545,6.46900269541779,30.997304582210244,28.57142857142857,14.824797843665769,36.8,47.16981132075472
충남,비수도권,2020,2,2020.2/4,63.1,68.2,1239.0,65.8,645.0,1884.0,4.0,75.9,3.7,73.1,76.9,55.3,4.4,52.8,58.4,20.299999999999997,20.60000000000001,13.19327731092437,23.025210084033613,41.84873949579832,85.7983193277311,66.72268907563024,48.8235294117647,12.6890756302521,5.2100840336134455,25.546218487394956,24.789915966386555,16.72268907563025,40.2,36.38655462184874
충북,비수도권,2020,2,2020.2/4,64.1,69.5,931.0,66.1,477.0,1408.0,3.1,75.7,3.3,73.3,77.4,56.4,3.0,54.8,60.9,18.5,19.300000000000004,13.968957871396896,21.951219512195124,39.80044345898005,87.25055432372505,71.17516629711751,50.554323725055426,16.851441241685144,3.8802660753880267,22.505543237250556,25.609756097560975,13.19290465631929,38.8,40.133037694013304
강원,비수도권,2020,3,2020.3/4,62.4,67.7,841.0,64.3,467.0,1308.0,3.0,71.9,2.8,69.9,75.1,56.9,3.2,55.1,60.0,14.800000000000004,15.000000000000007,11.76470588235294,27.818627450980394,35.41666666666667,83.2107843137255,67.76960784313727,45.71078431372549,17.27941176470588,4.779411764705882,25.36764705882353,23.774509803921568,14.583333333333334,38.8,39.705882352941174
경기,수도권,2020,3,2020.3/4,60.1,65.4,7175.0,62.5,4303.0,11478.0,3.8,74.1,3.8,71.3,75.9,51.0,3.8,49.1,54.5,22.199999999999996,23.099999999999994,14.440903823870222,15.845886442641946,46.19061413673233,92.33777520278099,79.18597914252608,57.76361529548089,15.744495944380068,5.692352259559676,18.409617612977982,21.147161066048668,11.746813441483198,39.1,50.20278099652376
경남,비수도권,2020,3,2020.3/4,61.0,65.5,1806.0,63.3,1047.0,2853.0,3.7,74.0,4.4,70.8,74.4,52.6,2.8,51.1,55.8,19.699999999999996,21.4,10.983323749281196,22.771707878090858,42.035652673950544,86.42898217366303,70.32777458309373,51.06382978723404,16.04370327774583,3.27774583093732,24.669350201265093,24.2093156986774,16.503737780333523,39.4,38.355376653248996
경북,비수도권,2020,3,2020.3/4,62.1,67.1,1494.0,64.4,827.0,2321.0,3.5,75.2,3.7,72.4,76.2,53.6,3.2,51.9,57.2,20.500000000000007,21.6,11.034004163775156,28.313671061762662,36.6412213740458,82.37335183900069,62.526023594725885,44.066620402498266,14.57321304649549,3.8861901457321304,28.036086051353227,20.680083275503122,13.671061762664817,39.7,39.27827897293546
광주,비수도권,2020,3,2020.3/4,58.7,63.8,776.0,60.8,500.0,1276.0,3.5,68.6,3.4,66.3,71.1,53.5,3.6,51.5,56.6,14.799999999999997,15.099999999999994,15.353805073431243,16.15487316421896,44.592790387182916,91.0547396528705,76.36849132176235,54.606141522029375,17.623497997329775,4.138851802403204,20.026702269692922,20.694259012016023,12.016021361815755,38.5,53.00400534045394
대구,비수도권,2020,3,2020.3/4,57.5,63.7,1243.0,59.6,845.0,2088.0,3.5,70.6,3.2,68.4,74.2,49.2,3.9,47.2,53.4,21.200000000000003,21.39999999999999,13.5,19.083333333333332,41.66666666666667,90.08333333333334,74.08333333333333,52.083333333333336,17.083333333333332,4.916666666666666,22.166666666666668,24.083333333333336,9.416666666666666,37.9,51.74999999999999
대전,비수도권,2020,3,2020.3/4,61.0,66.4,817.0,63.5,469.0,1285.0,4.0,73.0,3.8,70.2,74.7,54.3,4.2,52.0,57.9,18.200000000000003,18.700000000000003,17.602040816326532,16.70918367346939,42.474489795918366,91.3265306122449,80.61224489795919,57.39795918367348,17.98469387755102,5.229591836734694,16.964285714285715,22.95918367346939,10.96938775510204,37.9,50.0
부산,비수도권,2020,3,2020.3/4,55.8,62.9,1712.0,58.1,1234.0,2947.0,4.0,67.8,4.1,65.0,71.4,49.2,4.0,47.3,54.6,17.700000000000003,18.599999999999994,13.694461351186854,21.30249543517955,40.35301278149726,88.49665246500305,75.65429093122337,52.465003043213635,17.285453438831404,5.964698721850274,21.119902617163724,23.797930614729154,12.051125989044431,38.4,46.74376141205113
서울,수도권,2020,3,2020.3/4,59.3,65.9,5270.0,61.8,3255.0,8526.0,4.0,70.5,3.7,67.9,74.0,53.9,4.4,51.6,58.2,16.300000000000004,16.6,16.80173947420439,16.22850365684918,45.32516307570666,91.59913026289782,82.24945641431113,58.885155169005735,17.948211108914805,5.435856888713184,15.93200237201028,21.249258746787902,10.594979244910062,38.7,59.71535876655466
세종,비수도권,2020,3,2020.3/4,64.1,67.4,190.0,66.0,98.0,288.0,2.8,77.3,2.0,75.8,78.4,54.8,3.9,52.7,56.1,23.099999999999994,22.5,14.054054054054054,11.891891891891893,56.75675675675676,92.97297297297298,81.62162162162161,68.64864864864865,10.81081081081081,2.1621621621621623,15.675675675675677,17.83783783783784,12.432432432432433,39.5,70.27027027027027
울산,비수도권,2020,3,2020.3/4,58.4,63.0,584.0,60.5,381.0,964.0,3.6,74.1,3.6,71.4,76.4,46.4,3.5,44.8,48.5,26.60000000000001,27.699999999999996,11.900532859680284,15.808170515097691,45.64831261101243,92.36234458259325,82.7708703374778,60.39076376554174,19.005328596802844,3.197158081705151,15.2753108348135,20.959147424511546,12.966252220248666,38.7,45.293072824156305
인천,수도권,2020,3,2020.3/4,61.7,67.0,1636.0,64.3,909.0,2545.0,4.1,74.1,4.2,71.0,75.5,54.7,3.9,52.5,58.3,18.5,19.39999999999999,15.095541401273884,16.62420382165605,44.140127388535035,91.46496815286625,81.40127388535032,54.71337579617834,21.46496815286624,5.222929936305733,16.94267515923567,20.382165605095544,11.019108280254777,39.0,41.65605095541402
전남,비수도권,2020,3,2020.3/4,64.5,69.3,1000.0,65.6,524.0,1524.0,1.8,74.5,1.7,73.2,77.2,56.9,1.9,55.8,60.6,17.400000000000006,17.6,9.470468431771895,30.855397148676172,35.84521384928717,78.92057026476579,61.30346232179226,39.205702647657844,18.126272912423623,3.8696537678207736,28.920570264765782,20.570264765784113,11.710794297352342,38.6,35.53971486761711
전북,비수도권,2020,3,2020.3/4,60.9,65.3,965.0,62.1,589.0,1554.0,1.9,70.9,2.3,69.2,72.6,53.6,1.4,52.8,57.6,16.400000000000006,17.300000000000004,10.137275607180571,28.511087645195353,37.38120380147835,81.5205913410771,64.41393875395988,43.50580781414995,15.311510031678988,5.59662090813094,26.715945089757128,25.02639915522703,11.826821541710665,38.8,38.965153115100314
제주,비수도권,2020,3,2020.3/4,67.2,70.6,386.0,68.6,177.0,563.0,2.1,73.7,2.0,72.2,75.2,63.5,2.1,62.1,65.8,10.100000000000001,10.200000000000003,12.16931216931217,22.22222222222222,42.32804232804233,86.24338624338624,63.227513227513235,42.32804232804233,13.756613756613756,6.878306878306878,29.365079365079367,26.190476190476193,16.93121693121693,38.7,47.61904761904761
충남,비수도권,2020,3,2020.3/4,64.0,68.8,1243.0,66.0,641.0,1884.0,2.9,75.6,2.7,73.6,77.0,56.0,3.2,54.2,59.5,19.39999999999999,19.599999999999994,13.338856669428335,23.943661971830984,40.596520298260145,85.08699254349628,66.61143330571664,47.970173985086994,13.504556752278377,5.136702568351284,25.6006628003314,20.71251035625518,15.907207953603978,40.7,36.454018227009115
충북,비수도권,2020,3,2020.3/4,64.0,69.5,929.0,66.0,480.0,1409.0,3.0,74.6,3.5,72.0,76.1,57.2,2.4,55.8,62.2,16.200000000000003,17.39999999999999,13.65149833518313,22.197558268590456,39.51165371809101,87.12541620421753,71.1431742508324,50.83240843507214,16.64816870144284,3.662597114317425,22.530521642619313,21.08768035516093,13.318534961154274,39.2,39.289678135405104
강원,비수도권,2020,4,2020.4/4,60.0,66.9,817.0,62.4,492.0,1309.0,3.9,69.4,2.6,67.5,73.8,55.7,5.3,52.7,59.6,14.799999999999997,13.700000000000003,11.83206106870229,26.08142493638677,36.76844783715013,85.1145038167939,69.97455470737913,47.45547073791349,17.302798982188293,5.216284987277354,24.173027989821882,24.427480916030532,13.61323155216285,38.6,40.0763358778626
경기,수도권,2020,4,2020.4/4,59.9,65.4,7178.0,62.2,4357.0,11535.0,3.8,73.8,3.7,71.0,75.9,50.7,3.9,48.8,54.4,22.200000000000003,23.099999999999994,14.074717636837534,15.653055314219518,46.58268172603533,92.51375615406893,80.01737619461338,57.99304952215465,16.521865044888504,5.487981465392412,17.781639154358526,20.069504778453517,11.830292499275991,39.6,50.46336518969012
경남,비수도권,2020,4,2020.4/4,60.3,65.1,1795.0,62.9,1059.0,2854.0,4.0,73.4,4.1,70.4,74.0,52.4,4.0,50.3,55.4,20.10000000000001,21.000000000000007,10.627177700348431,22.59001161440186,42.21835075493612,86.58536585365853,70.61556329849013,50.696864111498265,16.202090592334496,3.7166085946573753,24.796747967479675,22.822299651567945,17.015098722415793,39.8,38.443670150987224
경북,비수도권,2020,4,2020.4/4,61.3,66.6,1475.0,63.6,845.0,2320.0,3.6,74.6,3.6,71.9,75.6,52.6,3.5,50.8,56.7,21.10000000000001,21.999999999999993,10.970464135021098,28.48101265822785,36.14627285513362,82.48945147679325,62.58790436005626,44.51476793248945,14.20534458509142,3.8677918424753868,28.551336146272853,22.43319268635724,12.447257383966246,39.3,40.225035161744024
광주,비수도권,2020,4,2020.4/4,58.5,63.6,779.0,61.0,498.0,1278.0,4.0,69.8,3.9,67.1,71.8,52.7,4.2,50.4,55.5,16.699999999999996,17.099999999999994,14.43850267379679,16.577540106951872,44.786096256684495,90.77540106951871,75.26737967914438,53.20855614973262,17.379679144385026,4.81283422459893,20.855614973262032,21.92513368983957,12.834224598930483,40.1,51.87165775401069
대구,비수도권,2020,4,2020.4/4,57.8,64.6,1252.0,60.0,834.0,2086.0,3.7,70.5,3.7,68.0,74.0,50.2,3.7,48.3,55.3,19.700000000000003,20.299999999999997,13.349917081260365,18.988391376451077,41.459369817578775,90.46434494195688,74.6268656716418,52.736318407960205,16.666666666666664,5.306799336650083,21.807628524046436,23.0514096185738,9.950248756218906,39.0,52.072968490878935
대전,비수도권,2020,4,2020.4/4,61.3,66.7,814.0,63.4,470.0,1285.0,3.2,72.8,3.4,70.3,74.8,54.3,3.0,52.6,58.6,17.699999999999996,18.5,17.131979695431472,17.00507614213198,42.89340101522843,90.98984771573603,80.32994923857868,56.852791878172596,18.401015228426395,5.203045685279188,17.258883248730964,22.715736040609137,12.30964467005076,38.9,50.63451776649747
부산,비수도권,2020,4,2020.4/4,56.0,63.2,1710.0,58.1,1235.0,2945.0,3.5,67.6,3.6,65.1,71.6,49.3,3.5,47.6,55.1,17.499999999999993,18.299999999999997,13.765918738629473,21.710127349909037,39.9029714978775,88.29593693147362,75.5609460278957,51.60703456640389,18.01091570648878,5.9429957550030315,21.10369921164342,23.165554881746512,12.310491206791996,38.5,46.9981807155852
서울,수도권,2020,4,2020.4/4,59.2,65.9,5288.0,62.0,3244.0,8532.0,4.4,70.7,4.2,67.7,73.9,54.1,4.6,51.5,58.3,16.200000000000003,16.6,16.877720617332805,16.264345073209338,45.05342303126237,91.53146022952117,81.99445983379502,58.74554808072814,17.946181242580135,5.302730510486743,16.224772457459437,21.270280965571825,10.76375148397309,38.9,60.05144440047487
세종,비수도권,2020,4,2020.4/4,62.2,65.8,185.0,63.3,107.0,293.0,1.8,75.2,2.0,73.7,76.5,51.5,1.5,50.7,55.0,23.0,23.700000000000003,12.087912087912088,11.538461538461538,58.24175824175825,93.4065934065934,82.41758241758241,70.32967032967034,10.989010989010989,1.098901098901099,14.835164835164836,15.384615384615385,12.637362637362637,40.3,71.97802197802197
울산,비수도권,2020,4,2020.4/4,58.0,62.9,581.0,60.3,383.0,964.0,3.8,73.7,3.6,71.0,76.4,46.2,4.2,44.3,48.2,26.700000000000003,27.5,11.985688729874775,15.56350626118068,45.61717352415027,92.4865831842576,82.46869409660107,61.35957066189624,18.246869409660107,2.862254025044723,15.742397137745975,18.6046511627907,13.059033989266547,40.2,46.69051878354204
인천,수도권,2020,4,2020.4/4,61.1,66.9,1632.0,64.0,916.0,2548.0,4.7,73.5,4.7,70.0,74.9,54.8,4.6,52.3,58.7,17.700000000000003,18.700000000000003,14.845758354755784,16.516709511568124,44.66580976863753,91.90231362467867,81.23393316195373,54.82005141388174,21.46529562982005,5.012853470437018,17.159383033419022,18.958868894601544,11.632390745501285,39.6,42.159383033419026
전남,비수도권,2020,4,2020.4/4,64.1,69.0,996.0,65.4,527.0,1522.0,2.0,74.1,1.9,72.7,76.0,56.7,2.1,55.5,61.2,17.200000000000003,17.39999999999999,8.923076923076923,31.076923076923073,35.8974358974359,78.87179487179488,60.61538461538461,39.179487179487175,17.53846153846154,3.794871794871795,29.641025641025642,21.94871794871795,11.58974358974359,38.8,36.30769230769231
전북,비수도권,2020,4,2020.4/4,60.9,66.2,970.0,62.4,583.0,1553.0,2.4,71.7,2.0,70.3,73.8,53.5,2.9,52.0,58.2,18.299999999999997,18.200000000000003,10.665258711721224,27.771911298838436,37.90918690601901,82.36536430834214,64.73072861668426,44.350580781415,15.417106652587117,4.963041182682154,27.13833157338965,25.55438225976769,12.038014783526927,38.6,39.915522703273496
제주,비수도권,2020,4,2020.4/4,67.9,71.8,391.0,69.3,174.0,565.0,1.9,74.4,1.7,73.1,76.3,64.2,2.2,62.8,66.9,10.299999999999997,10.200000000000003,11.74934725848564,22.45430809399478,42.55874673629243,86.42297650130548,64.22976501305483,43.34203655352481,13.315926892950392,7.5718015665796345,28.198433420365536,25.06527415143603,17.232375979112273,39.3,48.04177545691906
충남,비수도권,2020,4,2020.4/4,62.7,67.8,1219.0,64.7,667.0,1886.0,3.1,74.5,3.1,72.2,75.6,54.5,3.0,52.8,59.0,19.400000000000006,20.0,12.859560067681894,23.519458544839257,41.28595600676819,85.53299492385787,67.51269035532995,48.984771573604064,14.297800338409475,4.230118443316413,25.211505922165824,20.050761421319795,17.00507614213198,41.1,37.39424703891709
충북,비수도권,2020,4,2020.4/4,62.9,68.9,913.0,64.8,497.0,1411.0,2.9,73.6,3.0,71.4,76.0,55.8,2.8,54.2,61.2,17.200000000000003,17.799999999999997,13.86696730552424,21.758737316798197,40.022547914317926,87.71138669673056,72.37880496054116,52.19842164599775,16.234498308906424,3.9458850056369785,21.758737316798197,20.744081172491544,13.19052987598647,39.5,40.022547914317926
강원,비수도권,2021,1,2021.1/4,56.7,64.1,791.0,60.2,523.0,1314.0,5.9,66.9,4.4,63.9,70.5,53.7,7.6,49.6,57.4,14.299999999999997,13.200000000000003,11.693548387096774,24.865591397849464,38.03763440860215,86.15591397849462,70.96774193548387,50.26881720430107,15.86021505376344,4.838709677419355,24.193548387096776,24.731182795698924,12.5,37.9,40.86021505376344
경기,수도권,2021,1,2021.1/4,59.0,65.0,7187.0,61.9,4417.0,11604.0,4.7,73.2,4.4,70.0,75.4,50.7,5.1,48.1,54.2,21.9,22.5,14.408759124087592,14.715328467153284,47.197080291970806,93.12408759124088,80.26277372262773,59.722627737226276,15.576642335766424,4.963503649635037,17.532846715328468,19.284671532846716,10.978102189781023,39.5,51.10948905109489
경남,비수도권,2021,1,2021.1/4,58.9,64.0,1784.0,62.5,1072.0,2856.0,5.7,72.5,5.2,68.7,72.3,52.4,6.3,49.1,55.0,19.6,20.1,11.17717003567182,22.11652794292509,42.21165279429251,86.92033293697978,70.51129607609988,51.96195005945303,15.219976218787156,3.329369797859691,25.148632580261594,23.90011890606421,15.16052318668252,39.0,39.417360285374556
경북,비수도권,2021,1,2021.1/4,58.5,64.2,1434.0,61.9,883.0,2317.0,5.4,74.2,5.7,70.0,73.8,49.5,4.9,47.1,53.6,22.9,24.700000000000003,10.832719233603537,27.92925571112749,36.18275607958733,82.97715549005159,63.448784082535006,46.79439941046426,12.896094325718495,3.758290346352248,29.255711127487103,26.160648489314664,10.759027266028003,37.6,40.97273397199705
광주,비수도권,2021,1,2021.1/4,57.5,63.1,772.0,60.4,507.0,1280.0,4.8,69.7,4.2,66.8,71.9,51.4,5.5,48.6,54.2,18.199999999999996,18.300000000000004,14.945652173913043,15.896739130434783,44.97282608695652,91.44021739130434,74.72826086956522,54.75543478260869,15.353260869565217,4.619565217391304,21.195652173913043,21.603260869565215,12.635869565217392,39.7,52.58152173913043
대구,비수도권,2021,1,2021.1/4,56.7,63.6,1248.0,59.7,841.0,2089.0,5.1,70.4,5.0,66.8,73.0,49.7,5.2,47.2,54.4,19.599999999999994,20.700000000000003,13.513513513513514,18.58108108108108,41.807432432432435,90.70945945945947,75.50675675675676,54.983108108108105,15.878378378378377,4.64527027027027,21.283783783783782,22.466216216216218,9.037162162162163,38.4,53.71621621621622
대전,비수도권,2021,1,2021.1/4,59.0,64.7,800.0,62.1,487.0,1287.0,5.1,71.3,4.5,68.1,72.6,53.2,6.0,50.0,56.7,18.099999999999994,18.099999999999994,17.12779973649539,16.469038208168644,43.61001317523056,91.56785243741766,79.97364953886694,58.89328063241107,16.337285902503293,4.743083003952568,17.391304347826086,21.60737812911726,11.857707509881422,38.7,52.17391304347826
부산,비수도권,2021,1,2021.1/4,54.9,62.5,1695.0,57.5,1253.0,2948.0,4.5,66.6,4.2,63.9,70.6,49.0,5.0,46.6,54.7,17.299999999999997,17.599999999999994,13.473423980222496,21.013597033374538,40.60568603213844,88.8133498145859,74.47466007416563,52.41038318912238,16.9344870210136,5.067985166872682,22.18788627935723,22.62051915945612,11.248454882571075,38.4,47.83683559950556
서울,수도권,2021,1,2021.1/4,58.1,65.3,5284.0,61.9,3256.0,8540.0,6.1,70.7,5.6,66.7,73.4,53.8,6.7,50.2,57.7,16.5,16.900000000000006,17.6008064516129,15.28225806451613,45.564516129032256,92.2782258064516,82.03629032258064,60.16129032258064,16.995967741935484,4.879032258064516,16.310483870967744,20.705645161290324,10.383064516129032,38.8,60.82661290322581
세종,비수도권,2021,1,2021.1/4,61.3,65.7,186.0,63.4,108.0,294.0,3.2,74.5,2.9,72.3,76.0,52.3,3.6,50.4,55.1,21.9,22.200000000000003,13.333333333333334,10.0,58.88888888888889,95.0,83.33333333333334,72.22222222222221,10.555555555555555,1.1111111111111112,14.444444444444443,17.22222222222222,11.11111111111111,39.7,73.88888888888889
울산,비수도권,2021,1,2021.1/4,56.9,62.0,577.0,59.8,387.0,964.0,4.9,72.1,4.6,68.8,74.1,47.0,5.5,44.5,48.8,24.299999999999997,25.099999999999994,11.657559198542804,15.1183970856102,46.26593806921676,92.53187613843352,81.9672131147541,63.20582877959927,16.029143897996356,2.73224043715847,16.029143897996356,19.489981785063755,12.386156648451731,39.8,47.540983606557376
인천,수도권,2021,1,2021.1/4,60.1,66.4,1619.0,63.5,930.0,2550.0,5.4,73.3,5.5,69.3,74.7,53.9,5.3,51.0,58.0,18.299999999999997,19.4,14.761593729588505,16.002612671456564,45.26453298497714,92.61920313520575,81.319399085565,56.23775310254735,19.921619856303067,5.160026126714565,17.243631613324624,19.13781841933377,10.77726975832789,39.2,42.78249510124102
전남,비수도권,2021,1,2021.1/4,62.2,67.6,984.0,64.6,540.0,1523.0,3.8,74.4,3.4,71.9,75.1,54.8,4.3,52.4,59.2,19.500000000000007,19.60000000000001,8.764519535374868,30.517423442449843,36.325237592397045,79.5142555438226,59.87328405491025,40.12671594508976,16.261879619852166,3.37909186906019,30.834213305174234,26.399155227032733,9.714889123548048,37.5,36.536430834213306
전북,비수도권,2021,1,2021.1/4,59.4,65.1,950.0,61.1,605.0,1555.0,2.8,71.1,2.2,69.6,73.3,51.4,3.7,49.4,56.5,20.199999999999996,19.699999999999996,10.942578548212351,27.302275189599136,37.91982665222102,83.09859154929578,65.43878656554712,46.37053087757313,14.517876489707476,4.550379198266522,27.735644637053085,28.38569880823402,11.159263271939327,37.4,40.08667388949079
제주,비수도권,2021,1,2021.1/4,66.3,70.7,391.0,69.1,175.0,566.0,4.0,74.4,3.4,71.8,75.1,63.8,4.6,60.8,66.1,11.0,10.600000000000009,12.0,21.866666666666667,42.66666666666667,87.2,64.8,44.800000000000004,12.266666666666666,7.733333333333333,28.26666666666667,26.400000000000002,14.933333333333335,37.8,49.333333333333336
충남,비수도권,2021,1,2021.1/4,59.0,65.4,1158.0,61.3,731.0,1889.0,3.7,71.9,3.8,69.1,73.9,50.3,3.5,48.6,55.8,20.499999999999993,21.60000000000001,13.542600896860987,21.434977578475337,42.152466367713004,87.3542600896861,70.04484304932735,53.27354260089686,13.452914798206278,3.3183856502242155,23.766816143497756,21.883408071748878,14.618834080717487,39.8,39.28251121076233
충북,비수도권,2021,1,2021.1/4,60.8,68.2,891.0,63.0,523.0,1413.0,3.5,72.9,3.4,70.4,76.0,53.0,3.7,51.0,59.6,19.400000000000006,19.900000000000006,15.133876600698487,20.13969732246799,40.51222351571595,89.52270081490104,73.34109429569267,55.18044237485448,14.551804423748546,3.7252619324796274,21.303841676367867,21.187427240977883,11.990686845168801,39.0,40.74505238649593
강원,비수도권,2021,2,2021.2/4,63.2,68.0,856.0,65.0,460.0,1316.0,2.8,71.7,2.9,69.6,74.3,58.5,2.6,57.0,61.5,12.599999999999994,13.200000000000003,11.538461538461538,29.6875,34.73557692307692,81.73076923076923,70.1923076923077,44.71153846153847,19.230769230769234,6.25,23.918269230769234,25.600961538461537,13.701923076923078,38.7,37.62019230769231
경기,수도권,2021,2,2021.2/4,61.3,67.0,7468.0,64.0,4196.0,11664.0,4.2,75.1,4.1,72.1,77.2,53.0,4.4,50.6,56.4,21.499999999999993,22.099999999999994,14.705060106234274,15.991053955828907,45.83449818283478,92.18618954431086,80.1928990774392,57.70198490355046,17.61252446183953,4.878389712049203,17.5146771037182,19.9748392507688,10.889013139502376,39.7,50.489236790606654
경남,비수도권,2021,2,2021.2/4,61.7,66.2,1832.0,64.2,1023.0,2854.0,3.8,74.1,3.8,71.3,74.6,54.2,3.8,52.1,57.1,19.199999999999996,19.89999999999999,11.40749148694665,24.063564131668556,40.18161180476731,85.527809307605,69.97729852440409,49.94324631101021,16.85584562996595,3.1782065834279227,24.801362088535754,23.552780930760502,16.628830874006812,40.4,39.330306469920544
경북,비수도권,2021,2,2021.2/4,61.3,65.3,1472.0,63.7,839.0,2311.0,3.7,74.8,4.1,71.7,75.2,52.6,3.2,51.0,54.4,20.700000000000003,22.199999999999996,10.444601270289343,30.910374029640085,34.50952717007763,80.23994354269584,62.80875088214538,44.31898376852506,14.043754410726889,4.446012702893437,28.228652081863093,20.18348623853211,13.126323218066338,40.2,39.87297106563162
광주,비수도권,2021,2,2021.2/4,58.7,63.4,780.0,60.9,500.0,1280.0,3.7,69.6,3.8,66.9,71.8,52.7,3.4,50.9,55.0,16.000000000000007,16.89999999999999,13.696808510638297,17.68617021276596,44.28191489361702,89.76063829787235,75.93085106382979,53.590425531914896,17.287234042553195,4.920212765957447,20.079787234042552,21.27659574468085,13.563829787234042,40.0,51.59574468085106
대구,비수도권,2021,2,2021.2/4,58.8,66.0,1285.0,61.4,807.0,2091.0,4.3,71.8,4.3,68.7,74.8,51.7,4.4,49.4,57.3,19.300000000000004,20.099999999999994,14.564686737184704,18.795768917819366,40.52074857607811,90.48006509357201,76.64768104149715,53.78356387306753,17.493897477624085,5.370219690805533,20.260374288039056,22.945484133441823,10.252237591537835,38.6,53.78356387306753
대전,비수도권,2021,2,2021.2/4,61.1,66.4,815.0,63.3,473.0,1289.0,3.4,72.2,3.3,69.8,74.2,54.5,3.6,52.6,58.6,17.199999999999996,17.700000000000003,16.772554002541295,17.662007623888183,42.43964421855146,90.47013977128336,79.79669631512071,56.92503176620076,18.80559085133418,4.066073697585769,17.662007623888183,22.61753494282084,12.325285895806863,38.9,52.60482846251588
부산,비수도권,2021,2,2021.2/4,56.6,64.2,1730.0,58.6,1221.0,2951.0,3.5,68.1,3.8,65.5,72.3,49.9,3.1,48.4,56.5,17.1,18.199999999999996,13.652694610778443,21.79640718562874,40.35928143712575,88.20359281437126,74.13173652694611,50.83832335329341,18.263473053892216,5.029940119760479,22.395209580838323,22.874251497005986,12.395209580838323,38.8,47.84431137724551
서울,수도권,2021,2,2021.2/4,59.5,66.7,5358.0,62.8,3180.0,8538.0,5.2,71.3,4.9,67.8,74.5,55.0,5.5,52.0,59.4,15.799999999999997,16.299999999999997,18.12635308010234,15.922062586105099,44.51879551269435,91.73391064751033,81.99173391064751,59.043495374926195,18.14603424522732,4.821885455618973,16.29600472347963,21.413107655973235,10.667191497736667,39.2,60.38181460342452
세종,비수도권,2021,2,2021.2/4,64.0,67.0,192.0,65.4,102.0,294.0,2.1,77.1,1.8,75.7,78.2,53.7,2.7,52.2,55.7,23.5,23.39999999999999,12.23404255319149,12.76595744680851,55.85106382978723,92.5531914893617,81.38297872340425,69.68085106382979,10.106382978723403,1.5957446808510638,15.957446808510639,18.085106382978726,11.702127659574469,40.0,71.80851063829788
울산,비수도권,2021,2,2021.2/4,57.4,62.2,573.0,59.6,389.0,962.0,3.6,70.9,3.5,68.4,73.6,47.7,3.8,45.8,49.7,22.60000000000001,23.200000000000003,10.869565217391305,16.1231884057971,46.19565217391305,91.84782608695652,81.52173913043478,62.31884057971014,16.1231884057971,3.0797101449275366,16.304347826086957,21.3768115942029,11.594202898550725,39.6,47.46376811594203
인천,수도권,2021,2,2021.2/4,61.8,67.6,1654.0,64.9,893.0,2547.0,4.8,75.1,5.2,71.2,76.1,55.1,4.3,52.7,59.0,18.5,19.999999999999993,14.920634920634921,17.333333333333336,43.55555555555555,91.36507936507937,81.3968253968254,55.17460317460318,20.444444444444446,5.714285714285714,16.952380952380953,19.873015873015873,11.492063492063492,39.6,41.3968253968254
전남,비수도권,2021,2,2021.2/4,65.3,69.5,1016.0,66.7,508.0,1524.0,2.1,75.4,2.5,73.6,76.1,57.9,1.6,57.0,61.9,16.599999999999994,17.500000000000007,8.944723618090453,33.06532663316583,34.17085427135678,77.58793969849246,60.904522613065325,38.5929648241206,18.492462311557787,3.819095477386935,29.547738693467334,22.110552763819097,11.457286432160805,39.0,36.18090452261307
전북,비수도권,2021,2,2021.2/4,61.9,66.0,984.0,63.3,572.0,1556.0,2.2,71.5,2.4,69.8,72.3,55.3,2.0,54.1,59.4,15.699999999999996,16.200000000000003,10.706860706860708,30.04158004158004,36.07068607068607,80.66528066528068,64.96881496881497,44.6985446985447,15.696465696465697,4.5738045738045745,26.715176715176714,23.284823284823286,12.474012474012476,39.4,40.02079002079002
제주,비수도권,2021,2,2021.2/4,68.4,72.1,401.0,70.7,166.0,567.0,3.3,76.2,3.4,73.6,76.6,65.3,3.3,63.2,67.4,10.399999999999991,10.900000000000006,12.371134020618557,22.68041237113402,41.49484536082475,85.82474226804123,64.17525773195877,44.329896907216494,13.144329896907218,6.701030927835052,28.865979381443296,27.31958762886598,15.463917525773196,38.5,49.48453608247423
충남,비수도권,2021,2,2021.2/4,64.4,68.9,1251.0,66.2,640.0,1890.0,2.7,76.1,2.9,73.8,77.0,55.9,2.5,54.5,59.7,19.299999999999997,20.199999999999996,12.571898110106819,24.979457682826624,40.09860312243221,84.14133114215284,67.87181594083813,50.123253903040265,13.72226787181594,4.026294165981923,24.48644207066557,20.788824979457683,15.283483976992605,40.6,37.05834018077239
충북,비수도권,2021,2,2021.2/4,64.1,70.2,930.0,65.7,485.0,1415.0,2.5,74.7,2.5,72.9,77.6,56.5,2.5,55.1,62.1,17.800000000000004,18.200000000000003,14.22271223814774,23.26350606394708,38.919514884233735,87.10033076074973,72.65711135611907,52.590959206174205,16.09702315325248,3.9691289966923926,21.27894156560088,20.948180815876515,13.561190738699008,40.2,39.58103638368247
강원,비수도권,2021,3,2021.3/4,63.8,68.5,861.0,65.3,458.0,1318.0,2.3,71.3,2.4,69.6,74.3,59.4,2.1,58.2,62.6,11.399999999999991,11.899999999999999,11.533888228299643,30.202140309155766,34.36385255648038,81.21284185493461,69.32223543400713,44.23305588585018,18.90606420927467,6.064209274673008,24.37574316290131,30.915576694411417,13.079667063020214,37.6,37.5743162901308
경기,수도권,2021,3,2021.3/4,61.9,67.5,7478.0,63.8,4245.0,11723.0,3.0,74.9,2.8,72.7,77.7,52.8,3.2,51.1,56.9,21.6,22.10000000000001,15.203308063404549,16.292212267401794,44.97587870434183,91.8538938662991,80.74431426602344,58.3184011026878,17.946243969676086,4.493452791178497,17.036526533425224,27.305306685044794,9.924190213645762,38.6,50.26878015161957
경남,비수도권,2021,3,2021.3/4,61.6,66.2,1816.0,63.6,1038.0,2854.0,3.1,73.6,3.8,70.8,74.0,53.7,2.2,52.5,57.7,18.299999999999997,19.89999999999999,11.085844229675953,24.67310972143263,39.681637293917,85.27572484366117,70.26719727117681,50.02842524161455,16.884593519044913,3.411028993746447,24.161455372370668,29.22114837976123,13.985218874360433,38.7,39.11313246162592
경북,비수도권,2021,3,2021.3/4,62.3,66.4,1465.0,63.4,844.0,2309.0,1.8,74.0,2.1,72.4,76.0,52.9,1.2,52.3,55.9,20.10000000000001,21.1,10.562890896455873,31.202223766504517,34.537873523280055,80.05559416261293,62.26546212647672,43.571924947880476,14.384989576094508,4.308547602501737,28.353022932592076,23.07157748436414,12.717164697706739,39.7,38.846421125781795
광주,비수도권,2021,3,2021.3/4,58.7,63.7,773.0,60.3,508.0,1280.0,2.8,69.2,2.7,67.3,72.5,51.9,2.8,50.5,54.9,16.799999999999997,17.300000000000004,13.84820239680426,17.177097203728362,44.207723035952064,90.14647137150466,76.83089214380826,54.19440745672437,17.70972037283622,5.0599201065246335,19.44074567243675,25.832223701731028,12.78295605858855,39.3,50.99866844207723
대구,비수도권,2021,3,2021.3/4,58.9,66.2,1268.0,60.7,822.0,2091.0,2.9,71.0,3.1,68.8,74.7,51.0,2.7,49.6,57.8,19.199999999999996,20.0,14.54102355808286,19.008935824532898,41.10479285134037,90.33306255077173,76.8480909829407,54.02112103980503,17.790414297319252,5.03655564581641,20.308692120227455,26.645004061738426,9.34199837530463,37.5,54.346060113728676
대전,비수도권,2021,3,2021.3/4,61.8,67.5,814.0,63.2,475.0,1289.0,2.1,72.6,2.1,71.1,75.5,54.0,2.0,52.9,59.3,18.199999999999996,18.599999999999994,16.68757841907152,17.8168130489335,42.28356336260979,90.58971141781682,79.4228356336261,56.58720200752823,19.071518193224595,3.638644918444166,18.193224592220826,28.858218318695105,12.045169385194479,37.8,54.20326223337516
부산,비수도권,2021,3,2021.3/4,57.0,64.7,1727.0,58.6,1222.0,2950.0,2.6,68.2,3.0,66.2,72.8,49.7,2.2,48.6,56.7,17.6,18.5,13.733650416171225,22.473246135552913,39.59571938168847,87.75267538644471,73.90011890606421,50.05945303210464,18.72770511296076,5.053507728894173,22.59215219976219,29.845422116527942,11.950059453032106,38.0,47.91914387633769
서울,수도권,2021,3,2021.3/4,59.5,66.9,5290.0,62.0,3241.0,8531.0,4.0,70.3,4.1,67.4,73.9,54.5,3.9,52.4,60.3,15.000000000000007,15.799999999999997,18.081544219026984,15.934607051408312,44.51447705337797,91.74709474098877,82.31238920622414,58.735473704943864,18.790624384479024,4.7862911168012605,15.934607051408312,28.08745322040575,9.98621233011621,38.1,59.8975773094347
세종,비수도권,2021,3,2021.3/4,63.8,67.0,192.0,64.8,104.0,296.0,1.6,76.1,1.1,75.3,77.7,53.5,2.3,52.3,56.0,23.0,22.599999999999994,12.16931216931217,13.227513227513226,55.55555555555556,92.5925925925926,82.53968253968253,71.42857142857143,9.523809523809524,1.5873015873015872,14.814814814814813,29.629629629629626,10.582010582010582,37.9,71.95767195767195
울산,비수도권,2021,3,2021.3/4,58.1,63.2,574.0,59.7,387.0,961.0,2.6,71.1,2.7,69.1,74.7,47.8,2.6,46.6,50.7,22.499999999999993,23.299999999999997,11.469534050179211,16.30824372759857,45.340501792114694,91.93548387096774,81.54121863799283,61.29032258064516,17.921146953405017,2.3297491039426523,16.30824372759857,27.77777777777778,10.75268817204301,38.6,48.38709677419355
인천,수도권,2021,3,2021.3/4,61.8,67.5,1627.0,63.9,921.0,2547.0,3.2,74.4,3.6,71.7,76.4,53.6,2.6,52.2,58.5,19.5,20.800000000000004,14.73015873015873,17.96825396825397,42.92063492063492,90.92063492063492,81.84126984126983,56.952380952380956,19.365079365079367,5.523809523809524,16.6984126984127,25.71428571428571,10.285714285714285,38.6,40.63492063492063
전남,비수도권,2021,3,2021.3/4,65.7,69.9,1016.0,66.7,508.0,1524.0,1.5,75.0,1.8,73.6,76.5,58.4,1.1,57.7,62.5,15.899999999999991,16.6,9.290709290709291,33.06693306693307,33.46653346653346,77.32267732267732,60.83916083916085,38.86113886113886,18.48151848151848,3.4965034965034967,29.770229770229772,24.575424575424577,11.38861138861139,38.8,35.86413586413587
전북,비수도권,2021,3,2021.3/4,62.3,66.5,986.0,63.4,570.0,1556.0,1.7,71.8,1.9,70.5,72.8,55.2,1.4,54.4,59.7,16.1,16.599999999999994,11.134020618556702,30.412371134020617,35.56701030927835,80.20618556701031,65.36082474226804,44.74226804123712,16.288659793814432,4.329896907216495,26.804123711340207,28.76288659793814,12.989690721649486,38.8,40.72164948453608
제주,비수도권,2021,3,2021.3/4,66.8,70.9,390.0,68.6,179.0,568.0,2.6,75.2,2.4,73.4,77.1,62.0,2.9,60.2,64.3,13.200000000000003,13.200000000000003,11.842105263157894,23.157894736842106,41.31578947368421,86.05263157894737,65.26315789473685,45.78947368421053,13.684210526315791,5.7894736842105265,28.157894736842103,32.10526315789474,12.631578947368421,36.4,50.0
충남,비수도권,2021,3,2021.3/4,65.0,69.4,1247.0,65.8,647.0,1893.0,1.3,75.3,1.3,74.4,77.3,56.0,1.3,55.3,60.5,19.10000000000001,19.299999999999997,12.997562956945572,25.10154346060114,40.454914703493095,83.83428107229895,67.99350121852153,51.015434606011375,13.403736799350122,3.5743298131600327,24.20796100731113,24.939073923639317,13.89114541023558,39.6,38.58651502843217
충북,비수도권,2021,3,2021.3/4,64.2,70.3,929.0,65.5,489.0,1417.0,2.0,73.6,2.1,72.1,76.8,57.3,1.9,56.2,63.3,15.899999999999991,16.299999999999997,14.065934065934066,23.846153846153847,38.57142857142858,86.92307692307692,72.52747252747253,51.758241758241766,16.813186813186814,3.9560439560439558,21.64835164835165,27.472527472527474,12.967032967032969,38.9,39.45054945054945
강원,비수도권,2021,4,2021.4/4,62.0,68.2,851.0,64.4,470.0,1321.0,3.7,70.8,3.3,68.5,74.4,58.2,4.1,55.8,61.7,12.700000000000003,12.599999999999994,11.219512195121952,29.024390243902438,35.853658536585364,82.80487804878048,70.0,46.34146341463415,17.926829268292682,5.731707317073171,24.268292682926827,30.853658536585364,12.195121951219512,37.9,38.90243902439025
경기,수도권,2021,4,2021.4/4,62.3,68.1,7553.0,64.1,4234.0,11787.0,2.8,74.8,2.5,72.9,77.9,53.4,3.2,51.7,58.0,21.200000000000003,21.4,15.015669709769725,16.269246491347594,44.92437661806786,91.89262842349095,81.06008993050824,59.13612208747786,17.536449107507835,4.401144570104918,16.787028205477586,26.992778307671344,9.892355906799292,38.8,50.538220466003544
경남,비수도권,2021,4,2021.4/4,60.4,65.3,1790.0,62.7,1065.0,2854.0,3.7,72.8,3.7,70.2,73.7,52.5,3.7,50.6,56.2,19.6,20.299999999999997,10.556844547563806,24.825986078886313,39.03712296983758,85.61484918793504,70.01160092807424,50.81206496519721,16.067285382830626,3.1322505800464038,24.477958236658935,30.162412993039446,12.993039443155451,38.9,39.385150812064964
경북,비수도권,2021,4,2021.4/4,61.8,66.9,1458.0,63.1,852.0,2310.0,2.0,74.4,1.9,72.9,77.1,51.9,2.2,50.7,55.6,22.200000000000003,22.500000000000007,11.064425770308123,30.11204481792717,34.73389355742297,80.95238095238095,63.02521008403361,44.67787114845939,14.07563025210084,4.271708683473389,28.361344537815125,25.700280112044815,11.344537815126051,38.9,39.21568627450981
광주,비수도권,2021,4,2021.4/4,57.8,63.4,764.0,59.7,517.0,1281.0,3.1,68.9,3.0,66.8,72.5,50.9,3.2,49.3,54.4,17.5,18.000000000000007,14.054054054054054,16.89189189189189,44.189189189189186,90.94594594594595,77.16216216216216,55.81081081081081,17.027027027027028,4.45945945945946,19.324324324324323,23.783783783783786,12.702702702702704,39.9,50.810810810810814
대구,비수도권,2021,4,2021.4/4,58.6,66.3,1258.0,60.2,831.0,2089.0,2.6,70.3,2.4,68.6,74.8,50.8,2.9,49.3,57.8,19.299999999999997,19.5,13.959183673469388,18.693877551020407,41.63265306122449,90.44897959183673,76.9795918367347,55.91836734693878,16.408163265306122,4.73469387755102,20.57142857142857,26.612244897959187,9.224489795918366,38.2,54.93877551020409
대전,비수도권,2021,4,2021.4/4,61.7,68.0,817.0,63.4,472.0,1289.0,2.6,73.8,2.6,71.9,76.9,53.3,2.6,51.9,59.0,20.000000000000007,20.5,17.21105527638191,17.21105527638191,42.085427135678394,91.20603015075378,78.39195979899498,57.286432160804026,17.08542713567839,4.0201005025125625,18.84422110552764,27.763819095477388,12.688442211055277,38.5,56.65829145728644
부산,비수도권,2021,4,2021.4/4,56.3,64.0,1708.0,57.9,1240.0,2948.0,2.8,67.1,2.8,65.2,71.6,49.5,2.9,48.1,56.6,17.1,17.599999999999994,13.080168776371309,22.362869198312236,40.4460518384569,87.64315852923448,74.62326702833032,51.17540687160941,18.7462326702833,4.701627486437613,22.12176009644364,29.294755877034355,12.236286919831224,38.9,49.186256781193485
서울,수도권,2021,4,2021.4/4,59.9,67.4,5317.0,62.4,3207.0,8524.0,4.0,71.0,4.3,67.9,74.5,54.6,3.7,52.6,60.8,15.300000000000004,16.4,17.679341434731477,16.072128577028614,44.68835750686006,91.70913367306939,82.02665621324971,59.13367306938455,18.600548804390435,4.31203449627597,16.26813014504116,27.94982359858879,10.172481379851039,38.4,59.780478243825954
세종,비수도권,2021,4,2021.4/4,61.5,65.0,187.0,62.3,113.0,300.0,1.4,73.5,1.5,72.5,75.4,51.2,1.4,50.5,54.2,22.0,22.299999999999997,10.27027027027027,12.972972972972974,56.75675675675676,92.97297297297298,81.62162162162161,70.8108108108108,9.18918918918919,2.1621621621621623,15.675675675675677,30.810810810810814,10.27027027027027,37.7,72.43243243243244
울산,비수도권,2021,4,2021.4/4,58.3,64.1,578.0,60.2,382.0,959.0,3.1,72.0,2.7,70.0,76.3,47.9,3.8,46.1,50.8,23.9,24.1,11.785714285714285,16.071428571428573,45.17857142857143,92.5,81.96428571428571,61.964285714285715,17.67857142857143,2.3214285714285716,16.071428571428573,28.92857142857143,11.071428571428571,38.9,49.28571428571429
인천,수도권,2021,4,2021.4/4,61.6,68.1,1615.0,63.3,935.0,2550.0,2.7,74.1,2.5,72.3,77.9,52.8,3.2,51.1,58.1,21.199999999999996,21.299999999999997,14.904458598726114,17.32484076433121,42.86624203821656,91.78343949044586,82.29299363057325,57.8343949044586,18.980891719745223,5.477707006369427,16.560509554140125,24.522292993630572,9.936305732484078,39.1,41.27388535031847
전남,비수도권,2021,4,2021.4/4,65.4,70.8,1017.0,66.7,507.0,1524.0,2.1,74.6,1.7,73.3,77.2,58.8,2.5,57.4,63.5,15.899999999999999,15.799999999999997,9.437751004016064,32.22891566265061,34.036144578313255,78.5140562248996,60.44176706827309,39.1566265060241,17.16867469879518,4.116465863453815,30.120481927710845,25.702811244979916,11.244979919678714,39.0,36.04417670682731
전북,비수도권,2021,4,2021.4/4,61.4,66.7,976.0,62.7,580.0,1556.0,2.1,72.0,1.9,70.6,73.6,53.8,2.3,52.5,59.4,18.099999999999994,18.200000000000003,11.832460732984293,29.005235602094242,35.916230366492144,81.57068062827226,65.0261780104712,45.44502617801047,15.49738219895288,4.0837696335078535,27.853403141361255,31.413612565445025,11.413612565445026,37.9,41.15183246073298
제주,비수도권,2021,4,2021.4/4,68.3,72.7,400.0,70.1,171.0,570.0,2.6,76.1,1.9,74.6,78.7,64.1,3.4,61.9,66.5,12.699999999999996,12.0,11.825192802056556,23.13624678663239,41.38817480719794,86.37532133676092,65.80976863753213,45.24421593830334,13.110539845758353,7.455012853470437,27.249357326478147,31.619537275064268,13.110539845758353,38.1,49.61439588688946
충남,비수도권,2021,4,2021.4/4,63.7,69.1,1227.0,64.7,670.0,1897.0,1.5,75.3,1.5,74.2,78.3,53.6,1.5,52.8,58.5,21.400000000000006,21.699999999999996,12.82051282051282,24.317617866004962,40.86021505376344,84.863523573201,69.31348221670802,52.44003308519437,12.903225806451612,3.970223325062035,23.82133995037221,27.543424317617866,13.0686517783292,39.1,39.70223325062035
충북,비수도권,2021,4,2021.4/4,64.3,70.7,932.0,65.6,489.0,1420.0,1.9,74.7,2.2,73.0,77.9,56.4,1.6,55.5,62.9,17.5,18.300000000000004,14.22319474835886,24.17943107221007,37.96498905908096,86.87089715536105,71.99124726477024,51.750547045951855,16.08315098468271,4.048140043763676,22.538293216630198,28.88402625820569,12.691466083150985,38.7,39.16849015317287
강원,비수도권,2022,1,2022.1/4,58.0,65.4,802.0,60.9,516.0,1318.0,4.7,65.8,3.9,63.3,70.6,56.1,5.7,52.9,60.1,10.399999999999999,9.699999999999996,11.50326797385621,26.535947712418302,36.993464052287585,84.57516339869281,71.89542483660131,51.24183006535947,16.470588235294116,4.183006535947712,23.52941176470588,25.359477124183005,11.372549019607844,37.6,41.17647058823529
경기,수도권,2022,1,2022.1/4,62.5,69.1,7618.0,64.4,4203.0,11822.0,3.0,75.2,2.5,73.3,78.8,53.8,3.6,51.8,59.0,21.5,21.400000000000006,15.447044501555526,15.582307588259164,45.19139726768565,92.51995130528879,81.46895712160152,60.53023129987827,16.93493845529555,3.9902610577573383,16.691464899229,18.936832138509402,9.698363316650886,39.4,50.48018395779792
경남,비수도권,2022,1,2022.1/4,60.0,65.8,1779.0,62.3,1075.0,2853.0,3.8,72.5,3.8,69.8,74.5,52.1,3.8,50.1,56.3,19.699999999999996,20.4,11.163062536528345,23.9041496201052,39.15838690824079,86.49912331969608,70.13442431326709,52.367036820572764,14.72822910578609,3.0391583869082406,24.83927527761543,25.48217416715371,12.27352425482174,38.5,41.20397428404442
경북,비수도권,2022,1,2022.1/4,60.6,66.6,1454.0,62.7,865.0,2319.0,3.4,74.4,3.1,72.1,76.5,50.9,3.8,49.0,55.5,23.099999999999994,23.500000000000007,11.387900355871885,29.11032028469751,35.37366548042705,81.99288256227759,64.12811387900355,46.33451957295374,13.665480427046264,4.128113879003559,28.540925266903916,24.697508896797153,10.320284697508896,37.8,39.7153024911032
광주,비수도권,2022,1,2022.1/4,57.8,63.5,770.0,60.1,511.0,1280.0,3.8,69.4,3.5,67.0,72.5,51.3,4.3,49.1,54.5,17.9,18.10000000000001,14.594594594594595,16.756756756756758,43.513513513513516,90.81081081081082,76.62162162162161,57.16216216216217,16.08108108108108,3.3783783783783785,19.72972972972973,20.54054054054054,12.432432432432433,39.7,51.08108108108108
대구,비수도권,2022,1,2022.1/4,58.3,66.3,1257.0,60.3,829.0,2085.0,3.3,70.3,2.5,68.6,75.3,50.8,4.3,48.6,57.4,19.999999999999993,19.5,13.74485596707819,18.51851851851852,41.31687242798353,90.78189300411522,77.36625514403292,57.11934156378601,15.637860082304528,4.526748971193416,20.411522633744855,21.563786008230455,9.7119341563786,38.6,54.81481481481482
대전,비수도권,2022,1,2022.1/4,60.8,67.4,810.0,62.9,478.0,1288.0,3.3,73.1,3.2,70.8,76.1,53.0,3.5,51.1,58.7,19.699999999999996,20.099999999999994,17.496807151979567,17.11366538952746,42.27330779054917,91.57088122605363,79.18263090676884,59.897828863346106,15.453384418901662,3.959131545338442,18.26309067688378,21.966794380587483,11.877394636015326,38.5,57.98212005108557
부산,비수도권,2022,1,2022.1/4,55.8,64.2,1703.0,57.8,1244.0,2947.0,3.4,66.9,3.3,64.7,71.7,49.4,3.5,47.7,56.8,17.0,17.500000000000007,12.940461725394897,21.87120291616039,41.06925880923451,88.27460510328068,75.273390036452,52.18712029161604,18.65127582017011,4.434993924665856,21.38517618469016,23.268529769137302,12.029161603888214,39.2,49.453219927095994
서울,수도권,2022,1,2022.1/4,59.5,67.4,5292.0,62.2,3210.0,8503.0,4.4,71.0,4.4,67.8,74.5,54.4,4.4,52.0,60.8,15.799999999999997,16.6,18.00395256916996,15.553359683794465,44.86166007905138,92.03557312252964,81.83794466403162,60.573122529644266,17.549407114624508,3.735177865612648,16.462450592885375,20.0,10.652173913043478,39.1,61.06719367588933
세종,비수도권,2022,1,2022.1/4,61.7,65.9,191.0,63.3,111.0,303.0,2.5,74.8,2.2,73.1,76.5,52.0,3.0,50.4,55.0,22.699999999999996,22.799999999999997,10.695187165775401,12.299465240641712,57.21925133689839,93.58288770053476,82.35294117647058,71.65775401069519,9.090909090909092,2.13903743315508,15.508021390374333,20.32085561497326,10.695187165775401,38.2,72.19251336898395
울산,비수도권,2022,1,2022.1/4,57.4,63.2,572.0,59.7,387.0,959.0,3.8,71.6,3.1,69.3,75.8,47.2,4.9,44.9,49.3,24.4,24.39999999999999,12.159709618874773,16.152450090744104,44.46460980036298,92.19600725952813,84.0290381125227,64.97277676950998,16.696914700544465,2.35934664246824,14.337568058076226,21.415607985480946,9.618874773139746,38.9,49.00181488203267
인천,수도권,2022,1,2022.1/4,61.0,68.0,1624.0,63.5,935.0,2559.0,3.8,74.2,3.6,71.6,77.5,52.9,4.2,50.7,58.3,20.89999999999999,21.300000000000004,15.054452274183216,16.912235746316465,42.92120435618194,92.3126201153107,82.0627802690583,58.680333119795,18.25752722613709,5.1249199231262015,16.46380525304292,18.898142216527866,10.506085842408712,39.7,41.76809737347854
전남,비수도권,2022,1,2022.1/4,64.4,69.8,1011.0,66.3,514.0,1525.0,3.0,74.6,2.4,72.8,76.5,58.0,3.7,55.9,62.2,16.9,16.599999999999994,9.480122324159021,32.31396534148828,33.74108053007136,78.38939857288482,60.44852191641182,40.57084607543323,16.411824668705403,3.567787971457696,31.396534148827726,27.115188583078492,10.9072375127421,37.3,36.799184505606526
전북,비수도권,2022,1,2022.1/4,60.0,65.4,963.0,61.8,594.0,1556.0,2.9,71.0,2.7,69.1,72.1,53.0,3.2,51.2,58.3,17.89999999999999,18.0,11.45610278372591,28.586723768736615,36.402569593147746,81.5845824411135,65.52462526766595,46.14561027837259,15.952890792291221,3.4261241970021414,28.051391862955033,29.229122055674516,9.850107066381156,36.8,42.184154175588866
제주,비수도권,2022,1,2022.1/4,68.7,73.4,403.0,70.4,169.0,572.0,2.5,76.9,2.5,75.0,79.1,64.0,2.5,62.4,67.4,12.600000000000001,12.900000000000006,12.46819338422392,22.646310432569976,41.98473282442748,86.25954198473282,65.39440203562341,44.783715012722645,13.740458015267176,6.870229007633588,27.480916030534353,26.717557251908396,14.249363867684478,37.7,50.63613231552163
충남,비수도권,2022,1,2022.1/4,60.5,67.1,1184.0,62.3,716.0,1900.0,2.9,73.3,2.6,71.4,76.5,50.9,3.4,49.2,56.5,22.200000000000003,22.4,13.73913043478261,22.34782608695652,41.47826086956522,86.52173913043478,70.52173913043478,54.608695652173914,12.0,3.91304347826087,24.08695652173913,22.956521739130434,12.608695652173912,38.8,41.04347826086956
충북,비수도권,2022,1,2022.1/4,63.0,70.1,926.0,65.1,496.0,1423.0,3.2,74.8,3.3,72.4,77.1,55.2,3.2,53.5,62.5,18.900000000000006,19.599999999999994,14.955357142857142,23.214285714285715,38.169642857142854,87.83482142857143,71.42857142857143,53.45982142857143,14.84375,3.125,23.325892857142858,23.883928571428573,12.276785714285714,38.2,40.625
강원,비수도권,2022,2,2022.2/4,63.5,68.6,859.0,65.1,461.0,1321.0,2.5,70.5,2.2,69.0,74.2,59.8,2.8,58.2,62.7,10.799999999999997,10.700000000000003,10.739856801909307,30.906921241050117,34.36754176610978,80.78758949880668,70.52505966587113,47.7326968973747,17.780429594272075,5.011933174224343,23.98568019093079,25.059665871121716,12.17183770883055,38.2,39.856801909307876
경기,수도권,2022,2,2022.2/4,64.8,70.7,7934.0,66.8,3939.0,11872.0,3.0,77.6,2.6,75.6,80.3,56.2,3.5,54.2,60.8,21.39999999999999,21.39999999999999,15.393608729540139,17.26422447388932,43.933489217978696,91.1925175370226,81.60561184723305,60.340348142374644,17.381137957911147,3.897116134060795,16.575733956871915,19.199792153806182,9.859703819173811,39.5,50.467653936087295
경남,비수도권,2022,2,2022.2/4,61.9,67.0,1832.0,64.2,1021.0,2853.0,3.6,74.0,3.2,71.6,76.1,54.4,4.1,52.1,57.1,19.499999999999993,19.6,11.041902604756512,25.821064552661383,37.99546998867498,85.05096262740656,69.30917327293318,51.01925254813137,15.118912797281995,3.1710079275198186,24.971687429218573,21.91392978482446,14.77916194790487,40.4,41.22310305775764
경북,비수도권,2022,2,2022.2/4,64.1,69.2,1525.0,65.5,802.0,2328.0,2.2,75.3,2.2,73.6,77.5,55.8,2.1,54.6,59.9,18.999999999999993,19.5,11.327077747989277,30.96514745308311,34.11528150134048,80.29490616621983,64.14209115281501,44.70509383378016,14.87935656836461,4.624664879356569,27.61394101876676,20.844504021447722,13.404825737265416,40.1,38.8739946380697
광주,비수도권,2022,2,2022.2/4,58.6,63.9,771.0,60.3,508.0,1279.0,2.8,69.6,2.7,67.8,73.1,51.4,3.1,49.8,54.7,18.0,18.199999999999996,14.419225634178906,18.29105473965287,42.18958611481976,89.85313751668892,77.03604806408545,55.67423230974633,17.356475300400533,4.138851802403204,19.359145527369826,20.5607476635514,12.950600801068092,40.4,49.265687583444596
대구,비수도권,2022,2,2022.2/4,59.3,67.0,1272.0,61.3,805.0,2077.0,3.1,71.2,2.6,69.3,75.6,51.9,3.8,50.0,58.5,19.299999999999997,19.300000000000004,12.814274128142742,19.870235198702353,40.794809407948094,89.6999188969992,78.18329278183292,56.36658556366586,16.62611516626115,5.190592051905921,19.870235198702353,20.92457420924574,11.11111111111111,39.5,52.960259529602595
대전,비수도권,2022,2,2022.2/4,61.3,67.3,808.0,62.8,479.0,1288.0,2.4,72.9,1.7,71.6,76.4,52.9,3.3,51.2,58.0,20.39999999999999,20.000000000000007,17.23700887198986,18.250950570342205,41.44486692015209,90.36755386565272,79.59442332065906,60.5830164765526,14.955640050697086,4.055766793409378,17.99746514575412,21.419518377693283,12.801013941698352,39.2,58.30164765525983
부산,비수도권,2022,2,2022.2/4,57.2,65.2,1731.0,58.9,1209.0,2941.0,2.9,68.4,3.0,66.3,73.3,50.2,2.8,48.7,57.2,17.599999999999994,18.200000000000003,13.146936347412256,23.200475907198097,39.67876264128495,87.26948245092207,76.02617489589531,51.516954193932186,19.33372992266508,5.234979179060083,20.82093991671624,23.259964306960143,11.957168352171326,39.4,48.30458060678168
서울,수도권,2022,2,2022.2/4,60.7,68.7,5326.0,62.9,3138.0,8464.0,3.6,71.7,3.7,69.0,76.1,55.0,3.5,53.1,61.8,15.899999999999999,16.700000000000003,17.6860148032723,16.205687573042464,44.31242695753798,91.68289832489288,81.82703544994156,59.91429684456564,17.471756914686402,4.4409816906895205,16.45890144137125,19.906505648617063,11.297234125438255,39.6,60.732372419166346
세종,비수도권,2022,2,2022.2/4,64.8,68.2,204.0,66.3,104.0,308.0,2.3,79.0,2.6,76.9,79.5,53.8,1.7,52.8,56.7,24.10000000000001,25.200000000000003,11.557788944723619,14.07035175879397,54.773869346733676,92.46231155778895,81.4070351758794,69.84924623115577,9.547738693467336,1.507537688442211,16.08040201005025,20.603015075376884,11.557788944723619,38.9,70.35175879396985
울산,비수도권,2022,2,2022.2/4,59.5,64.8,590.0,61.7,367.0,956.0,3.5,73.2,3.3,70.7,76.9,49.6,3.9,47.7,51.4,23.0,23.6,12.126537785588752,18.101933216168717,43.23374340949033,91.03690685413005,84.88576449912127,63.620386643233736,18.45342706502636,2.987697715289982,13.53251318101933,20.56239015817223,9.314586994727591,39.3,48.154657293497365
인천,수도권,2022,2,2022.2/4,62.8,69.5,1674.0,65.1,896.0,2570.0,3.6,75.5,3.5,72.9,78.2,55.0,3.6,53.0,60.5,19.900000000000006,20.5,15.241635687732341,17.967781908302356,42.317224287484514,91.32589838909541,81.78438661710037,57.372986369268894,19.702602230483272,4.708798017348203,16.728624535315987,18.463444857496903,11.462205700123915,39.9,41.69764560099132
전남,비수도권,2022,2,2022.2/4,67.1,71.6,1045.0,68.5,481.0,1526.0,2.0,76.5,2.4,74.7,77.7,60.5,1.6,59.5,64.7,15.200000000000003,16.0,9.47265625,33.88671875,32.51953125,76.85546875,59.9609375,38.76953125,17.1875,4.1015625,31.15234375,21.484375,12.59765625,39.8,36.03515625
전북,비수도권,2022,2,2022.2/4,63.3,67.4,1011.0,64.9,547.0,1557.0,2.5,72.5,2.9,70.4,72.8,57.5,2.0,56.4,61.7,14.000000000000007,15.0,11.156186612576064,30.73022312373225,34.88843813387424,79.5131845841785,65.21298174442191,44.62474645030426,16.835699797160245,3.6511156186612577,26.673427991886413,24.645030425963487,11.460446247464503,38.7,42.08924949290061
제주,비수도권,2022,2,2022.2/4,69.2,73.3,405.0,70.6,169.0,574.0,2.0,76.1,2.3,74.4,78.1,65.1,1.8,64.0,68.3,10.400000000000006,11.0,12.090680100755668,23.67758186397985,41.30982367758186,85.64231738035264,65.23929471032746,45.08816120906801,14.86146095717884,5.289672544080604,27.204030226700255,27.70780856423174,13.602015113350127,38.1,51.385390428211586
충남,비수도권,2022,2,2022.2/4,65.1,69.5,1276.0,66.9,630.0,1906.0,2.8,76.8,2.8,74.6,78.0,56.7,2.6,55.2,60.0,19.39999999999999,20.099999999999994,13.13456889605157,26.349717969379533,38.517324738114425,83.1587429492345,67.28444802578566,50.92667203867849,12.409347300564061,4.0290088638195005,25.94681708299758,22.07896857373086,14.26269137792103,40.3,37.711522965350525
충북,비수도권,2022,2,2022.2/4,65.9,71.7,966.0,67.8,460.0,1425.0,2.7,76.9,2.5,75.0,78.5,58.5,3.0,56.7,64.3,18.299999999999997,18.400000000000006,14.574468085106382,25.53191489361702,36.702127659574465,85.42553191489361,69.8936170212766,50.851063829787236,15.0,4.042553191489362,23.829787234042556,20.74468085106383,14.680851063829786,40.2,40.0
강원,비수도권,2022,3,2022.3/4,64.1,68.8,867.0,65.5,456.0,1324.0,2.2,71.7,2.2,70.2,75.0,59.5,2.3,58.2,62.5,12.0,12.200000000000003,10.966981132075473,31.485849056603776,33.72641509433962,79.95283018867924,69.92924528301887,47.16981132075472,17.806603773584907,4.952830188679245,24.410377358490564,41.509433962264154,10.966981132075473,36.0,40.33018867924528
경기,수도권,2022,3,2022.3/4,64.6,70.4,7891.0,66.3,4014.0,11905.0,2.5,77.1,2.4,75.3,79.8,55.5,2.7,54.0,60.7,21.299999999999997,21.599999999999994,15.011697426566156,17.689108396152847,43.87834676371198,90.86301013776969,81.41408890044191,60.96958669092799,16.33740577073044,4.107096438783468,16.81829997400572,40.74603587210814,7.993241486872887,36.7,51.48167403171302
경남,비수도권,2022,3,2022.3/4,61.2,66.3,1799.0,63.1,1051.0,2850.0,3.0,72.8,2.9,70.7,75.1,53.4,3.2,51.7,56.7,19.0,19.4,10.435779816513762,25.860091743119266,38.47477064220183,84.80504587155964,69.20871559633028,51.26146788990825,15.194954128440367,2.7522935779816518,25.11467889908257,39.50688073394495,10.550458715596331,37.1,42.37385321100918
경북,비수도권,2022,3,2022.3/4,63.8,68.5,1513.0,65.0,815.0,2328.0,1.8,74.6,1.9,73.2,76.6,55.3,1.7,54.3,59.5,18.900000000000006,19.299999999999997,10.834454912516824,31.292059219380885,34.11843876177658,79.60969044414536,63.45895020188426,44.27994616419919,14.8721399730821,4.306864064602961,28.129205921938087,34.45491251682369,11.305518169582772,37.9,38.49259757738896
광주,비수도권,2022,3,2022.3/4,59.0,64.6,773.0,60.4,506.0,1279.0,2.4,69.4,2.3,67.9,73.4,51.9,2.5,50.6,55.8,17.300000000000004,17.500000000000007,13.925729442970821,18.43501326259947,42.83819628647215,90.05305039787798,77.71883289124668,56.63129973474801,17.374005305039788,3.7135278514588856,18.70026525198939,36.87002652519894,10.477453580901857,37.7,49.86737400530504
대구,비수도권,2022,3,2022.3/4,59.8,67.4,1270.0,61.3,803.0,2073.0,2.5,71.0,2.3,69.3,75.3,52.2,2.7,50.8,59.6,18.5,18.799999999999997,12.994350282485875,20.742534301856335,40.35512510088781,89.34624697336562,78.85391444713478,56.57788539144472,17.110573042776434,5.16545601291364,19.128329297820823,37.44955609362389,9.281678773204197,36.9,52.05811138014528
대전,비수도권,2022,3,2022.3/4,61.9,68.1,814.0,63.2,474.0,1288.0,2.0,73.3,1.6,72.2,77.4,53.4,2.6,52.0,58.6,20.200000000000003,19.9,17.691342534504393,18.444165621079048,41.1543287327478,90.21329987452948,80.55207026348809,60.47678795483061,15.809284818067754,4.265997490589712,17.189460476787954,39.89962358845671,10.790464240903388,37.0,57.340025094102884
부산,비수도권,2022,3,2022.3/4,57.8,66.0,1744.0,59.4,1192.0,2936.0,2.7,69.3,3.0,67.2,74.9,50.3,2.4,49.1,57.4,18.1,19.0,13.443396226415095,23.702830188679243,39.15094339622642,87.0872641509434,76.06132075471697,50.29481132075472,21.108490566037734,4.716981132075472,21.108490566037734,42.27594339622642,10.023584905660378,36.3,48.2311320754717
서울,수도권,2022,3,2022.3/4,60.8,68.8,5282.0,62.5,3166.0,8448.0,2.8,70.9,2.8,68.9,76.0,55.0,2.9,53.4,62.1,15.500000000000007,15.900000000000006,17.494642509253847,16.598480420806546,44.18468731735827,91.36956945256185,81.99883109292811,60.37405026300409,17.592051431911162,4.032729398012858,16.38418079096045,42.197545295149034,9.526592635885448,36.6,60.977985583479445
세종,비수도권,2022,3,2022.3/4,64.6,68.0,205.0,65.8,107.0,312.0,1.9,78.4,2.2,76.8,79.5,53.4,1.4,52.5,56.4,24.299999999999997,25.000000000000007,11.442786069651742,13.930348258706468,55.223880597014926,92.53731343283582,82.08955223880598,70.64676616915423,10.44776119402985,1.4925373134328357,15.422885572139302,42.78606965174129,8.45771144278607,35.3,70.1492537313433
울산,비수도권,2022,3,2022.3/4,59.9,65.3,588.0,61.6,367.0,955.0,2.7,73.4,2.8,71.4,77.3,49.2,2.6,47.9,52.2,23.500000000000007,24.200000000000003,11.713286713286713,18.53146853146853,42.83216783216783,90.73426573426573,84.79020979020979,64.5104895104895,18.181818181818183,2.272727272727273,13.81118881118881,39.51048951048951,8.391608391608392,36.5,48.25174825174825
인천,수도권,2022,3,2022.3/4,63.5,70.0,1688.0,65.4,893.0,2580.0,2.9,75.5,2.7,73.4,78.7,55.6,3.2,53.8,61.2,19.60000000000001,19.9,15.436241610738255,18.48688224527151,42.22086638194021,90.78706528370958,80.90298962782184,57.10799267846248,19.829164124466136,4.026845637583892,17.38865161683954,39.41427699816962,10.372178157413057,37.3,42.09884075655887
전남,비수도권,2022,3,2022.3/4,66.9,71.3,1040.0,68.2,485.0,1525.0,1.8,76.1,2.2,74.5,77.4,60.2,1.3,59.4,64.6,15.100000000000001,15.899999999999991,9.10871694417238,34.280117531831536,32.419196865817824,76.59157688540647,59.64740450538688,39.569049951028404,17.140058765915768,2.9382957884427032,31.145935357492654,35.945151811949074,10.773751224289912,37.4,36.23898139079334
전북,비수도권,2022,3,2022.3/4,63.7,67.7,1008.0,64.8,549.0,1556.0,1.7,72.1,2.0,70.7,72.9,57.6,1.3,56.9,62.2,13.800000000000004,14.499999999999993,11.503531786074673,31.079717457114025,34.71241170534813,79.21291624621595,64.88395560040362,44.29868819374369,17.15438950554995,3.4308779011099895,26.437941473259336,38.95055499495459,9.687184661957618,36.5,41.87689202825429
제주,비수도권,2022,3,2022.3/4,70.2,74.8,411.0,71.5,164.0,575.0,1.8,77.5,2.1,75.9,79.7,65.7,1.6,64.6,69.8,11.300000000000011,11.799999999999997,12.871287128712872,23.26732673267327,41.089108910891085,85.89108910891089,66.58415841584159,46.03960396039604,15.099009900990099,5.445544554455446,26.48514851485149,41.584158415841586,9.653465346534654,35.2,51.23762376237624
충남,비수도권,2022,3,2022.3/4,66.4,70.9,1292.0,67.6,618.0,1910.0,1.9,77.0,1.9,75.5,78.6,57.9,1.8,56.9,62.2,18.6,19.1,12.943962115232832,26.756116811365434,38.35832675611681,83.03078137332281,67.71902131018153,50.118389897395424,13.338595106550907,4.262036306235202,25.651144435674823,36.148382004735595,11.838989739542226,37.5,36.621941594317285
충북,비수도권,2022,3,2022.3/4,65.7,71.5,958.0,67.1,469.0,1428.0,2.1,76.5,2.5,74.6,78.3,57.6,1.6,56.7,64.1,17.89999999999999,18.9,14.39232409381663,25.692963752665243,36.88699360341152,85.28784648187633,70.8955223880597,51.812366737739865,15.13859275053305,4.051172707889126,23.240938166311302,36.46055437100213,11.620469083155651,37.3,39.872068230277186
강원,비수도권,2022,4,2022.4/4,61.8,68.1,849.0,64.0,478.0,1328.0,3.4,69.6,3.0,67.5,73.3,58.5,3.9,56.3,62.8,11.200000000000003,11.099999999999994,11.097560975609756,30.0,34.756097560975604,81.82926829268293,70.85365853658536,48.65853658536585,17.560975609756095,4.634146341463414,24.390243902439025,35.97560975609756,10.975609756097562,36.6,41.46341463414634
경기,수도권,2022,4,2022.4/4,63.7,69.7,7792.0,65.3,4142.0,11934.0,2.4,75.9,2.3,74.2,78.9,54.7,2.6,53.3,60.2,20.900000000000006,21.200000000000003,14.69892190376019,17.7097028661583,43.72863528793058,90.98080462792532,80.6468577438864,61.043912700499604,15.790165658690508,3.8127793846962925,17.538785169602946,30.147252169339993,8.953457796476465,38.1,51.76176702603208
경남,비수도권,2022,4,2022.4/4,61.1,66.7,1790.0,62.9,1057.0,2847.0,2.8,72.1,2.4,70.4,74.9,53.6,3.2,51.9,57.8,18.500000000000007,18.499999999999993,10.402298850574713,25.517241379310345,38.2183908045977,85.11494252873564,70.28735632183908,51.95402298850574,15.459770114942529,2.8735632183908044,24.25287356321839,32.758620689655174,11.551724137931034,37.9,43.39080459770115
경북,비수도권,2022,4,2022.4/4,63.0,68.5,1504.0,64.6,822.0,2326.0,2.6,74.7,2.3,72.9,76.9,54.6,3.0,52.9,59.1,20.000000000000007,20.1,10.724043715846994,30.87431693989071,34.35792349726776,80.39617486338798,63.04644808743169,45.21857923497268,13.797814207650273,4.030054644808743,29.098360655737704,31.693989071038253,10.655737704918032,37.6,39.41256830601093
광주,비수도권,2022,4,2022.4/4,59.1,65.2,777.0,60.7,503.0,1279.0,2.5,69.5,2.3,67.9,73.6,52.4,2.9,50.8,56.8,17.10000000000001,17.1,13.738441215323647,17.96565389696169,43.064729194187585,90.3566710700132,77.80713342140027,57.59577278731837,16.380449141347427,3.6988110964332894,18.626155878467635,29.590488771466315,10.700132100396301,38.5,50.99075297225891
대구,비수도권,2022,4,2022.4/4,59.1,66.9,1261.0,60.9,811.0,2072.0,2.8,70.6,2.8,68.6,74.6,51.8,2.8,50.3,59.2,18.299999999999997,18.799999999999997,12.887438825448614,20.96247960848287,40.375203915171284,89.31484502446982,78.30342577487765,56.525285481239806,17.128874388254488,4.64926590538336,19.494290375203917,29.771615008156605,10.358890701468189,38.1,52.44698205546493
대전,비수도권,2022,4,2022.4/4,62.4,68.9,819.0,63.5,470.0,1289.0,1.7,73.0,1.6,71.9,77.5,54.3,2.0,53.2,60.2,18.700000000000003,18.700000000000003,17.142857142857142,18.633540372670808,41.61490683229814,90.31055900621118,80.8695652173913,61.61490683229813,14.658385093167702,4.596273291925466,17.018633540372672,32.79503105590062,10.93167701863354,37.9,58.13664596273293
부산,비수도권,2022,4,2022.4/4,57.7,66.2,1741.0,59.3,1192.0,2933.0,2.8,68.9,2.6,67.1,75.3,50.6,3.0,49.0,57.3,18.099999999999994,18.300000000000004,13.120567375886525,23.64066193853428,39.59810874704492,87.11583924349881,76.12293144208037,50.53191489361703,21.513002364066196,4.078014184397164,21.27659574468085,33.451536643026,10.815602836879433,37.8,48.226950354609926
서울,수도권,2022,4,2022.4/4,60.7,68.7,5278.0,62.5,3169.0,8447.0,2.9,70.9,2.8,68.9,76.1,54.8,2.9,53.3,61.9,15.600000000000009,16.10000000000001,16.949483128535206,16.89096937780378,44.56797347376634,91.18392822313244,82.48488394772771,60.67875950848449,17.57362980300371,4.251999219816657,15.993758533255315,32.63116832455627,9.518236785644627,37.8,61.36141993368442
세종,비수도권,2022,4,2022.4/4,63.9,67.6,205.0,64.7,112.0,316.0,1.4,76.5,1.1,75.7,78.8,53.1,1.8,52.2,56.1,23.5,23.4,10.891089108910892,13.366336633663368,55.44554455445545,92.57425742574257,81.68316831683168,72.27722772277228,7.920792079207921,1.4851485148514851,15.841584158415841,33.663366336633665,8.415841584158416,36.6,70.79207920792079
울산,비수도권,2022,4,2022.4/4,59.8,65.7,588.0,61.5,367.0,955.0,2.8,73.2,2.9,71.1,77.3,49.3,2.7,48.0,52.9,23.099999999999994,23.900000000000006,11.908931698774081,18.388791593695274,43.25744308231174,91.06830122591944,85.11383537653239,65.67425569176882,17.338003502626968,2.1015761821366024,13.660245183887914,32.04903677758319,8.756567425569177,37.9,48.161120840630474
인천,수도권,2022,4,2022.4/4,63.3,70.1,1693.0,65.3,898.0,2591.0,3.1,74.5,3.4,72.0,77.5,56.4,2.7,54.8,62.5,17.200000000000003,18.1,14.990859232175502,18.82998171846435,42.413162705667276,90.85923217550274,81.04814137720902,57.34308348567947,19.74405850091408,3.960999390615479,17.306520414381474,29.737964655697745,10.054844606946983,38.3,42.108470444850695
전남,비수도권,2022,4,2022.4/4,66.7,72.2,1038.0,68.2,485.0,1524.0,2.1,76.2,1.5,75.0,79.0,60.2,2.9,58.4,64.7,16.6,16.0,9.153543307086615,33.75984251968504,32.381889763779526,77.65748031496062,60.23622047244095,39.468503937007874,16.830708661417322,3.937007874015748,31.003937007874015,32.48031496062992,10.433070866141732,37.6,36.023622047244096
전북,비수도권,2022,4,2022.4/4,61.8,66.7,987.0,63.5,569.0,1556.0,2.6,70.9,2.3,69.3,71.9,56.2,3.0,54.5,61.2,14.799999999999997,14.700000000000003,11.030176899063475,29.656607700312176,35.796045785639954,80.12486992715921,65.34859521331946,45.78563995837669,15.816857440166492,3.850156087408949,26.534859521331946,35.58792924037461,9.67741935483871,36.6,42.872008324661806
제주,비수도권,2022,4,2022.4/4,71.7,76.3,423.0,73.3,154.0,577.0,2.2,78.8,2.5,76.8,80.7,67.8,1.8,66.6,71.6,10.200000000000003,11.0,12.832929782082324,23.486682808716708,40.67796610169492,85.71428571428571,67.07021791767555,46.00484261501211,15.012106537530268,6.053268765133172,25.907990314769975,34.14043583535109,10.895883777239709,37.2,51.08958837772397
충남,비수도권,2022,4,2022.4/4,65.0,70.6,1267.0,66.2,647.0,1914.0,1.8,75.6,1.8,74.2,77.9,56.5,1.7,55.5,62.3,18.700000000000003,19.099999999999994,12.771084337349398,25.702811244979916,39.598393574297184,84.17670682730923,70.28112449799197,52.128514056224894,13.975903614457833,4.176706827309237,24.337349397590362,33.734939759036145,11.325301204819278,37.6,37.34939759036144
충북,비수도권,2022,4,2022.4/4,65.0,71.1,946.0,66.1,485.0,1431.0,1.8,76.1,1.9,74.6,78.5,56.0,1.5,55.1,62.9,19.499999999999993,20.099999999999994,14.301075268817204,25.376344086021508,36.98924731182795,85.3763440860215,70.96774193548387,52.68817204301075,13.548387096774196,4.731182795698925,23.655913978494624,33.01075268817204,10.64516129032258,37.5,40.0
강원,비수도권,2023,1,2023.1/4,59.3,66.8,824.0,62.2,502.0,1326.0,4.6,67.0,4.2,64.2,71.4,57.5,5.0,54.7,62.0,9.5,9.5,11.704834605597965,27.989821882951656,35.6234096692112,83.20610687022901,72.64631043256998,50.63613231552163,18.702290076335878,3.307888040712468,23.40966921119593,26.33587786259542,10.432569974554708,36.7,41.73027989821883
경기,수도권,2023,1,2023.1/4,62.6,69.2,7694.0,64.4,4246.0,11940.0,2.8,74.9,2.8,72.8,78.0,54.1,2.9,52.5,60.1,20.299999999999997,20.800000000000004,14.941144997324773,16.88068485821295,44.07437132156233,91.69341894060994,81.08614232209737,62.145532370251466,15.061530230069556,3.8924558587479936,17.322097378277153,19.194756554307116,9.028892455858747,39.3,52.75548421615838
경남,비수도권,2023,1,2023.1/4,60.3,66.5,1780.0,62.6,1066.0,2846.0,3.7,71.6,3.5,69.1,74.0,53.4,3.9,51.3,58.3,17.799999999999997,18.199999999999996,10.495626822157435,24.489795918367346,38.775510204081634,85.77259475218659,71.25364431486881,53.76093294460641,14.518950437317784,2.9737609329446064,23.49854227405248,26.06413994169096,11.31195335276968,38.3,45.24781341107872
경북,비수도권,2023,1,2023.1/4,61.5,67.0,1470.0,63.4,850.0,2320.0,3.0,73.6,2.7,71.6,75.4,53.0,3.4,51.3,57.7,20.299999999999997,20.599999999999994,10.308555399719495,30.925666199158485,34.50210378681627,80.36465638148668,64.09537166900421,46.28330995792426,14.656381486676018,3.155680224403927,29.172510518934082,27.13884992987377,9.396914446002805,37.3,39.48106591865358
광주,비수도권,2023,1,2023.1/4,59.3,65.3,778.0,60.8,502.0,1280.0,2.5,69.0,2.4,67.4,72.9,53.0,2.6,51.6,57.7,15.800000000000004,16.0,14.229249011857709,18.050065876152832,42.55599472990777,90.11857707509881,77.2068511198946,58.36627140974967,15.151515151515152,3.820816864295125,19.499341238471672,20.28985507246377,12.121212121212121,39.7,51.25164690382081
대구,비수도권,2023,1,2023.1/4,58.8,66.9,1269.0,61.1,806.0,2075.0,3.9,70.4,3.6,67.9,74.7,52.4,4.2,50.2,59.1,17.700000000000003,18.000000000000007,13.19672131147541,20.81967213114754,40.0,89.67213114754098,78.0327868852459,56.72131147540984,16.557377049180328,4.754098360655737,19.672131147540984,20.901639344262296,11.147540983606557,39.1,52.04918032786885
대전,비수도권,2023,1,2023.1/4,61.5,67.8,820.0,63.5,471.0,1291.0,3.1,72.8,3.3,70.4,75.8,54.5,2.9,53.0,59.7,17.400000000000006,18.299999999999997,16.624685138539043,18.765743073047858,42.31738035264483,90.05037783375315,80.60453400503779,62.8463476070529,13.350125944584383,4.408060453400504,17.2544080604534,21.788413098236774,10.327455919395465,38.7,59.19395465994962
부산,비수도권,2023,1,2023.1/4,57.2,66.0,1736.0,59.2,1198.0,2934.0,3.3,68.8,3.3,66.6,75.0,50.3,3.2,48.6,57.2,17.999999999999993,18.5,13.214285714285715,23.452380952380953,39.88095238095239,87.26190476190476,76.25,51.3095238095238,21.369047619047617,3.571428571428571,21.25,22.083333333333332,12.380952380952381,39.3,48.035714285714285
서울,수도권,2023,1,2023.1/4,60.3,68.5,5256.0,62.1,3203.0,8458.0,3.0,69.8,2.6,68.0,75.4,55.2,3.6,53.2,62.1,14.799999999999997,14.599999999999994,17.20957613814757,16.95447409733124,44.5447409733124,91.34615384615384,82.43720565149137,62.51962323390895,16.012558869701728,3.924646781789639,16.071428571428573,19.46624803767661,10.675039246467819,39.5,62.303767660910516
세종,비수도권,2023,1,2023.1/4,63.5,67.2,208.0,65.0,112.0,319.0,2.3,76.1,1.3,75.1,78.6,54.0,3.7,52.0,55.8,23.099999999999994,22.099999999999994,10.83743842364532,13.30049261083744,55.172413793103445,92.61083743842364,82.26600985221675,72.41379310344827,8.374384236453201,1.477832512315271,15.763546798029557,21.182266009852217,8.866995073891626,38.2,70.93596059113301
울산,비수도권,2023,1,2023.1/4,59.0,64.8,588.0,61.4,369.0,957.0,4.0,73.0,4.0,70.1,76.2,49.2,4.0,47.2,52.3,22.89999999999999,23.799999999999997,11.879432624113475,17.5531914893617,43.61702127659575,90.95744680851064,84.75177304964538,66.31205673758865,16.48936170212766,1.950354609929078,13.652482269503546,19.50354609929078,9.574468085106384,39.4,48.58156028368794
인천,수도권,2023,1,2023.1/4,61.9,68.6,1688.0,64.8,917.0,2605.0,4.5,74.3,4.6,70.9,76.7,55.6,4.3,53.1,60.2,17.800000000000004,18.699999999999996,14.693118412895226,18.598884066955982,42.83942963422195,90.7625542467452,81.02913825170491,58.02851828890267,19.156850588964662,3.84376937383757,17.296962182269063,20.024798512089276,10.291382517048978,39.4,42.715437073775576
전남,비수도권,2023,1,2023.1/4,65.8,71.7,1035.0,67.9,490.0,1524.0,3.1,75.3,2.0,73.8,78.0,60.4,4.4,57.8,64.6,16.0,14.899999999999999,8.873379860418744,33.300099700897306,32.701894317048854,77.96610169491525,61.016949152542374,40.57826520438684,16.650049850448653,3.688933200398804,31.106679960119642,29.910269192422735,11.76470588235294,37.2,36.29112662013958
전북,비수도권,2023,1,2023.1/4,61.3,66.5,981.0,63.1,574.0,1555.0,2.8,70.8,3.0,68.7,71.4,55.6,2.6,54.1,61.3,14.600000000000001,15.199999999999996,11.215932914046121,29.245283018867923,35.53459119496855,80.29350104821803,66.24737945492663,46.75052410901468,15.40880503144654,4.088050314465408,26.939203354297693,31.132075471698112,10.167714884696016,36.1,42.0335429769392
제주,비수도권,2023,1,2023.1/4,67.8,73.0,403.0,69.7,175.0,578.0,2.7,76.5,2.8,74.3,78.8,63.0,2.6,61.4,67.0,12.899999999999999,13.5,12.755102040816327,22.448979591836736,41.07142857142857,86.4795918367347,66.83673469387756,48.214285714285715,13.77551020408163,5.1020408163265305,26.785714285714285,27.040816326530614,11.224489795918368,37.4,54.08163265306123
충남,비수도권,2023,1,2023.1/4,61.4,68.0,1218.0,63.4,702.0,1919.0,3.2,73.2,3.0,71.0,75.7,53.3,3.6,51.4,59.2,19.6,19.900000000000006,13.157894736842104,23.853989813242784,40.74702886247878,85.65365025466893,73.1748726655348,55.51782682512734,13.66723259762309,3.9898132427843804,23.00509337860781,23.93887945670628,11.37521222410866,38.3,39.898132427843805
충북,비수도권,2023,1,2023.1/4,63.4,70.2,939.0,65.5,493.0,1432.0,3.2,75.7,2.8,73.6,78.1,55.2,3.8,53.1,61.6,20.499999999999993,20.5,14.20704845814978,24.44933920704846,38.215859030837,86.23348017621146,71.58590308370044,54.95594713656388,12.665198237885464,3.9647577092511015,23.568281938325992,24.779735682819386,10.022026431718063,37.8,41.740088105726876
강원,비수도권,2023,2,2023.2/4,65.7,71.2,891.0,67.1,436.0,1327.0,2.2,72.3,2.0,70.8,76.3,62.2,2.3,60.7,66.0,10.099999999999994,10.099999999999994,11.251435132032148,31.687715269804823,33.40987370838117,79.9081515499426,71.06773823191733,46.61308840413318,19.173363949483353,5.39609644087256,23.65097588978186,26.63605051664753,11.366245694603903,37.6,39.38002296211251
경기,수도권,2023,2,2023.2/4,64.4,70.6,7911.0,66.2,4031.0,11942.0,2.7,76.4,2.9,74.1,79.0,56.2,2.5,54.8,61.8,19.299999999999997,20.200000000000003,14.764751754613986,18.19599688068625,43.11151546659735,90.6550558877047,80.1273719781648,61.151546659734855,15.28463737977645,3.678190798024435,18.066025474395634,19.092799584091498,10.11177540940993,39.7,52.67741096958669
경남,비수도권,2023,2,2023.2/4,63.1,69.2,1836.0,64.6,1004.0,2840.0,2.4,72.5,2.7,70.6,75.6,56.7,2.0,55.6,62.2,14.999999999999993,15.799999999999997,10.602678571428571,25.83705357142857,37.94642857142857,84.98883928571429,70.47991071428571,52.28794642857143,16.071428571428573,2.1205357142857144,23.716517857142858,24.330357142857142,13.448660714285715,39.9,44.363839285714285
경북,비수도권,2023,2,2023.2/4,64.7,69.2,1538.0,66.5,776.0,2314.0,2.7,75.4,2.7,73.3,76.2,57.5,2.6,56.0,61.5,17.299999999999997,17.900000000000006,9.686038744154976,33.13293253173013,32.93253173012692,78.62391449565798,62.39144956579826,44.08817635270541,14.49565798263193,3.807615230460922,28.790915163660653,21.24248496993988,12.692050768203073,39.9,37.80895123580494
광주,비수도권,2023,2,2023.2/4,60.2,65.6,790.0,61.8,489.0,1279.0,2.6,69.4,2.8,67.5,72.7,54.5,2.3,53.2,58.5,14.299999999999997,14.900000000000006,13.636363636363635,19.22077922077922,42.2077922077922,88.96103896103897,78.18181818181819,57.532467532467535,16.753246753246753,3.896103896103896,18.83116883116883,21.16883116883117,12.077922077922079,39.7,51.298701298701296
대구,비수도권,2023,2,2023.2/4,61.0,68.7,1305.0,62.9,770.0,2075.0,3.1,72.2,2.9,70.0,76.6,54.2,3.2,52.5,60.9,17.5,18.0,13.517786561264822,21.6600790513834,39.52569169960474,88.69565217391305,78.33992094861661,55.8102766798419,17.470355731225297,5.059288537549407,19.44664031620553,21.422924901185773,11.620553359683793,39.3,53.04347826086957
대전,비수도권,2023,2,2023.2/4,61.9,68.0,823.0,63.7,469.0,1292.0,2.9,72.7,2.8,70.7,75.9,55.0,3.0,53.4,59.9,17.300000000000004,17.700000000000003,15.75,19.625,41.875,89.375,80.75,62.375,13.875000000000002,4.625,17.125,21.5,10.0,38.9,60.5
부산,비수도권,2023,2,2023.2/4,57.9,66.4,1757.0,59.9,1174.0,2931.0,3.4,69.6,3.2,67.4,75.5,51.1,3.8,49.2,57.4,18.200000000000003,18.499999999999993,13.081909251620507,24.33706540954626,39.4814378314673,86.50559811431938,76.84148497348262,51.73836181496759,21.744254566882734,3.3588685916322922,20.74248674130819,22.274602239245727,12.139068945197407,39.2,48.85091337654684
서울,수도권,2023,2,2023.2/4,61.3,69.6,5344.0,63.1,3126.0,8470.0,2.8,71.1,2.6,69.3,76.5,55.9,3.0,54.2,63.1,15.099999999999994,15.199999999999996,17.051578137028482,17.359507313317938,44.380292532717476,90.91608929946112,82.81370284834489,63.337182448036955,15.973826020015396,3.502694380292533,15.800615858352579,19.341801385681293,11.547344110854503,39.9,62.933025404157036
세종,비수도권,2023,2,2023.2/4,65.7,68.6,217.0,67.3,105.0,322.0,2.4,77.8,1.9,76.3,78.9,57.0,3.1,55.2,58.1,21.099999999999994,20.799999999999997,10.849056603773585,15.09433962264151,54.24528301886793,91.0377358490566,81.60377358490565,70.75471698113208,8.962264150943396,1.4150943396226416,16.037735849056602,20.28301886792453,9.90566037735849,38.9,69.81132075471697
울산,비수도권,2023,2,2023.2/4,60.1,65.8,595.0,62.2,362.0,957.0,3.5,72.9,3.4,70.5,76.7,50.9,3.6,49.0,53.7,21.5,22.000000000000007,11.846689895470384,18.81533101045296,42.508710801393725,90.41811846689896,83.97212543554006,63.76306620209059,17.94425087108014,2.264808362369338,14.45993031358885,19.686411149825783,11.32404181184669,40.0,47.5609756097561
인천,수도권,2023,2,2023.2/4,63.5,69.9,1716.0,65.6,901.0,2618.0,3.1,75.0,3.1,72.7,77.8,56.3,3.1,54.6,61.8,18.1,18.700000000000003,14.612146722790136,19.48286229705352,42.453397474443776,89.89777510523152,80.75766686710763,57.426337943475644,19.302465423932652,4.028863499699339,17.61876127480457,18.761274804570053,11.06434155141311,39.7,43.776307877330126
전남,비수도권,2023,2,2023.2/4,68.3,73.1,1058.0,69.4,466.0,1523.0,1.6,76.1,1.6,74.9,78.9,62.8,1.6,61.8,66.6,13.100000000000009,13.299999999999997,8.645533141210375,35.254562920268974,31.508165225744477,76.36887608069163,61.76753121998079,39.8655139289145,17.38712776176753,4.514889529298751,30.067243035542745,24.975984630163303,12.680115273775217,38.8,36.50336215177713
전북,비수도권,2023,2,2023.2/4,63.7,67.6,1019.0,65.6,535.0,1553.0,2.8,71.6,3.1,69.4,71.6,59.7,2.5,58.2,63.3,11.200000000000003,11.899999999999991,10.404040404040405,31.717171717171716,34.54545454545455,78.28282828282829,65.45454545454545,45.656565656565654,15.555555555555555,4.242424242424243,26.464646464646464,24.444444444444443,11.515151515151516,38.5,41.11111111111111
제주,비수도권,2023,2,2023.2/4,69.2,74.2,409.0,70.7,170.0,579.0,2.1,77.2,2.3,75.4,79.7,64.3,1.8,63.1,68.4,12.300000000000004,12.900000000000006,11.970074812967582,23.19201995012469,40.399002493765586,85.785536159601,68.3291770573566,47.13216957605985,15.96009975062344,4.987531172069826,26.184538653366584,26.184538653366584,12.967581047381547,38.4,53.11720698254364
충남,비수도권,2023,2,2023.2/4,66.5,70.5,1310.0,68.1,613.0,1923.0,2.4,76.9,2.3,75.2,78.3,58.9,2.6,57.4,61.7,17.800000000000004,18.000000000000007,12.676056338028168,28.012519561815335,38.028169014084504,81.92488262910797,70.65727699530517,52.19092331768388,14.475743348982787,3.9906103286384975,24.178403755868544,22.926447574334897,13.77151799687011,39.7,38.41940532081377
충북,비수도권,2023,2,2023.2/4,66.5,72.4,974.0,68.0,459.0,1434.0,2.2,78.5,2.4,76.6,80.9,57.2,2.0,56.0,63.0,20.599999999999994,21.299999999999997,13.641133263378805,26.442812172088143,36.83105981112277,84.57502623294857,71.24868835257084,53.62014690451207,13.011542497376706,4.616998950682056,22.875131164742918,19.30745015739769,12.48688352570829,40.2,41.86778593913956
강원,비수도권,2023,3,2023.3/4,65.4,70.6,883.0,66.5,445.0,1328.0,1.6,71.7,1.3,70.8,75.6,61.5,2.0,60.3,65.5,10.5,10.200000000000003,11.047180667433832,32.336018411967785,33.601841196777904,79.05638665132336,70.31070195627159,46.49021864211738,19.102416570771002,4.7180667433832,24.395857307249713,34.75258918296893,11.622554660529344,36.5,39.355581127733025
경기,수도권,2023,3,2023.3/4,64.6,70.9,7928.0,66.3,4036.0,11963.0,2.5,76.1,2.8,74.0,78.8,56.5,2.1,55.3,62.6,18.700000000000003,19.599999999999994,14.559337388378413,18.49359389154911,43.08269703636599,90.50084120616022,80.044001552996,60.81273456710237,15.529959880936975,3.7013071049566455,18.170053060696258,29.44221560760968,9.447392260903326,37.9,52.27125663258704
경남,비수도권,2023,3,2023.3/4,62.4,68.5,1801.0,63.5,1036.0,2837.0,1.7,70.9,1.7,69.7,74.9,56.0,1.6,55.1,61.6,14.600000000000001,14.900000000000006,9.994353472614343,25.97402597402597,38.226990400903446,84.75437605872389,70.4686617730096,52.73856578204404,15.923207227555054,1.8068887634105024,23.88481084133258,34.66967814793902,10.559006211180124,37.4,44.83342744212309
경북,비수도권,2023,3,2023.3/4,64.0,68.4,1499.0,65.5,791.0,2290.0,2.2,74.7,2.8,72.6,75.4,56.1,1.5,55.3,60.6,17.299999999999997,18.6,9.556313993174061,33.1740614334471,33.105802047781566,78.3617747440273,62.389078498293514,43.822525597269625,15.085324232081913,3.549488054607509,29.07849829351536,28.737201365187715,11.535836177474403,38.6,38.020477815699664
광주,비수도권,2023,3,2023.3/4,60.4,65.7,790.0,61.7,490.0,1279.0,2.1,70.4,2.3,68.8,74.1,53.5,1.7,52.5,57.3,16.299999999999997,16.900000000000006,13.195342820181114,19.663648124191464,41.91461836998706,88.48641655886158,78.39586028460543,57.17981888745148,17.205692108667527,4.010349288486417,18.758085381630014,29.23673997412678,11.1254851228978,38.1,51.35834411384217
대구,비수도권,2023,3,2023.3/4,60.3,68.3,1296.0,61.8,800.0,2096.0,2.4,71.5,2.7,69.6,76.5,52.8,2.2,51.7,60.1,17.89999999999999,18.700000000000003,12.81645569620253,21.835443037974684,40.110759493670884,88.4493670886076,78.00632911392405,55.7753164556962,17.95886075949367,4.351265822784811,19.77848101265823,29.27215189873418,10.522151898734178,37.8,54.19303797468354
대전,비수도권,2023,3,2023.3/4,61.6,67.6,818.0,63.2,476.0,1294.0,2.5,72.0,2.4,70.2,75.6,54.6,2.6,53.2,59.5,17.0,17.4,15.037593984962406,19.924812030075188,42.606516290726816,89.09774436090225,80.95238095238095,62.65664160401002,14.411027568922306,3.8847117794486214,17.042606516290725,33.33333333333333,9.649122807017543,36.9,61.65413533834586
부산,비수도권,2023,3,2023.3/4,58.2,67.1,1751.0,59.8,1178.0,2929.0,2.6,69.6,2.0,68.3,77.2,50.7,3.5,49.0,57.2,19.299999999999997,18.89999999999999,13.548387096774196,23.870967741935484,39.47214076246334,86.6275659824047,77.5366568914956,52.316715542522,22.228739002932553,2.932551319648094,20.058651026392962,32.43401759530792,11.20234604105572,37.7,49.325513196480934
서울,수도권,2023,3,2023.3/4,61.2,69.6,5319.0,62.8,3154.0,8473.0,2.5,70.9,2.3,69.3,76.8,55.4,2.7,53.9,62.9,15.399999999999999,15.500000000000007,17.367000771010023,17.347725520431766,43.98612181958366,90.94063222821896,82.92212798766384,63.45412490362374,16.441788743253664,3.0454895913646878,15.709329221279877,30.185042405551272,10.235158057054742,38.5,62.837316885119506
세종,비수도권,2023,3,2023.3/4,65.2,68.1,215.0,66.6,108.0,323.0,2.0,76.6,1.5,75.5,78.1,56.7,2.6,55.2,58.1,20.299999999999997,19.89999999999999,10.42654028436019,15.639810426540285,54.02843601895735,90.99526066350711,81.99052132701422,71.09004739336493,9.47867298578199,1.4218009478672986,16.113744075829384,34.59715639810427,8.530805687203792,36.5,70.14218009478674
울산,비수도권,2023,3,2023.3/4,59.9,65.6,589.0,61.6,367.0,956.0,2.8,72.1,2.6,70.3,76.6,50.6,3.2,48.9,53.5,21.4,21.499999999999993,11.69284467713787,19.19720767888307,42.23385689354276,90.0523560209424,83.42059336823735,63.87434554973822,17.10296684118674,2.4432809773123907,15.008726003490402,27.399650959860384,10.471204188481675,38.8,46.07329842931937
인천,수도권,2023,3,2023.3/4,64.0,70.1,1727.0,65.7,902.0,2629.0,2.5,75.3,2.4,73.4,78.2,56.4,2.7,54.8,61.7,18.60000000000001,18.9,14.311163895486937,20.19002375296912,42.220902612826606,89.13301662707839,80.76009501187649,57.71971496437055,19.121140142517813,3.9192399049881232,17.399049881235154,28.919239904988125,10.332541567695962,38.2,43.17102137767221
전남,비수도권,2023,3,2023.3/4,67.3,71.7,1043.0,68.5,479.0,1522.0,1.9,75.5,1.9,74.1,77.8,61.6,1.8,60.4,64.8,13.699999999999996,13.899999999999999,8.88671875,35.44921875,31.34765625,75.87890625,61.81640625,40.0390625,17.67578125,4.1015625,30.078125,33.59375,11.1328125,37.1,36.9140625
전북,비수도권,2023,3,2023.3/4,64.6,68.5,1022.0,65.8,531.0,1552.0,1.9,71.9,2.2,70.3,72.8,59.9,1.6,59.0,64.0,11.299999999999997,12.000000000000007,10.978043912175648,32.035928143712574,33.63273453093812,78.1437125748503,66.36726546906188,46.506986027944116,15.6686626746507,4.291417165668663,25.54890219560878,32.83433133732535,9.780439121756487,37.0,41.31736526946108
제주,비수도권,2023,3,2023.3/4,69.9,75.2,411.0,70.8,169.0,580.0,1.4,76.9,1.0,76.1,80.4,64.9,1.7,63.8,69.8,12.299999999999997,12.0,11.851851851851853,22.962962962962962,40.74074074074074,85.92592592592592,68.39506172839506,48.148148148148145,15.308641975308642,4.938271604938271,26.172839506172842,32.592592592592595,12.345679012345679,37.2,53.58024691358024
충남,비수도권,2023,3,2023.3/4,66.3,70.6,1308.0,67.8,621.0,1928.0,2.2,77.0,1.9,75.5,79.0,58.2,2.7,56.7,61.1,18.799999999999997,18.799999999999997,12.519561815336463,28.169014084507044,38.41940532081377,82.08137715179969,70.81377151799687,52.50391236306729,14.63223787167449,3.755868544600939,24.02190923317684,32.863849765258216,11.580594679186229,37.6,39.280125195618155
충북,비수도권,2023,3,2023.3/4,66.2,71.7,968.0,67.4,468.0,1435.0,1.8,77.8,1.4,76.7,80.7,56.9,2.3,55.5,61.8,21.200000000000003,20.9,13.249211356466878,27.129337539432175,36.48790746582545,83.80651945320714,70.55730809674029,53.31230283911672,13.249211356466878,4.100946372239748,23.34384858044164,30.17875920084122,10.620399579390117,38.1,42.06098843322818
강원,비수도권,2023,4,2023.4/4,62.9,69.6,860.0,64.7,469.0,1329.0,2.8,69.8,2.2,68.3,74.5,59.8,3.4,57.8,64.5,10.5,10.0,11.363636363636363,30.502392344497608,34.44976076555024,80.74162679425837,72.24880382775119,49.641148325358856,17.942583732057415,4.6650717703349285,23.086124401913878,27.631578947368425,11.363636363636363,37.6,41.26794258373206
경기,수도권,2023,4,2023.4/4,64.3,70.9,7905.0,65.9,4094.0,11999.0,2.4,75.5,2.8,73.4,78.5,56.3,1.8,55.2,63.0,18.200000000000003,19.200000000000003,14.491250810110175,18.327932598833442,43.47375243033053,90.66753078418664,80.49254698639015,60.7647440051847,15.748541801685029,3.992222942320155,17.770576798444587,19.935191186001298,10.252754374594945,39.5,52.50810110174984
경남,비수도권,2023,4,2023.4/4,62.2,68.5,1803.0,63.6,1033.0,2836.0,2.2,71.2,2.2,69.6,75.1,55.9,2.2,54.7,61.2,14.899999999999991,15.300000000000004,9.075439591605218,25.808281338627342,38.74078275666478,84.68519568916619,71.46908678389109,53.65853658536586,16.108905275099264,1.7016449234259785,23.25581395348837,24.10663641520136,13.66988088485536,39.7,45.207033465683494
경북,비수도권,2023,4,2023.4/4,63.7,68.8,1496.0,65.4,793.0,2289.0,2.5,74.5,2.3,72.8,76.0,56.1,2.8,54.5,60.8,18.299999999999997,18.4,10.013717421124829,32.78463648834019,33.1275720164609,78.87517146776406,62.482853223593956,43.895747599451305,14.883401920438958,3.7037037037037033,29.492455418381347,25.102880658436217,11.04252400548697,38.6,38.065843621399175
광주,비수도권,2023,4,2023.4/4,60.4,65.9,797.0,62.3,483.0,1280.0,3.1,71.0,2.8,69.0,74.4,53.9,3.4,52.1,57.4,16.9,17.1,13.065976714100906,19.404915912031047,41.65588615782665,88.61578266494179,77.49029754204399,56.144890038809834,17.59379042690815,3.751617076326003,19.663648124191464,21.604139715394567,11.384217335058215,39.6,51.61707632600259
대구,비수도권,2023,4,2023.4/4,59.0,67.3,1274.0,60.8,822.0,2096.0,2.9,71.1,2.9,69.1,76.0,51.1,2.9,49.6,58.6,19.499999999999993,19.999999999999993,12.36863379143088,21.665319320937755,40.42037186742118,88.84397736459175,77.44543249797898,56.26515763945028,16.410670978173002,4.7696038803556995,20.371867421180276,21.1802748585287,10.26677445432498,39.2,55.21422797089733
대전,비수도권,2023,4,2023.4/4,61.4,67.9,819.0,63.1,479.0,1297.0,2.7,72.1,3.1,69.9,75.6,54.3,2.1,53.2,60.0,16.700000000000003,17.799999999999997,15.056461731493098,19.32245922208281,42.785445420326226,89.58594730238394,80.55207026348809,61.85696361355082,14.68005018820577,4.0150564617314926,17.44040150564617,23.212045169385195,10.53952321204517,38.9,60.47678795483061
부산,비수도권,2023,4,2023.4/4,57.5,66.6,1740.0,59.4,1188.0,2928.0,3.2,69.1,2.5,67.4,76.2,50.5,4.1,48.4,57.2,19.000000000000007,18.599999999999994,13.24228028503563,23.39667458432304,40.26128266033254,86.69833729216153,78.38479809976246,53.62232779097387,21.73396674584323,3.0285035629453683,19.358669833729216,23.09976247030879,11.69833729216152,39.2,50.712589073634206
서울,수도권,2023,4,2023.4/4,61.5,70.2,5359.0,63.2,3116.0,8475.0,2.7,71.3,2.7,69.4,77.1,55.9,2.6,54.5,63.7,14.900000000000006,15.399999999999999,17.25790987535954,17.679769894534996,43.93096836049856,90.91083413231064,83.14477468839885,63.24065196548418,16.816874400767016,3.1064237775647174,15.378715244487056,20.0,10.814956855225311,39.7,62.97219558964525
세종,비수도권,2023,4,2023.4/4,64.0,67.5,210.0,64.9,114.0,324.0,1.5,75.5,1.0,74.7,78.1,54.6,2.1,53.5,56.9,21.200000000000003,20.9,10.144927536231885,14.492753623188406,54.589371980676326,92.27053140096618,83.57487922705315,71.98067632850241,9.66183574879227,1.4492753623188406,15.458937198067632,20.28985507246377,9.178743961352657,39.1,71.49758454106279
울산,비수도권,2023,4,2023.4/4,60.1,65.9,596.0,62.3,361.0,956.0,3.5,73.8,3.3,71.3,77.2,50.2,3.6,48.3,53.4,23.0,23.599999999999994,10.782608695652174,20.0,42.26086956521739,89.73913043478261,82.78260869565217,64.34782608695652,16.17391304347826,2.2608695652173916,15.130434782608695,19.652173913043477,12.0,40.4,46.43478260869565
인천,수도권,2023,4,2023.4/4,62.9,69.1,1704.0,64.5,936.0,2640.0,2.6,73.9,2.3,72.2,77.2,55.4,3.1,53.7,60.9,18.5,18.500000000000007,13.373493975903614,20.12048192771084,42.95180722891566,89.33734939759036,80.36144578313254,58.07228915662651,18.433734939759034,3.91566265060241,17.951807228915662,19.518072289156628,11.566265060240964,39.6,44.87951807228915
전남,비수도권,2023,4,2023.4/4,66.2,70.9,1030.0,67.7,492.0,1522.0,2.3,74.2,1.8,72.9,76.7,61.1,2.8,59.3,64.2,13.600000000000009,13.100000000000001,9.334657398212512,35.253227408143,31.479642502482623,75.9682224428997,62.66137040714995,41.112214498510426,17.775571002979145,3.7735849056603774,29.890764647467726,26.713008937437934,11.916583912611719,38.4,38.43098311817279
전북,비수도권,2023,4,2023.4/4,63.5,68.5,1010.0,65.1,542.0,1552.0,2.5,71.2,1.7,69.9,72.9,59.1,3.3,57.2,63.8,12.700000000000003,12.100000000000001,10.851926977687627,30.93306288032454,34.07707910750507,79.10750507099391,65.51724137931035,46.55172413793103,14.807302231237324,4.259634888438134,27.281947261663287,27.48478701825558,9.73630831643002,37.6,42.292089249492896
제주,비수도권,2023,4,2023.4/4,70.0,75.8,412.0,71.0,168.0,580.0,1.4,77.0,1.1,76.2,80.5,65.2,1.8,64.0,70.9,12.200000000000003,11.799999999999997,11.576354679802956,23.15270935960591,40.64039408866995,86.20689655172413,67.48768472906403,47.783251231527096,14.77832512315271,4.926108374384237,26.84729064039409,25.36945812807882,13.30049261083744,39.0,54.43349753694581
충남,비수도권,2023,4,2023.4/4,64.9,69.9,1290.0,66.6,645.0,1935.0,2.6,75.9,2.4,74.1,78.0,56.9,2.9,55.3,60.6,18.799999999999997,19.000000000000007,12.181528662420382,27.30891719745223,38.93312101910828,82.72292993630573,72.53184713375796,53.82165605095541,14.968152866242038,3.821656050955414,22.85031847133758,23.805732484076433,11.94267515923567,39.0,39.64968152866242
충북,비수도권,2023,4,2023.4/4,65.6,71.3,962.0,66.9,476.0,1438.0,2.0,77.9,1.9,76.4,80.6,55.7,2.2,54.5,61.0,21.900000000000006,22.200000000000003,13.149522799575822,27.041357370095444,36.47932131495228,83.881230116649,72.21633085896076,53.76458112407211,14.422057264050903,4.029692470837752,22.799575821845174,23.753976670201485,9.75609756097561,38.8,42.09968186638388
강원,비수도권,2024,1,2024.1/4,58.9,67.0,820.0,61.7,510.0,1330.0,4.5,66.6,4.3,63.7,72.4,56.9,4.7,54.2,61.5,9.5,9.699999999999996,12.388250319284802,27.713920817369093,35.37675606641124,82.75862068965517,74.96807151979566,53.63984674329502,17.752234993614305,3.5759897828863343,21.20051085568327,38.05874840357599,9.323116219667945,35.2,44.06130268199234
경기,수도권,2024,1,2024.1/4,62.8,69.9,7800.0,64.8,4231.0,12032.0,3.1,74.2,3.1,71.9,77.7,55.5,3.1,53.8,61.9,18.10000000000001,18.700000000000003,14.501190791214608,17.451706800740936,44.01958189997354,91.25430007938608,80.28578989150569,61.43159566022758,15.42736173590897,3.413601481873511,17.914792273088118,32.53506218576343,8.388462556231808,37.5,53.54591161682984
경남,비수도권,2024,1,2024.1/4,61.4,67.4,1789.0,63.2,1044.0,2833.0,2.7,71.3,2.2,69.7,75.0,55.0,3.3,53.1,59.2,16.6,16.299999999999997,9.247558874210224,26.07696726019529,38.48363009764503,83.97472716829408,72.14244686961516,54.106835152211374,16.19758759333716,1.7805858701895463,22.975301550832857,35.32452613440552,10.798391728891442,37.0,44.916714531878235
경북,비수도권,2024,1,2024.1/4,62.3,67.3,1474.0,64.5,813.0,2286.0,3.4,73.9,3.2,71.5,74.5,55.0,3.7,52.9,59.4,18.6,18.900000000000006,9.978917779339422,32.39634574841883,33.520730850316234,78.70695713281799,63.80885453267744,45.39704848910752,15.741391426563597,2.6704146170063248,29.585382993675335,37.1047083626142,8.151791988756148,35.5,38.65073787772312
광주,비수도권,2024,1,2024.1/4,61.1,66.3,808.0,63.1,472.0,1280.0,3.2,71.9,3.3,69.5,74.6,54.7,3.1,53.1,58.0,16.4,17.200000000000003,12.65984654731458,20.20460358056266,40.92071611253197,87.7237851662404,77.8772378516624,57.289002557544755,16.751918158567776,3.8363171355498724,19.69309462915601,32.992327365728904,9.207161125319693,37.6,51.91815856777494
대구,비수도권,2024,1,2024.1/4,57.8,65.9,1264.0,60.3,833.0,2097.0,4.1,70.7,4.1,67.8,74.6,50.5,4.2,48.4,57.3,19.4,20.200000000000003,11.716171617161717,22.194719471947195,40.01650165016501,88.44884488448845,76.65016501650165,57.83828382838284,14.521452145214523,4.207920792079208,21.03960396039604,31.600660066006604,8.333333333333332,37.4,55.28052805280528
대전,비수도권,2024,1,2024.1/4,60.5,67.0,813.0,62.6,486.0,1300.0,3.4,71.2,3.3,68.8,74.6,54.2,3.5,52.3,59.3,16.5,17.0,15.139949109414758,18.956743002544528,42.49363867684479,89.56743002544529,80.02544529262087,61.06870229007634,15.394402035623408,3.5623409669211195,17.938931297709924,34.86005089058524,8.9058524173028,37.0,60.05089058524173
부산,비수도권,2024,1,2024.1/4,57.3,66.6,1738.0,59.4,1188.0,2925.0,3.6,68.6,3.2,66.5,75.2,50.9,4.1,48.8,58.1,17.700000000000003,17.699999999999996,13.492537313432837,23.223880597014926,40.537313432835816,86.6268656716418,78.92537313432835,54.74626865671641,21.73134328358209,2.5074626865671643,18.925373134328357,33.55223880597015,9.492537313432836,37.3,52.23880597014925
서울,수도권,2024,1,2024.1/4,61.5,70.4,5383.0,63.5,3094.0,8476.0,3.2,71.2,3.3,68.8,76.8,56.6,3.0,54.9,64.4,13.899999999999999,14.600000000000001,17.398810665643584,17.552273163245733,43.73681181661232,90.9648954536735,83.29177057356608,63.76366775369269,16.40130443122962,3.126798388643775,15.211970074812967,32.86015729906004,9.32284672933052,37.6,62.919624016880874
세종,비수도권,2024,1,2024.1/4,63.3,67.6,209.0,64.7,114.0,323.0,2.1,74.9,1.3,74.0,77.9,54.6,3.1,52.9,57.3,21.1,20.300000000000004,11.219512195121952,12.682926829268293,54.63414634146342,92.6829268292683,83.90243902439025,72.6829268292683,9.75609756097561,1.4634146341463417,14.634146341463413,32.6829268292683,7.317073170731707,36.2,71.21951219512195
울산,비수도권,2024,1,2024.1/4,58.6,64.2,586.0,61.3,370.0,956.0,4.4,72.4,4.3,69.3,75.2,49.5,4.4,47.3,51.9,22.0,22.900000000000006,10.535714285714286,20.0,42.142857142857146,89.28571428571429,82.5,64.46428571428572,15.892857142857142,2.142857142857143,15.714285714285714,29.82142857142857,10.535714285714286,38.3,47.5
인천,수도권,2024,1,2024.1/4,62.3,68.6,1723.0,64.9,930.0,2653.0,4.0,74.3,3.6,71.7,76.8,55.7,4.6,53.1,60.2,18.6,18.599999999999994,12.93833131801693,20.435308343409915,42.865779927448614,89.11729141475212,80.65296251511487,59.371221281741235,17.533252720677147,3.7484885126964933,17.714631197097944,32.285368802902056,8.827085852478838,37.6,45.646916565900845
전남,비수도권,2024,1,2024.1/4,65.1,70.4,1021.0,67.1,501.0,1522.0,3.0,74.1,2.3,72.4,76.6,60.0,3.8,57.7,63.4,14.700000000000003,14.099999999999994,8.980827447023207,34.510595358224016,32.08879919273461,76.3874873864783,63.87487386478304,42.38143289606458,17.759838546922303,3.632694248234107,29.263370332996974,39.354187689202824,8.980827447023207,35.3,39.25327951564076
전북,비수도권,2024,1,2024.1/4,62.6,67.7,996.0,64.2,555.0,1551.0,2.5,71.5,2.4,69.8,73.2,57.1,2.7,55.6,62.0,14.199999999999996,14.399999999999999,10.401647785787848,31.307929969104016,34.08856848609681,79.09371781668384,66.6323377960865,46.6529351184346,16.065911431513904,3.913491246138002,27.60041194644696,41.1946446961895,8.032955715756952,34.5,42.53347064881565
제주,비수도권,2024,1,2024.1/4,69.1,74.8,411.0,70.9,168.0,579.0,2.6,76.1,2.4,74.2,79.2,65.9,2.8,64.1,70.2,10.100000000000009,10.199999999999989,11.5,23.25,40.75,85.75,67.75,47.75,14.75,5.25,26.25,34.5,11.0,36.6,55.25
충남,비수도권,2024,1,2024.1/4,61.1,68.6,1237.0,63.7,705.0,1942.0,4.1,73.6,3.4,71.1,77.0,53.3,5.2,50.6,59.1,20.499999999999993,20.299999999999997,13.15345699831366,23.524451939291737,40.89376053962901,86.17200674536257,74.95784148397976,58.768971332209105,13.237774030354132,2.951096121416526,21.163575042158516,32.29342327150084,9.949409780775717,37.0,42.41146711635751
충북,비수도권,2024,1,2024.1/4,64.0,70.5,951.0,66.0,489.0,1440.0,3.0,76.4,3.1,74.0,79.1,55.3,2.8,53.8,61.0,20.200000000000003,21.10000000000001,13.232104121475055,25.92190889370933,37.093275488069416,84.81561822125813,72.88503253796095,54.98915401301518,14.316702819956618,3.5791757049891544,23.210412147505423,35.68329718004338,7.917570498915401,36.1,43.600867678958785
강원,비수도권,2024,2,2024.2/4,65.7,71.3,893.0,67.2,435.0,1328.0,2.3,73.0,2.2,71.4,77.2,61.7,2.4,60.2,65.1,11.200000000000003,11.299999999999997,11.697247706422019,32.45412844036697,32.68348623853211,78.55504587155964,71.90366972477065,49.08256880733945,18.23394495412844,4.587155963302752,23.279816513761467,36.12385321100918,10.6651376146789,36.5,42.087155963302756
경기,수도권,2024,2,2024.2/4,64.6,71.0,8018.0,66.5,4036.0,12053.0,2.9,75.9,3.1,73.5,78.6,57.2,2.6,55.7,63.0,17.799999999999997,18.700000000000003,14.344420187491973,18.928984204443303,43.174521638628484,89.75215102093233,80.17208167458585,60.26711185308849,16.463336329780404,3.441633491716964,17.875947091306024,32.220367278797994,9.28470527802748,37.9,52.27944009246179
경남,비수도권,2024,2,2024.2/4,63.0,68.7,1818.0,64.3,1012.0,2830.0,2.0,72.1,1.7,70.9,76.2,56.3,2.3,55.0,60.6,15.900000000000006,15.799999999999997,9.197980931015143,26.80874929893438,38.13796971396523,83.23051037577117,71.17218171620864,52.66404935501963,16.376892877173304,2.131239484015704,23.107122826696582,32.02467750981492,12.170499158721256,38.5,45.65339315759955
경북,비수도권,2024,2,2024.2/4,65.0,69.4,1525.0,66.8,759.0,2284.0,2.7,75.1,2.7,73.1,76.2,58.4,2.7,56.8,61.7,16.299999999999997,16.699999999999996,9.764309764309765,33.939393939393945,32.592592592592595,77.3063973063973,62.96296296296296,43.23232323232323,16.161616161616163,3.6363636363636362,28.888888888888886,28.41750841750842,11.313131313131313,38.7,38.58585858585858
광주,비수도권,2024,2,2024.2/4,61.4,66.6,809.0,63.2,470.0,1279.0,2.9,71.6,3.2,69.3,74.4,55.3,2.4,53.9,58.8,15.399999999999999,16.299999999999997,12.849872773536896,20.865139949109416,40.20356234096692,87.40458015267176,78.11704834605598,57.50636132315522,16.793893129770993,3.816793893129771,19.338422391857506,31.043256997455472,9.541984732824428,37.9,52.41730279898219
대구,비수도권,2024,2,2024.2/4,58.5,66.1,1273.0,60.7,823.0,2096.0,3.6,70.2,3.5,67.7,74.1,51.9,3.7,49.9,58.1,17.800000000000004,18.300000000000004,11.817440912795437,23.553382233088836,38.63080684596577,87.20456397718011,77.1801140994295,57.29421352893236,15.647921760391197,4.319478402607987,20.537897310513447,29.91035044824776,8.638956805215974,38.0,54.76772616136919
대전,비수도권,2024,2,2024.2/4,61.3,68.0,823.0,63.3,478.0,1301.0,3.1,72.2,3.2,69.9,75.7,54.5,3.0,52.9,60.0,17.000000000000007,17.700000000000003,15.037593984962406,19.674185463659146,41.854636591478695,89.22305764411027,80.20050125313283,60.27568922305765,16.290726817042607,3.634085213032581,17.293233082706767,33.959899749373434,9.523809523809524,37.1,58.64661654135338
부산,비수도권,2024,2,2024.2/4,57.9,66.5,1745.0,59.7,1176.0,2922.0,3.1,68.6,3.0,66.5,74.9,51.6,3.2,50.0,58.4,16.5,16.999999999999993,13.59338061465721,24.58628841607565,39.2434988179669,85.22458628841608,79.3144208037825,54.90543735224587,21.808510638297875,2.6004728132387704,18.498817966903072,33.21513002364066,9.397163120567376,37.1,52.895981087470446
서울,수도권,2024,2,2024.2/4,62.0,70.6,5439.0,64.2,3031.0,8470.0,3.5,71.9,4.0,69.1,76.8,57.3,3.0,55.6,64.8,13.499999999999993,14.600000000000009,16.38719512195122,18.36890243902439,44.264481707317074,90.28201219512195,83.82240853658537,63.49085365853659,17.435213414634145,2.8963414634146343,14.80564024390244,34.2797256097561,9.222560975609756,37.4,63.28125
세종,비수도권,2024,2,2024.2/4,65.6,69.1,215.0,66.8,107.0,322.0,1.8,76.1,1.2,75.3,78.1,57.6,2.6,56.2,59.9,19.099999999999994,18.499999999999993,11.374407582938389,14.691943127962084,53.55450236966824,91.4691943127962,82.46445497630332,70.61611374407583,10.90047393364929,0.9478672985781991,15.639810426540285,34.59715639810427,7.109004739336493,36.5,70.61611374407583
울산,비수도권,2024,2,2024.2/4,60.4,66.2,600.0,62.8,356.0,956.0,3.7,73.2,3.4,70.7,76.9,51.7,4.2,49.5,54.3,21.200000000000003,21.5,11.418685121107266,20.242214532871973,41.522491349480966,88.92733564013841,82.52595155709342,62.629757785467135,17.82006920415225,2.0761245674740483,15.397923875432525,28.373702422145332,11.591695501730104,39.1,47.2318339100346
인천,수도권,2024,2,2024.2/4,63.4,69.6,1751.0,65.7,915.0,2665.0,3.5,74.4,3.6,71.8,77.0,57.1,3.4,55.2,62.0,16.599999999999994,17.300000000000004,13.203078744819418,20.84073416222617,42.510361160449975,88.57312018946122,81.34991119005328,59.73949082297217,17.821195973949084,3.7892243931320304,16.99230313795145,31.32030787448194,9.473060982830077,37.8,46.89165186500888
전남,비수도권,2024,2,2024.2/4,66.8,70.9,1041.0,68.4,480.0,1521.0,2.3,74.6,2.6,72.7,76.4,62.2,2.0,60.9,64.7,11.800000000000004,12.399999999999991,8.849557522123893,36.18485742379548,30.678466076696164,74.82792527040316,62.43854473942969,39.92133726647001,19.075712881022618,3.44149459193707,29.49852507374631,34.21828908554572,10.816125860373647,37.3,38.54473942969518
전북,비수도권,2024,2,2024.2/4,64.8,69.2,1030.0,66.5,519.0,1550.0,2.5,71.9,2.6,70.0,73.6,61.2,2.4,59.7,64.5,10.299999999999997,10.700000000000003,10.059760956175298,32.47011952191235,33.266932270916335,77.78884462151395,66.63346613545816,46.31474103585657,16.93227091633466,3.386454183266932,26.394422310756973,32.669322709163346,10.657370517928287,37.2,41.63346613545817
제주,비수도권,2024,2,2024.2/4,69.7,75.1,412.0,71.3,166.0,578.0,2.3,76.8,2.0,75.3,80.2,65.9,2.6,64.2,69.7,11.099999999999994,10.899999999999991,10.918114143920596,24.069478908188586,40.44665012406948,85.11166253101737,67.4937965260546,47.64267990074442,15.384615384615385,4.714640198511166,26.550868486352357,31.265508684863523,11.910669975186105,37.8,55.33498759305211
충남,비수도권,2024,2,2024.2/4,66.2,70.5,1332.0,68.3,617.0,1949.0,3.2,77.6,2.8,75.5,79.0,58.6,3.7,56.4,61.0,19.1,18.999999999999993,11.705426356589149,28.06201550387597,38.372093023255815,81.55038759689923,71.16279069767441,55.348837209302324,12.635658914728682,3.255813953488372,22.945736434108525,30.620155038759687,13.178294573643413,39.0,40.93023255813954
충북,비수도권,2024,2,2024.2/4,67.3,72.8,990.0,68.7,451.0,1442.0,2.0,77.6,2.1,76.0,80.1,59.5,1.8,58.5,64.7,17.5,18.099999999999994,12.873326467559219,27.394438722966015,36.35427394438723,82.90422245108135,71.67868177136972,51.8022657054583,15.653964984552008,4.222451081359424,23.17198764160659,31.10195674562307,11.225540679711637,38.2,42.739443872296604
강원,비수도권,2024,3,2024.3/4,66.2,72.1,890.0,67.0,438.0,1327.0,1.3,72.8,1.5,71.7,77.7,61.4,1.0,60.8,66.3,10.900000000000006,11.399999999999999,11.958997722095672,32.687927107061505,32.23234624145786,78.4738041002278,71.07061503416855,48.51936218678816,18.337129840546698,4.100227790432802,23.804100227790435,37.01594533029613,10.592255125284739,35.9,42.8246013667426
경기,수도권,2024,3,2024.3/4,64.7,71.2,7985.0,66.1,4098.0,12083.0,2.0,75.2,2.1,73.6,78.7,57.0,1.9,56.0,63.3,17.599999999999994,18.200000000000003,13.971622139844051,19.42988623290298,43.16758276875879,89.5308705100345,79.85427585325323,60.06647066342835,16.477054838297327,3.310750351527547,18.27943244279688,34.38578550428225,8.590054966125528,37.0,52.88252588521027
경남,비수도권,2024,3,2024.3/4,62.1,67.7,1790.0,63.3,1039.0,2829.0,1.8,71.1,2.0,69.7,74.9,55.3,1.6,54.4,59.9,15.300000000000004,15.799999999999997,9.10643141718839,27.319294251565168,37.73477518497439,82.86852589641434,71.03016505406944,52.87421741605009,16.391576550939103,1.7643710870802503,23.278315310187818,35.116676152532726,10.870802504268639,37.3,44.79225953329539
경북,비수도권,2024,3,2024.3/4,64.8,69.3,1506.0,66.0,777.0,2283.0,1.8,73.6,1.9,72.2,75.7,58.2,1.6,57.3,62.1,14.900000000000006,15.399999999999991,10.141987829614605,33.739012846517916,32.99526707234618,77.14672075726843,63.2183908045977,43.54293441514537,17.106152805949968,2.636916835699797,29.141311697092632,28.87085868830291,10.953346855983773,37.9,40.027045300878974
광주,비수도권,2024,3,2024.3/4,60.5,65.8,793.0,62.0,485.0,1278.0,2.5,70.3,2.6,68.5,73.7,54.2,2.3,52.9,58.0,15.600000000000001,16.099999999999994,12.807244501940493,20.69857697283312,40.620957309184995,87.45148771021992,78.52522639068565,57.17981888745148,17.46442432082794,3.8809831824062093,19.27554980595084,32.988357050452784,8.667529107373868,37.1,53.8163001293661
대구,비수도권,2024,3,2024.3/4,58.0,65.3,1250.0,59.6,847.0,2096.0,2.8,68.4,2.6,66.7,72.8,51.4,3.0,49.8,57.8,16.900000000000006,17.000000000000007,10.94650205761317,23.456790123456788,39.50617283950617,86.66666666666667,76.70781893004116,57.03703703703704,15.473251028806583,4.197530864197531,20.82304526748971,30.37037037037037,8.395061728395062,37.5,54.97942386831276
대전,비수도권,2024,3,2024.3/4,60.5,67.1,807.0,61.9,496.0,1302.0,2.4,70.3,2.3,68.7,74.6,53.7,2.4,52.4,59.4,16.300000000000004,16.599999999999994,15.355329949238577,19.796954314720814,41.75126903553299,89.08629441624365,79.82233502538071,59.390862944162436,17.131979695431472,3.4263959390862944,17.512690355329948,35.40609137055837,9.137055837563452,36.4,58.121827411167516
부산,비수도권,2024,3,2024.3/4,58.3,67.2,1744.0,59.8,1174.0,2918.0,2.4,68.0,2.1,66.5,75.3,52.2,2.8,50.7,59.2,15.799999999999997,15.799999999999997,13.396004700352526,24.44183313748531,38.77790834312573,85.07638072855464,79.49471210340776,55.4641598119859,21.327849588719154,2.7027027027027026,18.27262044653349,32.90246768507638,9.048178613396004,36.6,53.81903642773208
서울,수도권,2024,3,2024.3/4,61.8,70.5,5372.0,63.4,3096.0,8468.0,2.5,71.1,2.5,69.3,77.2,56.5,2.5,55.1,64.3,14.199999999999996,14.599999999999994,16.208476517754868,18.423062237495227,44.4635357006491,90.0725467735777,83.5242458953799,63.039327987781604,17.583046964490265,2.9018709431080563,15.31118747613593,36.38793432607866,8.533791523482245,36.6,64.2229858724704
세종,비수도권,2024,3,2024.3/4,65.8,69.3,216.0,67.0,106.0,323.0,1.8,76.4,1.0,75.7,78.4,57.9,2.8,56.3,60.1,19.400000000000006,18.500000000000007,11.320754716981133,15.09433962264151,52.83018867924528,91.0377358490566,82.54716981132076,70.75471698113208,10.377358490566039,0.9433962264150944,16.037735849056602,35.37735849056604,7.0754716981132075,35.8,70.75471698113208
울산,비수도권,2024,3,2024.3/4,60.2,66.3,596.0,62.3,360.0,957.0,3.4,73.1,3.4,70.6,77.2,50.9,3.4,49.1,54.1,21.499999999999993,22.199999999999996,11.11111111111111,19.96527777777778,41.66666666666667,88.88888888888889,82.8125,62.15277777777778,18.57638888888889,2.083333333333333,15.277777777777779,29.51388888888889,10.590277777777777,38.4,46.52777777777778
인천,수도권,2024,3,2024.3/4,64.4,70.9,1763.0,65.9,914.0,2677.0,2.2,73.8,2.1,72.2,77.8,58.1,2.4,56.7,63.9,15.5,15.699999999999996,13.34106728538283,20.88167053364269,42.51740139211137,88.51508120649652,81.72853828306265,58.75870069605569,19.1415313225058,3.82830626450116,16.70533642691415,33.816705336426914,8.990719257540604,37.1,48.20185614849188
전남,비수도권,2024,3,2024.3/4,66.6,71.0,1034.0,68.0,486.0,1520.0,2.1,74.5,2.1,72.9,76.6,61.5,2.0,60.2,64.6,12.700000000000003,13.0,9.288537549407115,35.67193675889328,30.8300395256917,74.80237154150198,61.85770750988142,39.62450592885375,19.1699604743083,3.0632411067193677,29.545454545454547,35.573122529644266,10.57312252964427,36.7,37.74703557312253
전북,비수도권,2024,3,2024.3/4,64.8,69.1,1020.0,65.9,529.0,1548.0,1.7,71.2,1.9,69.8,73.2,60.6,1.3,59.8,64.7,10.0,10.600000000000001,9.970089730807578,32.30309072781655,33.39980059820538,77.46759720837487,66.99900299102693,47.25822532402791,16.450648055832502,3.290129611166501,26.12163509471585,33.89830508474576,9.272183449651047,36.5,42.073778664007975
제주,비수도권,2024,3,2024.3/4,69.5,74.4,409.0,70.9,168.0,577.0,1.9,76.2,1.8,74.9,79.1,65.5,1.9,64.2,69.4,10.700000000000003,10.700000000000003,9.975062344139651,24.93765586034913,40.14962593516209,84.28927680798004,67.83042394014963,47.880299251870326,15.96009975062344,3.99002493765586,26.683291770573565,35.66084788029925,10.972568578553615,36.5,55.36159600997507
충남,비수도권,2024,3,2024.3/4,66.1,70.6,1322.0,67.6,633.0,1955.0,2.2,76.7,2.1,75.0,78.8,58.1,2.3,56.8,61.3,18.200000000000003,18.6,11.523588553750967,28.151585460170146,38.36040216550657,81.51585460170146,70.76566125290023,54.67904098994586,12.915699922660478,3.17092034029389,23.588553750966746,33.255993812838355,11.446249033255993,37.5,41.22196442382057
충북,비수도권,2024,3,2024.3/4,66.6,71.9,978.0,67.8,465.0,1444.0,1.7,76.2,2.1,74.6,78.7,59.1,1.3,58.4,64.3,16.199999999999996,17.1,13.097713097713099,27.546777546777545,35.86278586278586,82.53638253638253,71.3097713097713,51.66320166320166,15.904365904365905,3.7422037422037424,23.38877338877339,33.16008316008316,9.875259875259875,37.1,41.78794178794179
강원,비수도권,2024,4,2024.4/4,63.4,71.0,868.0,65.4,459.0,1327.0,3.1,71.3,2.7,69.3,76.5,59.7,3.5,57.7,65.3,11.599999999999994,11.599999999999994,11.890606420927467,31.03448275862069,33.29369797859691,80.26159334126041,71.22473246135553,50.535077288941736,16.527942925089178,4.280618311533888,24.137931034482758,26.7538644470868,10.225921521997622,37.7,43.51961950059453
경기,수도권,2024,4,2024.4/4,64.0,70.9,7949.0,65.6,4167.0,12116.0,2.4,74.4,2.4,72.6,78.0,56.8,2.3,55.5,63.4,17.099999999999994,17.60000000000001,13.466494845360824,19.29123711340206,43.71134020618557,89.81958762886599,80.12886597938144,60.7860824742268,16.327319587628867,3.015463917525773,18.118556701030926,21.88144329896907,9.587628865979383,39.1,53.595360824742265
경남,비수도권,2024,4,2024.4/4,61.9,68.3,1798.0,63.5,1031.0,2829.0,2.6,71.3,2.1,69.8,75.5,55.8,3.2,54.0,60.5,15.799999999999997,15.5,8.504566210045663,27.11187214611872,38.52739726027397,83.44748858447488,70.662100456621,53.481735159817354,15.639269406392694,1.5410958904109588,23.91552511415525,24.65753424657534,12.728310502283104,39.2,45.49086757990868
경북,비수도권,2024,4,2024.4/4,64.0,69.6,1495.0,65.5,788.0,2282.0,2.3,73.7,2.2,72.1,76.1,57.2,2.6,55.7,62.3,16.39999999999999,16.5,10.0,33.082191780821915,33.42465753424658,78.15068493150686,63.76712328767123,44.86301369863014,15.890410958904111,3.0136986301369864,29.246575342465754,25.136986301369863,10.41095890410959,38.4,40.89041095890411
광주,비수도권,2024,4,2024.4/4,59.2,65.2,785.0,61.4,493.0,1278.0,3.6,70.1,3.4,67.7,73.0,53.2,3.8,51.2,57.3,16.5,16.89999999999999,12.15323645970938,20.47556142668428,41.611624834874505,87.97886393659181,78.46763540290621,58.12417437252312,16.6446499339498,3.6988110964332894,19.418758256274767,21.79656538969617,9.379128137384413,38.8,55.21796565389696
대구,비수도권,2024,4,2024.4/4,57.6,65.3,1247.0,59.5,848.0,2095.0,3.2,68.0,3.2,65.9,72.1,51.5,3.1,49.9,58.5,16.000000000000007,16.5,10.596026490066226,23.427152317880797,39.98344370860927,86.75496688741721,76.65562913907284,56.456953642384114,15.728476821192054,4.5529801324503305,20.612582781456954,20.612582781456954,8.774834437086094,39.0,54.55298013245034
대전,비수도권,2024,4,2024.4/4,60.3,66.8,811.0,62.3,492.0,1303.0,3.2,70.6,3.1,68.4,74.1,54.1,3.4,52.3,59.2,16.10000000000001,16.499999999999993,14.777070063694268,20.382165605095544,41.910828025477706,88.6624203821656,79.10828025477707,58.34394904458598,16.687898089171973,3.949044585987261,18.59872611464968,23.949044585987263,10.318471337579618,38.2,58.34394904458598
부산,비수도권,2024,4,2024.4/4,57.7,67.2,1731.0,59.4,1184.0,2915.0,2.8,67.6,2.3,66.1,75.1,51.8,3.4,50.0,59.5,16.099999999999994,15.799999999999997,13.19073083778966,24.06417112299465,39.037433155080215,85.56149732620321,80.15448603683897,57.51633986928104,19.548425430778373,3.1491384432560903,17.76589423648247,22.69756387403446,9.15032679738562,38.5,54.90196078431373
서울,수도권,2024,4,2024.4/4,61.6,70.2,5377.0,63.5,3091.0,8467.0,3.0,70.8,2.8,68.8,76.5,56.9,3.2,55.1,64.4,13.699999999999996,13.899999999999999,15.953978906999042,18.772770853307765,44.27612655800575,89.76030680728667,83.58581016299136,63.04889741131352,17.296260786193674,3.2214765100671143,15.35953978906999,22.09012464046021,9.22339405560882,38.9,64.54458293384468
세종,비수도권,2024,4,2024.4/4,66.0,69.9,217.0,67.2,106.0,323.0,1.8,76.3,0.7,75.8,79.0,58.3,3.1,56.5,60.6,19.299999999999997,18.0,11.267605633802818,14.553990610328638,52.58215962441315,91.54929577464789,84.03755868544602,72.30046948356808,10.328638497652582,1.4084507042253522,14.553990610328638,22.065727699530516,7.511737089201878,37.6,71.36150234741784
울산,비수도권,2024,4,2024.4/4,60.1,67.1,595.0,62.2,362.0,957.0,3.3,73.5,2.9,71.3,78.6,50.2,4.0,48.1,54.2,23.199999999999996,23.299999999999997,11.130434782608695,19.47826086956522,42.26086956521739,89.73913043478261,83.30434782608695,62.08695652173913,18.782608695652172,2.608695652173913,14.956521739130435,19.652173913043477,12.521739130434783,40.4,46.608695652173914
인천,수도권,2024,4,2024.4/4,63.9,70.7,1776.0,66.1,912.0,2688.0,3.3,74.7,3.3,72.2,77.8,57.7,3.2,55.8,63.4,16.400000000000006,17.0,13.038416763678695,21.42025611175786,42.43306169965076,88.64959254947613,81.0244470314319,59.13853317811408,18.451688009313155,3.3760186263096625,17.28754365541327,21.362048894062863,10.186263096623982,39.2,48.952270081490106
전남,비수도권,2024,4,2024.4/4,65.7,70.9,1034.0,68.1,484.0,1518.0,3.5,75.4,2.9,73.2,77.2,60.8,4.4,58.1,63.6,15.100000000000001,14.600000000000009,9.829488465396189,35.10531594784353,30.892678034102307,75.42627883650952,61.48445336008024,39.81945837512538,17.65295887662989,4.012036108324975,29.789368104312942,27.9839518555667,11.534603811434303,38.0,36.40922768304915
전북,비수도권,2024,4,2024.4/4,62.9,68.7,1007.0,65.1,540.0,1547.0,3.4,71.0,2.4,69.3,73.5,59.3,4.6,56.5,63.6,12.799999999999997,11.700000000000003,10.2880658436214,30.864197530864196,33.95061728395062,79.01234567901234,68.10699588477365,50.20576131687243,14.506172839506174,3.3950617283950617,25.823045267489714,26.851851851851855,9.465020576131687,37.4,44.03292181069959
제주,비수도권,2024,4,2024.4/4,69.0,74.6,408.0,70.8,169.0,577.0,2.6,76.0,2.6,74.1,79.0,65.5,2.5,63.9,70.0,10.199999999999996,10.5,9.547738693467336,24.623115577889447,40.45226130653266,84.92462311557789,68.09045226130654,48.24120603015075,15.326633165829145,4.522613065326634,26.38190954773869,26.884422110552762,11.055276381909549,38.0,55.527638190954775
충남,비수도권,2024,4,2024.4/4,65.7,71.3,1318.0,67.2,644.0,1961.0,2.3,76.7,2.3,74.9,79.0,57.2,2.3,55.9,62.5,19.000000000000007,19.5,11.956521739130435,27.096273291925467,38.58695652173913,82.6086956521739,71.972049689441,55.82298136645962,13.121118012422361,3.027950310559006,23.214285714285715,23.680124223602483,12.732919254658384,39.2,42.391304347826086
충북,비수도권,2024,4,2024.4/4,65.6,71.5,970.0,67.1,476.0,1445.0,2.3,75.1,2.2,73.5,78.0,58.8,2.5,57.4,64.3,16.1,16.299999999999997,12.671594508975712,26.927138331573392,36.74762407602957,83.21013727560718,71.80570221752905,52.9039070749736,15.73389651531151,3.167898627243928,23.442449841605068,24.920802534318902,10.982048574445617,38.5,43.083421330517425
강원,비수도권,2025,1,2025.1/4,60.2,68.1,830.0,62.5,497.0,1328.0,3.8,68.0,3.9,65.3,73.2,57.2,3.6,55.2,62.8,10.099999999999994,10.799999999999997,11.639549436795996,29.536921151439298,34.04255319148936,80.72590738423028,73.46683354192741,52.19023779724657,18.523153942428035,2.753441802252816,23.153942428035045,28.53566958698373,10.137672090112641,36.5,44.55569461827284
경기,수도권,2025,1,2025.1/4,63.2,70.5,7906.0,65.0,4249.0,12155.0,2.8,73.7,2.9,71.5,77.5,56.4,2.7,54.9,63.2,16.6,17.300000000000004,13.33940655908381,18.81832378969287,43.97449245184799,90.18740239458616,81.2597605413847,62.66267568974493,15.86413326392504,2.719937532535138,17.191566892243625,20.393024466423736,9.161894846434148,38.8,54.60697553357626
경남,비수도권,2025,1,2025.1/4,62.3,68.5,1805.0,63.7,1029.0,2834.0,2.3,71.1,2.1,69.6,75.1,56.2,2.5,54.8,61.1,14.799999999999997,14.899999999999991,8.73015873015873,27.15419501133787,38.378684807256235,82.87981859410431,71.5986394557823,53.11791383219955,16.780045351473923,1.7006802721088436,23.46938775510204,25.850340136054424,12.698412698412698,38.4,45.74829931972789
경북,비수도권,2025,1,2025.1/4,62.7,68.0,1476.0,64.6,807.0,2284.0,3.1,72.9,3.1,70.6,74.3,56.2,3.1,54.5,61.0,16.099999999999994,16.700000000000003,9.713487071977637,33.193570929419984,33.6827393431167,77.63801537386443,65.12928022361984,46.89028651292802,15.793151642208244,2.515723270440252,28.511530398322847,29.41998602375961,9.433962264150944,36.6,42.627533193570926
광주,비수도권,2025,1,2025.1/4,59.9,65.1,793.0,62.0,485.0,1278.0,3.5,70.8,3.4,68.4,73.4,53.6,3.6,51.7,56.8,16.700000000000003,17.199999999999996,12.156862745098039,21.437908496732025,41.307189542483655,86.66666666666667,79.2156862745098,57.385620915032675,17.908496732026144,3.7908496732026142,18.69281045751634,22.61437908496732,9.019607843137255,38.3,54.37908496732026
대구,비수도권,2025,1,2025.1/4,57.3,65.3,1245.0,59.4,851.0,2095.0,3.5,67.2,3.9,64.6,70.9,52.0,3.0,50.5,59.7,14.099999999999994,15.200000000000003,11.240632805995004,23.31390507910075,39.30058284762698,86.84429641965029,75.93671940049958,56.78601165695254,15.154038301415488,3.913405495420483,21.398834304746046,20.233139050791006,8.742714404662781,38.7,54.787676935886765
대전,비수도권,2025,1,2025.1/4,61.0,67.5,826.0,63.3,479.0,1305.0,3.5,70.9,3.3,68.6,74.6,55.8,3.9,53.7,60.3,14.899999999999991,15.100000000000009,15.056461731493098,20.82810539523212,41.27979924717691,88.20577164366374,78.67001254705144,58.469259723964875,17.189460476787954,3.0112923462986196,18.946047678795484,24.341279799247175,10.28858218318695,37.8,57.84190715181933
부산,비수도권,2025,1,2025.1/4,57.4,66.9,1734.0,59.5,1178.0,2913.0,3.6,67.6,3.1,65.5,75.0,52.1,4.3,49.9,59.0,15.600000000000001,15.499999999999993,12.55980861244019,24.401913875598087,39.23444976076555,85.34688995215312,80.26315789473685,58.61244019138756,18.301435406698566,3.349282296650718,17.64354066985646,23.74401913875598,8.851674641148326,37.8,56.57894736842105
서울,수도권,2025,1,2025.1/4,60.4,69.0,5353.0,63.3,3108.0,8461.0,4.5,70.7,4.1,67.8,75.4,56.6,4.9,53.8,63.0,14.0,14.100000000000001,15.626833561509876,18.873459808331702,44.51398396244866,89.63426559749658,83.12145511441423,63.81771953843145,16.467827107373363,2.8359084686094267,15.763739487580677,20.84881674163896,9.387834930569138,39.0,64.67827107373361
세종,비수도권,2025,1,2025.1/4,64.0,68.4,214.0,66.0,110.0,325.0,3.0,75.3,2.0,73.8,77.9,56.9,4.3,54.5,58.9,19.299999999999997,18.4,11.057692307692307,13.942307692307693,53.36538461538461,91.82692307692307,84.13461538461539,74.03846153846155,8.653846153846153,1.4423076923076923,14.423076923076922,20.673076923076923,8.173076923076923,37.7,73.07692307692307
울산,비수도권,2025,1,2025.1/4,59.4,66.2,584.0,60.9,375.0,959.0,2.6,72.9,1.9,71.6,78.7,48.1,3.6,46.3,52.1,25.299999999999997,24.800000000000004,11.423550087873462,19.68365553602812,42.1792618629174,89.45518453427064,82.60105448154658,62.56590509666081,17.75043936731107,2.2847100175746924,15.465729349736378,18.629173989455182,11.950790861159929,40.4,47.97891036906854
인천,수도권,2025,1,2025.1/4,62.9,69.9,1759.0,65.2,939.0,2697.0,3.6,74.1,3.6,71.4,77.4,56.5,3.6,54.4,62.2,17.000000000000007,17.599999999999994,12.625368731563421,20.943952802359885,43.42182890855457,88.79056047197639,80.53097345132744,60.35398230088496,17.28613569321534,2.8908554572271385,17.699115044247787,20.235988200589972,10.678466076696164,39.1,50.501474926253685
전남,비수도권,2025,1,2025.1/4,64.6,69.7,1018.0,67.0,501.0,1518.0,3.5,74.4,2.7,72.4,76.2,59.5,4.7,56.8,62.2,15.600000000000009,14.900000000000006,9.164969450101832,35.13238289205703,31.364562118126273,75.050916496945,61.91446028513238,39.81670061099796,18.329938900203665,3.8696537678207736,30.04073319755601,31.364562118126273,10.285132382892057,36.2,36.456211812627295
전북,비수도권,2025,1,2025.1/4,61.8,67.4,988.0,63.9,559.0,1547.0,3.3,70.9,2.9,68.9,72.9,56.9,3.7,54.8,61.5,14.100000000000009,14.000000000000007,10.146443514644352,30.753138075313807,34.20502092050209,78.55648535564853,69.8744769874477,50.94142259414226,15.794979079497908,3.1380753138075312,24.89539748953975,30.439330543933053,9.518828451882845,36.0,44.14225941422594
제주,비수도권,2025,1,2025.1/4,68.8,73.9,407.0,70.5,170.0,577.0,2.4,75.5,2.4,73.6,77.9,65.6,2.3,64.1,69.6,9.5,9.900000000000006,10.075566750629724,25.440806045340054,39.54659949622166,84.1309823677582,68.76574307304786,48.86649874055416,15.869017632241814,4.030226700251889,26.19647355163728,26.700251889168765,11.083123425692696,37.3,53.904282115869016
충남,비수도권,2025,1,2025.1/4,63.0,70.0,1288.0,65.4,681.0,1969.0,3.7,75.3,3.9,72.4,77.9,54.9,3.5,53.0,61.0,19.400000000000006,20.4,13.064516129032258,24.91935483870968,39.75806451612903,84.35483870967741,74.51612903225806,58.46774193548387,13.38709677419355,2.661290322580645,21.693548387096776,23.790322580645164,12.17741935483871,38.8,43.145161290322584
충북,비수도권,2025,1,2025.1/4,65.2,71.8,970.0,67.0,479.0,1448.0,2.7,75.1,1.9,73.7,78.7,58.6,3.7,56.4,64.1,17.300000000000004,16.499999999999993,12.711864406779661,26.48305084745763,37.5,83.58050847457628,72.5635593220339,54.131355932203384,15.783898305084746,2.6483050847457625,23.19915254237288,25.31779661016949,10.063559322033898,37.8,44.809322033898304
강원,비수도권,2025,2,2025.2/4,66.7,72.0,901.0,67.9,426.0,1327.0,1.8,73.6,1.8,72.2,77.5,62.4,1.7,61.3,66.2,10.900000000000006,11.199999999999996,10.734463276836157,34.57627118644068,31.52542372881356,76.49717514124293,69.49152542372882,46.89265536723164,18.757062146892657,3.84180790960452,24.858757062146893,28.474576271186443,9.717514124293785,36.9,40.67796610169492
경기,수도권,2025,2,2025.2/4,64.7,71.4,8095.0,66.4,4094.0,12189.0,2.6,75.2,2.9,73.0,78.5,57.7,2.3,56.3,64.1,16.700000000000003,17.5,13.18360614135262,19.984773505900264,43.33206445882502,89.06230173835807,81.28410100241086,61.46428118259104,16.66032229412511,3.17218627077782,17.066362136784672,21.139449308463394,9.326227636086792,38.9,54.2063189950514
경남,비수도권,2025,2,2025.2/4,63.3,69.4,1832.0,64.5,1007.0,2839.0,1.9,72.2,2.1,70.7,75.9,56.7,1.6,55.8,62.2,14.900000000000006,15.5,8.843159065628477,28.25361512791991,37.98665183537263,82.31368186874305,71.63515016685206,52.55839822024472,17.018909899888765,2.0022246941045605,23.804226918798665,24.805339265850947,12.180200222469411,39.1,46.440489432703004
경북,비수도권,2025,2,2025.2/4,65.5,69.8,1543.0,67.5,741.0,2284.0,3.1,75.5,4.0,72.4,75.9,59.5,1.8,58.4,62.9,14.000000000000007,16.0,9.62566844919786,35.160427807486634,32.75401069518716,75.86898395721924,64.63903743315508,46.05614973262032,15.307486631016044,3.2085561497326207,27.47326203208556,22.727272727272727,11.363636363636363,39.1,42.513368983957214
광주,비수도권,2025,2,2025.2/4,61.0,66.1,805.0,63.1,472.0,1277.0,3.3,71.9,3.3,69.6,74.4,54.6,3.4,52.8,57.7,16.799999999999997,17.300000000000004,11.825192802056556,22.493573264781492,40.616966580976865,86.11825192802056,79.82005141388174,57.84061696658098,18.123393316195372,3.984575835475578,17.866323907455012,22.236503856041132,9.897172236503856,38.8,55.14138817480719
대구,비수도권,2025,2,2025.2/4,58.5,66.0,1268.0,60.5,827.0,2094.0,3.4,68.3,4.1,65.5,71.4,53.2,2.5,51.9,60.8,13.600000000000001,15.099999999999994,11.673469387755102,24.3265306122449,38.36734693877551,85.71428571428571,75.51020408163265,56.6530612244898,14.775510204081632,4.081632653061225,21.714285714285715,21.551020408163264,8.489795918367347,38.7,54.775510204081634
대전,비수도권,2025,2,2025.2/4,62.5,68.7,840.0,64.3,466.0,1306.0,2.9,71.7,3.5,69.1,74.9,57.1,2.1,55.9,62.3,13.199999999999996,14.600000000000001,15.073529411764705,21.323529411764707,41.17647058823529,87.37745098039215,78.79901960784314,57.84313725490197,18.504901960784316,2.5735294117647056,18.75,24.509803921568626,9.191176470588236,37.9,56.86274509803921
부산,비수도권,2025,2,2025.2/4,58.9,68.3,1758.0,60.4,1151.0,2909.0,2.5,68.4,2.3,66.9,76.3,53.1,2.8,51.6,60.5,15.300000000000004,15.300000000000004,12.193698949824972,25.670945157526255,38.91481913652275,84.48074679113185,81.09684947491247,58.22637106184364,19.71995332555426,3.150525087514586,16.977829638273047,25.72928821470245,8.693115519253208,37.3,56.184364060676785
서울,수도권,2025,2,2025.2/4,61.8,70.2,5421.0,64.2,3025.0,8445.0,3.7,71.6,4.0,68.7,76.0,57.6,3.4,55.6,64.9,13.100000000000001,13.999999999999993,15.750143705690745,19.620616976432267,43.76317302165166,88.86759915692662,83.33013987353898,63.32630772178578,17.053075301781952,2.950756849971259,15.52021460049818,21.67081816439931,10.021076834642653,39.0,64.61007855911095
세종,비수도권,2025,2,2025.2/4,65.6,68.9,219.0,67.1,107.0,326.0,2.2,75.3,1.9,73.9,76.7,59.0,2.5,57.6,61.1,16.300000000000004,16.299999999999997,10.74766355140187,15.887850467289718,51.86915887850467,90.18691588785047,83.17757009345794,71.96261682242991,9.813084112149532,1.4018691588785046,14.953271028037381,21.49532710280374,8.411214953271028,38.1,71.02803738317756
울산,비수도권,2025,2,2025.2/4,60.6,67.2,596.0,62.1,364.0,961.0,2.3,74.2,2.1,72.6,79.6,49.1,2.8,47.8,53.3,24.799999999999997,25.1,11.663807890222985,20.411663807890225,41.509433962264154,88.33619210977702,83.01886792452831,62.264150943396224,17.83876500857633,2.7444253859348198,15.09433962264151,19.725557461406517,11.663807890222985,40.2,49.22813036020583
인천,수도권,2025,2,2025.2/4,63.8,70.0,1783.0,65.9,922.0,2705.0,3.3,75.1,3.3,72.7,77.7,56.9,3.3,55.0,62.1,17.700000000000003,18.199999999999996,12.057971014492754,22.492753623188406,42.95652173913043,87.2463768115942,80.81159420289855,60.46376811594203,17.507246376811594,2.8405797101449277,17.507246376811594,20.985507246376812,10.376811594202898,38.9,50.89855072463768
전남,비수도권,2025,2,2025.2/4,66.6,71.1,1038.0,68.3,482.0,1519.0,2.4,75.3,2.9,73.1,76.7,61.1,1.7,60.1,64.6,12.999999999999993,14.199999999999996,9.980237154150199,35.96837944664031,30.731225296442688,74.1106719367589,62.944664031620555,39.920948616600796,19.76284584980237,3.3596837944664033,28.85375494071146,29.347826086956523,11.067193675889328,37.3,35.96837944664031
전북,비수도권,2025,2,2025.2/4,63.8,68.8,1012.0,65.4,535.0,1547.0,2.5,71.6,2.5,69.8,73.5,59.4,2.5,57.9,63.7,11.899999999999999,12.199999999999996,9.625126646403242,32.32016210739615,33.94123606889564,77.30496453900709,69.30091185410335,50.455927051671736,15.80547112462006,3.0395136778115504,24.214792299898683,23.302938196555218,11.043566362715298,38.4,43.87031408308004
제주,비수도권,2025,2,2025.2/4,70.2,74.7,413.0,71.6,164.0,577.0,2.0,76.4,2.4,74.6,78.4,66.9,1.6,65.9,70.7,8.699999999999989,9.5,10.37037037037037,26.41975308641975,39.01234567901234,82.96296296296296,69.38271604938272,48.148148148148145,17.530864197530864,3.7037037037037033,25.432098765432098,26.666666666666668,11.604938271604938,38.1,53.333333333333336
충남,비수도권,2025,2,2025.2/4,66.9,72.5,1361.0,68.9,616.0,1977.0,2.8,77.5,2.9,75.2,79.7,59.8,2.8,58.1,64.2,17.1,17.700000000000003,12.320483749055178,27.513227513227513,38.775510204081634,81.93499622071052,72.63794406651549,55.63114134542706,13.983371126228269,3.0990173847316704,22.297808012093725,22.22222222222222,13.756613756613756,39.8,42.32804232804233
충북,비수도권,2025,2,2025.2/4,68.1,73.6,1006.0,69.3,445.0,1451.0,1.8,76.5,1.4,75.5,79.7,61.8,2.4,60.4,66.8,15.100000000000001,14.700000000000003,12.044534412955466,28.34008097165992,36.84210526315789,81.78137651821862,72.16599190283401,51.92307692307693,17.20647773279352,3.0364372469635628,22.57085020242915,23.178137651821864,11.133603238866396,39.1,44.230769230769226
강원,비수도권,2025,3,2025.3/4,66.5,71.6,898.0,67.7,428.0,1325.0,1.8,73.4,1.8,72.1,76.9,62.2,1.7,61.1,66.1,10.999999999999993,11.200000000000003,10.090702947845804,35.147392290249435,31.63265306122449,75.85034013605441,69.61451247165533,46.14512471655329,19.841269841269842,3.5147392290249435,24.149659863945576,35.374149659863946,9.183673469387756,35.7,40.816326530612244
경기,수도권,2025,3,2025.3/4,64.0,70.7,8007.0,65.5,4213.0,12220.0,2.3,74.3,2.6,72.3,77.8,56.8,1.9,55.7,63.4,16.599999999999994,17.5,12.813299232736572,20.294117647058822,43.14578005115089,88.77237851662404,81.26598465473145,61.20204603580562,16.70076726342711,3.350383631713555,17.097186700767264,32.41687979539642,8.273657289002557,37.2,54.78260869565217
경남,비수도권,2025,3,2025.3/4,63.6,70.2,1838.0,64.6,1005.0,2842.0,1.6,73.1,1.6,71.9,77.5,56.1,1.7,55.1,62.1,16.800000000000004,16.999999999999993,9.241837299391257,28.112894299944656,37.5207526286663,82.45711123408965,70.72495849474267,52.684006640841176,16.214720531267293,1.8815716657443278,24.847814056447152,33.37022689540675,10.514665190924184,37.4,47.03929164360819
경북,비수도권,2025,3,2025.3/4,66.3,71.3,1544.0,67.6,740.0,2283.0,1.9,74.6,2.4,72.7,76.7,60.5,1.3,59.8,65.1,12.900000000000006,14.099999999999994,10.369881109643329,34.94055482166446,32.628797886393656,76.1558784676354,64.46499339498018,46.10303830911493,15.521796565389694,2.8401585204755615,27.60898282694848,29.392338177014533,10.23778071334214,37.8,43.26287978863937
광주,비수도권,2025,3,2025.3/4,61.6,66.8,807.0,63.3,468.0,1275.0,2.7,71.7,2.5,70.0,74.8,55.2,2.9,53.6,58.6,16.4,16.5,11.704834605597965,22.900763358778626,40.33078880407125,85.6234096692112,80.02544529262087,57.63358778625955,18.447837150127228,4.071246819338422,17.8117048346056,31.170483460559794,8.524173027989821,37.0,55.089058524173026
대구,비수도권,2025,3,2025.3/4,58.1,65.4,1249.0,59.6,845.0,2094.0,2.6,66.9,3.5,64.5,70.3,52.9,1.6,52.0,60.6,12.5,14.000000000000007,11.266447368421053,24.424342105263158,38.98026315789473,85.19736842105263,75.49342105263158,56.414473684210535,15.542763157894738,3.5361842105263155,22.039473684210524,30.345394736842106,7.154605263157894,37.1,55.92105263157895
대전,비수도권,2025,3,2025.3/4,62.7,69.1,839.0,64.1,469.0,1308.0,2.2,71.0,2.5,69.2,75.0,57.4,1.9,56.4,63.0,12.800000000000004,13.600000000000001,14.878048780487804,21.463414634146343,40.609756097560975,87.1951219512195,78.90243902439025,58.536585365853654,17.926829268292682,2.317073170731707,19.146341463414636,34.02439024390244,8.170731707317074,36.6,58.048780487804876
부산,비수도권,2025,3,2025.3/4,58.7,68.4,1742.0,60.0,1163.0,2906.0,2.1,68.2,2.0,66.8,76.3,52.4,2.3,51.2,60.6,15.599999999999994,15.800000000000004,12.140762463343108,25.454545454545453,39.35483870967742,84.4574780058651,81.64222873900293,59.00293255131965,19.70674486803519,2.932551319648094,16.59824046920821,31.61290322580645,7.683284457478005,36.3,55.95307917888563
서울,수도권,2025,3,2025.3/4,62.3,70.8,5393.0,63.9,3049.0,8442.0,2.5,70.8,2.8,68.8,76.0,57.7,2.1,56.5,65.9,12.299999999999997,13.099999999999994,15.361216730038022,19.695817490494296,44.163498098859314,88.5361216730038,83.2319391634981,63.09885931558935,17.167300380228138,2.9847908745247147,15.64638783269962,33.117870722433466,9.049429657794676,37.4,64.27756653992395
세종,비수도권,2025,3,2025.3/4,64.7,68.1,217.0,66.2,111.0,328.0,2.2,73.9,2.3,72.1,74.9,58.7,2.0,57.6,61.3,14.499999999999993,15.200000000000003,10.377358490566039,15.566037735849056,51.886792452830186,90.56603773584906,83.49056603773585,71.22641509433963,10.849056603773585,0.9433962264150944,14.622641509433961,33.0188679245283,8.018867924528301,36.2,70.75471698113208
울산,비수도권,2025,3,2025.3/4,60.2,67.0,589.0,61.3,373.0,961.0,1.7,73.0,1.6,71.9,79.2,48.6,1.8,47.8,53.3,24.10000000000001,24.4,11.57167530224525,20.898100172711572,41.62348877374784,88.42832469775475,83.24697754749567,63.212435233160626,17.271157167530223,2.5906735751295336,14.853195164075995,26.94300518134715,10.535405872193436,38.8,50.431778929188255
인천,수도권,2025,3,2025.3/4,63.7,69.8,1773.0,65.3,942.0,2715.0,2.4,74.6,2.2,72.9,78.1,56.2,2.6,54.8,61.3,18.10000000000001,18.39999999999999,11.842865395725015,23.050259965337954,42.63431542461005,86.71288272674754,80.64702484113229,60.08087810514154,17.85095320623917,2.657423454650491,17.677642980935875,29.058347775852113,10.109763142692085,37.7,50.89543616406701
전남,비수도권,2025,3,2025.3/4,66.1,70.5,1029.0,67.7,491.0,1520.0,2.4,74.5,3.0,72.3,76.0,60.8,1.7,59.7,64.0,12.599999999999994,13.700000000000003,9.65174129353234,36.417910447761194,30.547263681592042,73.73134328358208,63.084577114427866,40.19900497512438,19.701492537313435,3.084577114427861,28.65671641791045,35.32338308457712,11.243781094527364,36.5,36.61691542288557
전북,비수도권,2025,3,2025.3/4,64.9,69.7,1020.0,66.0,526.0,1546.0,1.7,72.2,1.5,71.1,75.0,60.0,2.0,58.8,64.0,12.299999999999997,12.200000000000003,9.870388833499502,32.80159521435693,33.79860418743769,76.76969092721835,69.19242273180458,49.950149551345966,16.151545363908276,3.090727816550349,24.32701894317049,31.505483549351943,9.67098703888335,36.3,43.76869391824527
제주,비수도권,2025,3,2025.3/4,69.9,74.4,409.0,71.0,167.0,577.0,1.5,74.7,1.7,73.4,76.8,67.3,1.3,66.4,71.8,7.0,7.400000000000006,10.421836228287841,26.550868486352357,38.70967741935484,82.87841191066998,68.23821339950372,47.146401985111666,18.610421836228287,2.481389578163772,26.302729528535977,33.99503722084367,10.669975186104217,36.7,53.59801488833747
충남,비수도권,2025,3,2025.3/4,66.5,71.8,1347.0,68.0,635.0,1982.0,2.2,76.2,2.2,74.5,78.9,59.3,2.2,58.0,63.7,16.5,16.900000000000006,11.911987860394538,28.148710166919578,38.46737481031867,81.48710166919575,72.00303490136571,54.77996965098634,14.264036418816389,2.959028831562974,22.685887708649467,30.955993930197266,11.911987860394538,37.5,42.716236722306526
충북,비수도권,2025,3,2025.3/4,68.1,73.7,1000.0,68.8,454.0,1454.0,1.0,76.2,0.9,75.5,79.8,61.1,1.1,60.4,66.8,15.100000000000001,15.100000000000001,12.121212121212121,28.383838383838384,36.76767676767677,81.51515151515152,71.21212121212122,51.81818181818182,17.07070707070707,2.4242424242424243,23.03030303030303,31.616161616161616,10.303030303030303,37.6,44.54545454545455
강원,비수도권,2025,4,2025.4/4,64.3,70.7,880.0,66.4,446.0,1325.0,3.1,73.4,2.9,71.3,76.8,59.5,3.2,57.6,64.4,13.699999999999996,13.900000000000006,10.082063305978899,33.528722157092616,32.825322391559205,77.13950762016412,70.80890973036342,48.53458382180539,18.874560375146544,3.2825322391559206,23.798358733880423,29.66002344665885,8.32356389214537,36.2,42.790152403282534
경기,수도권,2025,4,2025.4/4,63.4,70.3,7997.0,65.2,4260.0,12257.0,2.9,73.6,2.9,71.5,77.1,56.9,2.8,55.3,63.1,16.200000000000003,16.699999999999996,12.488734389082014,20.252349684562894,43.47882065147419,88.73438908201365,81.24114844856443,61.20767349040813,16.44135444830694,3.5921205098493627,17.226728466589417,21.076348654564182,9.051113686107893,38.6,54.93755632805459
경남,비수도권,2025,4,2025.4/4,64.1,71.5,1864.0,65.5,982.0,2846.0,2.1,73.9,1.8,72.5,78.5,56.9,2.4,55.5,63.8,17.0,17.000000000000007,9.479452054794521,27.56164383561644,37.47945205479452,82.95890410958904,70.63013698630137,53.6986301369863,15.342465753424658,1.5890410958904109,25.095890410958905,23.28767123287671,11.726027397260275,39.2,47.78082191780822
경북,비수도권,2025,4,2025.4/4,64.6,71.0,1512.0,66.3,770.0,2282.0,2.6,74.3,2.6,72.4,77.0,58.1,2.5,56.6,64.1,15.800000000000004,16.199999999999996,10.312075983717776,33.649932157394844,33.310719131614654,77.54409769335142,65.1967435549525,46.87924016282225,14.993215739484397,3.324287652645862,28.154681139755766,25.10176390773406,10.379918588873812,38.1,42.74084124830394
광주,비수도권,2025,4,2025.4/4,60.9,66.9,804.0,63.1,470.0,1274.0,3.5,70.7,2.3,69.1,74.5,55.8,4.9,53.0,59.3,16.099999999999994,14.900000000000006,11.597938144329897,22.29381443298969,40.72164948453608,86.5979381443299,80.15463917525774,58.50515463917526,17.65463917525773,3.865979381443299,17.783505154639176,21.778350515463917,9.793814432989691,38.5,55.28350515463918
대구,비수도권,2025,4,2025.4/4,58.0,66.1,1259.0,60.1,836.0,2095.0,3.6,67.4,4.2,64.6,70.6,53.3,2.9,51.8,61.6,12.799999999999997,14.100000000000009,11.202635914332784,23.640856672158154,39.621087314662276,85.83196046128501,75.7825370675453,56.50741350906095,15.650741350906095,3.6243822075782535,21.581548599670512,23.064250411861615,7.166392092257001,38.2,57.33113673805601
대전,비수도권,2025,4,2025.4/4,61.9,68.2,836.0,63.8,475.0,1310.0,2.9,71.3,3.1,69.1,74.9,56.5,2.8,54.9,61.3,14.199999999999996,14.799999999999997,13.933415536374847,21.57829839704069,41.30702836004932,86.80641183723797,78.79161528976573,59.06288532675708,17.385943279901355,2.342786683107275,19.482120838471022,22.934648581997532,8.877928483353884,38.3,58.939580764488284
부산,비수도권,2025,4,2025.4/4,58.5,68.7,1748.0,60.2,1155.0,2903.0,2.8,68.6,2.9,66.6,75.7,52.5,2.6,51.2,61.8,15.399999999999991,16.099999999999994,12.183637433784579,24.896998234255445,39.670394349617425,84.69688051795174,81.16539140670983,58.85815185403178,19.482048263684522,2.8251912889935253,16.89228958210712,24.543849323131255,8.298999411418482,37.8,57.151265450264866
서울,수도권,2025,4,2025.4/4,61.6,70.0,5349.0,63.3,3100.0,8449.0,2.8,70.0,2.8,68.0,75.1,57.4,2.8,55.8,65.2,12.200000000000003,12.600000000000001,14.958661795808498,19.842338011920784,44.3568544510671,88.32916746779466,82.84945202845606,63.045568159969235,16.80446068063834,2.9994231878484907,16.01615074024226,22.01499711593924,9.728898288790617,38.8,64.48759853874255
세종,비수도권,2025,4,2025.4/4,64.1,68.0,216.0,65.6,113.0,329.0,2.2,72.4,1.6,71.3,74.3,58.9,3.0,57.2,61.8,14.099999999999994,13.500000000000007,9.95260663507109,15.165876777251185,52.60663507109005,90.99526066350711,83.88625592417061,72.03791469194313,11.374407582938389,0.9478672985781991,14.218009478672986,22.748815165876778,8.530805687203792,38.0,72.51184834123224
울산,비수도권,2025,4,2025.4/4,59.2,66.8,585.0,60.8,377.0,962.0,2.7,72.2,2.1,70.7,78.6,48.6,3.6,46.8,53.3,23.900000000000006,23.6,11.072056239015819,20.035149384885763,42.1792618629174,89.27943760984182,83.30404217926186,64.32337434094903,16.87170474516696,2.10896309314587,14.938488576449913,19.15641476274165,11.247803163444638,40.1,52.196836555360285
인천,수도권,2025,4,2025.4/4,62.8,69.4,1777.0,65.2,949.0,2727.0,3.7,74.8,3.5,72.2,77.7,55.8,4.0,53.5,60.9,18.700000000000003,19.0,11.747516072472239,22.092343658679134,43.24956165984804,87.25891291642314,81.531268264173,60.72472238457043,17.708942139099943,3.1560490940970194,17.06604324956166,20.280537697253067,9.35125657510228,39.0,50.847457627118644
전남,비수도권,2025,4,2025.4/4,65.1,70.8,1028.0,67.6,494.0,1522.0,3.6,74.6,2.8,72.5,77.1,60.3,4.7,57.5,63.5,15.0,14.299999999999997,9.283551967709384,35.51967709384461,30.978809283551968,74.97477295660948,62.86579212916246,41.27144298688194,18.163471241170534,3.4308779011099895,28.557013118062564,27.749747729566092,10.99899091826438,37.7,38.64783047426841
전북,비수도권,2025,4,2025.4/4,62.8,69.1,1007.0,65.1,539.0,1546.0,3.5,72.2,2.3,70.5,75.5,58.1,5.1,55.2,62.1,15.299999999999997,14.100000000000001,9.989701338825952,31.71987641606591,34.39752832131823,78.16683831101957,68.89804325437693,50.46343975283213,15.242018537590113,3.089598352214212,25.231719876416065,26.364572605561275,9.474768280123584,37.2,46.03501544799176
제주,비수도권,2025,4,2025.4/4,70.5,76.2,418.0,72.5,159.0,577.0,2.8,75.3,2.9,73.2,77.6,69.7,2.8,67.7,74.7,5.5,5.599999999999994,10.83743842364532,25.862068965517242,38.669950738916256,83.74384236453201,68.96551724137932,47.783251231527096,17.980295566502463,3.201970443349754,25.862068965517242,26.354679802955665,11.330049261083744,38.0,54.679802955665025
충남,비수도권,2025,4,2025.4/4,65.7,71.7,1335.0,67.2,651.0,1986.0,2.2,76.1,2.1,74.6,79.2,57.8,2.4,56.4,63.1,18.199999999999996,18.299999999999997,11.638591117917304,27.411944869831544,39.2802450229709,82.00612557427259,72.28177641653905,55.81929555895865,13.476263399693721,3.0627871362940278,22.5114854517611,23.20061255742726,11.10260336906585,38.6,44.86983154670751
충북,비수도권,2025,4,2025.4/4,67.3,73.6,996.0,68.3,462.0,1457.0,1.5,74.9,1.2,74.0,78.9,61.4,1.9,60.3,67.7,13.700000000000003,13.500000000000007,12.844036697247708,27.42099898063201,36.901121304791026,82.05912334352702,72.88481141692151,53.41488277268094,17.023445463812436,2.4464831804281344,21.916411824668707,25.58613659531091,11.416921508664627,38.2,44.852191641182465
강원,비수도권,2026,1,2026.1/4,61.8,69.0,856.0,64.4,473.0,1328.0,4.0,71.5,3.2,69.2,75.4,57.5,5.0,54.6,62.2,14.600000000000001,14.0,10.475030450669914,32.03410475030451,34.22655298416565,77.95371498172959,72.71619975639464,51.64433617539586,18.392204628501826,2.679658952496955,23.142509135200974,29.963459196102317,8.647990255785627,35.1,44.945188794153474
경기,수도권,2026,1,2026.1/4,62.6,69.9,7995.0,65.0,4296.0,12292.0,3.7,73.3,3.7,70.6,76.5,56.8,3.8,54.6,62.9,15.999999999999993,16.5,12.563336364817463,19.631025074704432,43.770300116928674,88.98272054047031,81.17448356502534,62.180070157204106,15.382616603871638,3.6117968039495905,17.331427829024296,21.060153306483045,8.769650513186956,38.4,55.93088216188126
경남,비수도권,2026,1,2026.1/4,63.2,70.6,1854.0,65.0,998.0,2851.0,2.8,73.1,2.8,71.1,77.5,56.7,2.9,55.1,63.0,15.999999999999993,16.39999999999999,9.60044395116537,27.192008879023305,37.624861265260826,82.7968923418424,70.81021087680355,54.66148723640399,14.317425083240842,1.8312985571587126,25.305216426193116,23.751387347391788,11.598224195338513,38.7,48.335183129855714
경북,비수도권,2026,1,2026.1/4,62.0,69.1,1469.0,64.3,815.0,2284.0,3.6,73.1,3.3,70.7,76.4,55.4,4.0,53.1,60.8,17.6,17.699999999999996,10.240112994350282,32.34463276836158,34.32203389830508,78.24858757062147,66.24293785310734,48.23446327683616,15.112994350282486,2.9661016949152543,28.177966101694917,27.75423728813559,9.533898305084746,36.9,43.57344632768362
광주,비수도권,2026,1,2026.1/4,60.5,66.7,799.0,62.9,473.0,1272.0,3.8,70.7,3.4,68.4,74.0,55.3,4.2,52.9,59.3,15.500000000000007,15.400000000000006,12.093628088426527,22.62678803641092,40.572171651495445,86.47594278283485,79.9739921976593,59.167750325097536,17.29518855656697,3.6410923276983094,17.945383615084527,21.84655396618986,9.102730819245773,38.1,55.2665799739922
대구,비수도권,2026,1,2026.1/4,57.3,65.7,1251.0,59.6,847.0,2098.0,3.8,66.9,3.7,64.4,71.1,52.8,4.0,50.7,60.3,13.700000000000003,14.100000000000009,10.640066500415628,23.358270989193684,40.399002493765586,85.785536159601,75.39484621778885,57.439733998337495,15.045719035743973,2.826267664172901,21.778886118038237,23.025768911055692,7.148794679966749,37.8,58.85286783042394
대전,비수도권,2026,1,2026.1/4,60.7,67.0,831.0,63.2,483.0,1314.0,4.0,70.7,4.0,67.9,73.5,55.9,4.0,53.6,60.4,14.300000000000004,14.800000000000004,13.42534504391468,21.329987452948558,41.78168130489335,86.82559598494353,78.16813048933501,59.59849435382685,16.68757841907152,1.7565872020075282,19.69887076537014,24.341279799247175,8.657465495608532,37.8,59.72396486825596
부산,비수도권,2026,1,2026.1/4,57.9,68.6,1740.0,59.9,1163.0,2903.0,3.3,67.5,3.3,65.3,74.7,53.0,3.4,51.2,62.6,14.099999999999994,14.5,12.366230677764566,24.137931034482758,40.36860879904875,85.07728894173603,80.61831153388823,59.51248513674198,18.13317479191439,2.972651605231867,17.59809750297265,23.602853745541022,8.263971462544589,37.8,57.78834720570749
서울,수도권,2026,1,2026.1/4,60.8,69.3,5324.0,63.0,3131.0,8455.0,3.5,68.9,3.2,66.7,74.0,57.7,3.8,55.5,65.0,11.200000000000003,11.200000000000003,14.421954067730635,19.521214480342547,44.6866485013624,88.38069287660568,82.5807707279097,63.42934994161153,16.290385363954847,2.88049824834566,16.40716231996886,21.195017516543402,9.73141300116777,38.8,64.55819384974698
세종,비수도권,2026,1,2026.1/4,64.1,68.3,217.0,65.6,114.0,330.0,2.2,72.9,2.4,71.1,74.2,58.3,2.0,57.2,62.4,13.899999999999991,14.600000000000009,9.433962264150944,15.09433962264151,53.301886792452834,91.0377358490566,84.43396226415094,71.69811320754717,11.320754716981133,1.4150943396226416,14.150943396226415,22.169811320754718,8.962264150943396,37.5,73.58490566037736
울산,비수도권,2026,1,2026.1/4,59.6,67.2,593.0,61.6,370.0,963.0,3.2,72.7,3.1,70.4,78.3,49.7,3.4,48.0,54.6,22.400000000000006,23.0,10.452961672473867,20.905923344947734,42.508710801393725,88.67595818815332,84.14634146341463,63.76306620209059,17.59581881533101,2.7874564459930316,14.634146341463413,19.860627177700348,10.975609756097562,39.6,52.09059233449478
인천,수도권,2026,1,2026.1/4,62.4,69.2,1775.0,64.8,965.0,2740.0,3.7,74.4,3.6,71.7,77.5,55.3,3.7,53.2,60.5,18.5,19.10000000000001,11.461988304093568,22.39766081871345,43.21637426900585,87.07602339181287,81.9298245614035,60.877192982456144,18.01169590643275,3.0409356725146197,16.72514619883041,21.578947368421055,8.88888888888889,38.5,51.345029239766085
전남,비수도권,2026,1,2026.1/4,64.1,69.9,1022.0,67.0,504.0,1526.0,4.3,74.0,3.1,71.7,76.3,59.8,5.7,56.3,62.4,15.400000000000006,14.200000000000003,8.88661899897855,35.13789581205312,31.869254341164456,74.77017364657814,63.02349336057201,41.77732379979571,17.7732379979571,3.472931562819203,28.600612870275793,29.928498467824312,9.499489274770173,36.3,39.325842696629216
전북,비수도권,2026,1,2026.1/4,62.1,67.9,993.0,64.1,555.0,1548.0,3.2,71.9,3.0,69.7,74.3,56.5,3.3,54.6,61.0,15.100000000000001,15.400000000000006,9.67741935483871,32.049947970863684,34.54734651404787,77.52341311134235,70.55150884495318,50.36420395421436,17.48178980228928,2.705515088449532,24.97398543184183,30.697190426638915,9.053069719042664,35.8,47.13839750260146
제주,비수도권,2026,1,2026.1/4,71.1,76.2,421.0,73.1,155.0,577.0,2.7,76.7,2.7,74.6,78.9,69.5,2.7,67.6,73.3,7.0,7.200000000000003,11.219512195121952,26.585365853658537,37.80487804878049,82.92682926829268,69.02439024390243,47.5609756097561,18.29268292682927,3.414634146341464,25.365853658536587,28.536585365853657,11.707317073170733,37.2,54.87804878048781
충남,비수도권,2026,1,2026.1/4,63.8,71.0,1307.0,65.6,685.0,1993.0,2.7,74.8,2.4,73.0,78.4,55.9,3.1,54.2,62.4,18.799999999999997,18.9,12.028301886792454,25.78616352201258,40.172955974842765,83.25471698113208,73.19182389937107,58.490566037735846,12.578616352201259,2.1226415094339623,22.562893081761008,24.135220125786162,10.220125786163523,37.9,46.69811320754717
충북,비수도권,2026,1,2026.1/4,65.3,72.2,980.0,67.0,483.0,1463.0,2.5,74.5,2.4,72.8,77.9,59.1,2.7,57.5,65.9,15.299999999999997,15.399999999999999,12.447698744769875,26.98744769874477,37.55230125523013,82.74058577405857,73.32635983263597,54.60251046025104,16.84100418410042,1.882845188284519,22.17573221757322,25.313807531380757,10.87866108786611,37.8,44.45606694560669
