region_cd,province,district,region,year,class_size_total,elementary_schools,elementary_students,elementary_teachers,fiscal_self_reliance,kindergartens,population,private_academies_per_1000,teacher_per_student,private_academies_per_1000_score,elementary_students_score,elementary_schools_score,elementary_teachers_score,kindergartens_score,teacher_per_student_score,class_size_total_score,population_score,fiscal_self_reliance_score,stability_score,private_education_access_score,school_infra_score,education_demand_score,academic_admissions_proxy_score,education_quality_score
11230,서울,강남구,서울 강남구,2016,28.06,33.0,24190.0,1573.0,59.97,41.0,567115.0,3.7,14.6,100.0,81.44279539985561,64.94332442186757,77.71993132904436,54.78590297930444,53.2972972972973,0.0,84.57978032645622,100.0,79.0839966822382,98.14427953998556,51.29599262298973,90.46985857112631,97.64261855566173,86.51994657307299
11220,서울,서초구,서울 서초구,2016,27.98,24.0,22595.0,1323.0,57.93,27.0,447192.0,2.4,12.34,73.77717391304347,79.96238578844532,54.526065799329196,73.13287122253898,41.88135861125274,65.76282404853833,0.0,78.39902453074217,100.0,74.40611341331115,78.32911901362712,48.62319956689617,88.20493741723331,87.39530011939856,76.39301193653749
31020,경기,성남시,경기 성남시,2016,26.6,71.0,47233.0,2880.0,56.78,131.0,974580.0,1.8,17.69,53.39673913043479,95.96594244858146,90.36288978303124,93.75204310280542,91.23148197651186,36.253723110865955,8.484677955696512,98.66607486881207,98.22896462547335,95.65537164154061,64.37849328650523,64.14299124209687,97.05531924235157,81.12768214852102,75.82151734735702
31190,경기,용인시,경기 용인시,2016,27.12,100.0,67099.0,3791.0,54.78,170.0,991126.0,1.7,19.02,50.0,100.0,100.0,100.0,99.47014758116849,28.917815774958626,5.1593594925052315,99.10405829284961,94.38056094332072,99.73121748785488,61.6570841414981,66.73595719066805,96.77491726275385,78.37797599032437,74.86050794148616
31240,경기,화성시,경기 화성시,2016,26.26,80.0,49157.0,2873.0,61.53,139.0,640890.0,1.7,19.73,50.0,96.83250485177834,94.35325530296096,93.68752747681144,93.10417047177378,25.00165471594042,10.658924643167751,87.76144188572522,100.0,93.61533605219893,62.18325048517784,63.39027437238275,96.96604278351056,80.63653166011551,74.7496627382011
35010,전북,전주시,전북 전주시,2016,26.93,69.0,38399.0,2360.0,30.44,123.0,651744.0,3.1,19.48,97.55434782608695,91.47190196379216,89.40849006419536,88.47307580957256,89.24167643113107,26.380584666298944,6.374379700209758,88.19835711209562,47.54548813152305,90.07715612836384,89.44477428567289,59.937211303203625,66.61500143833,71.355558204619,74.72365002989599
31010,경기,수원시,경기 수원시,2016,27.12,97.0,68571.0,3998.0,51.43,196.0,1194041.0,1.7,16.82,50.0,100.0,100.0,100.0,100.0,41.052399338113624,5.1593594925052315,100.0,87.93448477571502,100.0,60.69017271635725,69.24235176612378,93.36396662664328,75.12675102367537,73.59814246923104
31100,경기,고양시,경기 고양시,2016,27.23,83.0,55090.0,3119.0,45.41,174.0,1039684.0,1.9,15.84,56.79347826086957,99.30565268790083,95.58535288417714,95.86561021483008,100.0,46.45780474351903,4.455926740676318,100.0,76.35078969243557,98.76989692078584,63.978292418307596,68.26621942738203,86.41260015683744,71.67381262503186,72.24926026804314
26020,울산,남구,울산 남구,2016,26.62,30.0,16858.0,1090.0,33.29,46.0,340714.0,3.2,15.29,100.0,73.60541742328662,61.81381337167199,67.9994869132239,58.36568604456266,49.491450634307775,8.356781091727626,71.32408459336668,53.029463378590556,70.5626967639877,90.31496124911725,49.68713365453185,60.76728236905434,72.83288516242347,71.5250078479261
38110,경남,창원시,경남 창원시,2016,25.43,108.0,57593.0,3873.0,39.75,194.0,1063907.0,1.8,16.76,53.39673913043479,100.0,100.0,100.0,100.0,41.38334252619965,15.966644497876914,100.0,65.45980727194359,100.0,59.86652543861763,71.46999740481532,81.00289399956898,64.99462936442443,68.90278002181103
38070,경남,김해시,경남 김해시,2016,26.9,58.0,35354.0,2171.0,35.25,92.0,529422.0,2.2,16.73,66.98369565217392,89.67873453526343,83.61661944994438,86.26028721206292,80.08575649225259,41.54881412024268,6.5662249961631005,82.79048854448087,56.80089898710015,86.39983772096485,67.7257800407218,59.924266990123655,69.95647657662434,64.2366761523396,66.38705362848505
37050,경북,구미시,경북 구미시,2016,25.81,48.0,26891.0,1672.0,40.94,99.0,419891.0,2.0,17.47,60.190217391304344,83.74016825971682,77.32471764158463,79.33763706713087,82.39542927735832,37.46718146718146,13.536604082467903,76.76019469935552,67.74960746282441,80.363086067982,63.679120988873606,57.859424296633264,73.25681872555859,66.54044591525914,65.64443204279935
31040,경기,안양시,경기 안양시,2016,26.97,41.0,30053.0,1712.0,43.76,87.0,597414.0,1.9,19.27,56.79347826086957,86.15298120686586,72.10225454043872,79.96425847904483,78.3269376084602,27.5388858246001,6.118585972271973,85.93387387975473,73.17585665465964,83.2771036754471,62.186785314537715,52.8920505284924,77.57762393744306,68.34158607701619,65.53742029755347
34010,충남,천안시,충남 천안시,2016,26.85,72.0,38136.0,2394.0,41.13,110.0,617955.0,1.8,20.95,53.39673913043479,91.32273793542657,90.83019304733772,88.85226544583732,85.71684564851245,18.272476558190846,6.885967156085329,86.81335692609586,68.11520581262891,89.87141465500959,59.39710901326309,58.26832056105898,77.83293362767937,65.21381658520357,65.20545256865418
11240,서울,송파구,서울 송파구,2016,25.93,39.0,31048.0,2106.0,42.87,54.0,657831.0,1.7,14.46,50.0,86.85991219558524,70.44929503121537,85.45450724236281,63.368356548190704,54.06949806949806,12.769222898654533,88.44020861632809,71.46331701610171,84.05187768893413,56.90548877197378,58.3264834926929,76.98776759354375,65.01307048065405,63.9916234978052
31150,경기,시흥시,경기 시흥시,2016,26.56,38.0,24816.0,1490.0,49.47,63.0,402888.0,1.5,18.47,43.20652173913044,81.99730498320845,69.5915542924264,76.28323230750253,68.19166278403692,31.951461665747388,8.740471683634325,75.68477859207175,84.16304916720544,77.62239692771104,53.22907917774949,51.35625502284279,81.00101025665809,68.22175833589536,62.73777364354628
31090,경기,안산시,경기 안산시,2016,26.57,54.0,38137.0,2217.0,42.91,100.0,689859.0,1.5,17.99,43.20652173913044,91.32330704496518,81.23817291389796,86.81609060823692,82.7121137056945,34.59900717043574,8.676523251649868,89.67699402276028,71.54028508974476,88.81238631209027,52.26826477230606,59.01358037511012,79.1871846031565,63.05130985803717,62.71728547020298
33040,충북,청주시,충북 청주시,2016,25.32,89.0,49338.0,3296.0,29.99,139.0,835197.0,1.8,18.01,53.39673913043479,96.91227385066819,97.92275889488351,97.32901136781359,93.10417047177378,34.48869277440704,16.67007724970584,94.65076966698692,46.6795973030387,96.43591960440688,56.74072132834871,68.11418419651875,69.04612462634131,55.06513841418909,62.34330943623663
31050,경기,부천시,경기 부천시,2016,25.49,62.0,41012.0,2448.0,38.15,124.0,851380.0,1.5,17.22,43.20652173913044,92.90073898372582,85.83898647227278,89.44358141277412,89.49731252401901,38.84611141753999,15.582953905970228,95.15004381213954,62.38108432622148,92.16317992995933,51.05212785165364,63.83910259095298,75.74614939521518,58.72136584928662,61.66995003425292
31230,경기,김포시,경기 김포시,2016,24.76,41.0,23614.0,1396.0,44.88,84.0,363443.0,1.5,16.32,43.20652173913044,80.91975025606573,72.10225454043872,74.55621739021923,77.22301691828343,43.81025923883066,20.251189440834906,73.00417980068032,75.33096271666513,76.7815799763247,51.79651073745417,57.45524752931818,75.77683196952489,63.63061711498861,61.32479165584143
31210,경기,이천시,경기 이천시,2016,24.23,31.0,12741.0,851.0,47.45,53.0,210359.0,1.7,16.61,50.0,67.52859327109452,62.88942591936306,61.44193203056493,62.78436727433163,42.21070049641477,23.640456336010644,58.77840964496076,80.27616144823128,63.9757047129081,56.29428354434415,50.52625464914867,72.76331148942653,67.158295002467,61.254306452932454
24020,광주,서구,광주 서구,2016,24.23,30.0,17578.0,1209.0,20.65,60.0,309579.0,2.7,14.2,83.96739130434783,74.51310406828863,61.81381337167199,70.74504079513213,66.66369629154003,55.503585217870935,23.640456336010644,68.83095969205988,28.707552107385855,70.26860261609667,74.73298670119762,55.877385627624754,47.197799763696125,54.49380655273828,60.53661519706497
31070,경기,평택시,경기 평택시,2016,25.06,54.0,28000.0,1762.0,41.05,107.0,470832.0,1.4,16.76,39.80978260869565,84.6172736060322,81.23817291389796,80.72727190846707,84.84483158126181,41.38334252619965,18.332736481301495,79.73920077642806,67.96126966534281,82.47803161872412,48.51325476692638,61.099393098585864,74.386850444999,59.20109933308302,59.81611399740605
11150,서울,양천구,서울 양천구,2016,26.73,30.0,24825.0,1536.0,28.25,49.0,477739.0,2.2,15.08,66.98369565217392,82.00517476293089,61.81381337167199,77.08906960194348,60.33496497042813,50.64975179260893,7.653348339898699,80.11807911413396,43.33148609956589,77.40077379004003,64.93801213035842,52.34589484688601,58.43244551163471,56.399893026772475,59.505456032763675
24050,광주,광산구,광주 광산구,2016,25.68,45.0,31571.0,1983.0,19.98,93.0,403049.0,2.4,17.47,73.77717391304347,87.22246383167982,75.18428282248996,83.8592947764099,80.42615035149284,37.46718146718146,14.367933698265716,75.69517293670721,27.418336873864725,81.35664036135007,68.16787734903029,58.43262584441382,51.39728226971665,51.3899489208253,59.33129740836445
39010,제주,제주시,제주 제주시,2016,26.76,67.0,29504.0,1898.0,31.52,74.0,470665.0,1.8,18.7,53.39673913043479,85.75283811018244,88.42642276560602,82.69802557502287,73.2395093384798,30.682846111417533,7.461503043945356,79.72997144981885,49.62362611988547,84.48069504315808,56.06638207682716,56.97458717872147,65.24569998200693,55.188315177674525,58.78221636155375
22010,대구,중구,대구 중구,2016,25.5,10.0,4172.0,298.0,26.48,12.0,79712.0,3.6,13.63,100.0,43.300640156922995,26.712107114568756,33.67115904684181,17.46229526445419,58.64754550468835,15.519005473985786,33.53263657694251,39.925648840860816,37.052532474458005,85.31891134182142,31.212865670027156,38.32034109185631,62.38148392899044,58.15336950275034
37010,경북,포항시,경북 포항시,2016,24.38,65.0,26552.0,1760.0,32.67,115.0,516775.0,1.5,15.06,43.20652173913044,83.46482368594948,87.41503573387972,80.69716916123532,87.11912190307316,50.76006618863761,22.68122985624393,82.16146373238037,51.83645823712324,83.8638581094648,48.526842408511264,65.41342693152205,66.26873990085271,52.346492572376675,57.47818977117194
31130,경기,남양주시,경기 남양주시,2016,26.71,60.0,42143.0,2330.0,35.63,109.0,662154.0,1.3,16.93,36.41304347826087,93.49116930670091,84.7460223495416,88.13393413601923,85.42882085512089,40.445670159955874,7.7812452038675985,88.61061683503482,57.53209568670915,90.27797417376922,45.288713892372115,61.442394204945955,72.1070812492396,53.59665262392019,57.28404969195128
11010,서울,종로구,서울 종로구,2016,25.57,13.0,5686.0,451.0,50.36,17.0,152737.0,1.8,18.47,53.39673913043479,50.01919118586889,34.88242426486616,44.630460725674936,27.81935859934976,31.951461665747388,15.071366450094644,50.45072867216873,85.87558880576337,47.121299047558296,57.93081178727749,31.71156944746284,68.29126380765557,69.26555154680426,57.10097741324334
22060,대구,수성구,대구 수성구,2016,27.16,34.0,24717.0,1563.0,25.33,55.0,447011.0,2.1,15.87,63.58695652173913,81.91054855044011,65.9253917204569,77.55090260221714,63.94182291818294,46.29233314947601,4.903565764567446,78.38849243279327,37.712816723623035,77.65690034914942,61.53819475489182,52.403257215181796,55.474971945045375,52.289829022470784,56.83314938545941
38030,경남,진주시,경남 진주시,2016,24.87,45.0,19647.0,1359.0,21.57,52.0,346739.0,2.3,19.17,70.38043478260867,76.92816613870552,75.18428282248996,73.84434356868759,62.18946168328261,28.090457804743508,19.54775668900598,71.7801186727966,30.477817801176073,75.03497523568973,65.04981537100346,52.35400460791219,50.433879101556435,50.75722578114682,56.52974389424547
31060,경기,광명시,경기 광명시,2016,27.02,24.0,20192.0,1158.0,38.31,51.0,339484.0,1.6,14.8,46.60326086956522,77.52200886864135,54.526065799329196,69.60299318163872,61.58322387831456,52.194153337010476,5.79884381234973,71.22999483358642,62.68895662079369,71.03521604426244,52.107990032157105,49.142044466894745,66.12043372013568,57.9131948913767,56.30459023067257
36020,전남,여수시,전남 여수시,2016,23.51,50.0,14929.0,1063.0,25.73,76.0,288988.0,2.0,14.15,60.190217391304344,70.9680699524056,78.68005635370166,67.33490088743316,74.07709774260618,55.77937120794263,28.24474343889088,67.0403207676945,38.48249746005357,71.33214247725148,58.011844657726854,60.48612408335625,53.28304134403493,50.46725264148741,56.20001733190334
35020,전북,군산시,전북 군산시,2016,24.09,56.0,15626.0,1138.0,24.47,70.0,277551.0,2.1,18.29,63.58695652173913,71.95838979597048,82.4482640315114,69.14135371945824,71.49515376893558,32.94429123000552,24.535734383792914,65.98977933460375,36.0580031402974,72.26578150466864,60.29475684194601,55.99526942426686,52.366872989699374,50.622710468532,55.94261410168511
34040,충남,아산시,충남 아산시,2016,25.31,44.0,20189.0,1274.0,42.12,58.0,302929.0,1.3,19.51,36.41304347826087,77.51878408369718,74.43966055114505,72.13274859177335,65.60271396331368,26.215113072255917,16.734025681690284,68.26602411020055,70.02016563529448,74.12713138513777,45.56468586235954,51.35135410345864,71.69871758779598,58.04420854170223,55.81410334933655
38090,경남,거제시,경남 거제시,2016,25.88,37.0,16989.0,1119.0,34.26,57.0,257183.0,1.7,15.35,50.0,73.773416038553,68.71153209967731,68.69522559701201,65.058657596143,49.16050744622172,13.088965058576775,64.00691716189343,54.89593916443458,69.83108958777999,53.11173247852049,53.12480595956961,61.41964053240137,54.982391026672545,55.75769880272104
11190,서울,영등포구,서울 영등포구,2016,23.83,23.0,14449.0,1099.0,42.83,42.0,370613.0,1.3,12.9,36.41304347826087,70.25880880255147,53.1430595074587,68.21736550715735,55.53479688351474,62.67402095973524,26.198393615388554,73.51242817028509,71.38634894245867,67.811744753853,45.043615830319595,53.78765572583304,69.6554238551512,57.95534362329301,55.49611979721573
31200,경기,파주시,경기 파주시,2016,25.03,57.0,27390.0,1652.0,39.39,99.0,430781.0,1.1,15.93,29.619565217391308,84.13921798742942,83.03747800500241,79.01868532784256,82.39542927735832,45.961389961389955,18.52458177725481,77.42632907979983,64.76709460915612,81.90500331865513,40.34365990315984,61.618675672293826,72.36744279499197,53.695429484033355,55.48582853579827
26510,울산,울주군,울산 울주군,2016,23.94,31.0,13680.0,917.0,34.61,51.0,219255.0,1.7,14.68,50.0,69.0718723586444,62.88942591936306,63.42065074672507,61.58322387831456,52.85603971318257,25.494960863559626,59.855990365153,55.5694098088113,65.0706184727407,52.74259870718613,53.3407315676495,59.64489101328436,54.76732643866968,55.12138843291633
29000,세종,세종시,세종 세종시,2016,21.69,37.0,17910.0,1279.0,44.19,45.0,243048.0,1.1,16.27,29.619565217391308,74.91919457255223,68.71153209967731,72.23654722707096,57.681218321169034,44.08604522890237,39.88335806006036,62.53625640381936,74.00326344632245,69.96278062735739,40.80708288724707,57.247506632671104,71.93722548052843,57.095267471915655,55.10892928773017
35030,전북,익산시,전북 익산시,2016,23.68,60.0,16180.0,1210.0,17.23,86.0,300479.0,2.3,18.12,70.38043478260867,72.7145179401908,84.7460223495416,70.76694952621185,77.96320196419468,33.88196359624929,27.157620095155266,68.05475822668932,22.126781810904834,73.72289090801051,63.3757951526113,58.543338884371394,45.395449552993384,46.24158864307135,55.089344893928605
23080,인천,서구,인천 서구,2016,25.82,44.0,31449.0,1957.0,36.58,86.0,510733.0,1.2,15.46,33.016304347826086,87.13843152737537,74.43966055114505,83.50945030501926,77.96320196419468,48.55377826806397,13.472655650483446,81.85549780071737,59.36008743573166,83.01379721413191,42.38008452896685,59.865061764822514,69.79802512034959,52.43577663504195,55.03816433092618
31250,경기,광주시,경기 광주시,2016,28.59,25.0,17042.0,907.0,49.44,38.0,327723.0,1.1,18.55,29.619565217391308,73.84101718604846,55.85482236059233,63.13017120018918,52.42730393943605,31.510204081632637,0.0,70.31271732775892,84.10532311197314,69.18528826347037,42.214574098444295,41.1196436794077,77.15852098401798,62.11792828601544,54.55672201199568
31160,경기,군포시,경기 군포시,2016,27.21,26.0,16234.0,965.0,38.78,49.0,284890.0,1.5,15.84,43.20652173913044,72.78683034737215,57.13342502738842,64.7723072040732,60.33496497042813,46.45780474351903,4.583823604645204,66.66875846219132,63.59333148609957,67.82072771782114,49.22257406199998,46.87833222169305,65.24735465889674,56.656056249969346,54.31739512265497
23040,인천,연수구,인천 연수구,2016,26.24,26.0,19904.0,1172.0,35.2,40.0,328627.0,1.6,18.12,46.60326086956522,77.21022379114359,57.13342502738842,69.92142517574881,54.01896171285533,33.88196359624929,10.78682150713665,70.38438202899592,56.70468889504634,71.14711150974826,51.17917136554522,45.94364257702037,62.90062345759243,54.87132031467769,53.99632511359722
36010,전남,목포시,전남 목포시,2016,25.27,32.0,15494.0,939.0,20.67,58.0,237739.0,2.2,16.24,66.98369565217392,71.77427566684396,63.93193739014129,64.04872249429981,65.60271396331368,44.251516822945405,16.989819409628083,61.96167805445158,28.746036144207388,67.26202872778572,61.72710472744595,50.88724244261496,45.852620459864724,47.80255808317527,53.27734183707835
11250,서울,강동구,서울 강동구,2016,25.21,26.0,20448.0,1394.0,30.23,35.0,444168.0,1.6,13.9,46.60326086956522,77.79544047797337,57.13342502738842,74.51822237302733,49.87982290627994,57.15830115830115,17.373510001534754,78.222500945313,47.14140574489702,73.79115552805827,49.8032005617058,52.444576266643686,58.93357889982382,50.24112912654043,53.031808771179094
25040,대전,유성구,대전 유성구,2016,25.2,37.0,23195.0,1558.0,31.03,73.0,343222.0,1.5,19.32,43.20652173913044,80.53119231979325,68.71153209967731,77.46598252497206,72.81230128046079,27.26309983452839,17.43745843351921,71.51488801004959,48.68076721775807,75.46236898284697,47.76012561899086,52.97075889685712,60.47904684520076,49.99018836249087,52.7642214497384
22070,대구,달서구,대구 달서구,2016,25.6,54.0,32870.0,2301.0,24.38,85.0,591891.0,1.5,17.61,43.20652173913044,88.09758928017757,81.23817291389796,87.80192245839046,77.5952611904449,36.69498069498069,14.879521154141301,85.69224013044808,35.88482497460054,86.0041012620028,46.597373978555666,60.15230474576834,58.33382490302282,44.608449465841446,52.44248678102636
38100,경남,양산시,경남 양산시,2016,26.18,35.0,18322.0,1197.0,31.96,62.0,317037.0,1.5,16.35,43.20652173913044,75.4127975089118,66.87979143929277,70.48071451268713,67.69044734735611,43.64478764478763,11.170512099043336,69.45027729430123,50.47027492995905,71.91744023060483,47.51671229473286,52.11276396689995,59.9467314513343,50.41496209055224,52.3899368381959
24040,광주,북구,광주 북구,2016,24.61,46.0,24025.0,1704.0,13.65,106.0,441066.0,2.1,16.95,63.58695652173913,81.2942485197685,75.91289046364999,79.84011305649634,84.5487687723065,40.3353557639272,21.210415920601633,78.04017103998453,15.238139219851607,79.2417536646096,58.10536312625894,60.13407600960582,43.93714097723476,40.97660143666275,52.304063400613366
31030,경기,의정부시,경기 의정부시,2016,25.85,33.0,21968.0,1299.0,30.02,67.0,438457.0,1.5,17.11,43.20652173913044,79.35161203071318,64.94332442186757,72.64772627685943,70.12113367162276,39.45284059569774,13.280810354530104,77.88582319616606,46.73732335827099,76.03021785857993,47.35065101115979,52.21549669437735,59.753056174803355,48.99634710719524,52.11166809353148
11140,서울,마포구,서울 마포구,2016,24.97,22.0,16361.0,1164.0,33.05,28.0,379892.0,1.6,18.73,46.60326086956522,72.9559547855465,51.701184478751514,69.73993247451907,42.998193289212814,30.517374517374506,18.908272369161523,74.15577025219531,52.56765493673223,69.06494536418215,50.1331893712384,44.1100783850692,59.79688515801648,52.434806687177954,52.01519453645032
25030,대전,서구,대전 서구,2016,25.43,38.0,27218.0,1736.0,20.06,81.0,491011.0,1.8,17.85,53.39673913043479,84.0024968107581,69.5915542924264,80.33324554381521,76.07942601978552,35.3712079426365,15.966644497876914,80.83097209215417,27.572273021150824,80.16885089151059,52.58364498207453,55.68110663550959,51.04905076685034,43.5994756634676,51.65695768036764
21090,부산,해운대구,부산 해운대구,2016,25.44,33.0,20869.0,1330.0,27.36,42.0,419853.0,1.6,16.43,46.60326086956522,78.23774909891945,64.94332442186757,73.27271608310693,55.53479688351474,43.20353006067291,15.902696065892457,76.75784014318418,41.618946461007965,75.1348914767885,49.01906253121705,51.45830866299053,56.54597883700266,47.55805935251171,51.503439697106565
26040,울산,북구,울산 북구,2016,24.85,19.0,13265.0,814.0,28.85,37.0,195285.0,1.8,13.93,53.39673913043479,68.40329741874865,46.9661966874769,60.2644631276291,51.60059453813493,56.99282956425814,19.675653552974865,56.843971972687534,44.48600720421169,60.648079638675966,53.560785170332714,47.5331409235695,51.37117891071698,50.05617194324799,51.32979613732945
36060,전남,광양시,전남 광양시,2016,23.5,28.0,8947.0,640.0,31.2,39.0,155580.0,1.7,13.98,50.0,59.85665598834643,59.554379661263965,53.89533128861612,53.23308172376744,56.71704357418643,28.30869187087532,50.930530924962895,49.007881530741045,57.118363203914875,50.8368478284458,50.37481810198429,52.5206836444477,50.44928499664941,51.19482417478831
11020,서울,중구,서울 중구,2016,23.45,12.0,5474.0,405.0,57.11,13.0,125249.0,1.0,19.11,26.222826086956523,49.19462759648718,32.37172401685387,41.78403957028366,19.820894304322557,28.42140099282956,28.628434030797564,45.28880013262059,98.86395123302853,44.65829864140054,39.416175009820385,31.303455846315497,74.2445911190416,65.4471591043264,51.0892950034334
32020,강원,원주시,강원 원주시,2016,25.62,49.0,19484.0,1294.0,23.3,73.0,337979.0,1.7,19.94,50.0,76.74735505294852,78.00916414306765,72.54552762451691,72.81230128046079,23.84335355763926,14.751624290172401,71.11440390467986,33.80668698623811,75.30983152649175,50.245738553230574,52.3790554963742,52.41122585302941,44.81689359975304,50.621776199448924
23050,인천,남동구,인천 남동구,2016,24.97,38.0,29082.0,1817.0,27.3,87.0,530982.0,1.2,14.94,33.016304347826086,85.44016583793649,69.5915542924264,81.54198465384655,78.3269376084602,51.4219525648097,18.908272369161523,82.86703518546976,41.5034943505434,81.49850433309446,39.531768997244725,60.11889265001019,59.30416576744928,43.18773238642994,49.810179026876554
31120,경기,구리시,경기 구리시,2016,27.79,15.0,9699.0,568.0,32.12,33.0,193763.0,1.7,15.34,50.0,61.60811203147348,39.40632757562461,50.735437548808825,48.06066936469257,49.21566464423607,0.8748145495472528,56.64041553081866,50.77814722453125,55.67744619010726,51.27753328682704,37.79232114578768,52.686298466972154,51.314062942045275,49.02276017737041
24030,광주,남구,광주 남구,2016,26.77,22.0,12692.0,843.0,12.61,45.0,219729.0,2.4,17.27,73.77717391304347,67.44496695680347,51.701184478751514,61.19173661396648,57.681218321169034,38.570325427468276,7.397554611960928,59.91217288875374,13.236969305132229,62.03637224077816,64.06292252623278,43.48392980530312,34.92627089037163,41.90334115346841,48.82742431056563
32010,강원,춘천시,강원 춘천시,2016,25.22,40.0,14702.0,1013.0,24.25,46.0,280707.0,1.6,17.93,46.60326086956522,70.63553537359346,71.28585480681035,66.05840245851385,58.36568604456266,34.92995035852178,17.309561569550326,66.28393587730078,35.634678735260614,69.46011941134904,47.36120099982235,49.97452686828935,50.79735624138819,43.77234149346062,48.42757752841844
24010,광주,동구,광주 동구,2016,24.32,10.0,3229.0,288.0,13.36,17.0,95791.0,3.1,26.74,97.55434782608695,37.740987737360676,26.712107114568756,32.76901364675711,27.81935859934976,0.0,23.064920448150616,38.31301699448248,14.680120685939471,35.706820389938834,79.14187774619221,22.32056271413562,24.04042718536809,48.31504519098013,48.09259452128098
36030,전남,순천시,전남 순천시,2016,25.18,41.0,16805.0,1074.0,19.53,62.0,278548.0,1.7,17.68,50.0,73.53707731059997,72.10225454043872,67.6076715875958,67.69044734735611,36.30888030888031,17.56535529748811,66.08306509375062,26.55244604538038,71.01390909151291,48.83657463786705,52.25078302836379,46.43394600518567,40.67673533559451,47.819936953064726
21060,부산,동래구,부산 동래구,2016,26.26,22.0,12144.0,760.0,21.38,34.0,272745.0,1.8,14.58,53.39673913043479,66.48708388243966,51.701184478751514,58.4463555403718,48.98324185791343,53.407611693325975,10.658924643167751,65.53534590016787,30.11221945137157,63.24438260702049,51.213095653775795,45.11261932682901,44.85955780764263,42.87475830601434,47.14003285480027
31180,경기,하남시,경기 하남시,2016,24.85,17.0,9254.0,528.0,45.53,28.0,211101.0,0.8,14.05,19.42934782608696,60.58883060645489,43.396693095554326,48.80230392969101,42.998193289212814,56.33094318808604,19.675653552974865,58.87001467738775,76.58169391336473,56.634758325554635,32.11814801721542,42.53096294312772,67.40786928480517,52.97384727100614,46.97670948409052
31220,경기,안성시,경기 안성시,2016,22.69,34.0,10688.0,785.0,34.43,51.0,182896.0,1.2,23.9,33.016304347826086,63.715378271563395,65.9253917204569,59.30358975130846,61.58322387831456,2.001103143960293,33.4885148616156,55.138820036967694,55.22305347741756,61.584413490963385,39.41722410963853,44.34638296478086,57.979117244483184,47.73354835858789,46.79059659464475
11160,서울,강서구,서울 강서구,2016,24.87,36.0,27048.0,1774.0,22.52,52.0,595485.0,1.2,14.19,33.016304347826086,83.86651381436889,67.8080399028547,80.90717435614145,62.18946168328261,55.55874241588527,19.54775668900598,85.84973405443245,32.305809550198575,81.24978510408512,37.99475107483624,58.13812064307695,54.19976211393334,38.43437319707762,46.74881498248381
21050,부산,부산진구,부산 부산진구,2016,23.43,32.0,15696.0,1096.0,21.26,48.0,376526.0,1.5,16.65,43.20652173913044,72.05539602639969,63.93193739014129,68.14493801344675,59.691983052328915,41.990071704357426,28.756330894766464,73.92422953319662,29.88131523044241,70.99135435118708,44.092628191554155,52.92569995906406,48.32763075101689,39.75391903908446,46.53781649121628
31260,경기,양주시,경기 양주시,2016,24.37,32.0,13048.0,833.0,33.81,47.0,205513.0,1.1,18.79,29.619565217391308,68.04532935316809,63.93193739014129,60.875636120137365,59.035742845158445,30.186431329288467,22.74517828822836,58.172071765708,54.030048335950255,64.2606736843247,37.12371409875283,47.44697985833974,58.44459695927659,46.239063510850485,46.47795248265666
22510,대구,달성군,대구 달성군,2016,22.4,29.0,11367.0,882.0,26.79,44.0,218268.0,1.3,12.72,36.41304347826087,65.05209275718143,60.702928619310995,62.38974015253703,56.981706152940625,63.666850523993375,35.34301938916458,59.73861190214408,40.522151411594464,62.58821567309614,39.89331459615296,56.087250667569144,50.32868647506596,41.678713263394435,46.367772246292745
22050,대구,북구,대구 북구,2016,24.28,38.0,23860.0,1686.0,19.79,76.0,440383.0,1.4,20.49,39.80978260869565,81.1446779619172,69.5915542924264,79.55864265830235,74.07709774260618,20.809707666850528,23.3207141760884,77.99985331498117,27.052738524060217,77.89060583393822,42.02971553132249,53.74562055303958,49.76707520710637,37.94837753014828,46.10214360181201
31140,경기,오산시,경기 오산시,2016,26.77,22.0,15381.0,905.0,32.99,50.0,208656.0,1.2,19.99,33.016304347826086,71.615412445187,51.701184478751514,63.071691534897546,60.96521373274425,23.567567567567565,7.397554611960928,58.566934759391486,52.452202826267666,63.71802354616125,39.79159992932841,41.44596627529202,57.126952705268494,46.82311385964817,46.02855147484971
32030,강원,강릉시,강원 강릉시,2016,23.85,35.0,10404.0,747.0,17.07,38.0,213846.0,1.9,19.54,56.79347826086957,63.13090625538192,66.87979143929277,57.98939694966586,52.42730393943605,26.049641478212905,26.070496751419654,59.2061274221073,21.818909516332624,62.7032496421817,52.18103574864027,46.16143076211694,40.1954797423047,39.75645816638226,45.97801877038494
23060,인천,부평구,인천 부평구,2016,24.75,42.0,26605.0,1743.0,20.18,69.0,549716.0,1.2,14.27,33.016304347826086,83.50810269336392,72.89944307450197,80.43990677477254,71.04370616484363,55.11748483177054,20.31513787281935,83.76910941294516,27.803177242079986,81.46467278546591,37.283515116517954,60.43294577423805,51.84867874120875,36.15017140416828,45.96723056150809
11110,서울,노원구,서울 노원구,2016,25.89,42.0,29482.0,1915.0,17.68,67.0,567581.0,1.4,19.5,39.80978260869565,85.73664847321466,72.89944307450197,82.93438299628323,70.12113367162276,26.270270270270274,13.025016626592318,84.6011490733126,22.99267263938918,82.82855757350151,41.87990269975158,53.690711794087136,49.77341631475407,36.45339922087511,45.84557326089362
11040,서울,성동구,서울 성동구,2016,23.25,21.0,12352.0,963.0,37.3,31.0,299259.0,0.9,17.28,22.82608695652174,66.85565493409507,50.195205458307214,64.71734238136476,46.13119847710676,38.515168229453934,29.907402670486533,67.94891311222213,60.7455127613066,63.851542492375614,32.9169576249968,46.82257063855674,61.99302051820169,47.018361356685965,45.836640024565206
31170,경기,의왕시,경기 의왕시,2016,25.75,13.0,7707.0,473.0,39.55,24.0,156763.0,1.2,17.14,33.016304347826086,56.618980333354976,34.88242426486616,45.89085208041623,38.274500663497946,39.2873690016547,13.920294674374588,51.12760326146542,65.07496690372832,50.62425599809035,40.18537132976431,34.83190570780784,58.272410779428,51.60978569810127,45.77700266673996
39020,제주,서귀포시,제주 서귀포시,2016,22.08,45.0,8768.0,778.0,31.52,44.0,170932.0,1.0,11.61,26.222826086956523,59.41806903908882,75.18428282248996,59.066343923478485,56.981706152940625,69.78929950358521,37.38936921266692,53.37878729376212,49.62362611988547,60.75952727217104,33.052470387109096,59.78643221155913,54.7018545500681,42.099782518024675,45.74621685997072
26010,울산,중구,울산 중구,2016,25.6,21.0,11987.0,782.0,15.91,37.0,242536.0,1.9,14.34,56.79347826086957,66.20467877460949,50.195205458307214,59.20217273493067,51.60059453813493,54.73138444567016,14.879521154141301,62.48139367977386,19.586835380684093,61.885798582898346,52.153601880215746,46.501854576076646,38.40542481209496,38.69300704516155,45.409457243787685
21120,부산,강서구,부산 강서구,2016,22.69,18.0,5619.0,413.0,45.56,16.0,108909.0,0.8,12.22,19.42934782608696,49.76196772659089,45.228433755938866,42.30152950066727,26.000205057762386,66.42471042471041,33.4885148616156,41.65200229376964,76.63941996859702,46.42227130261411,31.044120637513863,43.50374494228415,62.87471824770588,51.77706504492177,45.29942599547411
37020,경북,경주시,경북 경주시,2016,22.92,43.0,11947.0,900.0,20.76,62.0,259452.0,1.4,16.44,39.80978260869565,66.13213721300833,73.67830380204565,62.924925706741334,67.69044734735611,43.14837286265857,32.01770092597329,64.23543767204013,28.919214309904255,67.07236066852533,40.80843282430821,55.65367404692425,46.1351413440596,37.44621262222954,44.881017678381376
11200,서울,동작구,서울 동작구,2016,25.51,21.0,16887.0,1099.0,28.74,34.0,400997.0,1.2,19.96,33.016304347826086,73.64272018742629,50.195205458307214,68.21736550715735,48.98324185791343,23.733039161610577,15.455057042001314,75.56238160513328,44.2743450016933,69.52911566691458,38.76765202986619,42.278487987860174,55.433311575017285,43.19484350177834,44.83589877666371
26030,울산,동구,울산 동구,2016,25.03,16.0,9839.0,632.0,25.49,25.0,174514.0,1.6,17.53,46.60326086956522,61.919132512576134,41.46022607812912,53.56225918749813,39.52275957138438,37.136238279095416,18.52458177725481,53.91833750526068,38.020689018195256,55.427112723492094,46.84746225616081,38.74318795947806,45.528978696124625,43.56031908886743,44.47167443599738
23010,인천,중구,인천 중구,2016,23.72,13.0,7421.0,481.0,43.19,17.0,115249.0,0.8,12.95,19.42934782608696,55.79833232263677,34.88242426486616,46.334720474368225,27.81935859934976,62.39823496966354,26.90182636721748,43.12404492328522,72.07906160524612,47.81286449127718,30.963703342615815,40.59308102884396,60.75999951239212,49.82352316000287,43.85942730797708
34080,충남,당진시,충남 당진시,2016,24.01,30.0,9576.0,700.0,28.49,36.0,166630.0,1.2,16.52,33.016304347826086,61.33113124828613,61.81381337167199,56.268345557082235,50.751836973530594,42.70711527854385,25.047321839668484,52.71563817340861,43.79329454142422,58.84301975050004,37.46433556691181,47.59351203327701,50.441265310619045,41.626010669547234,43.754147061710974
11050,서울,광진구,서울 광진구,2016,26.27,22.0,15327.0,1041.0,27.2,36.0,357215.0,1.2,20.77,33.016304347826086,71.53908293562044,51.701184478751514,66.78079584579008,50.751836973530594,19.265306122448976,10.594976211183308,72.55450101319322,41.311074166435766,67.87612866751849,38.11279767939698,40.62026786995387,53.082200978517896,41.47760494472869,43.35731094138208
37590,경북,칠곡군,경북 칠곡군,2016,22.09,21.0,6992.0,530.0,21.92,34.0,123199.0,1.6,15.22,46.60326086956522,54.50607502474806,50.195205458307214,48.90238147284089,48.98324185791343,49.87755102040815,37.325420780682464,44.85946332906392,31.151288445552783,50.74991760275465,45.07574642148164,47.0527170987768,39.78286369519396,39.40825372096339,43.2606688969057
21510,부산,기장군,부산 기장군,2016,25.74,21.0,9963.0,607.0,31.46,33.0,158527.0,1.1,15.48,29.619565217391308,62.19093443494038,50.195205458307214,52.493600610495584,48.06066936469257,48.443463872035295,13.984243106359045,51.41871757768808,49.50817400942089,56.56012358243806,35.85999345795065,42.857083044668094,52.4000107746535,43.11785924847066,42.952780216179946
38060,경남,사천시,경남 사천시,2016,22.13,18.0,6302.0,482.0,15.73,20.0,114912.0,1.9,12.14,56.79347826086957,52.25133491564393,45.228433755938866,46.38968529707666,32.72543867237425,66.86596800882515,37.06962705274468,43.047860163219354,19.240479049290354,48.085712257975544,50.706314044610124,46.33904288862704,32.012552860315274,36.889207618603976,42.752633618635706
37100,경북,경산시,경북 경산시,2016,23.85,31.0,12623.0,902.0,25.51,67.0,258037.0,1.2,26.27,33.016304347826086,67.32665844118581,62.88942591936306,62.98372953895689,70.12113367162276,0.0,26.070496751419654,64.0931628262244,38.059173055016785,65.46916325233283,37.20377006324066,44.05608696963918,50.300793884366364,39.46771468353116,42.631240063230976
11030,서울,용산구,서울 용산구,2016,23.94,15.0,7923.0,604.0,41.01,17.0,230241.0,0.7,15.9,16.03260869565217,57.218833461885865,39.40632757562461,52.36241888813562,27.81935859934976,46.126861555432974,25.494960863559626,61.127945316151624,67.88430159169975,54.829065840913344,27.928985106682678,39.469138510859814,61.88995712279724,47.007491678855835,42.39971759829877
11170,서울,구로구,서울 구로구,2016,25.12,24.0,19143.0,1308.0,24.81,36.0,417551.0,1.0,17.11,26.222826086956523,76.36415083944883,54.526065799329196,72.83069722660345,50.751836973530594,39.45284059569774,17.94904588939478,76.61480467313623,36.71223176626335,72.07172998153112,32.81036941410177,48.2060403095648,52.40938492023797,37.115873563278754,42.08407519223937
11120,서울,은평구,서울 은평구,2016,25.36,30.0,23037.0,1491.0,20.83,48.0,491476.0,1.0,14.28,26.222826086956523,80.38284647370035,61.81381337167199,76.301013412737,59.691983052328915,55.062327633756205,16.41428352176804,80.85559836524067,29.05390843877959,76.81086542075678,32.06349047840436,54.68713571647284,50.36594002802214,33.75550419697836,42.07855982115054
33020,충북,충주시,충북 충주시,2016,22.42,38.0,10257.0,847.0,18.6,45.0,208350.0,1.4,18.72,39.80978260869565,62.82208344779716,69.5915542924264,61.31712936512468,57.681218321169034,30.572531715388862,35.21512252519568,58.52875347617685,24.7629383331794,62.88797862523692,39.85398605127836,51.05730679605871,41.92250122347727,34.88239662577356,42.06515027711075
21110,부산,금정구,부산 금정구,2016,24.32,23.0,9782.0,660.0,19.76,27.0,244624.0,1.6,22.88,46.60326086956522,61.79304015808687,53.1430595074587,54.7101578227014,41.88135861125274,7.627137341423051,23.064920448150616,62.704408205691045,26.995012468827934,60.336454442242484,45.181001538306795,36.72676670676974,41.925832071072264,38.327629943904014,41.70364031879015
23070,인천,계양구,인천 계양구,2016,25.28,26.0,16884.0,1086.0,19.87,39.0,330284.0,1.2,15.4,33.016304347826086,73.638864252493,57.13342502738842,67.90207443468988,53.23308172376744,48.88472145615002,16.925870977643626,70.51523052959789,27.206674671346327,69.40068629060355,36.20711588682081,49.549284359474,45.9820710019176,34.52320472866926,41.49629802135964
11080,서울,성북구,서울 성북구,2016,25.39,29.0,22467.0,1459.0,22.77,52.0,450355.0,1.0,21.62,26.222826086956523,79.83908680944755,60.702928619310995,75.72602032162472,62.18946168328261,14.576944291229992,16.2224382258147,78.58238943873445,32.78686001046766,75.6348459602063,32.569057247732296,46.560386560169704,51.858241645388,35.53866587433803,41.30487279347356
25020,대전,중구,대전 중구,2016,24.93,27.0,13400.0,996.0,15.3,43.0,252490.0,1.4,12.68,39.80978260869565,68.62305375130104,58.365522608604614,65.61000908523974,56.266473301530006,63.887479316050744,19.164066097099294,63.52779870718459,18.413072257627537,65.04297100952681,39.48160317029597,53.12588687089037,39.217522558893506,32.06800525915165,41.22483683732273
11130,서울,서대문구,서울 서대문구,2016,23.87,19.0,13331.0,941.0,26.16,27.0,314194.0,1.1,20.54,29.619565217391308,68.51101185832051,46.9661966874769,64.1050891838795,41.88135861125274,20.533921676778817,25.942599887450754,69.21592807899108,39.3099042517164,64.41352369035297,34.96226073663299,40.99701973799908,50.40165859070447,38.799845645022906,41.108960835219904
21100,부산,사하구,부산 사하구,2016,24.13,27.0,14661.0,1007.0,17.87,45.0,334603.0,1.3,19.5,36.41304347826087,70.57492705795573,58.365522608604614,65.9010102015178,57.681218321169034,26.270270270270274,24.27994065585513,70.85322809117275,23.358270989193684,68.21653647805061,37.871015962870274,46.910582005500814,43.42657093018404,33.62488846718053,40.75570019354554
11060,서울,동대문구,서울 동대문구,2016,24.75,21.0,14212.0,951.0,27.78,32.0,355069.0,1.0,23.91,26.222826086956523,69.89987473470114,50.195205458307214,64.38513948907458,47.110553362651515,1.9459459459459367,20.31513787281935,72.39773568144294,42.42711123426003,66.70829916344489,33.02117372382651,37.65412573208087,53.19406702383041,39.339185847478824,40.55345802955458
11100,서울,도봉구,서울 도봉구,2016,24.09,23.0,16760.0,1087.0,20.4,30.0,348220.0,1.1,15.35,29.619565217391308,73.47888329497054,53.1430595074587,67.92646111913352,45.120747817270704,49.16050744622172,24.535734383792914,71.89100262195886,28.226501647116777,68.93535433556467,33.79653748960805,49.11758771986865,46.31830890894803,33.7252906576371,40.474580041267714
34050,충남,서산시,충남 서산시,2016,24.06,28.0,10015.0,692.0,22.44,41.0,170788.0,1.2,17.0,33.016304347826086,62.30391062409687,59.554379661263965,55.963946032050124,54.78590297930444,40.059569773855486,24.727579679746256,53.35686111347121,32.15187340291248,59.0698895783426,35.81540033371612,47.07717777788134,44.10327962956832,35.77634780231268,40.46194641973728
35040,전북,정읍시,전북 정읍시,2016,19.26,35.0,5380.0,545.0,10.08,43.0,115173.0,1.7,11.1,50.0,48.81874955611699,66.87979143929277,49.641162321223995,56.266473301530006,72.6023166023166,55.42282703228116,43.106883263067786,8.368738647209137,50.71739804483738,43.63718575269307,59.83124859031361,27.520567800577872,28.875736572956413,40.38408148808611
38050,경남,통영시,경남 통영시,2016,24.42,20.0,7931.0,564.0,16.51,30.0,138160.0,1.6,14.14,46.60326086956522,57.24073499253009,48.61915619670026,50.548343175229014,45.120747817270704,55.834528405956966,22.425436128306117,47.84119303050208,20.741356485329888,52.696556644755724,43.787722624226404,44.78102211259053,34.8939876396828,34.38743422793108,40.27767745635556
31280,경기,여주시,경기 여주시,2016,21.41,23.0,5600.0,449.0,30.76,35.0,111563.0,1.0,17.73,26.222826086956523,49.688465493345134,53.1430595074587,44.512852916691855,49.87982290627994,36.0330943188086,41.6739141556249,42.27838234536967,48.16123272066747,48.15635935177521,31.860151022652026,44.7802002614934,48.082434397587456,39.99887212319775,40.13393012328049
25050,대전,대덕구,대전 대덕구,2016,22.46,21.0,10126.0,827.0,17.66,34.0,192688.0,1.4,18.09,39.80978260869565,62.54312171031038,50.195205458307214,60.68415140766381,48.98324185791343,34.04743519029233,34.959328797257896,56.49567628547584,22.954188602567655,58.259304832459385,39.55477741793792,46.35891801977445,38.62730006212639,33.605449729186596,39.926911999034175
22020,대구,동구,대구 동구,2016,23.0,32.0,16891.0,1195.0,16.86,63.0,351352.0,1.0,12.73,26.222826086956523,73.64786036862894,63.93193739014129,70.43640286083486,68.19166278403692,63.61169332597903,31.506113470097716,72.12395352438938,21.414827129706595,71.24750371965955,30.244129671536275,59.64779897005786,43.71951376273695,29.175181395575986,39.87565536453877
31270,경기,포천시,경기 포천시,2016,21.48,31.0,7384.0,569.0,26.32,41.0,154763.0,1.0,18.14,26.222826086956523,55.68986132547833,62.88942591936306,50.78200563358134,54.78590297930444,33.77164920022062,41.22627513173377,50.79355264466934,39.617776546288596,55.660881640012576,31.178772179708513,48.490856905554494,46.835724854191106,36.48096660918393,39.80449582790793
35510,전북,완주군,전북 완주군,2016,19.5,29.0,5072.0,483.0,24.22,36.0,95480.0,1.2,17.5,33.016304347826086,47.53945070545329,60.702928619310995,46.44453643858154,50.751836973530594,37.301709873138435,53.88806466465443,38.22841501887569,35.57695268002832,47.378835582251554,34.85271623341914,49.60245028709575,40.87976922986869,36.010256939199785,39.68028917279771
11210,서울,관악구,서울 관악구,2016,24.25,22.0,16883.0,1198.0,20.7,36.0,506851.0,0.9,12.72,22.82608695652174,73.63757878860402,51.701184478751514,70.50284260530486,50.751836973530594,63.666850523993375,23.512559472041744,81.65699807219613,28.80376219943967,71.65612571171116,28.803887426167655,53.014605092313126,47.9882531261172,31.68149845180529,39.52958103635765
21070,부산,남구,부산 남구,2016,24.67,21.0,12206.0,822.0,23.19,25.0,278779.0,1.2,23.34,33.016304347826086,66.59760266030229,50.195205458307214,60.52351786106856,39.52275957138438,5.089906232763369,20.826725328694934,66.10463130056225,33.595024783719715,63.16923181198126,36.46124224445775,36.2816608049279,46.73199940402136,36.99867970713398,39.46257024766537
31110,경기,과천시,경기 과천시,2016,26.4,4.0,3379.0,195.0,40.44,8.0,63778.0,1.2,14.57,33.016304347826086,38.72622866924578,0.0,22.47077770340592,5.758894292419591,53.46276889134031,9.763646595385495,27.730803682275067,66.78750654228625,27.68235543930541,38.652977109137076,19.12681166705958,48.637994884447856,49.997815077035895,39.10041699389625
21140,부산,수영구,부산 수영구,2016,24.65,10.0,6331.0,410.0,18.59,20.0,179324.0,1.6,14.14,46.60326086956522,52.3509675458068,26.712107114568756,42.10865215987068,32.72543867237425,55.834528405956966,20.954622192663848,54.625693935165366,24.743696314768634,47.905613376366766,43.89909685396989,36.13623038346172,34.94429128401579,35.851485829756335,38.78934524323092
11180,서울,금천구,서울 금천구,2016,23.41,17.0,9189.0,702.0,26.79,17.0,235386.0,0.9,12.62,22.82608695652174,60.43585767972813,43.396693095554326,56.343902638000465,27.81935859934976,64.21842250413678,28.884227758735364,61.70290373351068,40.522151411594464,57.40813857902813,29.241473697103288,45.55874812108787,47.969459681904624,35.9989087948954,38.749690253054276
21080,부산,북구,부산 북구,2016,24.58,27.0,13744.0,969.0,13.89,34.0,310202.0,1.3,16.68,36.41304347826087,69.173169309211,58.365522608604614,64.88189627515209,48.98324185791343,41.82460011031439,21.40226121655499,68.88326213033788,15.699947661709924,66.9246678154278,36.58209168887324,47.88643713456983,38.6386466561938,29.58182452446416,38.56849268011565
21130,부산,연제구,부산 연제구,2016,24.45,16.0,9425.0,599.0,18.78,17.0,207268.0,1.4,17.02,39.80978260869565,60.98619248597642,41.46022607812912,52.14233034316018,27.81935859934976,39.949255377826795,22.233590832352803,58.3932953054634,25.109294664573135,56.30313005025305,39.72235040480535,37.93710083335426,38.91236746634293,34.48628345495471,38.50202194706296
33550,충북,진천군,충북 진천군,2016,20.65,15.0,3969.0,317.0,26.94,17.0,69950.0,1.1,11.75,29.619565217391308,42.218260363528756,39.40632757562461,35.305030031659825,27.81935859934976,69.01709873138444,46.53399498644295,30.133943944745333,40.81078168775593,38.0305788803129,32.55811720255974,43.99064555650782,39.35030635024577,36.465378144531314,37.30925261198139
33030,충북,제천시,충북 제천시,2016,21.63,24.0,6388.0,545.0,15.38,35.0,136517.0,1.4,18.42,39.80978260869565,52.5454742569482,54.526065799329196,49.641162321223995,49.87982290627994,32.22724765581907,40.267048651967066,47.529956412195126,18.567008404913643,51.436937211998476,37.89693564295361,45.29633643767106,33.30304951585433,30.44237819057473,37.12836572557079
36570,전남,화순군,전남 화순군,2016,20.24,16.0,3105.0,297.0,18.35,19.0,65303.0,1.5,11.12,43.20652173913044,36.89133775347768,41.46022607812912,33.582313009095564,31.172617416837255,72.49200220628792,49.1558806978053,28.34554782924364,24.281887872910318,35.241378441137755,39.73630826063214,45.69309266124395,29.131160662995672,32.73648898528403,37.01220072752988
37040,경북,안동시,경북 안동시,2016,22.61,30.0,8174.0,620.0,12.37,41.0,168798.0,1.4,18.07,39.80978260869565,57.895676701125595,61.81381337167199,53.05467398119548,54.78590297930444,34.157749586321,34.000102317491184,53.051945884972575,12.775160863273912,57.22618479038896,37.56317875612538,47.47588699729137,32.74464703493885,28.16459273544939,36.98651514169098
38080,경남,밀양시,경남 밀양시,2016,20.35,21.0,4240.0,378.0,14.94,25.0,108354.0,1.4,11.18,39.80978260869565,43.65146790968654,50.195205458307214,39.95897832615157,39.52275957138438,72.16105901820187,48.45244794597636,41.51908620276733,17.72035959484006,44.32050090733492,36.880537686716394,50.07990100174264,29.723874835345164,29.10097592685399,36.48504055508817
11070,서울,중랑구,서울 중랑구,2016,24.14,23.0,15779.0,1103.0,20.99,34.0,411005.0,0.7,15.92,16.03260869565217,72.16985868944948,53.1430595074587,68.31362883413213,48.98324185791343,46.0165471594043,24.215992223870657,76.20371598675845,29.3617807333518,69.57465604224402,23.645709500686845,49.10101326536678,47.327814489993024,29.198650180515504,36.25141553304521
34030,충남,보령시,충남 보령시,2016,19.74,29.0,4856.0,486.0,13.76,33.0,103873.0,1.3,12.69,36.41304347826087,46.59506132518547,60.702928619310995,46.60841245412727,48.06066936469257,63.8323221180364,52.353302297027696,40.420312726159075,15.44980142237,47.56421020430266,34.28675895456969,54.238914125110725,29.949742818195556,27.043271397843675,36.117463863690624
37060,경북,영주시,경북 영주시,2016,23.21,18.0,4998.0,374.0,13.98,26.0,109247.0,1.6,18.52,46.60326086956522,47.220515913469626,45.228433755938866,39.67759088571773,40.72390296740146,31.675675675675677,30.163196398424304,41.73261793389291,15.873125827406792,45.17573008809046,42.055466117631894,37.44144433254742,28.957058453445484,30.92688586642515,35.98533973414794
35050,전북,남원시,전북 남원시,2016,19.37,27.0,4268.0,434.0,9.62,29.0,84188.0,1.5,9.94,43.20652173913044,43.79429418789545,58.365522608604614,43.61376622342836,44.07716178488895,79.00055157198014,54.719394280452235,34.95394138498945,7.483605800314027,44.05643403116549,37.90686159318447,55.93210951579783,23.954485496360686,25.16586565115625,35.904234602474155
23030,인천,(구)남구,인천 (구)남구,2016,24.96,22.0,16932.0,1064.0,17.23,45.0,417103.0,0.9,20.94,22.82608695652174,73.700477158099,51.701184478751514,67.35981448011901,57.681218321169034,18.327633756205174,18.97222080114595,76.58687640930222,22.126781810904834,70.16653839759047,27.80863020483693,43.29234417542563,43.56797533688795,28.183885036768352,35.49974662797943
32040,강원,동해시,강원 동해시,2016,23.99,14.0,5184.0,342.0,19.49,18.0,93297.0,1.3,13.86,36.41304347826087,48.01342050172856,37.21983027557254,37.3120779803435,29.540130231204735,57.37892995035852,25.175218703637398,37.62669727804572,26.47547797173732,42.7386854893925,36.0824463546291,37.71383481568028,33.53018460406535,32.33716815803241,35.235113282013934
36620,전남,무안군,전남 무안군,2016,21.92,18.0,4421.0,373.0,11.63,21.0,82109.0,1.7,19.84,50.0,44.558560352022184,45.228433755938866,39.60677504266933,34.206008994599834,24.39492553778267,38.412544124418055,34.3034210440999,11.351251500877437,41.615993240428836,43.658543760333835,36.63977579348523,24.8232569280959,29.525698444688402,35.08751602143954
32060,강원,속초시,강원 속초시,2016,25.15,12.0,4023.0,295.0,18.08,9.0,81793.0,1.5,13.96,43.20652173913044,42.51149434876664,32.37172401685387,33.40372299102869,9.112153109907089,56.827357970215104,17.757200593441453,34.20310475212966,23.762353375819707,37.991023403392994,40.22039374559745,31.10901023034532,29.939231340959008,32.91790525547947,34.55372761770564
34020,충남,공주시,충남 공주시,2016,20.82,29.0,4742.0,474.0,14.8,35.0,109931.0,1.2,17.57,33.016304347826086,46.0795572360121,60.702928619310995,45.946743602607214,49.87982290627994,36.91560948703805,45.44687164270732,41.894996982126955,17.450971337089378,47.74886343650634,31.987829685034182,47.58174128640507,31.16848809185172,26.77702802427613,34.208521955677185
32510,강원,홍천군,강원 홍천군,2016,16.92,25.0,2968.0,376.0,14.16,25.0,70076.0,1.2,9.11,33.016304347826086,35.912240111182506,55.85482236059233,39.81865780057699,39.52275957138438,83.57859900717044,70.38676011664194,30.180763704293977,16.21948215880053,38.181313638997906,30.786374595807892,57.84711468273285,26.215760001280124,25.002370053676152,34.1474760135337
33570,충북,음성군,충북 음성군,2016,19.94,22.0,4635.0,425.0,21.95,25.0,97787.0,0.9,19.07,22.82608695652174,45.584307599509636,51.701184478751514,43.059310123568416,39.52275957138438,28.64202978488693,51.07433365733872,38.84954061369739,31.209014500785077,44.787252879614336,26.35934815246003,42.97675105079519,37.279369035263485,29.694734506794315,33.24284300720558
35060,전북,김제시,전북 김제시,2016,16.79,36.0,3612.0,451.0,10.25,40.0,87782.0,1.1,8.89,29.619565217391308,40.17310450298853,67.8080399028547,44.630460725674936,54.01896171285533,84.79205736348592,71.21808973243978,36.041510766626836,8.695852960192111,44.46061346205325,27.536362307371153,64.02409683810312,25.004370633982862,20.562385284850244,33.208129913487134
38520,경남,함안군,경남 함안군,2016,20.37,16.0,3657.0,315.0,18.65,21.0,68937.0,1.1,11.32,29.619565217391308,40.44176387495011,41.46022607812912,35.137707599888024,34.206008994599834,71.38885824600109,48.32455108200746,29.754434404300095,24.85914842523321,37.43925747439091,29.987722564323473,46.15005533038952,30.370072177326218,28.250074057592293,33.128823752971115
21150,부산,사상구,부산 사상구,2016,22.86,21.0,8767.0,636.0,20.71,31.0,232800.0,0.8,24.4,19.42934782608696,59.41559376794206,50.195205458307214,53.729318117633376,46.13119847710676,0.0,32.401391517879986,61.41550419831469,28.823004217850436,58.171489235126884,24.83702087903699,36.8713286962118,41.967617248984084,28.80170450311376,32.66960040299154
11090,서울,강북구,서울 강북구,2016,25.38,14.0,11225.0,761.0,19.12,24.0,327195.0,0.7,14.05,16.03260869565217,64.77927098908742,37.21983027557254,58.48118222622204,38.274500663497946,56.33094318808604,16.286386657799156,70.27076856405581,25.763523290539087,60.91483211887496,22.366912114228732,42.328902680371755,41.38839031977962,26.40894775676999,32.352538651284654
25010,대전,동구,대전 동구,2016,23.66,23.0,12000.0,888.0,12.54,38.0,234959.0,1.0,22.57,26.222826086956523,66.22820267497782,53.1430595074587,62.56933802263143,52.42730393943605,9.337010479867615,27.285516959124166,61.65566665622432,13.102275176256887,62.23941323584795,28.255281109153707,41.45954748586336,35.01454783111637,23.96561904093422,32.322332378658906
32550,강원,정선군,강원 정선군,2016,14.9,16.0,1521.0,210.0,25.81,15.0,38718.0,0.8,7.56,19.42934782608696,21.409351371973433,41.46022607812912,24.426492799973413,24.07073417017657,92.12796469939327,83.30434337750039,14.746299771295185,38.636433607339676,23.4206108330011,22.508411047863515,53.0957401565244,31.889876331938705,29.56043873629145,32.19431495799223
34060,충남,논산시,충남 논산시,2016,20.76,33.0,5912.0,549.0,11.53,32.0,123213.0,1.0,13.77,26.222826086956523,50.865021974195514,64.94332442186757,49.83474360016083,47.110553362651515,57.87534473248759,45.830562234614,44.86241954436183,11.158831316769803,51.879901734779814,26.427446460152414,53.25511518223177,29.534056992903526,21.549422739881166,32.06818743213095
32050,강원,태백시,강원 태백시,2016,19.73,12.0,2326.0,224.0,22.3,13.0,47070.0,1.1,12.48,29.619565217391308,30.6240611519041,32.37172401685387,26.130231009695322,19.820894304322557,64.99062327633756,52.417250729012125,19.827952008372836,31.882485145161795,27.734760981834675,30.05945280000816,39.46161150251292,29.871544263161123,30.669327840284875,31.978426181156397
37030,경북,김천시,경북 김천시,2016,21.83,29.0,6228.0,537.0,14.13,36.0,142256.0,0.9,14.54,22.82608695652174,51.99500785218134,60.702928619310995,49.24970846197947,50.751836973530594,53.628240485383344,38.98808001227812,48.601271363384086,16.16175610356824,52.71847105896809,24.743329418144675,50.58905248491895,32.648450993837514,22.92554699439685,31.951664622770277
34560,충남,홍성군,충남 홍성군,2016,21.46,21.0,5084.0,426.0,13.22,27.0,99971.0,1.2,19.34,33.016304347826086,47.5907310955851,50.195205458307214,43.121491904608014,41.88135861125274,27.15278543849972,41.35417199570266,39.42419303381262,14.410732428188789,45.66166454959778,31.68291123465639,40.80300934634184,28.37719855552347,25.141791750522792,31.74767577563053
22030,대구,서구,대구 서구,2016,23.14,17.0,6628.0,544.0,14.9,24.0,199507.0,0.9,11.94,22.82608695652174,53.34585064193175,43.396693095554326,49.592545410333564,38.274500663497946,67.96911196911196,30.610835422315446,57.40043670491243,17.643391521197007,52.572394951550464,25.10065900976403,46.53463954950443,33.322770280337004,23.72393207935152,31.581340526263627
31580,경기,양평군,경기 양평군,2016,22.06,22.0,5029.0,389.0,20.54,27.0,111367.0,0.7,12.74,16.03260869565217,47.35469459703034,51.701184478751514,40.717744493840485,41.88135861125274,63.55653612796469,37.51726607663581,42.23263591898639,28.49588990486746,46.68737496996139,21.034309467172278,47.01663725181844,36.64869220280628,25.988020030710693,31.34169887864759
37090,경북,문경시,경북 문경시,2016,20.6,17.0,2974.0,279.0,13.83,26.0,74702.0,1.2,11.89,33.016304347826086,35.95605792221582,43.396693095554326,31.929981783018945,40.72390296740146,68.24489795918366,46.85373714636517,31.843863530680217,15.584495551245341,36.21052663942284,30.69550838577795,45.79014653108559,24.878932976785567,24.53416758234268,31.269298375142284
37080,경북,상주시,경북 상주시,2016,19.45,28.0,4093.0,439.0,8.66,36.0,101799.0,1.1,10.07,29.619565217391308,42.885809871942136,59.554379661263965,43.91686115060674,50.751836973530594,78.2835079977937,54.20780682457667,39.895604973191084,5.636372032880761,45.322462360181184,27.348710705169808,57.001129730408145,23.616945304577907,19.189627359779855,31.170392279262273
38540,경남,고성군,경남 고성군,2016,16.88,19.0,2156.0,274.0,9.74,18.0,54703.0,1.3,8.52,36.41304347826087,28.977531304263536,46.9661966874769,31.452121693164315,29.540130231204735,86.83287369001654,70.64255384457974,23.737655489188793,7.714510021243188,31.003301636383785,31.364712242308478,53.18237480238643,18.29575476466247,21.126797843288724,30.678456282675008
34570,충남,예산군,충남 예산군,2016,18.49,24.0,3190.0,359.0,12.31,28.0,81339.0,1.0,9.78,26.222826086956523,37.47732706287875,54.526065799329196,38.59497046713777,42.998193289212814,79.8830667402096,60.346856295083654,34.05829897406474,12.659708752809335,39.86136638352463,25.313808584426667,55.04966937709086,25.019656652663517,20.840750853596127,30.602318523900767
31570,경기,가평군,경기 가평군,2016,19.86,13.0,2668.0,238.0,19.02,16.0,62448.0,1.0,11.32,26.222826086956523,33.60025705638751,34.88242426486616,27.731092976200234,26.000205057762386,71.38885824600109,51.58592111321431,27.182545130502472,25.571103106431455,31.931376920317728,26.862810736820858,42.40424472753073,28.349782315876794,26.63375880304296,30.378856000862697
38590,경남,거창군,경남 거창군,2016,20.18,17.0,2937.0,280.0,7.6,16.0,63308.0,1.5,13.96,43.20652173913044,35.68442800929111,43.396693095554326,32.02452918249393,26.000205057762386,56.827357970215104,49.53957128971198,27.53837549212326,3.5967180813398585,34.7830652713934,36.51284181747792,41.85888752538412,17.585506179969066,22.15309816420327,30.348538690146206
32070,강원,삼척시,강원 삼척시,2016,18.12,19.0,2864.0,290.0,15.83,18.0,69599.0,1.1,18.52,29.619565217391308,35.138329135411965,46.9661966874769,32.951914492133135,29.540130231204735,31.675675675675677,62.71294827850821,30.003071419652393,19.432899233397986,35.96332533109708,28.643441711594374,40.93996228604615,26.912840787146838,25.160161705558508,30.16416586698198
36040,전남,나주시,전남 나주시,2016,19.31,22.0,4257.0,377.0,16.08,27.0,104376.0,0.8,15.77,19.42934782608696,43.73829590063566,51.701184478751514,39.888910868052946,41.88135861125274,46.843905129619415,55.10308487235894,40.54598953267213,19.913949693667064,44.373181705869776,21.932932913678847,46.98406640484713,30.952348389419992,22.579201108035896,29.611964831190335
37070,경북,영천시,경북 영천시,2016,20.82,18.0,3535.0,333.0,14.88,23.0,100521.0,0.9,11.8,22.82608695652174,39.70554132276015,45.228433755938866,36.60691189616594,36.97527853822826,68.74131274131273,45.44687164270732,39.56692978282759,17.60490748437548,40.76853634741612,23.73085547232364,46.58134338276751,28.081690223976572,22.23939888928972,29.3580253360048
21010,부산,중구,부산 중구,2016,23.32,4.0,1448.0,102.0,21.68,4.0,45208.0,1.4,12.25,39.80978260869565,20.342544730971863,0.0,5.407856779693648,0.0,66.2592388306674,29.459763646595377,18.77791539323281,30.689480003694463,15.804646983455775,36.49501343017309,20.495764690375967,23.76441025721125,32.55348625496129,29.168596731369988
31550,경기,연천군,경기 연천군,2016,17.94,13.0,1804.0,195.0,20.43,14.0,45907.0,0.9,10.03,22.82608695652174,25.110721001919494,34.88242426486616,22.47077770340592,22.01669747795877,78.50413678985107,63.86402005422826,19.177087040084167,28.284227702349064,25.28497146595823,23.873271472935613,44.3703152693344,26.943274919175124,25.877606670166248,29.10506630797162
31080,경기,동두천시,경기 동두천시,2016,24.62,11.0,5247.0,333.0,14.67,19.0,98277.0,1.0,15.61,26.222826086956523,48.2755492790719,29.65996116372025,36.60691189616594,31.172617416837255,47.72642029784887,21.146467488617176,38.97957795993665,17.200825097749455,41.763640260261,27.074798257787,33.53419037660433,27.928496469939102,23.746962383596674,28.230822751239884
36640,전남,영광군,전남 영광군,2016,18.28,13.0,2329.0,232.0,10.25,16.0,55618.0,1.2,9.74,33.016304347826086,30.65202475683738,34.88242426486616,27.056806210971914,26.000205057762386,80.10369553226695,61.689773366757045,24.16921271422389,8.695852960192111,29.553261045659088,29.131808680582115,45.99941094418537,18.026748413093337,20.313465138322297,28.215139648755347
34580,충남,태안군,충남 태안군,2016,18.09,19.0,2605.0,289.0,15.05,23.0,63900.0,0.8,9.63,19.42934782608696,33.08179519259617,46.9661966874769,32.86062174290015,36.97527853822826,80.7104247104247,62.90479357446156,27.780521320675316,17.93202179735846,34.268293329996055,20.569993658428608,51.87773021093191,25.342668893915373,20.36260479237707,28.170140578015193
34070,충남,계룡시,충남 계룡시,2016,25.85,5.0,3208.0,193.0,15.3,8.0,42634.0,1.4,14.93,39.80978260869565,37.59941471931565,6.176862819981793,22.19877001160493,5.758894292419591,51.47710976282405,13.280810354530104,17.252829922109466,18.413072257627537,25.210928900287023,36.379239267097425,20.600483234231362,20.852683455872874,27.762097442099282,27.750946623000566
34540,충남,서천군,충남 서천군,2016,16.67,18.0,1934.0,253.0,9.04,20.0,56012.0,1.1,8.34,29.619565217391308,26.62019219553544,45.228433755938866,29.3454158386973,32.72543867237425,87.82570325427469,71.98547091625312,24.35285924223762,6.367568732489761,29.66164062162678,25.83182844247049,53.253091345823805,17.001973503905987,17.69485930319256,27.74200264953091
36610,전남,영암군,전남 영암군,2016,18.81,16.0,2646.0,277.0,13.73,18.0,57045.0,1.0,16.34,26.222826086956523,33.420610759694355,41.46022607812912,31.739869732612625,29.540130231204735,43.69994484280198,58.30050647158133,24.82828276950574,15.39207536713771,32.45083542632472,25.317991946257482,41.058122446336355,23.02002862710339,21.499226645692445,27.33233613223399
35580,전북,부안군,전북 부안군,2016,15.54,22.0,2075.0,297.0,7.36,25.0,57005.0,1.0,7.96,26.222826086956523,28.14678609169659,51.701184478751514,33.582313009095564,39.52275957138438,89.92167677881963,79.21164373049574,24.810034129399362,3.134909639481543,31.85664018041841,22.952034620309284,58.49089318559493,16.245181087339223,15.010012847074066,27.116402049455797
37620,경북,울진군,경북 울진군,2016,18.09,13.0,2174.0,224.0,10.21,15.0,51738.0,1.1,9.42,29.619565217391308,29.15790144224732,34.88242426486616,26.130231009695322,24.07073417017657,81.86872586872587,62.90479357446156,22.28790468865574,8.618884886549061,28.241806980693614,26.42329679025057,46.07435661956103,17.403395105836424,18.83876737129292,26.8160901872854
34530,충남,부여군,충남 부여군,2016,16.66,25.0,2586.0,339.0,8.88,28.0,70187.0,0.8,9.56,19.42934782608696,32.922971496981575,55.85482236059233,37.07909975469455,42.998193289212814,81.09652509652508,72.04941934823759,30.221939988793135,6.059696437917553,36.69903221724719,18.77326248495101,57.51965729312656,20.03620057462917,14.512955081941024,26.330178425749658
33590,충북,증평군,충북 증평군,2016,23.05,4.0,2029.0,135.0,14.76,5.0,37308.0,1.4,13.04,39.80978260869565,27.660451525608167,0.0,12.778595398143938,0.0,61.901820187534476,31.186371310175474,13.781207699452125,17.374003263446323,17.96458807263972,35.229482598599496,21.812287149077974,17.15497325493493,26.268888429746198,26.28344413019153
32520,강원,횡성군,강원 횡성군,2016,15.21,16.0,1765.0,225.0,10.99,13.0,45991.0,1.0,10.96,26.222826086956523,24.63662083794211,41.46022607812912,26.247838818678403,19.820894304322557,73.37451737451737,81.3219419859825,19.224646542053247,10.11976232258859,26.377749597212855,23.648745997399892,48.76643093804378,17.522913034133047,17.99472676672591,26.1936524518271
38530,경남,창녕군,경남 창녕군,2016,18.04,17.0,2179.0,246.0,10.69,22.0,63982.0,0.9,9.58,22.82608695652174,29.20773938613544,43.396693095554326,28.604275303733434,35.620754014238855,80.98621070049641,63.2245357343838,27.813884782153657,9.542501770265693,31.62737374682468,21.4717144215447,50.01566983415609,19.601675877751703,17.015984212028098,26.071063625907044
32560,강원,철원군,강원 철원군,2016,19.3,16.0,2409.0,247.0,8.64,13.0,48013.0,1.1,10.38,29.619565217391308,31.38473281580038,41.46022607812912,28.711429055420325,19.820894304322557,76.57363485934914,55.16703330434338,20.34399671011387,5.597887996059235,30.08761063656018,26.192830394032402,44.7911702578678,16.55340707532265,17.53868705693533,26.065080879990287
35570,전북,고창군,전북 고창군,2016,17.16,21.0,2095.0,292.0,8.8,22.0,60597.0,0.9,8.9,22.82608695652174,28.354883707161875,50.195205458307214,33.13356258216397,35.620754014238855,84.7369001654716,68.8519977490152,26.39976182639433,5.905760290631447,32.13641149316068,20.84091763170221,54.383324422235624,17.898629721069543,15.172269375732544,25.97223601949602
21020,부산,서구,부산 서구,2016,23.82,11.0,3819.0,291.0,10.31,11.0,112973.0,1.0,12.48,26.222826086956523,41.382300231657354,29.65996116372025,33.04289405807757,14.914814231298083,64.99062327633756,26.262342047372996,42.60512691145058,8.811305070656692,39.4046804220079,25.127045348981632,34.680530946700266,22.479442988282262,19.019395897462996,25.522189032616176
23510,인천,강화군,인천 강화군,2016,17.34,22.0,2495.0,281.0,11.67,21.0,68010.0,0.7,10.08,16.03260869565217,32.145748273771844,51.701184478751514,32.11874071128087,34.206008994599834,78.22835079977936,67.70092597329514,29.40222503527275,11.428219574520488,35.23377854321805,16.95326428529438,52.686678777375406,22.295122623906703,15.820777387315367,25.475505578004913
32540,강원,평창군,강원 평창군,2016,15.48,19.0,1751.0,232.0,11.59,17.0,43318.0,0.8,8.01,19.42934782608696,24.463873018473898,46.9661966874769,27.056806210971914,27.81935859934976,89.64589078874793,79.59533432240241,17.666898790806883,11.274283427234383,26.925245483974393,18.709540685497767,54.178589702370886,18.440284976042413,16.06681228868728,25.380928853334776
32530,강원,영월군,강원 영월군,2016,14.39,13.0,1457.0,206.0,16.21,15.0,40073.0,0.7,9.01,16.03260869565217,20.476937823065956,34.88242426486616,23.918907593670742,24.07073417017657,84.13017098731385,86.56571340870723,15.64118611161047,20.16409593300699,21.90730959798935,17.09676469399677,50.705998756121616,21.02006067099522,18.758825024200114,25.146251247232136
38600,경남,합천군,경남 합천군,2016,13.19,19.0,1344.0,235.0,7.75,17.0,48026.0,0.9,6.56,22.82608695652174,18.726007490145548,46.9661966874769,27.3960925117845,27.81935859934976,97.64368450082736,94.23952524684096,20.351039748965544,3.885348357501308,24.861555007257817,19.574968220031057,58.791808204877626,13.63141872574735,13.192068844003089,24.87626331941076
21030,부산,동구,부산 동구,2016,23.25,8.0,2570.0,202.0,14.82,10.0,89826.0,0.9,12.25,22.82608695652174,32.788317850499375,19.913594751815886,23.401417663287123,12.145544687669654,66.2592388306674,29.907402670486533,36.64034421991477,17.4894553739109,31.368981141587298,23.021815308527877,30.888233369566194,23.664275133919674,21.181858305220704,24.556839085205127
36600,전남,해남군,전남 해남군,2016,18.37,21.0,2938.0,334.0,6.36,24.0,75121.0,0.8,9.91,19.42934782608696,35.69181423193403,50.195205458307214,36.68619601340261,38.274500663497946,79.16602316602317,61.11423747889702,31.989377360548133,1.2107077984052215,37.4817614157929,18.32279846251941,53.007817323520825,17.62217928542262,12.228473853514926,24.2843601231175
22040,대구,남구,대구 남구,2016,24.65,11.0,5036.0,404.0,9.36,16.0,156433.0,0.9,17.88,22.82608695652174,47.38487855047689,29.65996116372025,41.71863752119762,26.000205057762386,35.20573634859349,20.954622192663848,51.07277953865501,6.983313321634184,44.946265369578995,22.90555007068412,31.49375407995928,23.944711084164457,17.488641360538693,24.25602817646232
38580,경남,함양군,경남 함양군,2016,17.24,13.0,1641.0,190.0,7.24,12.0,40241.0,1.1,9.31,29.619565217391308,23.056494036774897,34.88242426486616,21.785454880508567,17.46229526445419,82.47545504688361,68.34041029313963,15.750024285530415,2.904005418552384,23.229739157019804,24.955924129503828,45.20536593077315,12.05924785687497,15.303251139776494,24.089199903320964
36660,전남,완도군,전남 완도군,2016,16.0,21.0,2109.0,285.0,7.29,24.0,52668.0,0.7,7.89,16.03260869565217,28.499373927127316,50.195205458307214,32.49227530128705,38.274500663497946,90.30777716492003,76.27001585921114,22.751387956788374,3.0002155106062,31.114144442261612,15.324426241042788,57.21884362133413,15.782222055607853,11.079621857574743,23.288023684306346
38560,경남,하동군,경남 하동군,2016,15.36,17.0,1644.0,217.0,7.87,15.0,49622.0,0.8,7.62,19.42934782608696,23.096112694006372,43.396693095554326,25.29204105378294,24.07073417017657,91.79702151130722,80.36271550621579,21.201536614345265,4.116252578430466,26.58785595041763,17.49906002573043,53.04490641158769,14.403061258645254,12.350677604112665,23.05375455758814
38550,경남,남해군,경남 남해군,2016,16.7,13.0,1455.0,177.0,8.0,10.0,45129.0,1.0,10.95,26.222826086956523,20.447144523910428,34.88242426486616,19.916026846500802,12.145544687669654,73.42967457253172,71.79362562029979,18.73241393390112,4.366398817770388,22.81978129509878,22.366793840273992,42.82198330631518,12.789052771127583,14.629994422025769,22.722780120377042
21040,부산,영도구,부산 영도구,2016,21.86,14.0,4163.0,346.0,9.67,15.0,126362.0,0.7,16.6,16.03260869565217,43.25377922106552,37.21983027557254,37.61956568534055,24.07073417017657,42.26585769442911,38.79623471632476,45.51896462395493,7.579815892367845,42.72654505283375,17.486806827700853,36.6718860841269,23.369482306165914,14.90176132210406,22.692697260333432
33530,충북,옥천군,충북 옥천군,2016,18.2,12.0,2180.0,239.0,9.87,17.0,52267.0,0.8,12.54,19.42934782608696,29.217693256994032,32.37172401685387,27.841825986609564,27.81935859934976,64.65968008825152,62.20136082263264,22.552553684145714,7.964656260583109,27.848957537111502,18.68847863435209,42.979913272102465,16.84415504902676,14.658492265734147,22.51914505865595
34510,충남,금산군,충남 금산군,2016,18.26,16.0,2269.0,248.0,13.87,17.0,54612.0,0.7,20.97,16.03260869565217,30.085790512665266,41.46022607812912,28.818151603720978,27.81935859934976,18.16216216216216,61.81767023072594,23.694341599077642,15.661463624888395,30.443242951681754,17.38225511673891,35.66545338503615,22.33113694389623,17.522310368664826,22.476293011796873
36550,전남,고흥군,전남 고흥군,2016,15.76,17.0,2113.0,265.0,6.09,21.0,67656.0,0.7,7.76,16.03260869565217,28.54048078605641,43.396693095554326,30.569657073440105,34.206008994599834,91.02482073910645,77.80477822683788,29.266456157752472,0.6911733013146137,31.72951585946481,14.982180595541958,55.218574029849734,14.817879206152623,9.955682834153986,22.334231508774863
32610,강원,양양군,강원 양양군,2016,13.17,14.0,984.0,156.0,9.77,15.0,27218.0,0.8,7.36,19.42934782608696,11.964916151792522,37.21983027557254,16.586700889358216,24.07073417017657,93.23110865968009,94.36742211080985,5.577805669926321,7.772236076475476,15.099765831988666,16.934337896215794,52.720957557078535,11.226366950466218,12.871406617444245,21.924858199683086
36650,전남,장성군,전남 장성군,2016,18.85,13.0,1928.0,210.0,8.75,16.0,46104.0,0.8,9.81,19.42934782608696,26.552787125749333,34.88242426486616,24.426492799973413,26.000205057762386,79.71759514616657,58.04471274364352,19.288488556244022,5.80955019857763,26.039424982721105,18.098722111926797,44.535600389592965,14.887325744290782,13.315802487109186,21.866547568409064
33540,충북,영동군,충북 영동군,2016,16.95,15.0,1799.0,227.0,9.43,16.0,50552.0,0.8,15.43,19.42934782608696,25.050514541603015,39.40632757562461,26.481501277030716,26.000205057762386,48.719249862107006,70.19491482068861,21.68460113562748,7.118007450509528,26.911903126614675,18.14476344130195,42.18450452960609,16.118329934007427,13.981433818430423,21.83810473027278
36590,전남,강진군,전남 강진군,2016,15.49,14.0,1353.0,204.0,7.68,14.0,37753.0,0.8,7.11,19.42934782608696,18.870757737838897,37.21983027557254,23.661424819064283,22.01669747795877,94.6100386100386,79.53138589041797,14.089677451076785,3.7506542286259643,21.10624815935699,17.021684777643003,51.4901117816657,11.672446018530831,11.574438271620213,21.68303858185958
23020,인천,동구,인천 동구,2016,22.82,8.0,4186.0,283.0,13.72,13.0,71014.0,0.7,19.85,16.03260869565217,43.373334437886435,19.913594751815886,32.30616564304022,19.820894304322557,24.339768339768327,32.65718524581777,30.526687350218467,15.37283334872695,34.82739237437193,18.66771496783681,26.431785223888838,23.700087807091467,18.269362327036557,21.663863023022095
36560,전남,보성군,전남 보성군,2016,14.72,18.0,1391.0,223.0,6.62,20.0,44469.0,0.7,7.27,16.03260869565217,19.47150094571996,45.228433755938866,26.01209933346486,32.72543867237425,93.72752344180915,84.45541515322044,18.349133028826778,1.7110002770850645,24.286177132695787,14.228256657873882,56.09411510441605,12.110563671458682,9.529562976635516,21.37706231858962
38570,경남,산청군,경남 산청군,2016,13.92,13.0,1086.0,176.0,9.64,13.0,36098.0,0.7,6.41,16.03260869565217,14.103566024633881,34.88242426486616,19.766615085316143,19.820894304322557,98.47104247104247,89.57128971197626,12.923469567495005,7.522089837135557,17.905308735538675,14.563126599772847,52.4997392065544,12.3846254769622,11.771988564428199,21.15344164889246
32590,강원,인제군,강원 인제군,2016,15.58,14.0,1642.0,211.0,7.82,17.0,32720.0,0.7,8.27,16.03260869565217,23.06970829290712,37.21983027557254,24.551885551131612,27.81935859934976,88.21180364037507,78.95585000255794,10.3674302772614,4.020042486376651,22.089049284746487,14.934433723986336,51.18837196138648,12.102062595235047,10.689541121510253,20.844628699448855
32570,강원,화천군,강원 화천군,2016,14.54,13.0,1159.0,174.0,8.0,14.0,26264.0,0.8,7.78,19.42934782608696,15.514318208743088,34.88242426486616,19.465242325576522,22.01669747795877,90.91450634307776,85.60648692894051,4.649600544537552,4.366398817770388,16.128524120706043,16.77840251310509,50.44949871046484,9.690065499689581,11.370950667725618,20.794641727330916
38510,경남,의령군,경남 의령군,2016,12.39,14.0,848.0,172.0,9.63,10.0,28111.0,0.7,6.14,16.03260869565217,8.740020885803517,37.21983027557254,19.16040543528122,12.145544687669654,99.96028681742968,99.35539980559678,6.4176408326124745,7.502847818724794,13.73926874780001,14.023885783128195,53.91903644169055,10.559199629908466,11.221819572604046,20.628362276934055
33520,충북,보은군,충북 보은군,2016,14.62,15.0,1191.0,198.0,7.89,16.0,34221.0,0.7,7.68,16.03260869565217,16.104950981428647,39.40632757562461,22.87362875266631,26.000205057762386,91.46607832322118,85.09489947306493,11.534298250270467,4.154736615251992,19.394030480920385,14.258162112169789,52.81189902121308,11.176872829777357,10.259769795889696,20.563991825173087
37580,경북,성주군,경북 성주군,2016,15.16,12.0,1249.0,179.0,10.15,16.0,45205.0,0.6,7.77,12.635869565217389,17.13614906764927,32.37172401685387,20.212348560141237,26.000205057762386,90.96966354109212,81.64168414590475,18.776188942574585,8.50343277608448,20.675276019967782,12.46603199709064,49.94973223946981,14.157718583447892,11.332875257692072,20.28704021284435
37550,경북,영덕군,경북 영덕군,2016,16.34,9.0,1210.0,144.0,8.82,11.0,39052.0,0.8,8.26,19.42934782608696,16.448182341835178,23.48309834373846,14.477999835903619,14.914814231298083,88.26696083838941,74.09576917173992,14.969759502408808,5.944244327452973,17.411638690387925,17.108465752866685,43.02588776444418,11.152744608201338,12.307630082272084,19.973499929180065
37570,경북,고령군,경북 고령군,2016,15.99,9.0,1291.0,148.0,10.93,10.0,34257.0,0.7,8.67,16.03260869565217,17.853433407611057,23.48309834373846,15.199691102099031,12.145544687669654,86.00551571980144,76.33396429119558,11.561651705396441,10.00431021212401,17.091831884172155,15.310446394318832,42.786270149622304,13.15561488837373,13.13007400465888,19.917343977082442
35550,전북,임실군,전북 임실군,2016,12.25,15.0,1033.0,191.0,6.17,14.0,30197.0,0.7,6.88,16.03260869565217,13.018631075887328,39.40632757562461,21.92394353705548,22.01669747795877,95.87865416436844,100.0,8.279856766069008,0.8451094486007196,16.874538082889288,13.453086046617967,55.8404868539563,8.251147684380674,8.260003482976337,19.763423286471117
34550,충남,청양군,충남 청양군,2016,15.03,12.0,1007.0,153.0,10.11,13.0,32753.0,0.7,11.43,16.03260869565217,12.46589328045479,32.37172401685387,16.075035163997203,19.820894304322557,70.78212906784336,82.47301376170257,10.39365505837874,8.426464702441425,15.82538796111179,14.535015555150819,44.11726630592765,11.92395490287594,12.005363658861299,19.36542965887615
35560,전북,순창군,전북 순창군,2016,13.73,15.0,1172.0,196.0,7.46,15.0,29949.0,0.6,6.93,12.635869565217389,15.756204463095088,39.40632757562461,22.605742460153113,24.07073417017657,95.60286817429674,90.78630991968078,8.065317715971766,3.3273298235891744,18.178963061463996,11.551622093760926,54.42114687448519,10.13170271055129,8.460131891719367,19.31645913019702
36580,전남,장흥군,전남 장흥군,2016,16.31,15.0,1539.0,202.0,6.58,16.0,40669.0,0.6,8.38,12.635869565217389,21.664533586733018,39.40632757562461,23.401417663287123,26.000205057762386,87.60507446221732,74.28761446769326,16.025262217426793,1.6340322034420116,23.52111097371947,11.888460363102645,50.01018847559318,11.57604651941619,8.252548430668455,18.956802859848366
37560,경북,청도군,경북 청도군,2016,18.5,11.0,1148.0,152.0,9.02,15.0,43564.0,0.7,9.48,16.03260869565217,15.307518406679826,29.65996116372025,15.902262452203791,24.07073417017657,81.53778268063982,60.2829078630992,17.814221556484313,6.329084695668236,18.930017903029256,14.504571066757343,41.88230608006929,12.180629613798168,11.29455961893228,18.889795758941933
37600,경북,예천군,경북 예천군,2016,16.82,11.0,1437.0,163.0,7.49,13.0,46166.0,0.7,10.97,16.03260869565217,20.177148319023008,29.65996116372025,17.743542369510198,19.820894304322557,73.31936017650303,71.02624443648642,19.323450472106003,3.385055878821465,21.817601533887355,14.549929735464646,42.21013289336788,11.761724084344333,10.223993037971486,18.72934210005043
37520,경북,의성군,경북 의성군,2016,14.15,17.0,1285.0,195.0,7.16,15.0,54014.0,0.4,6.6,5.842391304347825,17.75240414050878,43.396693095554326,22.47077770340592,24.07073417017657,97.42305570877,88.10047577633397,23.40789927411388,2.750069271266278,24.57791047159942,6.569544283001689,55.01234946750962,12.913873127970724,6.184377355639651,17.994622877869908
36670,전남,진도군,전남 진도군,2016,15.31,10.0,1201.0,162.0,4.84,13.0,32078.0,0.7,7.83,16.03260869565217,16.28627546983881,26.712107114568756,17.58133686408195,19.820894304322557,90.63872035300606,80.68245766613802,9.851907765226725,0.0,16.441131487401172,13.653084068723008,46.97512538841144,7.406251970208647,7.9374798298928,17.805188617168387
33580,충북,단양군,충북 단양군,2016,14.1,11.0,1174.0,176.0,10.65,14.0,30503.0,0.4,7.24,5.842391304347825,15.79317962540498,29.65996116372025,19.766615085316143,22.01669747795877,93.89299503585218,88.42021793625621,8.542155085127972,9.465533696622641,16.391228570984932,7.380941495294763,50.63879322018859,12.61199883736467,8.895207367070006,17.721964556901096
32580,강원,양구군,강원 양구군,2016,16.67,10.0,1156.0,152.0,7.83,9.0,24010.0,0.7,8.28,16.03260869565217,15.458113390903987,26.712107114568756,15.902262452203791,9.112153109907089,88.15664644236072,71.98547091625312,2.3152943568681827,4.039284504787414,13.7660664254262,14.176160536547636,42.713233474173535,8.33173402080098,9.75158994806956,17.659035264611322
36530,전남,구례군,전남 구례군,2016,15.23,10.0,1051.0,147.0,6.61,12.0,27412.0,0.7,8.25,16.03260869565217,13.393213211487451,26.712107114568756,15.021101084032157,17.46229526445419,88.32211803640375,81.19404512201362,5.7625749889578595,1.6917582586743019,13.767800525344835,13.617541581689016,45.62027361527339,7.144706644368911,8.47259217803585,17.511190873894716
32600,강원,고성군,강원 고성군,2016,13.01,14.0,973.0,164.0,9.18,11.0,30114.0,0.6,16.42,12.635869565217389,11.721168245160738,37.21983027557254,17.904761817141882,14.914814231298083,43.258687258687246,95.39059702256101,8.208252180082445,6.6369569902404475,15.76702583171961,11.644562546965183,41.887235500344346,10.947780848234014,9.787383347301851,17.23754928717006
36630,전남,함평군,전남 함평군,2016,16.58,11.0,1047.0,145.0,7.75,12.0,34397.0,0.6,7.97,12.635869565217389,13.310529625675935,29.65996116372025,14.660272151081037,17.46229526445419,89.86651958080529,72.56100680411318,11.667753698710804,3.885348357501308,16.08758315519526,11.390757390105831,44.701909837166134,9.515206692939552,8.482531624119307,17.134028833401462
36520,전남,곡성군,전남 곡성군,2016,17.28,8.0,999.0,128.0,7.78,8.0,30400.0,0.9,18.09,22.82608695652174,12.292948819385591,19.913594751815886,11.377185448026232,5.758894292419591,34.04743519029233,68.08461656520181,8.454160065250028,3.9430744127335977,12.66544137963098,18.940321261239905,28.117259807331504,7.886764175849691,12.033251301454165,16.731810425633522
36510,전남,담양군,전남 담양군,2016,18.42,14.0,1428.0,186.0,10.52,15.0,47229.0,0.3,12.37,2.4456521739130417,20.04088018027478,37.21983027557254,21.22415313567279,24.07073417017657,65.59735245449531,60.794495318974775,19.91568332361687,9.215387457282716,23.43911114233696,5.220635267054666,41.63898401925321,15.785974663660236,8.203599443125318,15.894918973570519
37610,경북,봉화군,경북 봉화군,2016,13.6,14.0,1003.0,163.0,6.0,17.0,33539.0,0.4,6.8,5.842391304347825,12.379593305815195,37.21983027557254,17.743542369510198,27.81935859934976,96.31991174848318,91.6176395354786,11.010593845933512,0.517995135617745,16.93694086180216,5.697452079185051,53.64026569418688,8.13438809020008,4.2501825505887485,15.779348784389637
33560,충북,괴산군,충북 괴산군,2016,13.22,15.0,1092.0,181.0,7.75,16.0,38973.0,0.4,14.29,5.842391304347825,14.223040170495366,39.40632757562461,20.50539593369925,26.000205057762386,55.00717043574186,94.04767995088761,14.917078293451336,3.885348357501308,19.467909088408007,6.386899748935602,46.71861533453999,11.159744132304954,6.227283419439002,15.775335091686522
36680,전남,신안군,전남 신안군,2016,10.17,19.0,951.0,205.0,5.81,22.0,42652.0,0.2,4.98,0.0,11.22530334420252,46.9661966874769,23.790478686690182,35.620754014238855,100.0,100.0,17.26381132900307,0.15239678581324329,20.18503440829756,1.1453898522922386,60.68397211130375,9.615070269135938,2.068294341551145,15.552411941199036
35530,전북,무주군,전북 무주군,2016,15.14,10.0,1075.0,124.0,7.89,9.0,24949.0,0.5,7.76,9.239130434782608,13.882807241881867,26.712107114568756,10.541824498193014,9.112153109907089,91.02482073910645,81.76958100987363,3.3133206216893245,4.154736615251992,13.277821230361482,8.94083904256294,43.90358086374408,8.229875391475243,7.159058645340954,15.509057849359346
35520,전북,진안군,전북 진안군,2016,12.51,13.0,915.0,161.0,6.23,12.0,26069.0,0.4,5.8,5.842391304347825,10.38862700924926,34.88242426486616,17.418133164647003,17.46229526445419,100.0,98.5880186217834,4.45572733716861,0.9605615590652998,13.507516558748446,5.56474041304559,53.66796615815979,6.762635786397675,4.132962120155302,15.3326751874893
35540,전북,장수군,전북 장수군,2016,14.7,8.0,993.0,120.0,6.25,8.0,23628.0,0.6,7.26,12.635869565217389,12.16233007997066,19.913594751815886,9.679292624588468,5.758894292419591,93.7826806398235,84.58331201718934,1.89806551662226,0.9990455958868254,10.633303645335186,10.842992021293131,42.939574781775804,5.258010396406814,6.559863528667977,15.129138363071277
37530,경북,청송군,경북 청송군,2016,14.36,8.0,688.0,100.0,6.05,8.0,26301.0,0.5,6.52,9.239130434782608,4.20775018716438,19.913594751815886,4.887829971800565,5.758894292419591,97.86431329288472,86.75755870466057,4.686224226653746,0.6142052276715608,7.492461311941491,7.442253628954127,42.99288498668532,3.873656021831885,4.517147047436892,13.142068669126227
37540,경북,영양군,경북 영양군,2016,14.41,6.0,543.0,80.0,4.1,8.0,17713.0,0.5,7.24,9.239130434782608,0.0,11.399325921127716,0.0,5.758894292419591,93.89299503585218,86.43781654473833,0.0,0.0,2.2798651842255433,6.929347826086955,39.20986164420658,1.1399325921127716,3.6356638018603933,11.296458965253715
23520,인천,옹진군,인천 옹진군,2016,11.53,6.0,632.0,83.0,8.95,10.0,21351.0,0.2,6.26,0.0,2.3678485011322885,11.399325921127716,0.0,12.145544687669654,99.29840044125758,100.0,0.0,6.194390566792892,3.4637894347916873,1.1659434351321627,43.961376975627516,5.02041710407532,3.5040709815548916,11.119531757482504
37630,경북,울릉군,경북 울릉군,2016,12.7,4.0,291.0,39.0,10.5,6.0,10001.0,0.2,6.13,0.0,0.0,0.0,0.0,0.0,100.0,97.37299841407889,0.0,9.176903420461192,0.0,1.3765355130691788,39.47459968281578,5.047296881253656,4.657278485884055,10.462158668437175
37310,경북,(구)군위군,경북 (구)군위군,2016,13.52,7.0,499.0,83.0,5.7,8.0,24171.0,0.3,6.42,2.4456521739130417,0.0,15.923229231886154,0.0,5.758894292419591,98.41588527302812,92.12922699135419,2.4891573124226345,0.0,3.9313930401040214,1.8342391304347814,42.15750244311663,1.9656965200520107,1.2119740432251922,9.83678857073432
11230,서울,강남구,서울 강남구,2017,27.3,33.0,24371.0,1595.0,58.19,38.0,556164.0,4.0,14.21,100.0,81.7623909793958,64.94332442186757,78.03414480082265,52.3317814209131,53.34365602980117,0.0,83.95857766967431,99.71319964491384,79.05743367497371,98.13321904467666,51.01569950367637,90.28285709321969,97.50865796204113,86.39100325048224
31020,경기,성남시,경기 성남시,2017,26.12,72.0,47213.0,2912.0,58.65,131.0,967510.0,2.0,16.93,58.21287779237846,96.13156549786945,90.83019304733772,93.95137356134589,91.06525826725829,38.08401777299044,6.5304851143353915,98.34296008100935,100.0,95.73470938270508,68.27281489407079,64.23657131735793,98.06077641645908,83.84552390950425,77.9786678361482
31190,경기,용인시,경기 용인시,2017,26.68,100.0,67328.0,3830.0,58.1,171.0,1004081.0,1.8,18.56,51.6425755584757,100.0,100.0,100.0,99.47415282112726,28.939455141151655,2.8966698678848672,99.30689131823691,99.54248514783876,99.79206739547107,63.66330444103259,66.28834792497639,99.64440052904686,81.61818210161688,76.7783789969207
31240,경기,화성시,경기 화성시,2017,25.8,83.0,52593.0,3071.0,64.34,148.0,691086.0,1.7,19.03,48.357424441524316,98.47649926420762,95.58535288417714,95.35730745192285,94.91383779543841,26.302679412952727,8.606950969449983,89.60154986153118,100.0,95.23578516739859,61.115718257564005,64.17539918561243,97.69406762048892,80.21196927185534,74.64928549739155
11220,서울,서초구,서울 서초구,2017,27.43,24.0,22939.0,1343.0,52.46,28.0,441102.0,2.5,12.14,74.63863337713535,80.44656976765799,54.526065799329196,73.4879303527568,42.91985060503308,64.95668955612405,0.0,77.93665730446685,88.84437666446635,74.50949523503489,77.35028850928725,48.706511250034815,82.09682629459104,82.0852000313955,73.61194751815218
35010,전북,전주시,전북 전주시,2017,26.14,71.0,38417.0,2390.0,29.77,125.0,648964.0,3.1,18.27,94.34954007884365,91.65158531480066,90.36288978303124,88.72735400751714,89.58738554333365,30.566401867061614,6.400705998390734,87.96771899151653,45.80535512409047,90.28868631146155,86.79811685922637,61.085945863076056,65.75470920824048,69.29413910428092,73.42250665847655
31010,경기,수원시,경기 수원시,2017,26.5,97.0,68095.0,3985.0,51.87,197.0,1202628.0,1.7,16.46,48.357424441524316,100.0,100.0,100.0,100.0,40.72079350118935,4.0646819113868276,100.0,87.72524829475185,100.0,59.426855575356015,68.95709508251524,93.24888656211351,74.40459767515817,72.92818797597432
31100,경기,고양시,경기 고양시,2017,26.38,83.0,54467.0,3138.0,46.07,175.0,1041983.0,1.9,15.28,54.92772667542708,99.23730029916445,95.58535288417714,95.92807575587281,100.0,47.34078362730578,4.843356607054801,100.0,76.72364737213483,98.73572072641765,62.628072142306976,68.53591756267573,86.60400140292477,71.15791286183939,71.77036526053865
26020,울산,남구,울산 남구,2017,25.65,30.0,16491.0,1069.0,32.36,46.0,335439.0,3.3,14.7,100.0,73.27547836634847,61.81381337167199,67.45652431635139,58.25934379715781,50.59467707912571,9.580294339034978,70.82229275549913,50.71813898436255,70.24718968415837,89.93526868428923,50.000789606628054,59.35479736516116,71.62220259144569,70.88297839302818
38110,경남,창원시,경남 창원시,2017,24.75,110.0,57188.0,3814.0,40.98,197.0,1057032.0,1.8,16.42,51.6425755584757,100.0,100.0,100.0,100.0,40.94519994614244,15.420354556544751,100.0,67.06879414866577,100.0,58.79225079115664,71.27311090053743,81.88783678176617,65.15337886487626,68.72148659418228
37050,경북,구미시,경북 구미시,2017,25.42,48.0,26881.0,1668.0,43.73,101.0,421799.0,2.1,16.97,61.49802890932984,83.89242234649319,77.32471764158463,79.21730018724527,82.87440530061488,37.859611328037346,11.072754172398575,76.77410645079587,72.28507044818245,80.44338663680227,65.35552448387406,57.48690247030766,75.78386094757684,69.34511604093741,67.29732112548162
34010,충남,천안시,충남 천안시,2017,26.3,73.0,39092.0,2454.0,42.96,110.0,631531.0,1.9,20.45,54.92772667542708,92.03006616644181,91.29113824659316,89.42615183082376,85.5606696035713,18.336250617117727,5.362473070833445,87.26026684443636,70.82451308431779,90.45134078587046,61.02247858586215,58.188610785150495,79.57764928098791,67.23646626459049,66.5746200436076
29000,세종,세종시,세종 세종시,2017,20.51,43.0,20764.0,1536.0,57.98,53.0,280100.0,1.3,15.28,35.2168199737188,78.28196033083836,73.67830380204565,77.03765538261884,62.6699741921918,47.34078362730578,42.93352713681313,66.13820331065608,99.3148658184053,73.71810191902513,49.13804088613373,61.45043288771639,87.56812914309357,72.46444285097274,65.59195616609051
38070,경남,김해시,경남 김해시,2017,26.13,58.0,35186.0,2174.0,35.19,92.0,532132.0,2.2,16.19,64.78318002628123,89.74260556238882,83.61661944994438,86.2225609446472,79.93984028861195,42.235537004622756,6.465595556363084,82.81098078658704,56.08616150350154,86.4379209071594,65.97456980147504,60.01016668163963,69.57921900238611,63.05432427732097,65.46948045568261
31040,경기,안양시,경기 안양시,2017,26.19,41.0,29890.0,1699.0,45.15,83.0,587764.0,1.9,18.95,54.92772667542708,86.19800126816787,72.10225454043872,79.70415858785982,76.70635324791975,26.751492302858935,6.076258208529069,85.39431439034098,74.97856584647835,83.13774585927398,61.06238001035885,52.417993644518255,78.49718408179169,68.5482656637156,65.29825733635843
31150,경기,시흥시,경기 시흥시,2017,25.9,40.0,25140.0,1524.0,54.61,67.0,419664.0,1.5,17.76,41.78712220762156,82.43743877451597,71.28585480681035,76.83030348663314,69.99337300520101,33.42758404021362,7.958055389726695,76.64226880937463,92.92255631681576,78.46857099143244,53.52246898069013,52.24088066978857,86.2198195312391,72.21710213091644,65.02644894669717
31090,경기,안산시,경기 안산시,2017,25.78,54.0,36926.0,2160.0,44.58,98.0,677710.0,1.5,17.43,41.78712220762156,90.79143885394224,81.23817291389796,86.0517286403123,81.92602040939938,35.278937211076695,8.736730085394655,89.0937677549569,73.89737403166943,88.37148433623778,51.504091645860804,58.852603263561846,80.28972594283997,63.65958562544069,62.7816569423407
33040,충북,청주시,충북 청주시,2017,24.87,89.0,49407.0,3293.0,33.16,141.0,835590.0,1.7,17.72,48.357424441524316,97.118589604424,97.92275889488351,97.20313962119381,93.38515979193605,33.651990485166735,14.641679860876792,94.53454989873656,52.235601180585576,96.50421155080967,53.815267468673476,67.55184472227427,72.12575694450571,56.00895768921754,62.10171061103849
11240,서울,송파구,서울 송파구,2017,25.34,39.0,31191.0,2103.0,42.75,56.0,664496.0,1.6,14.14,45.07227332457294,87.12379689041538,70.44929503121537,85.34457886665705,64.38761057909373,53.73636730846909,11.59187063617722,88.58219762173843,70.42617925780924,84.22641673797229,53.08051157114264,58.14979289870067,76.49141711626046,62.66313109324362,62.03808478339369
31230,경기,김포시,경기 김포시,2017,24.44,42.0,25578.0,1492.0,44.79,91.0,392092.0,1.6,16.15,45.07227332457294,82.81275571053848,72.89944307450197,76.26928555002588,79.59639332684708,42.459943449575874,17.43193085368702,74.87669670802558,74.29570785817799,78.4492754825773,53.22983674321025,57.565043862086505,75.94663927775963,64.01041201363137,61.99954306526259
31050,경기,부천시,경기 부천시,2017,24.82,64.0,40820.0,2504.0,38.62,126.0,850329.0,1.5,16.75,41.78712220762156,92.9699649120069,86.89778981618305,89.95952696748823,89.8385215116227,39.09384677527938,14.966127650738443,94.98882458111399,62.592280669807806,92.36118779357426,50.02618024738803,64.15721281705564,75.95785001958107,58.3140658610639,61.345253288562574
31070,경기,평택시,경기 평택시,2017,24.61,54.0,28674.0,1788.0,42.11,108.0,481530.0,1.4,16.33,38.501971090670175,85.2955101598661,81.23817291389796,81.05409399774875,84.98304397159308,41.450114447286936,16.328808368157397,80.21494022929095,69.21220950083081,82.95987173149993,47.78786075911387,60.81439924104461,75.2818755832136,59.41048504232975,59.76265851269905
24020,광주,서구,광주 서구,2017,23.63,30.0,17461.0,1203.0,21.88,60.0,306957.0,2.6,13.93,77.92378449408673,74.5173922430628,61.81381337167199,70.57791050136385,66.54223507409553,54.914501144472865,22.687985049445842,68.5169909569843,30.83938421384077,70.1765560829611,70.52048522694744,55.50907279957343,48.32406974693983,53.302637550358966,59.00618965929563
38030,경남,진주시,경남 진주시,2017,24.41,45.0,19689.0,1350.0,23.38,52.0,346681.0,2.5,18.03,74.63863337713535,77.12682993894008,75.18428282248996,73.62535669103586,62.0761525187977,31.91284053678021,17.626599527604014,71.67873389403336,33.684625831758964,75.10389170217803,68.74435190150936,52.662506627953455,52.22214856160945,53.995117276111735,58.94285894822734
11150,서울,양천구,서울 양천구,2017,25.74,30.0,24526.0,1540.0,28.46,50.0,471154.0,2.2,14.59,64.78318002628123,81.90015178552218,61.81381337167199,77.10641308377278,60.85413514734209,51.21179480274673,8.996288317283998,79.64899549555646,43.32051077777525,77.20753721576241,63.27547681492943,52.80910284138505,58.335041946381494,55.55017347164327,58.82014880699416
31210,경기,이천시,경기 이천시,2017,23.65,31.0,12988.0,879.0,43.83,54.0,213142.0,1.7,15.99,48.357424441524316,68.08691723791479,62.88942591936306,62.284878596259354,63.252899437919766,43.35756922938827,22.5582059335012,59.040683315009055,72.47475322271033,64.33354879733272,53.947973038341274,50.82019478120331,68.62354280926131,62.63368156850845,58.648744199551416
22010,대구,중구,대구 중구,2017,24.64,10.0,4144.0,304.0,26.75,12.0,78986.0,3.7,13.17,100.0,43.26675121041944,26.712107114568756,34.253411129146286,17.430478972226407,59.17822359858175,16.134139694240403,33.25040936830083,40.07693533334851,36.95091983861372,85.33821542104423,31.58281870959872,38.35443679212757,62.44920059601323,58.2535000577868
39010,제주,제주시,제주 제주시,2017,26.43,67.0,29884.0,1902.0,33.68,74.0,478700.0,1.7,18.61,48.357424441524316,86.19363895437712,88.42642276560602,82.68831567191485,73.10606699333312,28.658947084960275,4.51890881719315,80.06180038955142,53.22195160813056,84.80064414717519,52.87072496780054,55.95884470053057,67.36271351034055,55.167452573297055,57.947661436345236
36020,전남,여수시,전남 여수시,2017,22.88,51.0,14692.0,1060.0,30.1,76.0,286382.0,2.0,14.08,58.21287779237846,70.76555550038944,79.33792070433078,67.2330686511701,73.94212931185456,54.072976975898754,27.554701897370677,66.71444510990315,46.431308280032475,71.26469542403183,57.70091013632766,60.09270647509075,57.63128949101431,53.74610638982733,57.66057444771839
31130,경기,남양주시,경기 남양주시,2017,26.14,60.0,41985.0,2339.0,35.41,110.0,665321.0,1.4,16.52,38.501971090670175,93.58144177806325,84.7460223495416,88.15697467661266,85.5606696035713,40.3841838337597,6.400705998390734,88.61443339858774,56.50346360746287,90.32425537851627,46.71014203692839,61.17952654602727,71.55996058445956,53.865277368745126,57.658737987502256
31060,경기,광명시,경기 광명시,2017,26.16,24.0,19436.0,1152.0,40.0,51.0,332790.0,1.7,14.27,48.357424441524316,76.84580651285842,54.526065799329196,69.43290357883085,61.47101927877202,53.007046362371526,6.270926882446076,70.61630837757626,65.20990295829256,70.51300892956793,53.734134426172965,49.33968659535288,67.27966076620196,59.78248236341917,57.540521917356905
11010,서울,종로구,서울 종로구,2017,24.6,13.0,5561.0,466.0,50.77,17.0,154770.0,1.9,18.39,54.92772667542708,49.65660652869669,34.88242426486616,45.523495109043374,27.768671743505084,29.893182532202317,16.393697926129718,50.72650541982121,85.63873777494518,47.022739743267934,59.007266325681755,31.780035483426243,68.129845321419,69.69666818228454,57.53780123445138
24050,광주,광산구,광주 광산구,2017,24.94,45.0,31279.0,1969.0,20.34,91.0,404131.0,2.3,16.88,68.06833114323258,87.18501642873144,75.18428282248996,83.60369344324324,79.59639332684708,38.364525829181815,14.18745295507047,75.66241049561462,27.918269486111424,81.32808792754811,63.957490423214296,58.38763468118632,51.65984135969877,49.499115735700954,57.52988938424406
22060,대구,수성구,대구 수성구,2017,26.37,34.0,23967.0,1556.0,25.81,54.0,439211.0,2.2,15.11,64.78318002628123,81.39916464220856,65.9253917204569,77.37967062634597,63.252899437919766,48.294511018356445,4.908246165027123,77.82504019666308,38.293917252786436,77.23217272419458,62.47138907184974,52.65848235304255,55.6077826190194,52.979732967253035,57.369809111401985
37010,경북,포항시,경북 포항시,2017,23.98,64.0,26717.0,1749.0,30.87,115.0,513832.0,1.5,14.67,41.78712220762156,83.75944645392359,86.89778981618305,80.47100969011485,86.96039091157868,50.762981912840544,20.416850520414258,81.90179107829897,47.89186564389715,83.8298185136881,46.900066147693096,64.77733550915309,64.06746303829131,49.822305504954244,55.773788979052924
34040,충남,아산시,충남 아산시,2017,24.6,45.0,20778.0,1306.0,42.56,60.0,311453.0,1.3,18.81,35.2168199737188,78.29660610196501,75.18428282248996,72.74943132768338,66.54223507409553,27.536914860194784,16.393697926129718,68.89476552389495,70.06578198620628,74.85358927264899,44.75214288841654,51.99167221479807,72.04814442363968,57.706316802926416,55.685773477540906
23080,인천,서구,인천 서구,2017,25.61,44.0,31686.0,1977.0,36.7,85.0,516017.0,1.3,15.12,35.2168199737188,87.46593467967976,74.43966055114505,83.71090538583593,77.45388266785446,48.238409407118176,9.839852570924293,82.01203492743157,58.95037139887253,83.22450992829836,44.00176415808796,59.04939325247465,69.66166249954509,53.08276144358113,55.54571120234233
31200,경기,파주시,경기 파주시,2017,24.64,57.0,27888.0,1689.0,38.34,99.0,437848.0,1.2,15.45,31.931668856767416,84.6915575139727,83.03747800500241,79.5480843261516,82.24530485119205,46.387056236255106,16.134139694240403,77.74429009536209,62.06116890112976,82.27656138659545,41.727082729142296,61.33555159631629,71.03734571322047,53.240552336949634,55.52683076540367
31250,경기,광주시,경기 광주시,2017,27.95,26.0,17608.0,946.0,51.61,39.0,345947.0,1.1,18.07,28.64651773981604,74.69955694571232,57.13342502738842,64.22603613548243,53.13609107857107,31.688434091827105,0.0,71.62366940743512,87.23207308097936,70.26356430056437,42.03965496158017,41.79129451949937,79.37444449753522,63.45721973376314,55.42666620216137
38090,경남,거제시,경남 거제시,2017,25.4,37.0,17487.0,1126.0,32.4,56.0,254073.0,1.8,15.15,51.6425755584757,74.54972321409737,68.71153209967731,68.82952893566467,64.38761057909373,48.07010457340335,11.202533288343247,63.60446796643383,50.7940120941737,70.0985084169143,53.80600580439257,52.46235781306501,59.25847469954782,53.569678340089254,55.098873431735434
38100,경남,양산시,경남 양산시,2017,25.65,36.0,19371.0,1277.0,36.89,64.0,338535.0,1.5,16.22,41.78712220762156,76.77301616230812,67.8080399028547,72.15584293662245,68.55996289812016,42.06723217090796,9.580294339034978,71.0609838660999,59.3107686704755,73.26641122155497,47.91425857251831,52.214068451433164,65.41547757142361,54.52821995663912,54.65119944582515
11190,서울,영등포구,서울 영등포구,2017,22.71,23.0,13905.0,1092.0,41.96,42.0,368550.0,1.3,12.5,35.2168199737188,69.5692942190928,53.1430595074587,68.01914722743795,55.43361251458167,62.93703155154616,28.6578243829003,73.26798837795597,68.92768533903899,67.39365552442493,43.70869720305423,54.26741177242777,68.12858998772927,56.198326968350145,54.4145608802875
26510,울산,울주군,울산 울주군,2017,23.41,31.0,13554.0,903.0,34.35,51.0,220718.0,1.7,14.13,48.357424441524316,69.01376498105344,62.88942591936306,62.996702095466674,61.47101927877202,53.792468919707375,24.115555324837118,59.94810503194661,54.49282619746736,65.06919918398332,51.343368758868685,53.12931844846398,59.054965751546035,53.60241841127983,54.221304662668416
35020,전북,군산시,전북 군산시,2017,23.74,56.0,15680.0,1132.0,22.84,70.0,274997.0,2.1,17.78,61.49802890932984,72.17972249334572,82.4482640315114,68.96999569378983,71.36488963866324,33.31538081773708,21.97419991175022,65.66051564435008,32.66033884930841,72.27766874628017,58.24054475872821,55.49480132144668,50.49303461559242,48.12534616896091,54.19656617224894
31160,경기,군포시,경기 군포시,2017,26.15,26.0,15850.0,978.0,37.52,49.0,281205.0,1.6,15.17,45.07227332457294,72.41403426719462,57.13342502738842,65.10518696526674,60.22503469791922,47.957901350926804,6.335816440418412,66.24049469378176,60.50577015000115,67.50585054720952,50.121473942649345,47.5954805097513,63.41039714274566,55.74931609523692,54.16718521208846
35030,전북,익산시,전북 익산시,2017,22.53,61.0,15896.0,1211.0,17.75,87.0,300187.0,2.2,17.26,64.78318002628123,72.47700435000694,85.29691171541043,70.753106576288,78.18422597184441,36.232664602127365,29.825836426402248,67.93757533418295,23.005485625839345,73.67915711834044,59.28590829858752,59.686993088636676,45.86874543588152,44.57518593371976,53.65999655871877
23040,인천,연수구,인천 연수구,2017,26.1,27.0,20803.0,1214.0,33.14,42.0,335142.0,1.7,17.85,48.357424441524316,78.32273473823632,58.365522608604614,70.8185071303059,55.43361251458167,32.92266953906915,6.660264230280049,70.79927936490998,52.197664625680005,72.07425570031208,51.92999149881887,45.60935993535448,60.829706657368234,53.35863436700267,53.4366285304382
31030,경기,의정부시,경기 의정부시,2017,25.19,33.0,21918.0,1306.0,30.65,66.0,441584.0,1.6,16.74,45.07227332457294,79.45723410716482,64.94332442186757,72.74943132768338,69.52271944058694,39.149948386517664,12.565214005762186,77.96503104082845,47.47456353993581,76.10679125020447,48.87111293513656,51.94746311083837,60.19154386670869,50.08038528655211,52.9090132311908
24040,광주,북구,광주 북구,2017,23.88,46.0,23464.0,1691.0,14.14,105.0,438780.0,2.2,16.5,64.78318002628123,80.93827582331063,75.91289046364999,79.5793729290026,84.09642267207049,40.49638705623625,21.065746100137574,77.79953298877183,16.157937465382894,78.99157590101686,59.10490322184942,60.00431135706599,44.335739765303494,41.85809068860425,52.88970020439566
36010,전남,목포시,전남 목포시,2017,24.87,33.0,15569.0,936.0,20.96,58.0,234379.0,2.2,15.9,64.78318002628123,72.0253558762753,64.94332442186757,63.94520005195673,65.48318585507916,43.862483730532745,14.641679860876792,61.50831760330924,29.094302688184282,67.45383810350394,60.15406601056609,50.498275493906476,46.12751773643956,47.17916660661348,52.591444449576294
22070,대구,달서구,대구 달서구,2017,25.03,55.0,32135.0,2266.0,23.66,83.0,578068.0,1.6,17.07,45.07227332457294,87.77168631746416,81.84862095234308,87.31853711382517,76.70635324791975,37.298595215654586,13.60344693331949,84.96215637363555,34.21573760043703,85.74421426129136,47.71373426524168,59.88571988590769,57.30217849501284,44.42770206702573,52.50211236417825
25040,대전,유성구,대전 유성구,2017,24.58,38.0,23055.0,1579.0,30.92,74.0,348428.0,1.5,17.99,41.78712220762156,80.55617501467201,69.5915542924264,77.76759835821564,73.10606699333312,32.13724698173331,16.523477042074404,71.80932582044642,47.98670703116109,75.73919611195521,46.59396521185753,54.0582653018007,60.234478172382616,49.12750179269254,52.35022469318031
26040,울산,북구,울산 북구,2017,24.26,20.0,13844.0,853.0,31.38,39.0,200718.0,1.8,13.65,51.6425755584757,69.47376320289106,48.61915619670026,61.49148894241237,53.13609107857107,56.485346259144556,18.59994289718898,57.48036548620217,48.85924779398933,61.70482248664623,53.008195158244284,48.08417496799551,54.2513093698727,51.74253071249931,52.264990284635395
11250,서울,강동구,서울 강동구,2017,24.01,27.0,20161.0,1442.0,30.12,35.0,436223.0,1.5,13.38,41.78712220762156,77.64158981276924,58.365522608604614,75.36815923812925,49.78894189677789,58.00008976257798,20.22218184649725,77.6476888265528,46.46924483493805,73.78820607607139,46.074887362233795,53.62793993758497,58.570108206613156,48.08719560433719,51.449139412283834
21090,부산,해운대구,부산 해운대구,2017,25.03,33.0,20391.0,1276.0,28.61,40.0,412039.0,1.6,15.82,45.07227332457294,77.88807526737958,64.94332442186757,72.13513490376336,53.92053919475735,44.31129662043893,13.60344693331949,76.1658823883,43.60503493956707,74.78246723455331,48.13376776110273,50.69347820027965,57.479599070669565,47.950585970000276,51.32506498171493
11020,서울,중구,서울 중구,2017,22.47,12.0,5283.0,398.0,58.4,14.0,125709.0,1.0,18.61,25.361366622864658,48.542407358698945,32.37172401685387,41.36040589285505,21.976583067439357,28.658947084960275,30.215173774236263,45.323378752596064,100.0,44.34256210849907,38.875265703018385,31.885757908539745,74.7441606863146,65.64925695445638,51.163260587322526
21120,부산,강서구,부산 강서구,2017,22.38,18.0,6962.0,472.0,49.81,19.0,117382.0,1.1,12.66,28.64651773981604,54.538340065678156,45.228433755938866,45.86121685256308,31.11582092529826,62.03940577173376,30.799179795987243,43.54279367410693,83.81778313947754,49.37769488625893,39.51138978235148,43.74608121666748,68.06171116655821,59.30117566497661,51.07112729682859
32020,강원,원주시,강원 원주시,2017,24.52,49.0,19531.0,1315.0,24.92,72.0,341337.0,1.7,19.34,48.357424441524316,76.95175571847098,78.00916414306765,72.93097271540468,72.24740568075953,24.563529464566216,16.912814389908377,71.27513423507524,36.60574055948832,75.4602509583716,49.45410498691359,52.96695563047356,54.01569500098083,45.64141593942483,50.99741420206194
11140,서울,마포구,서울 마포구,2017,24.36,22.0,15850.0,1150.0,32.89,27.0,374915.0,1.6,18.78,45.07227332457294,72.41403426719462,51.701184478751514,69.38697559745694,41.80505079923305,27.705219693909598,17.95104731746568,73.71284902849396,51.72345768936031,68.6611087378958,48.80412707355322,43.088991817274554,59.15775438473634,51.37893688576317,50.97943614585507
25030,대전,서구,대전 서구,2017,25.03,38.0,26732.0,1742.0,19.96,81.0,487448.0,1.8,17.26,51.6425755584757,83.77164274936824,69.5915542924264,80.36497944546167,75.94080934803017,36.232664602127365,13.60344693331949,80.532292944029,27.197474942905487,79.9638201163781,51.18871718522942,55.36789942914459,50.75193913931866,42.72626569352943,50.85905662617327
36060,전남,광양시,전남 광양시,2017,22.92,28.0,9076.0,646.0,31.25,38.0,155857.0,1.7,13.33,48.357424441524316,60.299724090327025,59.554379661263965,54.148116274397836,52.3317814209131,58.28059781876935,27.295143665481334,50.90833560809419,48.61266018710309,57.33323865984456,49.58993976824141,50.41282051083935,52.38859622831263,49.667690383853675,50.584804515035515
36030,전남,순천시,전남 순천시,2017,24.51,41.0,16662.0,1071.0,19.49,62.0,279331.0,2.0,17.22,58.21287779237846,73.49963078509046,72.10225454043872,67.50592584448295,67.56711539006083,36.45707104708047,16.9777039478807,66.06677749600894,26.305965902624447,70.99029954943566,54.95551630818656,52.11895467670984,46.288449481906746,43.62811364229785,50.491662320245084
31120,경기,구리시,경기 구리시,2017,26.56,16.0,9780.0,573.0,34.81,34.0,200042.0,1.7,14.75,48.357424441524316,61.922921727465585,41.46022607812912,50.98106431926528,48.89399441858121,50.31416902293434,3.675344563552841,57.39271844843018,55.3653669602956,56.471321613887675,50.765165547934146,39.16931317552676,55.59046654873313,53.0990311923805,50.1552577202041
31180,경기,하남시,경기 하남시,2017,24.78,20.0,12281.0,702.0,45.59,32.0,232487.0,1.0,14.32,25.361366622864658,66.87072330642488,48.61915619670026,56.344121003056934,47.02471796071269,52.726538306180146,15.225685882627758,61.29774296076679,75.81317005440103,61.54851578078253,37.08007280595113,44.454014021972775,69.12796525499058,55.44384071026451,50.094597436546955
23050,인천,남동구,인천 남동구,2017,25.07,38.0,29429.0,1795.0,26.11,87.0,536578.0,1.3,14.75,35.2168199737188,85.86025255319505,69.5915542924264,81.15740323608995,78.18422597184441,50.31416902293434,13.34388870143016,83.02714706620611,38.86296557637008,81.75658125494465,40.82808507206412,58.666907108157325,57.95990906681612,42.710066847784006,49.576642420355554
24030,광주,남구,광주 남구,2017,25.61,22.0,12820.0,870.0,12.77,45.0,218454.0,2.5,16.71,74.63863337713535,67.80402572959477,51.701184478751514,62.01292806243757,57.57612317357428,39.31825322023248,9.839852570924293,59.68023735037183,13.559283454350943,62.146320965659235,64.79327012396362,44.311508545627184,35.1405650962429,42.41346903544108,49.40272426966625
24010,광주,동구,광주 동구,2017,23.24,11.0,3165.0,292.0,14.04,17.0,95448.0,3.2,26.08,97.63469119579501,37.41191668934181,29.65996116372025,33.19154909358101,27.768671743505084,0.0,25.218677810366756,38.168737020785905,15.96825469085501,36.08857168365073,79.36244826940869,23.438915829738416,24.95623008732853,49.013547789602875,48.748445080932974
32010,강원,춘천시,강원 춘천시,2017,24.34,40.0,14701.0,1013.0,25.44,45.0,280514.0,1.6,17.41,45.07227332457294,70.77886193055242,71.28585480681035,66.03444243384828,57.57612317357428,35.39114043355325,18.080826433410337,66.17657506026468,37.59209098703329,69.4995744447177,46.52090483453994,50.096593419253004,51.88649416869954,44.20065838803655,48.493740498164364
31140,경기,오산시,경기 오산시,2017,26.27,22.0,15696.0,915.0,37.66,50.0,213437.0,1.2,19.86,31.931668856767416,72.20188338661528,51.701184478751514,63.34555784037783,60.85413514734209,21.646245680175937,5.557141744750439,59.07661662693482,60.771326034340156,64.1641635771384,40.284638886388116,40.745424112931346,61.89621693812552,50.69671609593193,47.93613203685803
21060,부산,동래구,부산 동래구,2017,25.77,22.0,12486.0,754.0,21.11,33.0,270727.0,1.9,14.53,54.92772667542708,67.23042940833955,51.701184478751514,58.23193756448979,47.9731028519282,51.54840447017639,8.801619643367005,65.25394243039618,29.378826849976097,63.53163432903893,52.325661974900676,44.16419153737066,44.56265046158935,43.12981795418037,47.33046157188879
21050,부산,부산진구,부산 부산진구,2017,22.86,32.0,15375.0,1080.0,22.83,47.0,371703.0,1.5,16.49,41.78712220762156,71.75290048966426,63.93193739014129,67.72709814589297,58.92817975463681,40.55248866747453,27.68448101331535,73.48930901814647,32.641370571855624,70.70963042830434,43.41183729046093,52.204782913855,49.719924004189544,40.58838694600836,46.63449397575543
32030,강원,강릉시,강원 강릉시,2017,22.95,35.0,10151.0,759.0,18.72,38.0,213952.0,1.9,18.26,54.92772667542708,62.731913118877955,66.87979143929277,58.406555430340624,52.3317814209131,30.622503478299876,27.100474991564354,59.13922879421318,24.845408538759774,62.483683485561485,51.19579759927207,47.37196005255352,41.77022078315472,40.55932490567517,46.39064605374615
23060,인천,부평구,인천 부평구,2017,23.87,42.0,26138.0,1726.0,19.69,68.0,539941.0,1.3,13.81,35.2168199737188,83.28335988953395,72.89944307450197,80.12101681158458,70.45715546898818,55.58772047933216,21.130635658109895,83.18947095708225,26.68533145168021,81.17840984679205,38.74375068699453,60.522387365633186,51.101969227343446,36.37703673568686,46.36492957637218
31170,경기,의왕시,경기 의왕시,2017,24.75,13.0,7487.0,470.0,41.48,24.0,155767.0,1.2,16.65,31.931668856767416,56.117932624924336,34.88242426486616,45.74912130083216,38.204764544646416,39.654862887662134,15.420354556544751,50.89332889752346,68.01720802130517,50.303449834692444,39.76312610826377,35.15952334871962,59.75529269781784,52.65087976626136,46.23457282850876
31220,경기,안성시,경기 안성시,2017,22.41,34.0,10734.0,798.0,34.21,51.0,182786.0,1.2,23.02,31.931668856767416,63.94529585272022,65.9253917204569,59.7304056086851,61.47101927877202,3.9181365288811065,30.604511122070235,55.04900116445627,54.22727031312833,61.67242661978837,38.47737177481684,44.24286216826872,57.46394718947876,46.83782257542515,46.14634414813757
22510,대구,달성군,대구 달성군,2017,22.09,32.0,13365.0,1035.0,25.86,45.0,243375.0,1.3,12.8,35.2168199737188,68.70864527876799,63.93193739014129,66.60226836379263,57.57612317357428,61.25398321439791,32.68097697718484,62.48684119859327,38.38875864005038,65.88676247699024,39.04179330417345,56.860365083329114,50.621766226584434,40.550227110092024,46.13728219878264
11160,서울,강서구,서울 강서구,2017,24.18,36.0,26594.0,1760.0,21.62,53.0,601691.0,1.2,13.82,31.931668856767416,83.6591777824103,67.8080399028547,80.63677475364445,62.6699741921918,55.531618868093894,19.11905936096764,86.00273700315584,30.346209000068285,81.19201797272284,36.866600770826835,58.051433443623125,53.10346504727846,37.01999329252909,45.80138556345931
31260,경기,양주시,경기 양주시,2017,24.12,32.0,13026.0,838.0,33.15,48.0,212146.0,1.1,18.54,28.64651773981604,68.15039708647872,63.93193739014129,61.02270212225919,59.583224292516,29.051658363628206,19.508396708801612,58.91899422835976,52.2166329031328,64.53728428977554,36.13242294897982,46.69155766695643,57.58027038728688,44.97907354867942,45.53566525527087
37020,경북,경주시,경북 경주시,2017,22.35,43.0,11757.0,899.0,22.74,62.0,257903.0,1.4,15.9,38.501971090670175,65.92326934178534,73.67830380204565,62.87938700020974,67.56711539006083,43.862483730532745,30.993848469904222,63.99318381351564,32.470656074780536,66.8952505753565,40.33940366339825,55.561841259058085,48.01032266171828,38.735979857130054,45.38129423599567
11110,서울,노원구,서울 노원구,2017,25.0,42.0,28364.0,1874.0,17.76,68.0,554403.0,1.4,18.79,38.501971090670175,85.0593106710206,72.89944307450197,82.29618234203232,70.45715546898818,27.649118082671336,13.798115607236483,83.87618456962254,23.024453903292137,82.27239932129746,40.83607747059852,54.01195425873827,49.54668377390837,35.90860016753776,45.37141667533967
22050,대구,북구,대구 북구,2017,23.87,37.0,23118.0,1624.0,19.94,74.0,441375.0,1.4,20.18,38.501971090670175,80.61547115361905,68.71153209967731,78.51051955325174,73.10606699333312,19.850994120551135,21.130635658109895,77.9527317111432,27.15953838799991,77.43586151008795,41.01195619156452,52.53217231298057,49.624903310762974,37.45555202819667,45.362215500643316
26010,울산,중구,울산 중구,2017,24.98,21.0,12074.0,775.0,16.9,37.0,238652.0,1.9,14.13,54.92772667542708,66.50136360887687,50.195205458307214,58.95771100370926,51.50657828367983,53.792468919707375,13.92789472318114,61.97770339214282,21.393182042352365,61.88303391374273,51.05490867381085,46.048528313718435,39.382698899721326,38.922472886686954,45.204476661538365
39020,제주,서귀포시,제주 서귀포시,2017,21.94,45.0,9017.0,762.0,33.68,44.0,178383.0,0.9,11.74,22.07621550591327,60.15801834334786,75.18428282248996,58.51077556760445,56.87788551612605,67.20075400565504,33.654320346769794,54.41551957161699,53.22195160813056,61.44052160765702,30.556256204989324,58.367248154302985,56.98443327113293,42.45347615601029,45.19606041021326
23010,인천,중구,인천 중구,2017,23.79,13.0,7346.0,475.0,46.49,17.0,117999.0,0.8,12.67,18.7910643889619,55.704849797904835,34.88242426486616,46.02847458965525,27.768671743505084,61.98330416049549,21.649752121888554,43.678997007090864,77.52031502515194,47.9326088540529,31.291830525284702,39.37551551838962,63.81723520096478,52.35061080159024,44.93705122458776
11040,서울,성동구,서울 성동구,2017,22.57,21.0,12047.0,954.0,34.5,31.0,304808.0,1.0,17.23,25.361366622864658,66.45272007377501,50.195205458307214,64.44857802093316,46.047147459222906,36.40096943584219,29.566278194512947,68.33446323843916,54.77735035925917,63.7657401000807,33.88289952841487,46.251707241849196,58.68777674394414,44.916688901539764,44.881671493951885
34080,충남,당진시,충남 당진시,2017,23.33,30.0,9937.0,718.0,31.27,36.0,167439.0,1.2,16.09,31.931668856767416,62.2689538709451,61.81381337167199,56.93946563563114,50.659367154884606,42.79655311700552,24.63467178861579,52.770607580023174,48.65059674200866,59.328421883813895,37.47323654097137,47.68277913759914,53.308591456464455,43.76061584865839,44.869421357069115
21510,부산,기장군,부산 기장군,2017,24.82,21.0,10375.0,650.0,32.72,35.0,161651.0,1.2,14.84,31.931668856767416,63.20616724478452,50.195205458307214,54.31116462182632,49.78894189677789,49.80925452178986,14.966127650738443,51.856636079556274,51.40099697266292,57.199115537920584,37.979517912953455,44.04024996614037,53.709797741685676,45.036577558161596,44.62930407271146
34050,충남,서산시,충남 서산시,2017,23.52,28.0,10006.0,696.0,28.45,41.0,171678.0,1.3,16.7,35.2168199737188,62.419305896444435,59.554379661263965,56.1173666665295,54.68608309464695,39.37435483147076,23.401770187141494,53.42015458559195,43.30154250032246,59.146575256152595,39.14977694498191,46.698355066804666,50.268170708431434,42.27065395386853,44.2633546520884
11030,서울,용산구,서울 용산구,2017,23.24,15.0,7624.0,581.0,42.41,17.0,229161.0,0.8,15.47,18.7910643889619,56.51191272100179,39.40632757562461,51.34722256092521,27.768671743505084,46.27485301377856,25.218677810366756,60.92337938268507,69.78125782441444,54.41423569043134,30.211678237483767,39.182078081711055,62.76121401259352,48.943461459175964,43.71785141175073
37590,경북,칠곡군,경북 칠곡군,2017,21.85,21.0,7001.0,531.0,23.87,33.0,120864.0,1.6,14.97,45.07227332457294,54.65971172699068,50.195205458307214,48.970894335639095,47.9731028519282,49.079933575692294,34.23832636852076,44.302257508864514,34.61407142694558,50.659574207816135,44.462286880170616,46.14138209220305,41.6345408023786,40.59124955987305,43.5224971812013
11050,서울,광진구,서울 광진구,2017,25.38,22.0,15029.0,1034.0,28.06,36.0,357703.0,1.2,20.33,31.931668856767416,71.2583301644409,51.701184478751514,66.5767207899803,50.659367154884606,19.009469951977024,11.332312404287919,72.49186731329321,42.56177967966372,67.71696217195873,37.45885161096921,40.65167863773106,53.704543401572366,41.68173020360277,43.314039890751594
11200,서울,동작구,서울 동작구,2017,24.99,21.0,16698.0,1075.0,27.19,34.0,396217.0,1.2,19.97,31.931668856767416,73.54652757236151,50.195205458307214,67.60445299981338,48.89399441858121,21.029127956554916,13.863005165208833,75.14859532606944,40.91153954127118,69.35688347566303,37.44013533100239,41.25268012875472,53.502462106912596,41.06447582098299,43.29513286116659
37100,경북,경산시,경북 경산시,2017,23.33,31.0,12565.0,904.0,25.11,67.0,259485.0,1.3,25.55,35.2168199737188,67.3674738080324,62.88942591936306,63.02594976083022,69.99337300520101,0.0,24.63467178861579,64.15206280422345,36.96613783109128,65.50724092915584,38.69428303575603,43.760312932583474,49.71662258127651,39.742783145951435,43.016037874678204
26030,울산,동구,울산 동구,2017,24.81,16.0,10053.0,640.0,23.06,26.0,169605.0,1.6,17.35,45.07227332457294,62.52112718179992,41.46022607812912,53.90164389562446,40.64970403891899,35.72775010098289,15.031017208710779,53.104534878378864,33.07764095326975,55.483969270039445,45.01796385460016,38.016665257308524,42.80863080022809,40.5074508809787,42.456450555671545
33020,충북,충주시,충북 충주시,2017,21.88,38.0,10225.0,857.0,19.43,45.0,208316.0,1.4,17.93,38.501971090670175,62.88973403909114,69.5915542924264,61.61510837589446,57.57612317357428,32.473856649162954,34.043657694603795,58.44567010559679,26.19215623790772,62.89687890970988,39.094275157597906,51.26200929724838,42.70963868374964,35.1208380646291,42.06822557416571
11120,서울,은평구,서울 은평구,2017,24.47,30.0,22409.0,1452.0,19.05,48.0,486794.0,1.1,13.97,28.64651773981604,79.9386315949184,61.81381337167199,75.55085686085495,59.583224292516,54.69009469951977,17.237262179770042,80.49741211938127,25.471361694701784,76.48130210760797,33.299455718559145,54.5734319092835,48.25296840614405,32.8026497133468,41.80732837773049
21100,부산,사하구,부산 사하구,2017,23.47,27.0,14394.0,990.0,18.59,45.0,333301.0,1.4,18.9,38.501971090670175,70.32029917528658,58.365522608604614,65.42747940583985,57.57612317357428,27.032000359050315,23.726217977003145,70.65617071727944,24.598820931873533,68.03010532454803,39.59833137531233,46.81803651642772,44.02838921604014,35.01301139621792,41.75277378337804
31270,경기,포천시,경기 포천시,2017,20.66,31.0,7217.0,568.0,31.79,39.0,152925.0,0.9,17.2,22.07621550591327,55.31991862935081,62.88942591936306,50.7496148059518,53.13609107857107,36.56927426955702,41.96018376722817,50.41493588660665,49.636947169553636,55.362325264530014,29.534695567803084,48.941594154503264,52.21548764405197,39.972602439853105,41.24094764303181
22020,대구,동구,대구 동구,2017,22.41,32.0,17060.0,1207.0,17.91,62.0,349379.0,1.1,12.6,28.64651773981604,74.0125590788612,63.93193739014129,70.66565356895431,67.56711539006083,62.37601543916341,30.604511122070235,71.88014010789345,23.308978065083952,71.35670904982689,32.38249092251074,59.18397349102269,44.797664506766566,31.06903746004974,41.15973834147901
11170,서울,구로구,서울 구로구,2017,24.61,24.0,18965.0,1313.0,23.95,36.0,410742.0,1.0,16.75,25.361366622864658,76.3127539538942,54.526065799329196,72.89073771049792,50.659367154884606,39.09384677527938,16.328808368157397,76.08397337466933,34.765817646567875,71.88678214921374,31.867173009523093,47.81133368941037,51.248953082524494,35.78896564343898,41.140790403610055
31110,경기,과천시,경기 과천시,2017,24.77,4.0,2973.0,175.0,43.45,8.0,57527.0,1.3,13.66,35.2168199737188,36.052454997254856,0.0,19.70798623877249,5.7484015902322945,56.42924464790629,15.290575440600108,25.01430794012796,71.75395867950441,25.530519880665814,40.78095428194025,20.13322081592925,50.42731446419759,53.06845984842631,41.022091565958746
38050,경남,통영시,경남 통영시,2017,23.74,20.0,8135.0,568.0,16.7,30.0,135833.0,1.7,13.76,48.357424441524316,57.92146722570614,48.61915619670026,50.7496148059518,45.03853783992525,55.86822853552354,21.97419991175022,47.33571752641384,21.01381649329661,52.88528011011727,45.21228752770835,44.735501306271544,35.104165765086464,35.226604401270954,40.98865671021693
23070,인천,계양구,인천 계양구,2017,24.54,26.0,16403.0,1061.0,19.64,40.0,323784.0,1.2,14.95,31.931668856767416,73.15921761759355,57.13342502738842,67.25799047178546,53.92053919475735,49.19213679816884,16.78303527396372,69.90353602109232,26.590490064416272,68.97735462060216,35.25324691399736,49.524297917064175,45.455485964850354,33.75161787427193,40.87350964565128
38060,경남,사천시,경남 사천시,2017,21.51,18.0,6417.0,477.0,15.45,20.0,114252.0,1.8,11.79,51.6425755584757,52.767249568524946,45.228433755938866,46.13939513214179,32.66581294137414,66.92024594946368,36.44457133958002,42.84062510458511,18.642781811698114,48.28149906682578,46.80507389746399,46.15337093323809,31.755917051420607,34.690898140539424,40.85692830910302
21110,부산,금정구,부산 금정구,2017,23.93,23.0,9690.0,655.0,19.39,28.0,244469.0,1.6,22.38,45.07227332457294,61.7220459633986,53.1430595074587,54.51357196444751,42.91985060503308,7.508639648130696,20.74129831027591,62.6033642829225,26.116283128096573,60.27064416806779,43.89385205898405,36.3449700750399,41.41317550631708,37.299601450273386,40.852538602136164
36040,전남,나주시,전남 나주시,2017,19.31,24.0,5071.0,435.0,21.53,29.0,110110.0,1.5,15.14,41.78712220762156,47.65259794216818,54.526065799329196,43.706413758802896,43.99685322071216,48.12620618464162,50.72027409349288,41.88126216975099,30.175494502993196,47.29589078187522,40.63192562538196,48.20064063830029,37.86183747047546,36.55666150930992,40.8407744277327
11130,서울,서대문구,서울 서대문구,2017,23.58,19.0,13193.0,904.0,26.59,27.0,312800.0,1.1,19.58,28.64651773981604,68.42719677263742,46.9661966874769,63.02594976083022,41.80505079923305,23.21709079484762,23.012432839307507,69.0068854777581,39.7734428941039,64.30890336714151,34.29362441624136,40.66638912441892,50.60848543669604,38.65879003656145,40.82572014458611
25020,대전,중구,대전 중구,2017,24.24,27.0,13082.0,984.0,14.94,43.0,248933.0,1.4,12.15,38.501971090670175,68.24360962199944,58.365522608604614,65.26682398925945,56.16395581857159,64.90058794488577,18.729722013133653,63.07348570395003,17.67539966160593,64.71695504390564,38.35214922944347,53.140465883425406,38.667766854736115,31.16262952449423,40.51853958327209
11080,서울,성북구,서울 성북구,2017,24.79,29.0,21897.0,1399.0,21.77,52.0,444055.0,1.0,21.59,25.361366622864658,79.43640507028744,60.702928619310995,74.56785624059559,62.0761525187977,11.940666935954397,15.16079632465545,78.11000594450397,30.630733161860103,75.2917900423571,31.55927544845625,45.51426531395271,50.52097800668724,34.078541031882246,40.13693421001303
35510,전북,완주군,전북 완주군,2017,18.96,29.0,5100.0,479.0,23.34,37.0,95975.0,1.3,16.5,35.2168199737188,47.77648976143448,60.702928619310995,46.24985253949072,51.50657828367983,40.49638705623625,52.99140862252446,38.311787634985414,33.608752721947816,47.522366895075066,36.23157686472472,50.126594737039,39.85717295653711,35.85742782852466,40.00671464361694
31280,경기,여주시,경기 여주시,2017,20.87,23.0,5548.0,448.0,31.06,34.0,111984.0,1.0,16.61,25.361366622864658,49.60575747168898,53.1430595074587,44.483664328122366,48.89399441858121,39.87926933261523,40.59750304980923,42.31970788160868,48.25226291550012,48.127403001818834,31.21944015164241,45.17898162279441,48.12215823085004,39.716335830873746,39.941223004032175
11060,서울,동대문구,서울 동대문구,2017,24.13,21.0,13930.0,938.0,27.22,32.0,350647.0,1.0,22.94,25.361366622864658,69.60832526565937,50.195205458307214,64.00160627935357,47.02471796071269,4.366949418787286,19.443507150829305,71.97425990607216,40.96844437362954,66.43548169631278,32.127124149758856,37.85524166953005,52.26996899036967,38.24301295420521,39.84435889846632
35040,전북,정읍시,전북 정읍시,2017,18.62,35.0,5277.0,542.0,9.37,43.0,113776.0,1.7,10.68,48.357424441524316,48.517718692127346,66.87979143929277,49.512307868526904,56.16395581857159,73.14752479691217,55.197653593583716,42.73215944378156,7.110069120403037,50.45446546705669,42.18635056841643,59.8476643058752,26.711884815143648,27.588482198620824,39.4314886869106
21070,부산,남구,부산 남구,2017,23.87,21.0,12130.0,814.0,23.32,26.0,273854.0,1.2,22.78,31.931668856767416,66.60190809836777,50.195205458307214,60.254923621338776,40.64970403891899,5.264575198599701,21.130635658109895,65.55230562217879,33.57081616704224,63.00568682749897,35.644564877468675,36.47926977417591,46.63669690070433,36.567572632304774,39.10528408424782
11180,서울,금천구,서울 금천구,2017,22.04,18.0,9030.0,731.0,27.2,18.0,235154.0,0.9,12.07,22.07621550591327,60.189321114266235,45.228433755938866,57.413508144810535,29.486308130407025,65.34940083479198,33.00542476704649,61.59408274237662,40.93050781872397,57.61857213103387,28.715669913670176,47.492975127319156,48.31159931010181,35.930252589903745,39.020040279602966
11210,서울,관악구,서울 관악구,2017,23.52,22.0,16227.0,1170.0,20.61,35.0,503297.0,0.9,12.49,22.07621550591327,72.92481325664735,51.701184478751514,69.84270625828522,49.78894189677789,62.99313316278444,23.401770187141494,81.36358344846509,28.4304129773367,71.21171855861351,28.114204901700194,52.54823541482348,47.596345754009576,31.14719885601938,38.98810600131268
25050,대전,대덕구,대전 대덕구,2017,22.14,21.0,9577.0,805.0,16.76,33.0,186902.0,1.4,17.08,38.501971090670175,61.46717712133051,50.195205458307214,59.961162927747246,47.9731028519282,37.242493604416325,32.35652918732316,55.6275396825355,21.127626158013342,57.46089155708735,38.19233995383769,46.14510180973539,37.27728130938449,32.08243132863119,38.77608852094978
21130,부산,연제구,부산 연제구,2017,24.07,16.0,9440.0,600.0,20.4,17.0,206742.0,1.4,16.88,38.501971090670175,61.154113286391635,41.46022607812912,52.197060138452514,27.768671743505084,38.364525829181815,19.832844498663277,58.24862184828793,28.03207915082815,56.34368841330802,39.196701519266014,37.14608507733374,40.53178207528991,35.489345773716344,38.73198293532034
11100,서울,도봉구,서울 도봉구,2017,23.46,23.0,16242.0,1061.0,19.76,29.0,344166.0,1.0,15.09,25.361366622864658,72.94488976236232,53.1430595074587,67.25799047178546,43.99685322071216,48.40671424083299,23.791107534975467,71.4895720910408,26.818109393849728,68.54792840998513,30.338230352462183,48.48220185770662,45.3766798834918,31.361955446602266,38.44039451428369
21080,부산,북구,부산 북구,2017,23.9,27.0,13403.0,939.0,14.17,36.0,302924.0,1.3,15.76,35.2168199737188,68.77033716053901,58.365522608604614,64.0297643561224,50.659367154884606,44.6479062878686,20.935966984192916,68.17338182713345,16.214842297741257,66.51028765013046,35.72187504100419,48.39622533839652,38.734790230795966,29.34635085933093,38.33544575490576
21140,부산,수영구,부산 수영구,2017,24.11,10.0,6154.0,397.0,18.61,22.0,179996.0,1.6,13.81,45.07227332457294,51.85802180583903,26.712107114568756,41.29402063687257,35.55585302030147,55.58772047933216,19.573286266773962,54.649386597740666,24.636757486779107,47.66624830515547,42.68552079703048,36.03150588439834,34.79043968001429,35.18419147089007,38.169093224515755
37040,경북,안동시,경북 안동시,2017,22.22,30.0,8235.0,636.0,12.63,41.0,166272.0,1.5,17.24,41.78712220762156,58.186925438043815,61.81381337167199,53.73604391432942,54.68608309464695,36.344867824603924,31.83741272354453,52.588898691719564,13.293727570011916,57.232895000872176,39.153093335022334,47.63614222674349,33.018651392040454,29.182149025821403,37.8422436124515
33030,충북,제천시,충북 제천시,2017,21.05,24.0,6326.0,543.0,16.81,35.0,136432.0,1.4,17.75,38.501971090670175,52.45693552290035,54.526065799329196,49.560982234837475,49.78894189677789,33.48368565145191,39.42949100630726,47.450034096929386,21.222467545277272,51.36869115039483,37.30554200208426,45.34643533464372,34.733855948954904,31.29071303423241,37.42667652768672
32040,강원,동해시,강원 동해시,2017,23.17,14.0,5062.0,334.0,20.2,17.0,92851.0,1.5,13.32,41.78712220762156,47.61400469054182,37.21983027557254,36.73534038603462,27.768671743505084,58.33669943000763,25.672904716173065,37.45205991410667,27.652713601772394,42.48658637461742,40.2496491650362,37.59502274238507,34.07158543375644,34.914012158201906,37.30317007924278
33550,충북,진천군,충북 진천군,2017,20.32,15.0,4153.0,326.0,26.87,16.0,73677.0,1.1,11.24,28.64651773981604,43.313882510064744,39.40632757562461,36.09592531601884,25.952832698655392,70.00583456756878,44.166428738287436,31.44271471126363,40.30455466278197,38.97102118353638,31.861959755285802,43.63262441009918,39.487321530795036,35.96067223923585,36.94496376917241
34030,충남,보령시,충남 보령시,2017,18.99,29.0,4726.0,479.0,15.69,33.0,103198.0,1.3,12.5,35.2168199737188,46.121829917260214,60.702928619310995,46.24985253949072,47.9731028519282,62.93703155154616,52.79673994860748,40.19695516537874,19.09802047056503,47.260587232105934,33.889501042599875,54.04576858655484,31.828113379000726,28.403274692847805,36.63423280640068
36620,전남,무안군,전남 무안군,2017,21.44,18.0,4490.0,377.0,12.7,21.0,82872.0,1.8,19.06,51.6425755584757,45.00891307419229,45.228433755938866,39.930084013204905,34.143685665298804,26.134374579237914,36.898798245386345,34.4981473464394,13.426505512181427,41.899587492215744,45.24679880310322,36.75639516920867,26.083926124098042,31.235265249429812,36.30346654282714
23030,인천,(구)남구,인천 (구)남구,2017,24.61,23.0,17540.0,1098.0,17.8,47.0,419267.0,0.9,20.47,22.07621550591327,74.6154800582598,53.1430595074587,68.16397155241776,58.92817975463681,18.224047394641175,16.328808368157397,76.61767986234672,23.100327013103286,70.92165588932566,27.48375868722643,43.419402905351426,44.43523379895665,28.492278868042863,35.68805971196085
11070,서울,중랑구,서울 중랑구,2017,23.43,23.0,15419.0,1087.0,20.58,34.0,408226.0,0.7,15.64,15.505913272010513,71.81499470758997,53.1430595074587,67.89785168882128,48.89399441858121,45.32112562272788,23.985776208892474,75.92434110813338,28.37350814497833,69.31341158772673,23.066960646513632,48.79855435280831,46.671385538221955,28.464916004732526,35.68565227605514
38080,경남,밀양시,경남 밀양시,2017,19.91,21.0,4248.0,392.0,15.7,25.0,107898.0,1.3,10.57,35.2168199737188,43.80524301594971,50.195205458307214,40.95957230592398,39.450749125499215,73.76464252053319,46.82690061515301,41.35403196623971,19.116988748017814,44.347872189508216,33.660687594086745,50.31485516410456,30.498017755366423,28.095992522154567,35.38207134047367
36570,전남,화순군,전남 화순군,2017,19.75,16.0,2960.0,285.0,18.39,19.0,64680.0,1.4,10.65,38.501971090670175,35.95725962772258,41.46022607812912,32.55185791071091,31.11582092529826,73.315829630627,47.86513354271031,28.059105249453005,24.219455382817774,34.68840660432301,36.10512258819755,45.33357546676575,28.867040781325155,30.859426795283767,35.22055635581247
32060,강원,속초시,강원 속초시,2017,23.97,12.0,3870.0,284.0,17.88,9.0,82273.0,1.6,13.65,45.07227332457294,41.7806288063976,32.37172401685387,32.45919753357278,9.095550772025467,56.485346259144556,20.481740078386593,34.30968061088223,23.252073232725586,37.657563389834245,41.470078858978304,31.34689407007402,29.528390532596315,33.302523640832554,35.01329631333922
33570,충북,음성군,충북 음성군,2017,19.46,22.0,4744.0,416.0,23.32,25.0,97306.0,1.0,18.43,25.361366622864658,46.204419227493005,51.701184478751514,42.5277060132192,39.450749125499215,29.668776087249228,49.7469307239079,38.66961037159361,33.57081616704224,45.04332962097489,28.677089314954127,42.77291713011141,38.67539274098603,31.88963922708975,34.778077380832094
37060,경북,영주시,경북 영주시,2017,22.24,19.0,4982.0,400.0,11.25,27.0,108371.0,1.6,17.53,45.07227332457294,47.26790716505648,46.9661966874769,41.492678721557354,41.80505079923305,34.717921098693935,31.707633607599874,41.46767431862855,10.676105281527175,45.46749521561218,40.13241150216443,39.32227757902844,26.242210154393216,27.739174122775708,34.435637487227325
38520,경남,함안군,경남 함안군,2017,19.54,16.0,3704.0,333.0,19.45,21.0,68207.0,1.2,11.05,31.931668856767416,40.82820522588537,41.46022607812912,36.656253598801634,34.143685665298804,71.071765181096,49.227814260129264,29.43852075411421,26.2300927928133,37.537704054802774,31.966086084086093,46.637577353366105,31.153992802154434,29.836674439850867,34.41832775091761
35050,전북,남원시,전북 남원시,2017,18.54,27.0,4115.0,432.0,9.31,29.0,83281.0,1.4,8.87,38.501971090670175,43.11418454286718,58.365522608604614,43.523758184195586,43.99685322071216,83.3019164310399,55.716770057362375,34.62605232244913,6.996259455686311,43.61801248988925,34.2373356906423,56.9573093485571,23.50123971842874,23.09254461257567,34.29651254293558
32510,강원,홍천군,강원 홍천군,2017,16.55,25.0,2938.0,371.0,13.64,25.0,70340.0,1.2,8.85,31.931668856767416,35.79520360256943,55.85482236059233,39.50680281302478,39.450749125499215,83.41411965351645,68.62979209385625,30.238536334437562,15.209523592743496,38.140127173734456,29.80970054174403,57.37405989367409,25.64554138274768,24.07501473574439,33.39406412808022
34020,충남,공주시,충남 공주시,2017,20.26,28.0,4601.0,459.0,14.23,35.0,108432.0,1.2,17.18,31.931668856767416,45.53946740236852,59.554379661263965,45.12395876758084,49.78894189677789,36.681477492033565,44.555766086121416,41.48229397695354,16.328651962457986,47.125297826523116,30.951996177181112,46.90765562429568,30.266434122495028,25.730991393825107,33.282657405861414
34060,충남,논산시,충남 논산시,2017,20.31,33.0,5834.0,532.0,11.94,32.0,122240.0,1.1,13.48,28.64651773981604,50.69783895091565,64.94332442186757,49.02057418240213,47.02471796071269,57.43907365019523,44.23131829625978,44.596363630572945,11.984916425769542,51.716493449003224,28.352409663819028,52.63159451337195,29.91505881112908,22.858184402598216,32.96258061671908
37030,경북,김천시,경북 김천시,2017,21.67,29.0,6449.0,528.0,14.23,38.0,142908.0,1.0,14.19,25.361366622864658,52.875326329817426,60.702928619310995,48.8212925573514,52.3317814209131,53.45585925227773,35.406338412022734,48.65486221527889,16.328651962457986,53.17470755335458,26.757855394498932,49.96811560919711,32.924346039538314,24.032607790040508,32.828149360799735
35060,전북,김제시,전북 김제시,2017,16.13,36.0,3637.0,449.0,9.83,40.0,86926.0,1.1,8.78,28.64651773981604,40.43164803671398,67.8080399028547,44.542517546225945,53.92053919475735,83.80683093218437,71.35515352869417,35.738957298821866,7.982609883231284,44.49911918857449,26.725444591018125,63.817715138516746,24.618412628228754,19.849397648874323,32.65371355333412
21150,부산,사상구,부산 사상구,2017,22.28,21.0,8431.0,627.0,20.81,31.0,229219.0,0.8,23.99,18.7910643889619,58.698000980985874,50.195205458307214,53.35960974361621,46.047147459222906,0.0,31.448075375710545,60.92995410039573,28.80977852639246,57.667027812273105,24.28456516877888,36.57563072159104,41.74399204660311,28.48730387561727,32.291637055241175
31580,경기,양평군,경기 양평군,2017,21.45,22.0,5118.0,416.0,22.36,27.0,115105.0,0.7,12.25,15.505913272010513,47.853034361603285,51.701184478751514,42.5277060132192,41.80505079923305,64.33957183250303,36.83390868741403,43.033871729319394,31.74986153157459,47.17691559534776,21.1772176199044,47.477617122923476,38.658229921959745,27.49979483429727,32.25620742890654
38550,경남,남해군,경남 남해군,2017,16.05,13.0,1422.0,180.0,7.49,10.0,44642.0,1.9,10.48,54.92772667542708,20.034288823900145,34.88242426486616,20.449057403343385,12.123415512025995,74.26955702167766,71.8742699924728,18.426334327114134,3.5440329592789026,22.521529563057545,43.730828832852154,43.13602693344308,12.208268467937161,24.937066222364265,32.18489065159699
34560,충남,홍성군,충남 홍성군,2017,21.08,22.0,5521.0,447.0,14.09,27.0,101570.0,1.2,18.76,31.931668856767416,49.499766158014516,51.701184478751514,44.424679887573255,41.80505079923305,27.81742291638615,39.23482233239029,39.78383738131281,16.063096078118953,47.025271189151404,31.308192670094854,41.127613537283864,29.8723501296404,25.757032481835118,32.177206331939395
25010,대전,동구,대전 동구,2017,22.9,23.0,11794.0,900.0,12.23,38.0,230516.0,1.0,21.59,25.361366622864658,65.9915422416492,53.1430595074587,62.90876458304741,52.3317814209131,11.940666935954397,27.42492278142602,61.07654544922417,12.534996471900396,61.947346657083585,27.50042866209847,42.07868820386664,34.56834427600455,23.32271473761506,31.94529963494225
11090,서울,강북구,서울 강북구,2017,24.84,14.0,10878.0,729.0,18.78,23.0,324479.0,0.7,13.76,15.505913272010513,64.23484765416202,37.21983027557254,57.341129137617706,36.907909601364004,55.86822853552354,14.836348534793785,69.95924293074495,24.959218203476507,60.549162761419005,21.796802449945563,41.456350193787,40.79040900991349,25.75268894767658,31.702136947602018
32550,강원,정선군,강원 정선군,2017,14.48,16.0,1516.0,208.0,25.55,15.0,38173.0,0.8,7.28,18.7910643889619,21.42430891160695,41.46022607812912,24.254200686838338,24.0268773059501,92.22207261792559,82.0619305941288,14.359280212202782,37.800742039013954,23.311983735090134,21.905840488734214,52.81642762563881,31.375184543422396,28.889457639535348,31.673751831876498
32050,강원,태백시,강원 태백시,2017,19.01,12.0,2323.0,220.0,21.6,13.0,45888.0,1.1,12.21,28.64651773981604,30.693411374988706,32.37172401685387,25.7311149988083,19.784780645960243,64.56397827745613,52.6669608326628,19.14152200240276,30.30827244516271,27.563507091585954,29.100470309135307,39.32102847199067,28.916632821883034,29.495625433657057,31.158704695097597
37080,경북,상주시,경북 상주시,2017,18.91,28.0,4033.0,434.0,8.86,35.0,100947.0,1.1,9.71,28.64651773981604,42.67690073175246,59.554379661263965,43.64566858716033,49.78894189677789,78.58938108702482,53.31585641238612,39.623991918819264,6.1426869703108515,45.136523873774806,26.673981423583907,56.67168186344175,23.812894733970747,19.058865361496363,30.882950811996782
37070,경북,영천시,경북 영천시,2017,19.89,18.0,3573.0,337.0,15.57,23.0,100615.0,1.0,11.32,25.361366622864658,40.04596711445203,45.228433755938866,36.97119196866474,36.907909601364004,69.55702167766259,46.95667973109767,39.53840602741131,18.87040114113157,40.93019211663719,25.85618184976343,47.12741146531061,28.841518330218353,23.858959073810517,30.712761925498913
34570,충남,예산군,충남 예산군,2017,17.5,24.0,3040.0,355.0,12.91,27.0,80338.0,1.0,9.29,25.361366622864658,36.53657121757598,54.526065799329196,38.34377989729836,41.80505079923305,80.94564875903237,62.46528408648481,33.691346967691835,13.824839338689976,39.28090285896138,24.748407989709584,55.444102323178825,25.41728450488138,21.02549043912849,30.597627811967467
38540,경남,고성군,경남 고성군,2017,16.41,19.0,2222.0,283.0,10.04,18.0,54060.0,1.3,8.51,35.2168199737188,29.727893404792326,46.9661966874769,32.36621146023918,29.486308130407025,85.32157443561779,69.5382459054689,23.399395697403293,8.38094370973983,31.277004749112532,30.64254587722931,52.87970249033357,18.761626744673556,21.06884724872463,30.467452685009555
22030,대구,서구,대구 서구,2017,22.58,17.0,6161.0,523.0,13.72,24.0,191992.0,0.9,11.51,22.07621550591327,51.882721162750556,43.396693095554326,48.57006074870803,38.204764544646416,68.49109106413536,29.50138863654061,56.325612230058574,15.361269812365801,51.51838286950371,24.04962421756488,46.15106442812003,31.613753773415517,22.1433196091228,30.406078243117822
21010,부산,중구,부산 중구,2017,22.74,4.0,1396.0,98.0,22.81,4.0,44218.0,1.5,11.93,41.78712220762156,19.633579870438794,0.0,4.487009353204394,0.0,66.13482339212783,28.463155708983322,18.178403951127112,32.60343401695005,15.27031112055753,38.19421474530255,20.04134815852333,24.585365276079354,34.196114069995694,30.17668862373392
31570,경기,가평군,경기 가평군,2017,19.46,13.0,2651.0,249.0,18.82,16.0,62973.0,1.0,10.94,25.361366622864658,33.56231631977855,34.88242426486616,28.992908973345717,25.952832698655392,71.68888290471702,49.7469307239079,27.36424375072637,25.035091313287655,31.966916138080418,26.132520296119495,42.40479972683296,28.074642475359497,26.03973847901435,29.94217975611469
32070,강원,삼척시,강원 삼척시,2017,17.15,19.0,2783.0,286.0,15.33,18.0,68514.0,1.1,18.0,28.64651773981604,34.61785065511709,46.9661966874769,32.644194865281484,29.486308130407025,32.08114537049504,64.7364186155164,29.555194783416816,18.415162482264662,35.56872310007897,27.70894774271344,41.3407470705791,26.181808382529194,24.22705199752873,29.554656748571794
37090,경북,문경시,경북 문경시,2017,19.53,17.0,2918.0,276.0,13.13,26.0,73294.0,1.1,11.52,28.64651773981604,35.64682379065417,43.396693095554326,31.705993329029024,40.64970403891899,68.43498945289709,49.29270381810159,31.3073084121722,14.242141442651313,35.89494303808961,27.185891900325146,46.24883121140571,23.998308122970318,22.17744167353608,29.453259684789536
36640,전남,영광군,전남 영광군,2017,18.07,13.0,2305.0,231.0,12.81,16.0,54774.0,1.2,9.51,31.931668856767416,30.52445047951166,34.88242426486616,27.01613412644131,25.952832698655392,79.71141331179032,58.76657928206193,23.740281206913092,13.635156564162095,29.36079445480299,29.046470175151043,45.31904180815233,20.653510813715066,22.393566507089517,29.061885711100047
31550,경기,연천군,경기 연천군,2017,17.71,13.0,1802.0,196.0,20.12,13.0,45431.0,0.9,9.44,22.07621550591327,25.17747863229067,34.88242426486616,22.689931631772584,19.784780645960243,80.10412459045824,61.10260336906585,18.881490576707407,27.500967382150094,25.22967134213079,23.200054599986537,43.85803044971523,26.481493799633412,25.197589953690812,28.5246070930978
34580,충남,태안군,충남 태안군,2017,17.03,19.0,2489.0,282.0,15.58,23.0,63932.0,0.8,9.33,18.7910643889619,32.19263606401604,46.9661966874769,32.272897393022625,36.907909601364004,80.72124231407926,65.51509331118436,27.756904929854663,18.889369418584362,33.8166288484598,20.145967310910684,52.24491725100836,25.687835801250497,20.537438322147445,28.198011952729676
34070,충남,계룡시,충남 계룡시,2017,25.39,5.0,3258.0,200.0,18.07,8.0,43967.0,1.3,14.76,35.2168199737188,38.04103547062418,6.176862819981793,23.221698493731303,5.7484015902322945,50.258067411696075,11.267422846315569,18.03051116329027,23.61247050432856,25.66504364829553,33.7585891030008,20.208155477566358,23.917328827997267,28.731258552214985,27.659436898692373
38590,경남,거창군,경남 거창군,2017,19.99,17.0,2916.0,280.0,7.72,16.0,62763.0,1.3,13.82,35.2168199737188,35.63192993193314,43.396693095554326,32.08527596384224,25.952832698655392,55.531618868093894,46.30778415137438,27.277461717596417,3.9803033406930246,34.67854210035636,30.572853474586367,40.96146311876339,17.746841390962686,19.341559115180143,27.562569714344846
36610,전남,영암군,전남 영암군,2017,18.23,16.0,2562.0,268.0,14.78,18.0,55616.0,1.0,16.03,25.361366622864658,32.82054444414896,41.46022607812912,30.930714091845786,29.486308130407025,43.13316278443515,57.72834635450464,24.136613611488574,17.371907222361322,31.94330152114688,24.908865494917585,40.619971785936286,23.885172510664717,22.117376151884965,27.411807803885075
31080,경기,동두천시,경기 동두천시,2017,24.1,11.0,5231.0,340.0,13.48,19.0,97071.0,1.0,15.05,25.361366622864658,48.32750122725267,29.65996116372025,37.20495941580964,31.11582092529826,48.63112068578609,19.63817582474627,38.60679073777805,14.906031153498889,41.6777800677038,26.08967976289859,33.55446452759767,26.620832106913657,22.255075601210955,27.291333334174638
37620,경북,울진군,경북 울진군,2017,17.54,13.0,2094.0,217.0,11.39,16.0,50974.0,1.1,9.14,28.64651773981604,28.43920746680294,34.88242426486616,25.369544304819097,25.952832698655392,81.78717292760648,62.205725854595485,21.87232400610696,10.941661165866206,27.757785788206792,25.970058226422257,46.010375590416714,18.47484616198966,19.58583744556275,27.027960033387632
35580,전북,부안군,전북 부안군,2017,14.98,22.0,2000.0,296.0,6.95,25.0,56086.0,1.0,7.39,25.361366622864658,27.441652888134133,51.701184478751514,33.55025981838794,39.450749125499215,91.60495489430457,78.81745269551223,24.35524291233484,2.5197459768283528,31.36763621351782,22.143152152486156,58.729895737135536,15.697595749607796,14.308126530574171,26.604383925462265
33590,충북,증평군,충북 증평군,2017,22.06,4.0,2084.0,145.0,15.14,5.0,37783.0,1.4,12.21,38.501971090670175,28.33523531139838,0.0,14.76423678013085,0.0,64.56397827745613,32.875645651101834,14.092488967961106,18.05476521066169,18.395364346087522,34.418216630741725,23.178983980744306,17.711041273337774,26.184932330103116,26.393165892707355
32540,강원,평창군,강원 평창군,2017,15.07,19.0,1708.0,232.0,11.84,17.0,43092.0,0.9,7.77,22.07621550591327,24.013970062385344,46.9661966874769,27.129917143254996,27.768671743505084,89.47309366725013,78.23344667376125,17.50826447409271,11.795233651241663,26.652703710915866,20.727843683359737,53.88232745303718,18.61303186052158,17.284208398692687,26.304671079847193
34540,충남,서천군,충남 서천군,2017,16.19,18.0,1895.0,253.0,9.05,19.0,55175.0,1.0,7.9,25.361366622864658,26.270384231752974,45.228433755938866,29.41283065728198,31.11582092529826,88.74377272115255,70.96581618086017,23.929787564682115,6.503084241913824,29.359815136468896,22.62352602661086,53.008185334705544,16.943084689699404,16.129305201430178,26.236939895631775
38530,경남,창녕군,경남 창녕군,2017,17.21,17.0,2215.0,250.0,11.12,22.0,64101.0,0.9,9.21,22.07621550591327,29.659359456043212,43.396693095554326,29.09851594244267,35.55585302030147,81.39446164893855,64.3470812676824,27.825490842373334,10.42951767464093,31.85666559984447,21.087525226235417,50.43565414109094,20.18159954817259,17.221333731467922,26.199861727747304
34530,충남,부여군,충남 부여군,2017,15.92,25.0,2481.0,335.0,8.82,28.0,69086.0,0.8,8.93,18.7910643889619,32.122707961760824,55.85482236059233,36.8141914447892,42.91985060503308,82.96530676361026,72.71783424611311,29.77119314367622,6.066813860499701,36.16367639610175,18.215591166972462,57.94911812601541,19.812450423237664,14.203047998146776,26.095466758029588
32560,강원,철원군,강원 철원군,2017,18.05,16.0,2326.0,247.0,8.83,13.0,47185.0,1.1,9.91,28.64651773981604,30.72144423936661,41.46022607812912,28.780421801825057,19.784780645960243,77.46734886225933,58.89635839800659,19.865643956583252,6.085782137952489,29.612460522284103,25.469900049491564,45.72760921502931,16.617338225047593,17.357574506786293,25.966987969760563
32520,강원,횡성군,강원 횡성군,2017,14.65,16.0,1694.0,216.0,11.02,13.0,46281.0,1.0,11.09,25.361366622864658,23.835225255294976,41.46022607812912,25.247914156642803,19.784780645960243,70.8473587361429,80.95880810859916,19.363074960553195,10.239834900113049,26.018580331439274,22.940522727694944,47.93297422062897,17.449438098017065,17.6716192935896,25.68858218178568
21020,부산,서구,부산 서구,2017,23.61,11.0,3694.0,285.0,11.41,10.0,110039.0,1.0,12.08,25.361366622864658,40.769475084667,29.65996116372025,32.55185791071091,12.123415512025995,65.2932992235537,22.817764165390514,41.86450447128996,10.979597720771782,38.87608111646454,24.744912133730956,33.51068171501452,23.4383455504234,19.73106710169911,25.50448600201866
35570,전북,고창군,전북 고창군,2017,16.71,21.0,2108.0,301.0,8.14,22.0,60472.0,0.9,8.39,22.07621550591327,28.583937757449153,50.195205458307214,33.99191466098672,35.55585302030147,85.99479377047709,67.59155916629895,26.311387083091414,4.77697099371012,32.22442609531345,20.132101054236387,54.587668297308554,17.31035020632483,14.33454290586546,25.46530068320666
23510,인천,강화군,인천 강화군,2017,17.03,22.0,2513.0,282.0,11.61,21.0,68754.0,0.7,9.13,15.505913272010513,32.401080242877974,51.701184478751514,32.272897393022625,34.143685665298804,81.84327453884475,65.51509331118436,29.646042229051822,11.35896326982754,35.43458968590483,16.573387468769813,53.00168766380661,22.344670629213667,15.614031473206595,25.379993294031536
21030,부산,동구,부산 동구,2017,22.03,8.0,2456.0,200.0,15.28,10.0,88868.0,0.9,11.6,22.07621550591327,31.90272087316709,19.913594751815886,23.221698493731303,12.123415512025995,67.98617656299089,33.07031432501881,36.312987277281565,18.320321095000722,30.827975570131194,22.495481881001773,31.817954078201844,23.89502834365764,21.244107575299786,24.61112068258604
38600,경남,합천군,경남 합천군,2017,12.4,19.0,1256.0,234.0,7.47,17.0,47000.0,0.9,6.24,22.07621550591327,17.3388956457099,46.9661966874769,27.356025448154803,27.768671743505084,98.05664018670616,95.55895865237366,19.763583385784184,3.506096404373326,23.991762176085587,18.816965654661946,59.12066622887582,13.057289328162627,12.594209968086032,24.405667440628232
32530,강원,영월군,강원 영월군,2017,13.86,13.0,1387.0,202.0,15.49,15.0,40067.0,0.7,8.81,15.505913272010513,19.493133240627643,34.88242426486616,23.48362648125906,24.0268773059501,83.63852609846954,86.08508318841332,15.617340784978786,18.71865492150927,21.40825370878069,16.386546516297038,50.39614492655709,20.02473039918906,17.748512040555124,24.39386879768446
38560,경남,하동군,경남 하동군,2017,13.98,17.0,1645.0,232.0,7.74,15.0,48831.0,0.9,7.02,22.07621550591327,23.197779480807213,43.396693095554326,27.129917143254996,24.0268773059501,93.68071451012074,85.30640849274535,20.75647715378578,4.018239895598601,26.505171505650207,19.479675561855466,54.86327410139035,14.302728721363973,13.291631052591839,24.27471468809937
36600,전남,해남군,전남 해남군,2017,17.45,21.0,2899.0,333.0,6.48,24.0,73604.0,0.8,9.33,18.7910643889619,35.50491827125015,50.195205458307214,36.656253598801634,38.204764544646416,80.72124231407926,62.789731876346465,31.416960577671205,1.628236936547319,37.21658840058788,17.888025659328537,53.63601401114396,17.728578601832456,12.1731825477307,24.26568147465083
22040,대구,남구,대구 남구,2017,23.83,11.0,4758.0,385.0,9.39,16.0,152845.0,0.9,17.86,22.07621550591327,46.26843904364868,29.65996116372025,40.484125428250515,25.952832698655392,32.866567927830886,21.39019388999924,50.40134120773919,7.148005675308615,44.18661411689015,22.256206385096114,30.797300858171013,23.711288227682378,17.186598413058427,23.758325551077426
38580,경남,함양군,경남 함양군,2017,16.52,13.0,1591.0,189.0,6.62,12.0,40175.0,1.1,8.75,28.64651773981604,22.472926911091033,34.88242426486616,21.732816522373028,17.430478972226407,83.9751357658992,68.82446076777325,15.68727474463199,1.89379282088635,22.919130731908346,24.016249919104087,45.58418013613495,11.377505071887114,14.377578207645334,23.487566762630298
32610,강원,양양군,강원 양양군,2017,12.84,14.0,962.0,155.0,12.8,15.0,27207.0,0.8,7.03,18.7910643889619,11.54933912147059,37.21983027557254,16.516831853942275,24.0268773059501,93.62461289888246,92.7038181015911,5.561166779595245,13.616188286709308,14.886985649728377,17.290660446874877,52.4428918145873,14.35492942648078,15.564235537757813,23.2426358547658
36550,전남,고흥군,전남 고흥군,2017,15.4,17.0,2060.0,256.0,6.18,21.0,66736.0,0.8,7.56,18.7910643889619,28.08365346771756,43.396693095554326,29.72345470307737,34.143685665298804,90.65122750325389,76.09209126067434,28.8720861878942,1.0591886129636792,31.382791209337906,17.060541930437733,54.580418897460675,14.8697666684131,11.13145198001812,23.173286513357752
34510,충남,금산군,충남 금산군,2017,17.5,16.0,2313.0,253.0,14.35,16.0,53894.0,0.7,20.23,15.505913272010513,30.59970644745002,41.46022607812912,29.41283065728198,25.952832698655392,19.570486064359756,62.46528408648481,23.319497254467255,16.55627129189144,30.587747615691015,17.172846292536605,35.945331814913544,22.8698376960133,17.8115937528323,22.644261411779926
21040,부산,영도구,부산 영도구,2017,21.37,14.0,4086.0,336.0,9.86,14.0,123521.0,0.7,15.95,15.505913272010513,42.96053913092987,37.21983027557254,36.89280817612926,21.976583067439357,43.581975674341365,37.35302515119267,44.8672038975568,8.039514715589648,42.384396789846484,17.13141607443932,36.150655724369535,23.465904531951054,14.899423867468695,22.478488646731293
32590,강원,인제군,강원 인제군,2017,14.67,14.0,1590.0,209.0,9.06,16.0,32582.0,0.8,7.83,18.7910643889619,22.459273037551455,37.21983027557254,24.380475440324677,25.952832698655392,89.13648399982047,80.8290289926545,10.244912809956737,6.522052519366612,21.747076416877256,17.317533473381562,51.425112418488986,13.337703442212693,12.942140634801,22.450934053328332
36590,전남,강진군,전남 강진군,2017,15.05,14.0,1359.0,192.0,7.01,14.0,36868.0,0.9,7.08,22.07621550591327,19.050291209874015,37.21983027557254,22.14725597426672,21.976583067439357,93.34410484269108,78.36322578970592,13.455587502324965,2.63355564154508,21.005787910749007,18.857224096654118,50.6187336352765,10.998834997730595,12.000181772527426,22.081083133006803
36660,전남,완도군,전남 완도군,2017,15.51,21.0,2101.0,275.0,7.5,24.0,52109.0,0.6,7.74,12.220762155059132,28.511693106168295,50.195205458307214,31.61031687527749,38.204764544646416,89.64139850096495,75.3783061229787,22.444453855863696,3.56300123673169,31.0282238015047,12.55119111242093,56.6762759169665,16.048177925646364,9.929872677913512,22.038212199415824
36560,전남,보성군,전남 보성군,2017,14.45,17.0,1396.0,216.0,6.57,19.0,43755.0,0.8,7.22,18.7910643889619,19.633579870438794,43.396693095554326,25.247914156642803,31.11582092529826,92.55868228535523,82.25659926804579,17.904938544823363,1.7989514336224106,23.86761011777727,16.326498993808666,54.621746607746516,11.941549353859022,10.584114901751029,21.98214639918493
36650,전남,장성군,전남 장성군,2017,18.06,13.0,1928.0,219.0,8.75,16.0,46111.0,0.8,9.1,18.7910643889619,26.645344953517974,34.88242426486616,25.611139688291786,25.952832698655392,82.01157937255958,58.831468840034276,19.267469584898077,5.934035918330185,26.07939820520164,17.64793817482275,45.44080432236326,14.971151610006526,13.146554400327918,21.876151288778914
33530,충북,옥천군,충북 옥천군,2017,17.97,12.0,2200.0,235.0,10.41,17.0,51766.0,0.7,12.41,15.505913272010513,29.51176908321802,32.37172401685387,27.468358995402188,27.768671743505084,63.44194605269063,59.41547486178525,22.27287926575883,9.082769975492987,27.912093124707432,15.943027358653634,42.07821949664226,17.47598159471396,13.771880409956456,21.347118125353944
37580,경북,성주군,경북 성주군,2017,14.73,12.0,1225.0,177.0,10.42,15.0,45138.0,0.7,7.57,15.505913272010513,16.796270342941973,32.37172401685387,20.00691044331456,24.0268773059501,90.59512589201562,80.43969164482051,18.713394861737346,9.101738252945774,20.486498433362964,14.674322726243949,49.28706751745916,14.40939173865456,12.684178512451178,21.250697557566703
36580,전남,장흥군,전남 장흥군,2017,15.36,15.0,1500.0,207.0,7.93,16.0,40136.0,0.7,7.89,15.505913272010513,21.193901037674014,39.40632757562461,24.127320296726325,25.952832698655392,88.79987433239083,76.35164949256367,15.662042524635888,4.378637167201572,23.176828791352694,14.405620632855522,50.836325259095716,12.936969785753512,10.675878792811337,20.791101786949863
37570,경북,고령군,경북 고령군,2017,15.86,9.0,1233.0,144.0,13.12,10.0,33768.0,0.7,8.05,15.505913272010513,16.937605078731877,23.48309834373846,14.582418121976781,12.123415512025995,87.90224855257843,73.1071715939471,11.173779949034339,14.22317316519852,16.517556192823932,15.45667143666085,42.362620555350894,15.23464308333456,14.99164278865009,20.71809265080484
33540,충북,영동군,충북 영동군,2017,16.1,15.0,1745.0,230.0,7.53,16.0,50240.0,0.8,14.89,18.7910643889619,24.479409067992943,39.40632757562461,26.90185960478999,25.952832698655392,49.52874646559848,71.54982220261115,21.49550641141843,3.6199060690900544,26.569621972546923,17.084225108884226,42.71536905476266,14.051788870873345,11.916848009254634,20.679645175652542
38570,경남,산청군,경남 산청군,2017,13.3,13.0,1125.0,182.0,8.78,13.0,36340.0,0.7,6.26,15.505913272010513,14.94735477568428,34.88242426486616,20.739769236842967,19.784780645960243,97.94443696422961,89.71889843486386,13.080832260712526,5.990940750688548,18.37441191902913,14.022811544179595,52.6618113388967,11.734855633609053,10.868463379872146,20.678693685987678
33520,충북,보은군,충북 보은군,2017,13.87,15.0,1158.0,199.0,7.82,16.0,34053.0,0.7,7.23,15.505913272010513,15.575052324245519,39.40632757562461,23.089755523826447,25.952832698655392,92.50258067411696,86.020193630441,11.39212687926872,4.1699861152209055,19.086429741028297,13.812438103715571,53.251184161791436,11.05795461767337,10.024407384836108,20.41430515862621
23020,인천,동구,인천 동구,2017,22.82,8.0,4015.0,274.0,13.38,13.0,69487.0,0.6,19.63,12.220762155059132,42.57972230832383,19.913594751815886,31.514293137811055,19.784780645960243,22.936582738656256,27.944039245204664,29.921554892326828,14.716348378971011,34.24904657222314,15.630996103972382,25.00513372848216,23.089528779129434,16.42964930149546,19.795102012817356
37550,경북,영덕군,경북 영덕군,2017,15.77,9.0,1205.0,149.0,8.42,11.0,38529.0,0.8,7.84,18.7910643889619,16.438858683311047,23.48309834373846,15.4792670810424,14.887639448091198,89.0803823885822,73.69117761569808,14.600443821064143,5.308082762388182,17.29618215672246,16.533396574410755,43.35389435707803,10.745593663509178,11.736366303567618,19.62835589217162
32570,강원,화천군,강원 화천군,2017,13.87,13.0,1117.0,168.0,8.22,14.0,26022.0,0.7,7.44,15.505913272010513,14.792415516611513,34.88242426486616,18.634322514680942,21.976583067439357,91.32444683811319,86.020193630441,4.404249913402477,4.928717213332424,15.693967585299733,13.847984087668898,50.40048103547021,9.818157484152124,10.121766691123616,19.528443442619604
38510,경남,의령군,경남 의령군,2017,11.71,14.0,802.0,160.0,7.79,10.0,27849.0,0.7,6.11,15.505913272010513,7.6010011568099545,37.21983027557254,17.351428218895517,12.123415512025995,98.78596113280373,100.0,6.1670807290164165,4.113081282862541,13.09459085222441,13.00649726211826,53.35752766320304,8.429440073846106,9.207243091137935,19.254773192305603
36670,전남,진도군,전남 진도군,2017,14.45,10.0,1187.0,159.0,6.48,13.0,31765.0,0.8,7.63,18.7910643889619,16.112083517564418,26.712107114568756,17.186602074307178,19.784780645960243,90.25851622458597,82.25659926804579,9.585161498879724,1.628236936547319,16.274011631359876,15.948742183959965,47.10981213691093,8.226931954902744,9.778293813006954,19.187813601275664
35550,전북,임실군,전북 임실군,2017,11.73,15.0,1025.0,192.0,7.06,14.0,30162.0,0.6,6.63,12.220762155059132,12.92636964207787,39.40632757562461,22.14725597426672,21.976583067439357,95.86867734841344,99.90655903651984,8.239880070605034,2.7283970288090194,16.816414357345366,10.86746813482349,55.86961424579416,9.262507062413752,7.778049086856964,18.9977747928923
35560,전북,순창군,전북 순창군,2017,13.38,15.0,1159.0,196.0,7.21,15.0,29698.0,0.6,6.78,12.220762155059132,15.593793281873985,39.40632757562461,22.689931631772584,24.0268773059501,95.02715317983933,89.19978197108522,7.837114697546663,3.012921190600839,18.029296565325915,11.176889123071874,54.00316704914549,9.89206527339972,8.126776769256189,18.97700779680377
37600,경북,예천군,경북 예천군,2017,16.09,11.0,1377.0,160.0,7.99,13.0,49253.0,0.7,10.47,15.505913272010513,19.33600935270735,29.65996116372025,17.351428218895517,19.784780645960243,74.32565863291593,71.61471176058349,20.980032354006894,4.4924468319183,21.894006615299794,14.236902914066365,42.42564046306185,12.451048597569596,10.558465137840026,18.886096128584718
37560,경북,청도군,경북 청도군,2017,17.49,11.0,1153.0,148.0,8.57,15.0,43346.0,0.7,9.07,15.505913272010513,15.481104322208573,29.65996116372025,15.30231317292535,24.0268773059501,82.17988420627441,62.53017364445714,17.660949651684334,5.592606924180002,18.970829289353638,14.016436424855742,42.30361369201421,11.787293236865391,10.73372462142068,18.60240650228326
32580,강원,양구군,강원 양구군,2017,15.85,10.0,1104.0,153.0,7.52,9.0,23835.0,0.8,7.93,18.7910643889619,14.538258946535452,26.712107114568756,16.175478593590263,9.095550772025467,88.57546788743772,73.17206115191944,2.1235893502156578,3.600937791637265,13.248627701246175,16.08726485512056,43.100129494986575,7.8779166886968115,10.485648157937844,18.43601869128167
33580,충북,단양군,충북 단양군,2017,14.11,11.0,1103.0,170.0,10.54,14.0,30215.0,0.5,7.35,8.935611038107753,14.51858475866068,29.65996116372025,18.945555641269454,21.976583067439357,91.82936133925767,84.46284423910505,8.285490770378798,9.329357582379227,15.67693184318803,9.552970391803768,49.22330971884986,12.243683353969555,9.878312852830046,18.294446012414955
37520,경북,의성군,경북 의성군,2017,13.62,16.0,1250.0,202.0,6.95,15.0,53474.0,0.4,6.18,5.650459921156373,17.23492349030534,41.46022607812912,23.48362648125906,24.0268773059501,98.39324985413582,87.64243257974927,23.116240389571363,2.5197459768283528,23.844379077649904,6.339299186422068,54.97411991861013,12.44630365156528,5.91850623283575,17.73133011111666
34550,충남,청양군,충남 청양군,2017,14.19,12.0,992.0,145.0,9.46,13.0,32837.0,0.6,11.26,12.220762155059132,12.215960077651413,32.37172401685387,14.76423678013085,19.784780645960243,69.89363134509223,83.9437277753264,10.447448643538031,7.280783617478131,15.716559435257889,11.47928516668121,43.900592919381246,11.251912703359347,9.975703754961852,17.690230137635965
36530,전남,구례군,전남 구례군,2017,14.83,10.0,1042.0,135.0,7.05,12.0,27525.0,0.7,8.1,15.505913272010513,13.283470344745604,26.712107114568756,12.887243326869907,17.430478972226407,87.62174049638706,79.7907960650972,5.863058699209089,2.7094287513562314,13.74307420504928,13.36419630118588,44.661311412762046,7.697549398533287,8.785030623347614,17.418816479944915
36630,전남,함평군,전남 함평군,2017,15.74,11.0,1000.0,145.0,6.88,12.0,34328.0,0.6,7.54,12.220762155059132,12.390325218008439,29.65996116372025,14.76423678013085,17.430478972226407,90.76343072573044,73.88584628961507,11.601087069789545,2.3869680346588367,15.607480962685134,10.762649343294019,45.16747867667983,8.497056639504507,7.491321979703278,16.564619676295088
36510,전남,담양군,전남 담양군,2017,17.87,14.0,1455.0,186.0,11.47,15.0,47285.0,0.3,11.72,2.365308804204992,20.532465965485823,37.21983027557254,21.31178094085449,24.0268773059501,67.31295722813158,60.064370441508544,19.920645353880094,11.09340738548851,23.686392644021446,5.491239307525603,41.85140842014867,16.917947085755113,9.166004301547046,16.489466461815866
32600,강원,고성군,강원 고성군,2017,12.15,14.0,959.0,169.0,9.14,11.0,30029.0,0.5,14.78,8.935611038107753,11.48153832068365,37.21983027557254,18.790396776389176,14.887639448091198,50.14586418921952,97.18119760168193,8.125069195043052,6.673798738988916,15.62225597396925,8.850931921497518,43.84012352460577,10.907640377394348,8.39744157600403,16.359795609479235
35530,전북,무주군,전북 무주군,2017,15.11,10.0,1076.0,126.0,7.65,9.0,24809.0,0.6,7.42,12.220762155059132,13.980534571807073,26.712107114568756,11.075961203298181,9.095550772025467,91.43665006058974,77.97388844187194,3.1641000157723793,3.8475253985235103,13.281918713549002,11.140753883253584,43.35785204003445,8.058071597372079,8.125721570715832,16.32431971948098
36520,전남,곡성군,전남 곡성군,2017,17.11,8.0,982.0,122.0,7.7,8.0,30131.0,0.9,17.51,22.07621550591327,11.996017521617414,19.913594751815886,10.229344613695861,5.7484015902322945,34.83012432117049,64.99597684740573,8.213164952236825,3.9423667857874496,12.444677196842932,18.348118399464813,27.36753557603723,7.7908394545236925,11.722513492936567,16.28555646094856
36680,전남,신안군,전남 신안군,2017,9.74,19.0,937.0,211.0,5.78,22.0,42070.0,0.1,4.56,0.0,10.97776121820868,46.9661966874769,24.631230972997837,35.55585302030147,100.0,100.0,16.884684207362632,0.3004575148521618,19.94752520880851,1.1428447490486924,60.88442503379006,9.59012617666251,2.115101431221979,15.590164047779018
37610,경북,봉화군,경북 봉화군,2017,13.51,14.0,994.0,158.0,6.01,17.0,33259.0,0.4,6.91,5.650459921156373,12.259682706131048,37.21983027557254,17.020742530213788,27.768671743505084,94.29783223374176,88.3562177174449,10.77919541366593,0.736727896266284,16.807566032279812,5.574322395920328,52.39526243943105,8.19599922377981,4.274415845220335,15.503452145409371
33560,충북,괴산군,충북 괴산군,2017,12.92,14.0,1095.0,176.0,7.96,15.0,39054.0,0.4,15.02,5.650459921156373,14.360546687356871,37.21983027557254,19.857870552618113,24.0268773059501,48.799425519500915,92.18470163781245,14.952056751655288,4.435541999559936,19.109856424289532,6.339230909536958,44.209290720624224,11.276448977534887,6.41352250124469,15.31464433520405
35540,전북,장수군,전북 장수군,2017,14.17,8.0,985.0,122.0,6.08,8.0,23003.0,0.6,6.79,12.220762155059132,12.062234349971309,19.913594751815886,10.229344613695861,5.7484015902322945,94.97105156860106,84.07350689127105,1.2005317744084385,0.8695058384358002,10.373995657671363,10.50222092705685,43.211227034296414,5.062114322476806,6.314754655352476,14.965355012837168
35520,전북,진안군,전북 진안군,2017,11.96,13.0,908.0,156.0,5.5,12.0,26271.0,0.4,5.59,5.650459921156373,10.295329356773841,34.88242426486616,16.68587083564861,17.430478972226407,100.0,98.41409920315623,4.651660985948606,0.0,13.519647827144734,5.267377876544664,53.445344248350594,6.245057445733675,3.5704475551323833,14.953157487390524
37530,경북,청송군,경북 청송군,2017,13.94,8.0,657.0,98.0,5.98,8.0,26006.0,0.4,6.46,5.650459921156373,3.273448693988284,19.913594751815886,4.487009353204394,5.7484015902322945,96.82240473946412,85.56596672463468,4.388271161978912,0.6798230639079214,6.935924645950992,4.6671632698522965,42.444405820018886,3.678192573425439,3.1232485933077365,11.724529841263152
23520,인천,옹진군,인천 옹진군,2017,11.0,6.0,597.0,81.0,9.79,10.0,21573.0,0.2,5.98,0.0,1.1957393270389927,11.399325921127716,0.0,12.123415512025995,99.51528207890131,100.0,0.0,7.906736773420131,2.8777348477450397,1.3055844487169188,44.0014339268097,5.727785682901644,4.2793179474907515,11.47881209904674
37540,경북,영양군,경북 영양군,2017,13.28,6.0,553.0,84.0,4.22,8.0,17479.0,0.5,6.67,8.935611038107753,0.0,11.399325921127716,0.45352732240537946,5.7484015902322945,95.64427090346035,89.84867755080853,0.0,0.0,2.2798651842255433,6.701708278580815,40.35409694421551,1.1399325921127716,3.5218440281073233,11.422868228877737
37630,경북,울릉군,경북 울릉군,2017,12.04,4.0,284.0,40.0,10.64,6.0,9975.0,0.2,5.86,0.0,0.0,0.0,0.0,0.0,100.0,97.89498273937758,0.0,9.51904035690711,0.0,1.4278560535360665,39.57899654787552,5.235472196298911,4.830912981130359,10.578750849419869
37310,경북,(구)군위군,경북 (구)군위군,2017,13.43,7.0,506.0,82.0,5.56,8.0,24215.0,0.3,6.31,2.365308804204992,0.0,15.923229231886154,0.0,5.7484015902322945,97.66392890803824,88.87533418122356,2.534509891900866,0.0,3.9449988139474907,1.773981603153744,41.35475870276444,1.9724994069737454,1.1828657126229338,9.651130787029329
11230,서울,강남구,서울 강남구,2018,26.07,33.0,24858.0,1610.0,53.26,40.0,542364.0,4.2,13.58,100.0,81.7142505048348,64.92459330604143,78.05600061815265,54.360194041521716,55.3150571919106,0.049298009846083346,83.15898309932356,93.34571637601825,78.78973884342275,97.17328250688621,51.725818962326045,86.64930090327968,94.25503712054145,84.71054175835661
31020,경기,성남시,경기 성남시,2018,25.12,72.0,47386.0,2924.0,59.15,133.0,954347.0,2.0,16.58,58.728055647565455,95.54207164851918,90.80399557621,93.80675829209967,91.53778120748245,38.592276304934295,6.46479244187222,97.73937253438628,100.0,95.25364669981748,68.60024890052601,64.3545696187506,97.84971976748278,83.97758241538543,78.08440361863684
31190,경기,용인시,경기 용인시,2018,26.06,102.0,68419.0,3967.0,55.47,173.0,1035126.0,1.8,18.16,52.10334547863534,100.0,100.0,100.0,99.73809074926989,29.784945037793435,0.1168295301832103,99.83580534510335,97.68043511945977,99.950741603531,63.72957437689547,65.94106852598581,98.69961011746838,80.85788099787891,76.36692891542629
11220,서울,서초구,서울 서초구,2018,26.46,24.0,23182.0,1369.0,53.39,28.0,433951.0,2.6,11.73,78.60218615435582,80.2181284531737,54.51033925525214,73.77673667953437,43.48958209063662,65.62743873887932,0.0,77.40501732074662,93.60069983151482,74.23263727386127,81.01355743581146,48.995177082305375,84.5857971216051,85.95489322717668,76.28907204729134
31240,경기,화성시,경기 화성시,2018,25.17,89.0,58143.0,3358.0,60.15,165.0,758722.0,1.7,18.46,48.79099039417029,99.92697344314685,97.89451576820032,97.46027108963897,98.26050553903164,28.112666949095782,6.127134840186628,91.82062661501172,100.0,97.088577859717,61.5859401399424,65.53100711476104,98.54794025770117,80.57516110862638,75.39115172916387
35010,전북,전주시,전북 전주시,2018,25.08,72.0,38967.0,2448.0,29.19,124.0,651091.0,3.1,17.72,95.16396157668109,91.3493840609854,90.80399557621,89.1163132073984,89.35515714211284,32.237619567883286,6.734918523220713,87.87329815667837,46.134548885231965,90.19748059273822,87.42809192139414,61.63765860662933,65.90527298019742,69.74692901755787,73.875702979678
31010,경기,수원시,경기 수원시,2018,26.08,97.0,69067.0,3953.0,49.31,195.0,1201166.0,1.7,16.06,48.79099039417029,100.0,100.0,100.0,100.0,41.49089165867685,0.0,100.0,85.59814215131506,100.0,59.432964118324975,68.29817833173537,92.07897818322328,73.48767853960625,72.34767519120994
26020,울산,남구,울산 남구,2018,24.82,30.0,16401.0,1022.0,31.16,45.0,330732.0,3.3,14.31,100.0,72.80154372883003,61.79598487723892,66.06372558598356,57.97255290101264,51.24584717607969,8.490738051985744,70.39663288461718,49.99852894160292,69.87895870524795,89.77993371412344,49.518328352708664,58.79859308406408,71.20924094923235,70.51415496742048
31100,경기,고양시,경기 고양시,2018,25.23,83.0,54797.0,3160.0,42.1,175.0,1044189.0,1.9,14.74,55.4157005631004,98.65658837569939,95.55778391797324,95.85585765030751,100.0,48.848915248946426,5.721945718163937,100.0,71.45636742723657,98.43985097144434,62.14588937398072,68.9896933895936,83.58809815191732,68.62088800931076,70.48817916426599
29000,세종,세종시,세종 세종시,2018,20.72,47.0,24865.0,1793.0,57.09,59.0,314126.0,1.6,14.65,45.47863530970523,81.72028527954717,76.6040571433754,80.89730515498363,66.31374326447038,49.350598675555716,36.17866139020388,69.06747139612467,100.0,76.90119548728607,57.28100501023364,62.59805122024347,89.36458347966568,77.04519002706667,70.06721605155293
38110,경남,창원시,경남 창원시,2018,23.58,110.0,58415.0,3831.0,39.79,198.0,1053601.0,1.8,16.06,52.10334547863534,100.0,100.0,100.0,100.0,41.49089165867685,16.864646573788306,100.0,66.9255075641823,100.0,59.11633524360385,71.67110764649303,81.80902916030027,65.25344964331077,68.91651136941803
37050,경북,구미시,경북 구미시,2018,24.4,50.0,27681.0,1705.0,43.52,103.0,421494.0,2.0,16.45,58.728055647565455,84.01976997106837,78.65736325534417,79.56908120823034,83.58128763982272,39.31693014336993,11.327061906144692,76.6535100505467,74.24157132573747,80.73741065176702,63.58425443164155,58.289734509002756,77.00058105648571,69.32676433830174,67.11821022384474
34010,충남,천안시,충남 천안시,2018,25.46,75.0,40495.0,2554.0,40.08,114.0,646075.0,1.9,19.76,55.4157005631004,92.17379600963508,92.16803943784657,90.23528380249171,86.73756743047615,20.866128564739384,4.168720750410245,87.67375097647361,67.49431681105924,90.82263118532893,60.90330254494769,59.010033815793584,77.92450003826531,65.76333716208437,66.03180524027458
38070,경남,김해시,경남 김해시,2018,25.04,58.0,35453.0,2203.0,36.28,91.0,533672.0,2.1,15.66,62.040410732030516,89.32374859898702,83.59250253572957,86.33275691661949,79.73244637836135,43.72059577694035,7.0050446045691785,82.74212937647755,60.040954265775156,86.20301361958269,64.46882604878786,60.40668476935689,71.65784422601833,63.99742365131798,65.68003917878502
31210,경기,이천시,경기 이천시,2018,23.2,31.0,13080.0,864.0,51.39,53.0,214206.0,1.8,15.9,52.10334547863534,67.9522111128557,62.87128719407264,61.633384389394564,63.006172142878626,42.38277330598225,19.43084434659876,59.18908707464075,89.67787743926003,64.3070891176346,59.324411836151086,49.79625288811117,78.07876659476754,72.76127801103168,64.51212697687393
31040,경기,안양시,경기 안양시,2018,25.41,41.0,29276.0,1667.0,40.73,82.0,576831.0,1.9,18.86,55.4157005631004,85.2205119589208,72.08145862810831,78.97421127290586,76.50061206168294,25.882962830832284,4.5063783520958225,84.7486876890471,68.76923408854204,82.45115401179619,60.39921173149869,51.712804589686186,74.78763015665018,65.48698232023658,63.44912135754515
33040,충북,청주시,충북 청주시,2018,24.39,89.0,49823.0,3306.0,33.39,140.0,837749.0,1.7,17.17,48.79099039417029,96.61697380327323,97.89451576820032,97.04825708158937,93.13631002593482,35.30346273049561,11.39459342648179,94.37715811555721,54.372475908967,96.20053748994384,54.41081156230009,67.15102515932311,73.1742818047401,57.21191461999951,62.703192031762704
31070,경기,평택시,경기 평택시,2018,23.99,56.0,29706.0,1814.0,45.57,110.0,495642.0,1.4,16.12,38.85392514077511,85.53303334316354,82.42448409728435,81.20463338325642,85.62619861426239,41.156436040937315,14.0958542399665,80.83466049242224,78.26246427779861,83.5018116387653,49.433116831567474,60.6804430135911,80.51860950501373,64.1862123387653,62.47476936150837
31050,경기,부천시,경기 부천시,2018,24.24,64.0,41572.0,2503.0,37.1,126.0,843768.0,1.5,16.59,42.16628022524017,92.73639546198845,86.87272653861646,89.70282581362466,89.85346745261661,38.5365337019777,12.407566231538567,94.56187498024661,61.64931144659962,92.1113055327915,50.14574643211892,63.46709186572521,75.32595428892611,57.94902536570824,61.02630833247168
11240,서울,송파구,서울 송파구,2018,24.43,39.0,31368.0,2133.0,39.03,56.0,666635.0,1.6,13.59,45.47863530970523,86.69985767124898,70.42897586959488,85.48041994072497,64.70349849499195,55.25931458895401,11.124467345133326,88.48204859556432,65.43483505512549,83.98033858821277,52.59418750767265,58.43818132016648,73.64433569086295,60.24593637675969,60.78534071240308
31150,경기,시흥시,경기 시흥시,2018,25.17,44.0,27185.0,1653.0,43.74,72.0,448687.0,1.5,17.13,42.16628022524017,83.6322338501876,74.41819047833536,78.75162615868925,72.47035616638229,35.52643314232196,6.127134840186628,78.26664272007665,74.67308178888548,80.17974783678386,51.188895822281715,53.772811656798446,76.97845720976957,63.276795118716215,60.65002558696369
31090,경기,안산시,경기 안산시,2018,24.8,54.0,35622.0,2120.0,39.52,98.0,660343.0,1.5,16.97,42.16628022524017,89.42567724256911,81.21474199717325,85.3190545933463,82.03452699796493,36.418314789627374,8.625801092659984,88.23736225799885,66.39592654122791,87.42699569811886,50.52666687437122,58.88671427392343,75.75997358460633,59.865903764306324,60.63045986898484
31230,경기,김포시,경기 김포시,2018,24.64,42.0,28484.0,1614.0,40.37,93.0,423170.0,1.6,16.45,45.47863530970523,84.63268704537184,72.8784172350636,78.12148850680636,80.40758832199893,39.31693014336993,9.706305418053859,76.75590338836216,68.06312605793617,79.9187979862073,52.78171409550654,55.9718409342989,73.16248397269995,61.18732376393592,60.355392039907876
11150,서울,양천구,서울 양천구,2018,24.78,30.0,24481.0,1526.0,26.81,47.0,464185.0,2.3,14.12,68.66512090096063,81.3866989498813,61.79598487723892,76.64185136075803,59.30862221235559,52.304956632254864,8.76086413333421,79.14281332285545,41.46639023844877,76.79539044724507,65.85746910647592,52.62911730060844,57.134874907275304,56.01220237278632,59.49672566235391
38030,경남,진주시,경남 진주시,2018,23.26,44.0,20019.0,1368.0,23.29,51.0,345987.0,2.5,17.35,75.28983106989074,77.07399583859696,74.41819047833536,73.7574537450768,61.82139416247403,34.30009587727703,19.02565522457604,71.56011113215251,34.56222282808035,74.8886693546113,69.3591063104898,53.26136087667799,52.59985744082,54.66630976119603,59.49430908069491
39010,제주,제주시,제주 제주시,2018,26.02,68.0,30597.0,1960.0,34.52,75.0,485946.0,1.7,17.99,48.79099039417029,86.16645629787241,88.89536793316779,83.24779429894477,73.73467026840477,30.732569288055416,0.38695561153167546,80.32490872973437,56.588870560590955,84.95977435449008,53.6982190095036,55.87512768154789,69.29544317067644,57.0495306765601,59.04165563545465
22060,대구,수성구,대구 수성구,2018,25.45,34.0,23630.0,1553.0,25.78,54.0,432759.0,2.3,14.39,68.66512090096063,80.62838293307284,65.90637735432779,77.10470994407879,63.582204642208005,50.799906352426994,4.2362522707473715,77.33404584288446,39.446136706437564,76.69568069026732,65.47859947499339,53.002015377851336,56.01179638702068,54.94721704280294,58.96470152347564
24050,광주,광산구,광주 광산구,2018,24.44,45.0,31252.0,1982.0,19.63,90.0,404547.0,2.4,16.54,71.97747598542568,86.62044873782399,75.16259798386506,83.54240968042468,79.38935126486064,38.81524671676064,11.056935824796199,75.59466296355963,27.383457850254107,81.0211428547529,66.75267054038977,57.800961214919646,51.24045080812501,50.646613139002575,58.51710211075803
22010,대구,중구,대구 중구,2018,23.93,10.0,4306.0,312.0,25.76,12.0,79401.0,3.9,12.54,100.0,44.14051761145386,26.704402741921108,34.78898023062283,18.30160720777663,61.112287899395724,14.50104336198919,33.58275776130159,39.406908482515014,37.485966682501626,85.32508803352263,31.90603293948341,38.20975712606138,62.18642555455078,58.240422567352994
26510,울산,울주군,울산 울주군,2018,22.62,30.0,13519.0,900.0,39.86,49.0,221842.0,1.7,13.64,48.79099039417029,68.65973938688705,61.79598487723892,62.71018949850534,60.59014261264933,54.98060157417107,23.34767252615157,60.092853405018055,67.0628063479112,64.71692269039673,53.518637686503105,52.79092056203606,65.81001786720518,60.10280374510125,57.75196535648913
36020,전남,여수시,전남 여수시,2018,22.05,50.0,14882.0,1079.0,31.18,75.0,283300.0,1.9,13.59,55.4157005631004,70.71848722341991,78.65736325534417,67.49560717202318,73.73467026840477,55.25931458895401,27.196969185367266,66.40245682172441,50.03775716552546,71.01145330929612,56.1392877194961,60.1568317391996,59.490568734516074,54.50644417785937,57.69924389268877
24020,광주,서구,광주 서구,2018,23.03,30.0,17233.0,1184.0,20.43,56.0,304172.0,2.5,13.45,75.28983106989074,73.86212850690053,61.79598487723892,69.94578510755373,64.70349849499195,56.03971103034625,20.57888019232975,68.23663016035589,28.952586807156017,69.76125027700482,68.1964741741815,54.87488627112021,47.11144145709319,51.29835868815934,57.37820584534052
34040,충남,아산시,충남 아산시,2018,24.39,45.0,21973.0,1364.0,43.14,60.0,312822.0,1.3,18.3,35.541570056310064,79.0701259621105,75.16259798386506,73.6801808953074,66.83264582917926,29.004548596401193,11.39459342648179,68.96013983650185,73.49623507120906,75.25562452877881,45.58762539912496,51.55729009955335,74.09723525544887,59.63208026280297,56.75473623324532
37010,경북,포항시,경북 포항시,2018,23.09,65.0,27068.0,1808.0,30.66,115.0,510013.0,1.5,14.02,42.16628022524017,83.53978860515782,87.38982327095373,81.11718966903348,87.00936904533401,52.862382661820746,20.173691070307058,81.57213803944701,49.01782334353923,83.71950036860376,47.33136253097679,65.41588217467478,64.64256359299057,50.51830397467571,56.320435944009475
31060,경기,광명시,경기 광명시,2018,25.25,25.0,19063.0,1178.0,35.67,50.0,326841.0,1.7,13.83,48.79099039417029,76.02521840667319,55.8387125732293,69.81173417216554,61.211804321189234,53.9214921179959,5.586882677489697,70.09127922094557,58.844493436137455,70.20773548426612,53.02243865171566,49.704121664962756,63.66707821167501,56.656853760257185,55.90506056254897
11010,서울,종로구,서울 종로구,2018,23.2,13.0,5507.0,446.0,47.37,17.0,153065.0,1.8,17.95,52.10334547863534,49.41247941395594,34.872363388940606,44.19960574700426,28.51755696159405,30.95553969988177,19.43084434659876,50.517739817830396,81.7930044308279,46.83603433011521,56.28770771499629,32.3792844680744,65.93354563131516,66.66143725298518,55.592433945212356
31200,경기,파주시,경기 파주시,2018,24.16,57.0,28569.0,1748.0,34.86,99.0,451848.0,1.3,14.96,35.541570056310064,84.69655210883398,83.01352812820956,80.22644831169653,82.35003608999804,47.62257798390149,12.947818394235497,78.44777958526916,57.25575036727426,82.48531555563966,43.71419530820708,61.12590239269315,68.49849287437897,52.17138421380638,55.389894044081494
23040,인천,연수구,인천 연수구,2018,25.18,28.0,21898.0,1285.0,32.88,42.0,346359.0,1.8,17.18,52.10334547863534,78.9968431434632,59.53720283834462,72.10579529584845,55.85537616388554,35.247720127539026,6.059603319849529,71.58783799082971,53.37215619894204,72.88221353664943,54.98301685316413,46.57366050569158,61.84595052056968,55.44865567429723,55.365237114294644
31130,경기,남양주시,경기 남양주시,2018,25.67,61.0,43187.0,2393.0,31.97,110.0,681828.0,1.3,16.2,35.541570056310064,93.55329157408872,85.27231016710387,88.51647789357166,85.62619861426239,40.710495217284624,2.7505588233307634,89.0634878733823,51.5872720104661,90.55015418247983,43.74959750121134,60.71972210707612,68.97041211829183,50.27590577201258,55.22466493025017
35020,전북,군산시,전북 군산시,2018,23.02,56.0,15783.0,1132.0,23.59,70.0,272645.0,2.1,17.42,62.040410732030516,71.97832989781013,82.42448409728435,68.76075900081268,71.5982753547301,33.90989765658091,20.646411712666875,65.41332226425793,35.15064618691857,72.09805844763932,59.00073796684168,55.326089746719106,51.782968131734364,49.570540368602494,55.0089495921192
38100,경남,양산시,경남 양산시,2018,25.18,37.0,21028.0,1352.0,35.93,66.0,348639.0,1.5,16.0,42.16628022524017,78.1279309774805,68.69171414798161,73.44699635532925,69.77788773013374,41.825347276416366,6.059603319849529,71.75712893593904,59.35446034713057,74.32944699911829,48.340672318747764,52.14376519720187,65.90328014160694,54.82988930211062,54.981885896894845
23080,인천,서구,인천 서구,2018,24.35,44.0,33036.0,1991.0,33.37,85.0,538596.0,1.3,14.86,35.541570056310064,87.81032210613706,74.41819047833536,83.66199317940803,77.61526964123424,48.18000401346737,11.664719507830256,82.97910248785927,54.33324768504445,83.68252989509338,43.58719690560292,59.410371540963745,67.33403506901429,50.91034040291916,54.51556725585619
31160,경기,군포시,경기 군포시,2018,25.04,26.0,15530.0,982.0,36.33,49.0,276916.0,1.6,14.47,45.47863530970523,71.63197975945977,57.116946462250915,65.01042634636414,60.59014261264933,50.35396552877429,7.0050446045691785,65.81437636259585,60.13902482558152,66.98369208095882,50.29302818206213,48.23631929760732,62.98671070657626,55.64317938597104,54.22531733996579
22070,대구,달서구,대구 달서구,2018,24.26,55.0,31660.0,2283.0,23.11,81.0,573413.0,1.7,16.46,48.79099039417029,86.89845639901553,81.82501396867053,87.2743175252432,76.12008751887042,39.26118754041333,12.272503190864313,84.59534441412944,34.20916881277742,85.1928343174807,50.41446375744589,59.90833344913099,57.06653718581717,45.74042154106761,53.64775457312685
35030,전북,익산시,전북 익산시,2018,21.42,60.0,15688.0,1211.0,16.74,85.0,294062.0,2.2,16.84,65.35276581649558,71.84893278289083,84.7215796901218,70.54073341983039,77.61526964123424,37.14296862806301,31.451454966605638,67.36445825968195,21.714979493445945,73.07811980737436,59.456714564677654,59.94067445810082,44.88985198593791,44.06207790293559,53.43115642016354
38090,경남,거제시,경남 거제시,2018,24.32,37.0,18201.0,1162.0,27.91,57.0,250516.0,1.8,14.66,52.10334547863534,75.03345113978978,68.69171414798161,69.45090222101669,65.2494755679853,49.294856072599124,11.867314068841623,63.229254519219836,43.6239425541889,70.22384475525716,53.124445606083825,53.120923748336445,55.35341822544299,50.13361543082448,53.41580803231908
21120,부산,강서구,부산 강서구,2018,22.69,17.0,8025.0,509.0,48.12,20.0,122957.0,1.3,13.12,35.541570056310064,57.48213754318332,43.38417651294818,47.68155386728164,33.356792360044814,57.87921692791364,22.874951883791738,44.86643759117386,83.26406282792345,50.877835351533456,44.8940007207394,41.75157638575784,68.36004535396546,61.84342915323773,53.16944281001619
11190,서울,영등포구,서울 영등포구,2018,22.3,23.0,13881.0,1081.0,37.88,42.0,367778.0,1.3,12.1,35.541570056310064,69.22609523064737,53.12773185351042,67.54446560883936,55.85537616388554,63.56496242948558,25.50868117693932,73.13604434363444,63.17921217957898,67.1794072891161,43.05566889223413,53.70469791877974,64.87696558179412,53.372103546238826,52.75978651702276
31250,경기,광주시,경기 광주시,2018,26.46,27.0,18814.0,1037.0,43.59,41.0,363782.0,1.1,17.24,28.916859887379953,75.74341586338198,58.34868867880557,66.44812797105244,55.11668583739352,34.913264509799504,0.0,72.85416659799898,74.37887010946639,71.3976956468518,40.41881701829312,43.53192550609315,72.82005559046333,57.165021386029295,52.47442974342744
25040,대전,유성구,대전 유성구,2018,23.67,38.0,23219.0,1587.0,29.26,76.0,349790.0,1.5,17.27,42.16628022524017,80.25231014605968,69.57148252253201,77.67626073064808,74.14504069247984,34.746036700929736,16.256862890754235,71.8421711069428,46.27184766896088,75.59310290961909,46.59071833388023,54.65569770937719,59.233452165435054,48.37552367589168,52.08568511510322
11250,서울,강동구,서울 강동구,2018,23.79,27.0,19831.0,1334.0,31.04,35.0,427573.0,1.5,13.22,42.16628022524017,76.87176435865867,58.34868867880557,73.09331279764515,50.27745043894275,57.32179089834775,15.446484646708853,77.02297964894052,49.76315959806763,73.2125138097726,46.77636054450614,52.03833861002514,60.132406465890575,49.825147101460324,52.068606676167185
31030,경기,의정부시,경기 의정부시,2018,24.88,33.0,22370.0,1304.0,28.35,64.0,447026.0,1.6,16.45,45.47863530970523,79.45391738193851,64.92459330604143,72.49310565306905,68.82651521458882,39.31693014336993,8.085548929963053,78.17094922601922,44.48696348048495,76.1631621199833,48.727412742545525,50.912668171330466,58.57671510516145,48.72065085521672,52.01161808536815
31120,경기,구리시,경기 구리시,2018,25.71,16.0,10151.0,605.0,34.47,32.0,203553.0,1.8,14.28,52.10334547863534,62.51884764524006,41.44826801617648,52.23611822549644,47.545911816680366,51.41307498494946,2.4804327419822982,57.872891810986914,56.49080000078458,56.9109449691514,53.8030138736182,39.25927147749782,56.39947010274522,55.13320745249548,51.83818845720302
36010,전남,목포시,전남 목포시,2018,24.07,33.0,15777.0,953.0,20.67,58.0,232327.0,2.1,15.36,62.040410732030516,71.9701805181527,64.92459330604143,64.21962760891294,65.78611924105562,45.392873865637995,13.55560207726954,61.28439260970965,29.4233254942266,67.35532670319753,58.140824924972144,50.697438638176365,46.26198334751576,46.30787388759275,51.78116120869198
11140,서울,마포구,서울 마포구,2018,23.74,22.0,15432.0,1098.0,31.52,26.0,375077.0,1.7,18.59,48.79099039417029,71.49630212039895,51.6862726940001,67.9561526429944,41.24627866552993,27.388013110660154,15.784142248394446,73.64309838576385,50.70463697220878,68.17833511472865,51.34856855349893,42.14766557118903,58.40190278605921,52.18119263493142,51.657663644412224
32020,강원,원주시,강원 원주시,2018,23.7,49.0,19636.0,1318.0,23.25,72.0,344070.0,1.8,18.93,52.10334547863534,76.65996734479573,77.98666454511711,72.77490077050362,72.47035616638229,25.492764610136177,16.05426832974291,71.41675405598706,34.48376638023526,75.3523427982174,51.91607080049137,52.97101811458249,52.809244540998314,45.948740314477774,51.64265077846786
31180,경기,하남시,경기 하남시,2018,24.5,20.0,14275.0,828.0,44.14,33.0,254415.0,1.1,14.25,28.916859887379953,69.82596996937525,48.60513333824334,60.510798380794704,48.483082617253366,51.58030279381922,10.651746702773508,63.62773792569358,75.45764626733644,63.72233303004437,39.988888852572956,44.56759855475389,69.87157346358846,56.8853566393925,51.6426460295809
26040,울산,북구,울산 북구,2018,23.88,20.0,14646.0,908.0,28.86,39.0,206434.0,1.8,13.4,52.10334547863534,70.37588071165052,48.60513333824334,62.94363170431251,53.58502156053452,56.31842404512918,14.838700963674796,58.23551897303935,45.48728319050992,62.379622715385736,52.93818965871805,47.72611282956777,52.6890230768908,50.292997407571114,51.53691328310321
21090,부산,해운대구,부산 해운대구,2018,24.39,33.0,20170.0,1254.0,28.26,40.0,409347.0,1.6,15.39,45.47863530970523,77.23505594786604,64.92459330604143,71.46141282951345,54.360194041521716,45.22564605676822,11.39459342648179,75.89900327983786,44.31043647283349,74.37214761909266,48.47904754799056,50.32834887146492,57.695061072211445,48.40243570031871,51.50298129057211
24040,광주,북구,광주 북구,2018,22.53,46.0,23808.0,1736.0,13.74,106.0,439773.0,2.0,16.12,58.728055647565455,80.78923074994687,75.89099547818951,80.04463707675023,84.47403662682812,41.156436040937315,23.955456209185627,77.74888036097592,15.830745905063784,78.89747857890411,54.49957669642835,60.88284230887426,44.1161879997398,39.40797761494747,50.91113688409377
36030,전남,순천시,전남 순천시,2018,23.67,42.0,16738.0,1093.0,21.13,63.0,279389.0,1.9,16.18,55.4157005631004,73.23747404505366,72.8784172350636,67.83573301998756,68.33979398576841,40.8219804231978,16.256862890754235,66.04377697957294,30.32557464444519,71.00755356341143,53.43435902349744,53.20135446266528,48.52096913389789,44.60927600738923,50.88188445005431
25030,대전,서구,대전 서구,2018,24.09,39.0,26789.0,1792.0,18.84,81.0,484663.0,1.8,16.47,52.10334547863534,83.31771977070292,70.42897586959488,80.88258088498063,76.12008751887042,39.205444937456754,13.420539036595315,80.25669625128599,25.83394300531347,79.82166393465624,51.28437253684382,56.24965031780511,49.95361463171538,42.17710851503893,50.772499770615966
24030,광주,남구,광주 남구,2018,24.26,22.0,13118.0,889.0,12.31,44.0,216369.0,2.6,16.37,78.60218615435582,68.01438677522377,51.6862726940001,62.38579931882909,57.28257149105757,39.76287096702262,12.272503190864313,59.44832078406924,13.025927894601613,62.178944161632685,67.70696747747948,44.93316492374331,34.85301308408604,43.64051046446321,50.72777553802601
22510,대구,달성군,대구 달성군,2018,22.63,32.0,14974.0,1110.0,28.09,45.0,250543.0,1.5,12.66,42.16628022524017,70.85057611590993,63.91349798108878,68.24293892828005,57.97255290101264,60.443376663916666,23.280141005814457,63.232035226621754,43.976996569491824,67.17759822215925,45.3063172659449,55.28402079738589,54.233618418504626,46.18015019507028,49.996667071665385
23050,인천,남동구,인천 남동구,2018,24.05,38.0,30053.0,1812.0,24.48,85.0,537161.0,1.3,14.36,35.541570056310064,85.78195020112004,69.57148252253201,81.17551763877864,77.61526964123424,50.96713416129676,13.69066511794378,82.91026590556558,36.89630215147195,81.67835137673609,40.768817885065346,58.782026216234314,56.84304436162162,41.82457134979109,49.14479623678383
11020,서울,중구,서울 중구,2018,21.9,12.0,5226.0,398.0,53.39,14.0,125725.0,0.9,18.4,22.292149718449835,48.29009583995839,32.362387283364335,41.19973402608775,22.793956309772994,28.447122566835333,28.209941990424028,45.440842716759285,93.60069983151482,44.24977819167985,35.58822684756044,31.52291732111263,71.19076921117515,61.232973746486685,48.242047933696924
32010,강원,춘천시,강원 춘천시,2018,23.63,40.0,14773.0,1025.0,23.69,45.0,280640.0,1.6,16.98,45.47863530970523,70.56092973579099,71.26529436253007,66.14105500453788,57.97255290101264,36.362572186670775,16.526988972102714,66.15905011166697,35.34678730653131,69.3812387739016,46.46708755183772,50.06211779054708,50.60330591875348,43.19541522101784,47.97073221647418
36060,전남,광양시,전남 광양시,2018,22.24,28.0,9249.0,660.0,26.53,38.0,156564.0,1.6,12.42,45.47863530970523,60.52445334048874,59.53720283834462,54.53028100727468,52.79022238906119,61.781199134874775,25.91387029896204,51.10091646417841,40.9171951035331,57.499942177166815,46.29900108185777,50.99755806461414,48.22820572850219,44.7047496864408,47.60986481154606
21060,부산,동래구,부산 동래구,2018,24.77,22.0,12547.0,755.0,20.66,32.0,266515.0,1.9,13.88,55.4157005631004,67.06055789351672,51.6862726940001,58.076543254046975,47.545911816680366,53.64277910321296,8.828395653671336,64.8265872013283,29.403711382265318,63.315509645956865,52.678387919016764,44.48251207619068,44.476768188548526,43.30200817158352,47.52791195299835
26010,울산,중구,울산 중구,2018,24.12,21.0,12371.0,762.0,17.98,38.0,231973.0,2.0,13.89,58.728055647565455,66.7577901098905,50.18072803178607,58.31993647529362,52.79022238906119,53.587036500256374,13.217944475583948,61.245048029047865,24.147129376643914,61.78855507001682,54.343890153159734,45.89565927870787,40.83730918666804,41.749036736405436,47.22203405411217
31140,경기,오산시,경기 오산시,2018,25.11,23.0,16320.0,965.0,33.08,50.0,220070.0,1.2,19.17,32.229214971845,72.6954302373945,53.12773185351042,64.54973162676518,61.211804321189234,24.15494213917806,6.532323962209347,59.885929619949174,53.7644384381675,64.93904037538408,39.50612001834833,42.08220314584925,58.40518981681444,47.33139193505495,46.4754247064822
32030,강원,강릉시,강원 강릉시,2018,21.96,35.0,10120.0,768.0,18.16,38.0,212957.0,1.9,18.02,55.4157005631004,62.45329626769518,66.86050180281315,58.526788532116534,52.79022238906119,30.565341479185662,27.80475286840131,59.038200658300546,24.500183391946845,62.310208691900385,51.48213255788684,47.596349721468336,41.5075403981362,40.54226152584525,46.46822966372874
31170,경기,의왕시,경기 의왕시,2018,23.85,13.0,7397.0,475.0,40.49,24.0,153932.0,1.2,16.38,32.229214971845,55.73575010895118,34.872363388940606,45.85959166482333,38.830249135300626,39.707128364066044,15.04129552468612,50.66347533966717,68.29849540147147,50.041390334163864,39.99026054999959,35.21359274203948,59.79808013244369,52.86931568538135,46.372372955596916
34050,충남,서산시,충남 서산시,2018,22.41,29.0,10195.0,718.0,30.26,42.0,174162.0,1.3,15.54,35.541570056310064,62.611545446956754,60.685420529032655,56.75139045232144,55.85537616388554,44.389507012419415,24.765834453231022,53.849347558031035,48.23325886508827,59.59766109669422,40.152320916691465,48.534306436599806,53.19654565179782,44.93728290889629,46.19310733760067
23060,인천,부평구,인천 부평구,2018,22.85,42.0,25430.0,1679.0,18.95,67.0,524640.0,1.3,13.26,35.541570056310064,82.20185862910867,72.8784172350636,79.16351658224092,70.24297609460207,57.098820486521404,21.79444755839785,82.30171441810187,26.04969823688748,80.36712708699761,38.78381814067654,60.68166261574711,50.40080464233149,36.06942414959861,46.17078226093157
39020,제주,서귀포시,제주 서귀포시,2018,22.02,45.0,9499.0,797.0,34.52,44.0,181245.0,0.9,11.36,22.292149718449835,61.09606658802764,75.16259798386506,59.504349220421695,57.28257149105757,67.68991504827306,27.399563746378618,54.87790477555446,56.588870560590955,62.04392432345317,31.317049531728784,57.51888838446742,59.09103764065023,44.328285108168764,46.16322993113294
31260,경기,양주시,경기 양주시,2018,23.36,33.0,13088.0,862.0,32.97,49.0,216951.0,1.1,18.13,28.916859887379953,67.96531572249327,64.92459330604143,61.57225478439867,60.59014261264933,29.95217284666319,18.350340021204886,59.51763058252644,53.548683206593495,64.82286569721285,36.51647896877331,47.12700632277897,58.464942826108185,45.77002003061061,46.12223567314784
11160,서울,강서구,서울 강서구,2018,23.56,36.0,26949.0,1768.0,21.47,56.0,596949.0,1.2,13.6,32.229214971845,83.44535231140605,67.7884825386349,80.52671280370019,64.70349849499195,55.20357198599742,16.999709614462546,85.63323694066345,30.992454451128502,80.97034374562904,37.16531462769363,57.835555802992815,53.35875420536489,37.43382950254653,45.9991847177568
31220,경기,안성시,경기 안성시,2018,21.75,35.0,10821.0,818.0,31.97,51.0,183579.0,1.2,21.6,32.229214971845,63.88871696411442,66.86050180281315,60.19030928263134,61.82139416247403,10.60948962072726,29.222914795480776,55.20804855936736,51.5872720104661,61.878873410430046,38.29887372686511,45.65936768883318,56.118000462765664,45.622682136510534,45.81998403671568
37020,경북,경주시,경북 경주시,2018,21.58,43.0,11785.0,914.0,24.68,62.0,256864.0,1.3,15.5,35.541570056310064,65.71772709890278,73.65705332165102,63.11736902547859,67.84540754132938,44.61247742424575,30.37095064121179,63.87491863932395,37.28858439069743,66.75274980557879,38.82123791072745,55.684249664990766,50.59920996272784,40.051504986517,45.7261917868596
21510,부산,기장군,부산 기장군,2018,24.65,21.0,10937.0,677.0,33.29,35.0,164864.0,1.2,14.63,32.229214971845,64.11724580821627,50.18072803178607,55.20087061473097,50.27745043894275,49.462083881468885,9.63877389771676,52.433732985770234,54.17633478935425,57.82488840619642,38.71008602810851,43.1981523817185,55.503566046832226,46.64229509735307,45.46212414131682
21050,부산,부산진구,부산 부산진구,2018,22.54,32.0,15439.0,1063.0,20.33,45.0,362357.0,1.5,16.19,42.16628022524017,71.50602191360773,63.91349798108878,67.10145093593957,57.97255290101264,40.7662378202412,23.887924688848514,72.75289758154364,28.756445687543277,70.3615798274847,43.0887792134224,51.18477776717249,47.42153394621077,38.722375689282956,45.41161110755196
11040,서울,성동구,서울 성동구,2018,21.63,21.0,11922.0,972.0,34.14,31.0,308221.0,1.0,16.57,25.60450480291489,65.96544076967321,50.18072803178607,64.74040377327177,46.57990050841971,38.64801890789087,30.0332930395262,68.57782668453163,55.84353430606255,63.592213996553305,34.17645282506287,46.944494015421526,59.2117788281274,45.51523024387244,45.35778124781167
22050,대구,북구,대구 북구,2018,23.14,38.0,22867.0,1646.0,17.93,76.0,439489.0,1.4,18.6,38.85392514077511,79.92489327286893,69.57148252253201,78.63962608595251,74.14504069247984,27.332270507703555,19.836033468621466,77.73221244923086,24.049058816837544,77.19640687571012,40.740292005393854,54.129619925131514,47.828941123472276,35.961657757110906,44.87067042608408
24010,광주,동구,광주 동구,2018,21.44,11.0,3211.0,293.0,13.63,18.0,94475.0,2.8,24.57,85.22689632328591,37.85283421746248,29.65140656364546,33.135222275596824,30.214883313707368,0.0,31.316391925931413,38.06770737729514,15.614990673489771,36.277010634648875,70.04770426523415,25.009597763870687,24.834108476870693,44.2142151398691,44.819462177568155
37100,경북,경산시,경북 경산시,2018,22.76,31.0,12992.0,922.0,27.37,64.0,261093.0,1.3,25.28,35.541570056310064,67.80752912380657,62.87128719407264,63.347254939144314,68.82651521458882,0.0,22.40223124143192,64.2962599882375,42.56478050828011,65.76689999718906,39.82164753085522,43.21549470407531,52.90370282195826,42.744052366619385,44.63670933321064
11110,서울,노원구,서울 노원구,2018,23.79,42.0,27558.0,1851.0,15.64,68.0,543752.0,1.4,18.24,38.85392514077511,83.9243186138215,72.8784172350636,81.73756402446573,70.70127460494852,29.339004214140743,15.446484646708853,83.22493006540988,19.557427177705822,81.50532177354643,40.46648979361935,54.57236341604134,47.31302990382035,34.17529889457977,44.47922986391838
34080,충남,당진시,충남 당진시,2018,22.86,30.0,10316.0,765.0,28.92,36.0,167770.0,1.2,15.09,32.229214971845,62.86441645402999,61.79598487723892,58.42356503561006,51.13758343297783,46.89792414546585,21.726916038060764,52.88456997283354,45.60496786227757,59.65677619431284,37.299098053628384,48.360693786002294,51.76789959870759,42.37647271841748,44.322833738336
11200,서울,동작구,서울 동작구,2018,24.03,21.0,16366.0,1094.0,26.78,37.0,396203.0,1.2,19.62,32.229214971845,72.75575666106757,50.18072803178607,67.85986091345791,51.974776791056065,21.64652500613161,13.825728158618006,75.05692077309948,41.40754790256495,68.93110016882083,37.658619080375246,41.89177798633003,53.60191359776777,41.36223834575052,43.571454873209944
37590,경북,칠곡군,경북 칠곡군,2018,21.04,21.0,6969.0,549.0,24.45,33.0,118828.0,1.5,13.68,42.16628022524017,54.45838877175952,50.18072803178607,49.67555561999891,48.483082617253366,54.75763116234472,34.01765273941612,43.98511218950952,36.837459815588126,50.460873649089834,42.596168018444295,47.482553684297116,42.76812028453041,40.60641298735755,43.39554676373403
23010,인천,중구,인천 중구,2018,22.89,13.0,7528.0,486.0,42.01,16.0,122499.0,0.8,12.34,18.979794633984778,56.11197517195764,34.872363388940606,46.46291542011744,26.72318913990466,62.22713995852748,21.524321477049398,44.770149867457356,71.2798404195851,48.46150522400415,30.538019555622107,39.34897219091856,60.62906608417599,49.31131383729223,43.34202962988462
11050,서울,광진구,서울 광진구,2018,24.5,22.0,15016.0,1020.0,27.08,36.0,355559.0,1.2,19.91,32.229214971845,70.91060799776136,51.6862726940001,66.01204655272717,51.13758343297783,20.029989520390572,10.651746702773508,72.26424361589736,41.99597126140316,67.47183162244991,37.56236771787036,40.647250936561306,53.28816960510863,41.47299924119258,43.206877296919934
26030,울산,동구,울산 동구,2018,23.83,16.0,10353.0,637.0,20.67,26.0,164642.0,1.7,16.9,48.79099039417029,62.941148806252286,41.44826801617648,53.595027785544445,41.24627866552993,36.80851301032349,15.176358565360388,52.398965826574496,29.4233254942266,55.47991775433378,47.300856500386935,38.27232666458767,40.775730458678915,40.06495174197461,42.75456326214452
11030,서울,용산구,서울 용산구,2018,22.28,15.0,7460.0,578.0,41.08,17.0,228999.0,0.7,15.04,15.667439549519719,55.91750720690519,39.39496190420769,51.03250840360026,28.51755696159405,47.1766371602488,25.643744217613545,60.91211821510799,69.45572800718662,54.111381448826535,27.760689583908302,39.478829301553176,62.460465768020654,47.558919459672566,42.56628751102932
33020,충북,충주시,충북 충주시,2018,21.24,38.0,10445.0,865.0,18.16,46.0,210504.0,1.4,17.43,38.85392514077511,63.13076050768937,69.57148252253201,61.66389620973429,58.64769484465023,33.85415505362434,32.66702233267378,58.73927095906679,24.500183391946845,63.10145804607112,39.12854741514229,51.43166026089713,41.86929186322186,34.41973167423582,41.786282460779695
11170,서울,구로구,서울 구로구,2018,23.83,24.0,18820.0,1297.0,22.51,34.0,404497.0,1.1,16.33,28.916859887379953,75.75025003066406,54.51033925525214,72.35107239253847,49.393085185572446,39.98584137884899,15.176358565360388,75.59147378438847,33.032322095100994,71.454635001699,34.21751823286652,47.43123871586279,50.10758215162185,36.186209172461886,41.69623503759931
23070,인천,계양구,인천 계양구,2018,22.94,26.0,15952.0,1034.0,18.27,38.0,312680.0,1.3,14.34,35.541570056310064,72.20660720900324,57.116946462250915,66.37169382922352,52.79022238906119,51.07861936720993,21.186663875363806,68.94842488784073,24.715938623520856,68.21122036330402,37.584229056661,50.387902756629984,44.08904606413832,34.05604995618355,41.593582182965314
11120,서울,은평구,서울 은평구,2018,24.0,30.0,22028.0,1428.0,18.01,43.0,483197.0,1.1,13.66,28.916859887379953,79.12370790287879,61.79598487723892,74.89020684735006,56.57708359009319,54.8691163682579,14.028322719629372,80.17853293223261,24.205971712527738,75.97461080655697,33.230911462702004,53.34779904337673,47.3444044500248,32.18920649823943,41.195986404789345
38060,경남,사천시,경남 사천시,2018,20.56,18.0,6469.0,478.0,15.41,20.0,113888.0,1.8,11.66,52.10334547863534,52.8628438955628,45.21538885811666,46.025506205761914,33.356792360044814,66.01763695957544,37.25916571559775,42.88953155672379,19.10630260259652,48.34135918642187,47.22973888892226,46.20833371210517,32.03600382986088,35.107475929849045,41.16529972185265
38050,경남,통영시,경남 통영시,2018,22.6,20.0,8333.0,563.0,16.05,30.0,133720.0,1.7,13.12,48.79099039417029,58.28929180706206,48.60513333824334,50.33934583825959,45.58321710156858,57.87921692791364,23.482735566825795,47.03154706739,20.361605768118054,52.9751366913967,45.47641284155163,45.41573619139674,34.771986927810175,35.08056647878866,41.114795908122794
21100,부산,사하구,부산 사하구,2018,22.66,27.0,14621.0,988.0,18.56,44.0,327791.0,1.3,18.48,35.541570056310064,70.3392647840763,58.34868867880557,65.17112447449622,57.28257149105757,28.001181743182627,23.077546444803104,70.16616640177286,25.2847478703978,67.88922004833113,37.482816201199846,46.77065021564096,44.33425811368054,34.241208572291235,40.91593719464415
22020,대구,동구,대구 동구,2018,21.91,32.0,17150.0,1231.0,17.03,61.0,351291.0,1.1,12.02,28.916859887379953,73.75865058034148,63.91349798108878,70.97295219353238,67.34311057891728,64.01090325313828,28.1424104700869,71.95265374830522,22.283788740322898,71.24782101088006,32.40607828461755,59.058066976083474,44.19206178360055,30.63117446896187,40.913989539374604
21110,부산,금정구,부산 금정구,2018,23.61,22.0,9916.0,655.0,19.29,28.0,242956.0,1.6,22.22,45.47863530970523,62.0168521838549,51.6862726940001,54.32976388924749,43.48958209063662,7.153448237418829,16.662052012776954,62.438623901064275,26.71657804357079,60.07726780104676,44.318148407200034,35.20623287474654,41.63190921529457,37.75466290114398,40.91173973979903
35510,전북,완주군,전북 완주군,2018,18.15,29.0,5052.0,491.0,21.16,38.0,94444.0,1.4,15.65,38.85392514077511,47.564432098798065,60.685420529032655,46.73266217372961,52.79022238906119,43.77633837989694,53.53426211684304,38.059239713793616,30.384416980329014,47.33707206934365,38.45454961251049,51.20090310694611,38.00174376891288,35.56208231470733,40.51228536835868
11130,서울,서대문구,서울 서대문구,2018,23.23,19.0,13027.0,910.0,25.43,27.0,310313.0,1.1,19.37,28.916859887379953,67.86519011907198,46.95265057972991,63.00167123880966,42.387964133457636,23.040090080046298,19.22824978558741,68.75236086209043,38.75964278779297,63.948833434109105,34.28811034561111,39.95281051879378,49.89896074438708,38.19477426019115,40.417713268862954
31280,경기,여주시,경기 여주시,2018,20.43,23.0,5526.0,453.0,28.86,34.0,111525.0,1.1,16.17,28.916859887379953,49.48629014442946,53.12773185351042,44.60994883773585,49.393085185572446,40.87772302615438,38.137075479980275,42.34855437439641,45.48728319050992,48.07325775523574,33.4593664085544,44.989956059198846,46.58032012517685,39.6372803397322,40.317696142864065
21070,부산,남구,부산 남구,2018,23.21,21.0,12330.0,815.0,24.83,26.0,279917.0,1.2,22.51,32.229214971845,66.68664052544806,50.18072803178607,60.093399164457395,41.24627866552993,5.536912751677775,19.363312826261634,66.09249225355633,37.58279607011654,63.20721354514814,36.47799469194604,36.22648231288894,48.93981258486577,38.733947858243674,40.31021179262198
11080,서울,성북구,서울 성북구,2018,23.91,29.0,21564.0,1405.0,19.6,50.0,435868.0,1.1,21.3,28.916859887379953,78.66741315246915,60.685420529032655,74.46170821575365,61.211804321189234,12.281767709424884,14.63610640266343,77.51874732531681,27.324615514370286,74.72641487963615,33.65307855793742,45.31785663034099,48.45837531509828,33.658911006263054,40.26224523657489
25020,대전,중구,대전 중구,2018,22.97,27.0,12650.0,982.0,13.64,43.0,244421.0,1.4,11.35,38.85392514077511,67.2357821184229,58.34868867880557,65.01042634636414,56.57708359009319,67.74565765122966,20.984069314352467,62.5937390625453,15.634604785451042,64.06575051373616,38.20921278524128,54.154852253982554,37.27011878294501,30.167235884970253,40.13771039498853
11060,서울,동대문구,서울 동대문구,2018,22.81,21.0,13721.0,968.0,25.64,33.0,348052.0,1.0,22.62,25.60450480291489,68.9776156883777,50.18072803178607,64.63161689413029,48.483082617253366,4.923744119155302,22.064573639746342,71.71365000208986,39.171539138979725,66.03904845117302,31.976871041870893,38.86417577425812,51.11498996760647,37.36572271471932,39.544814199528304
35040,전북,정읍시,전북 정읍시,2018,18.06,35.0,5248.0,543.0,9.22,41.0,112169.0,1.7,10.2,48.79099039417029,48.380121360303555,66.86050180281315,49.38588568564134,55.11668583739352,74.15605699123725,54.142045799877096,42.49711748292073,6.965167298567978,50.31129628559063,42.47603002644327,59.645695215804864,26.567484088992522,27.660946181069306,39.47091933304315
31110,경기,과천시,경기 과천시,2018,24.23,4.0,2799.0,173.0,39.49,7.0,58142.0,1.3,13.14,35.541570056310064,34.910464091406226,0.0,19.28359188842692,3.0601135537223105,57.767731722000455,12.47509775187568,25.542411396651293,66.33708420534408,25.1179554646985,40.097786582174784,19.328480899940303,47.29885084071819,50.36170038906555,39.35426767070281
36620,전남,무안군,전남 무안군,2018,20.89,18.0,4602.0,374.0,13.28,21.0,81991.0,2.0,18.37,58.728055647565455,45.565179028141785,45.21538885811666,39.561504814373514,34.8171901127445,28.614350375705072,35.03062554447287,34.41095121448116,14.928496754845181,42.14895265003857,50.84183415171505,36.88502767616398,27.006890588777047,34.69692452836989,39.19711436007676
31270,경기,포천시,경기 포천시,2018,19.73,31.0,7046.0,571.0,27.28,35.0,150676.0,0.9,16.74,22.292149718449835,54.69388167895824,62.87128719407264,50.71129533308295,50.27745043894275,37.70039465762889,42.86428190357848,50.1118567293005,42.38825350062865,54.95475529708379,28.5467384818275,48.90663415016815,48.05622298993975,36.31769141462474,39.19682701231446
21140,부산,수영구,부산 수영구,2018,23.08,10.0,6153.0,393.0,19.48,22.0,176246.0,1.6,13.24,45.47863530970523,51.78955004850872,26.704402741921108,40.86671602450109,36.212659423663936,57.21030569243458,20.241222590644185,54.156255744324866,27.089246170835,47.48253229593604,43.35131841275505,36.47976412467484,36.050874039501835,36.56452647209505,39.05246401111207
21130,부산,연제구,부산 연제구,2018,23.81,16.0,9498.0,590.0,20.51,17.0,207840.0,1.4,16.89,38.85392514077511,61.09381023490479,41.44826801617648,51.57422950331715,28.51755696159405,36.864255613280065,15.311421606034614,58.410656552447634,29.109499702846215,56.35975568642198,39.61624983449874,35.89597996716663,41.135412168031166,36.16676163845022,38.90239904484379
32040,강원,동해시,강원 동해시,2018,22.17,14.0,4977.0,332.0,19.59,17.0,91272.0,1.6,12.55,45.47863530970523,47.243906340213,37.20909523916769,36.42467186071106,28.51755696159405,61.05654529643913,26.386590941321842,37.177777814146644,27.30500140240901,42.21710556218404,42.929117326661576,38.314247804802605,33.76410823540632,36.08592538948489,38.5428338892246
11210,서울,관악구,서울 관악구,2018,22.69,22.0,15768.0,1147.0,19.44,36.0,501957.0,0.9,12.37,22.292149718449835,71.95795063616893,51.6862726940001,69.10808506276341,51.13758343297783,62.05991214965771,22.874951883791738,81.16132684939546,27.01078972298991,70.66462791170312,27.966525810902752,52.27188612612744,46.590350771687575,30.42559192425098,38.493796557109896
11180,서울,금천구,서울 금천구,2018,21.21,18.0,8883.0,712.0,25.6,18.0,233917.0,0.9,11.78,22.292149718449835,59.65911834801009,45.21538885811666,56.5300932559182,30.214883313707368,65.3487257240964,32.86961689368512,61.460373624648035,39.093082691134626,57.31074903302279,28.54898652730858,47.35150210621529,47.17361407923494,35.03311431743665,38.48651023820301
21080,부산,북구,부산 북구,2018,22.98,27.0,13114.0,938.0,14.03,37.0,296952.0,1.3,15.35,35.541570056310064,68.00785045544426,58.34868867880557,63.80110890377283,51.974776791056065,45.44861646859457,20.91653779401534,67.61679715363766,16.399555151940724,65.95870210957455,35.91689586056808,48.68926233288471,38.59871386558246,29.488099313300665,38.447093204053665
11100,서울,도봉구,서울 도봉구,2018,22.62,23.0,15962.0,1041.0,18.47,29.0,339413.0,1.0,14.63,25.60450480291489,72.22003885906727,53.12773185351042,66.5496972407468,44.5538497871217,49.462083881468885,23.34767252615157,71.06514010346888,25.108220862746332,68.05510783127639,30.191615617504844,48.507999430481135,44.22607344719531,30.51759612779293,37.95102981832868
36040,전남,나주시,전남 나주시,2018,19.27,24.0,5491.0,452.0,20.61,29.0,113839.0,1.2,14.5,32.229214971845,49.35012525661193,54.51033925525214,44.55171733108395,44.5538497871217,50.18673771990453,45.970731839085886,42.87842805723773,29.30564082245895,48.44065889652771,33.502769877913785,47.95456856368776,37.87092563778569,32.688998072485376,37.55111588835153
33550,충북,진천군,충북 진천군,2018,20.67,15.0,4604.0,351.0,26.87,16.0,78218.0,1.1,11.02,28.916859887379953,45.574490160551825,39.39496190420769,37.890015825682525,26.72318913990466,69.58516354879706,36.51631899188944,33.19544576372475,41.584074910216415,40.62487119023488,32.48270516812261,42.58027121638517,40.90495228770888,36.931521645793374,37.5073086901199
25050,대전,대덕구,대전 대덕구,2018,20.92,21.0,9237.0,792.0,16.06,32.0,181991.0,1.3,16.79,35.541570056310064,60.49662872411376,50.18072803178607,59.33836515690476,47.545911816680366,37.42168164284595,34.82803098346152,54.983886331556164,20.38121988007932,56.779625867880945,35.763023396655825,46.45256619334696,36.57465243177841,30.501136521122437,37.494940372163676
37040,경북,안동시,경북 안동시,2018,21.86,30.0,8655.0,654.0,11.23,41.0,162180.0,1.5,16.83,42.16628022524017,59.101845951639575,61.79598487723892,54.28947711169161,55.11668583739352,37.1987112310196,28.480068071772493,52.010221152593296,10.907603802784031,57.513186297045564,39.171035334511686,47.334824989538134,31.800682942472022,28.173281439601055,37.31602178636453
33030,충북,제천시,충북 제천시,2018,20.61,24.0,6399.0,541.0,15.8,35.0,135386.0,1.4,17.31,38.85392514077511,52.62967984761967,54.51033925525214,49.288618623316815,50.27745043894275,34.52306628910338,36.92150811391216,47.35102146948728,19.871252969086203,51.42221421570645,37.384099785706226,45.05475495332416,34.00881224846966,30.74831026930373,37.123106555223586
34580,충남,태안군,충남 태안군,2018,16.17,19.0,2492.0,299.0,13.88,23.0,63238.0,1.6,8.34,45.47863530970523,32.42125137143763,46.95265057972991,33.66873491721532,37.54872873500689,84.52418114116256,66.90550314359226,27.71017846773085,16.105343472521618,33.914209341984055,39.766903140300926,53.72596001245181,24.193981012307034,29.14941893737908,36.74489624473962
34030,충남,보령시,충남 보령시,2018,18.37,29.0,4740.0,476.0,15.2,33.0,101990.0,1.3,11.74,35.541570056310064,46.198342200314215,60.685420529032655,45.91501241457901,48.483082617253366,65.57169613592274,52.048568669426444,40.042554322713734,18.694406251409767,47.24902150277776,34.080172699975435,54.412352563109124,31.59651707964854,28.322606099928414,36.705232789679144
38080,경남,밀양시,경남 밀양시,2018,19.21,21.0,4219.0,380.0,15.31,25.0,106744.0,1.3,10.31,35.541570056310064,43.70312054001443,50.18072803178607,39.98068786279403,40.06150068512533,73.54288835871478,46.375920961108584,41.2180446434164,18.910161482983785,44.25311926938935,33.86301381868156,50.024304538789195,30.34199242333504,28.10136229188536,35.35812856789764
35050,전북,남원시,전북 남원시,2018,17.61,27.0,4014.0,436.0,8.58,28.0,82554.0,1.5,8.77,42.16628022524017,42.63574363183514,58.34868867880557,43.60211470410611,43.48958209063662,82.12724921402929,57.180964215047375,34.587515251467,5.709864133046446,43.36386412711879,36.74476415207061,56.95534641119848,22.690570155143185,23.774420045873036,35.11860327125021
11070,서울,중랑구,서울 중랑구,2018,22.6,23.0,15336.0,1070.0,19.03,33.0,403209.0,0.7,15.26,15.667439549519719,71.36255545691616,53.12773185351042,67.27461862245544,48.483082617253366,45.95029989520386,23.482735566825795,75.50918436920287,26.206611132577674,68.95957940992102,22.817826877718055,48.60327051130988,45.32529805503243,27.380022043516075,35.02678245738313
37060,경북,영주시,경북 영주시,2018,21.54,19.0,4927.0,402.0,11.27,27.0,106801.0,1.6,16.94,45.47863530970523,47.027528301669335,46.95265057972991,41.46315743296827,42.387964133457636,36.58554259849712,30.641076722560257,41.231818752577546,10.986060250629127,45.273839892553916,40.45963835004023,39.55983795841817,26.32787666903951,28.024121763096236,34.6699691206082
33570,충북,음성군,충북 음성군,2018,18.73,22.0,4754.0,440.0,23.76,25.0,95830.0,0.9,17.29,22.292149718449835,46.26154341935521,51.6862726940001,43.84273575441288,40.06150068512533,34.63455149501657,49.61743393729022,38.435136859154994,35.48408609026023,44.99856730622413,26.667879544311933,44.1575606666334,39.70245383178743,31.70873797851516,34.54979383025413
36570,전남,화순군,전남 화순군,2018,18.87,16.0,2925.0,283.0,17.98,19.0,63933.0,1.3,9.94,35.541570056310064,35.85393198196968,41.44826801617648,32.22136023740998,31.82512808318582,75.60536466810854,48.67199265257057,27.992196151250702,24.147129376643914,34.614278439595346,33.8636401469261,45.97423433920149,28.795363777853343,29.702619921966424,34.314743377165826
34020,충남,공주시,충남 공주시,2018,19.39,28.0,4525.0,460.0,15.38,35.0,107581.0,1.2,16.37,32.229214971845,45.20358968009531,59.53720283834462,45.014013208060035,50.27745043894275,39.76287096702262,45.16035359504047,41.41957149029804,19.047460266712704,46.935106854805994,31.54938923690019,47.687206347937966,31.68347709009022,27.193827275313073,34.259683129505405
38520,경남,함안군,경남 함안군,2018,18.78,16.0,3713.0,340.0,18.2,21.0,67025.0,1.2,10.51,32.229214971845,40.96541970775134,41.44826801617648,37.05159691283358,34.8171901127445,72.42803629958303,49.27977633560463,29.21080314382823,24.57863983979194,37.53560440025943,31.955249175627678,47.1166938753929,30.237783126627715,29.115816000735173,34.15710601699456
35060,전북,김제시,전북 김제시,2018,15.41,36.0,3713.0,461.0,11.29,40.0,85331.0,1.1,8.24,28.916859887379953,40.96541970775134,67.7884825386349,45.07123528368056,54.360194041521716,85.08160717072843,72.0378986892132,35.44116664317656,11.025288474551672,44.67275635455562,27.43798015749285,64.4034356068637,26.35201585289366,21.530643422773558,33.75771439111449
32510,강원,홍천군,강원 홍천군,2018,15.71,25.0,2904.0,381.0,13.23,26.0,69949.0,1.2,8.23,32.229214971845,35.69954312860935,55.8387125732293,40.04990933772643,41.24627866552993,85.13734977368502,70.01195307909967,30.312547915088274,14.830426195038813,38.11127845347701,29.96642947100051,58.39702221946389,25.427396477579386,23.987973375400745,33.58539869212391
32060,강원,속초시,강원 속초시,2018,23.14,12.0,3892.0,283.0,18.42,9.0,81682.0,1.4,13.14,38.85392514077511,41.97434173039693,32.362387283364335,32.22136023740998,10.065234605837132,57.767731722000455,19.836033468621466,34.313528825532444,25.01015030293997,37.753706969531066,37.089400574062026,31.558355745025317,30.533719064862673,31.878310752789403,33.46972775526645
34060,충남,논산시,충남 논산시,2018,19.27,33.0,5817.0,541.0,11.23,32.0,120230.0,1.1,12.39,28.916859887379953,50.58611003867548,64.92459330604143,49.288618623316815,47.545911816680366,61.948426943744536,45.970731839085886,44.28775349851165,10.907603802784031,51.56429973009952,28.382396489820117,54.02279184610563,29.2520264546472,22.396663544081548,33.00429533409368
34560,충남,홍성군,충남 홍성군,2018,20.74,22.0,5732.0,453.0,14.05,27.0,101082.0,1.2,18.13,32.229214971845,50.270649535417355,51.6862726940001,44.60994883773585,42.387964133457636,29.95217284666319,36.043598349529645,39.81181769097339,16.438783375863274,47.41612461380072,31.664793688804977,41.0470906074912,30.235860686854295,26.12135012898278,32.45144660055274
31580,경기,양평군,경기 양평군,2018,20.98,22.0,5272.0,426.0,20.01,25.0,116095.0,0.8,11.76,18.979794633984778,48.477901692450196,51.6862726940001,42.99079162868633,40.06150068512533,65.46021093000957,34.42284186143881,43.38475167835358,28.128794104782518,47.5916308885312,23.301955260450978,47.070788107030076,36.84275711727347,27.022469134490393,32.417480051906004
21150,부산,사상구,부산 사상구,2018,21.54,21.0,8349.0,621.0,20.35,31.0,223361.0,0.8,23.83,18.979794633984778,58.33040277909129,50.18072803178607,52.92431293780824,46.57990050841971,0.0,30.641076722560257,60.26892186073861,28.79567391146583,57.28202355412444,24.387237340117586,36.38242426158428,41.56211228941386,28.50642138248391,32.24300049021561
32050,강원,태백시,강원 태백시,2018,18.38,12.0,2307.0,217.0,21.66,12.0,44858.0,1.1,11.95,28.916859887379953,30.768555567635918,32.362387283364335,25.23700010744377,18.30160720777663,64.4011014738344,51.98103714908934,18.84987529498381,31.36512257839271,27.51171782898597,29.469268859057465,38.803396289285054,29.468248554227184,30.13266461510026,31.437082474687703
37030,경북,김천시,경북 김천시,2018,20.93,28.0,6586.0,531.0,13.32,38.0,141104.0,0.9,13.6,22.292149718449835,53.24698598350843,59.53720283834462,48.79683574160563,52.79022238906119,55.20357198599742,34.760499463124404,48.41836847329154,15.006953202690276,53.056444101410605,24.294853867591762,50.01799715125388,32.11969701300953,22.21781510668891,31.42817687955694
11090,서울,강북구,서울 강북구,2018,23.86,14.0,10654.0,736.0,17.59,23.0,319164.0,0.7,13.34,15.667439549519719,63.555375439195835,37.20909523916769,57.404368219851044,37.54872873500689,56.652879662868706,14.973764004349022,69.4780019189155,23.382179010154232,60.062907343106104,21.61344405758251,41.75054914649088,39.71388335517809,24.947567185621946,31.27864107269153
37080,경북,상주시,경북 상주시,2018,18.23,28.0,3973.0,428.0,9.09,35.0,100297.0,1.1,9.45,28.916859887379953,42.41573837442271,59.53720283834462,43.114193617565064,50.27745043894275,78.33675221298132,52.994009954146094,39.6106605323497,6.710183843071416,44.99850791458519,26.935746329437947,56.49375897132709,24.06906815226074,19.42679773263308,31.067800631455096
38540,경남,고성군,경남 고성군,2018,16.19,19.0,2240.0,276.0,10.65,18.0,53243.0,1.3,8.37,35.541570056310064,30.137121392867805,46.95265057972991,31.562303419317256,30.214883313707368,84.3569533322928,66.77044010291803,23.27131624980034,9.769985309030146,31.440485687319985,31.135387477873852,52.03881715487357,19.586878693983184,21.925220401194956,30.836001883158833
36640,전남,영광군,전남 영광군,2018,17.32,13.0,2306.0,223.0,13.12,16.0,54127.0,1.3,8.68,35.541570056310064,30.759266628608263,34.872363388940606,25.9540028175988,26.72318913990466,82.62893264063858,59.13937830482377,23.696183410452658,14.614670963464796,29.46296101522805,31.924304849613094,45.82511394226599,21.23158620608925,24.26202519293261,30.678807782891695
31570,경기,가평군,경기 가평군,2018,18.9,13.0,2587.0,248.0,19.71,15.0,62918.0,1.0,10.56,25.60450480291489,33.22286083545516,34.872363388940606,28.748147596406216,24.82000703107101,72.14932328480009,48.469398091559235,27.57928491865399,27.540370745944298,31.859688571111896,26.656720297623327,42.008254906822195,29.415905154052556,27.379875683000048,30.617999977214932
25010,대전,동구,대전 동구,2018,21.92,23.0,11558.0,877.0,11.47,37.0,229071.0,0.9,21.17,22.292149718449835,65.30087357438255,53.12773185351042,62.027314480407426,51.974776791056065,13.006421547860512,28.074878949749774,60.92022933616388,11.378342489854605,61.552051958742524,24.955951019753822,42.1448516089844,33.76907067007217,21.52575598183685,30.51644562072203
22030,대구,서구,대구 서구,2018,21.89,17.0,6003.0,518.0,13.73,24.0,184372.0,0.9,10.98,22.292149718449835,51.260631292733294,43.38417651294818,48.143512776718495,38.830249135300626,69.80813396062341,28.277473510761126,55.319263629664505,15.811131793102506,50.90293003785564,24.216845187076082,46.15437236134127,31.58455594049753,22.380002112198547,30.492758555018057
34570,충남,예산군,충남 예산군,2018,16.76,24.0,3048.0,351.0,12.06,26.0,80083.0,1.0,8.77,25.60450480291489,36.736536957600585,54.51033925525214,37.890015825682525,41.24627866552993,82.12724921402929,62.921143443702334,33.803429433091736,12.535575095569765,39.41136515977824,24.75736856228169,55.57119213884687,24.763422034572464,20.480648869776132,30.3707252205615
32550,강원,정선군,강원 정선군,2018,13.73,16.0,1469.0,210.0,23.66,15.0,37700.0,0.7,6.88,15.667439549519719,21.099169874027577,41.44826801617648,24.37512481031431,24.82000703107101,92.66260117282437,83.3831941058489,14.364529855994029,35.28794497064749,23.14859749704729,19.15368839513967,53.31559491620918,29.927709988678387,26.416781435598214,29.980846305617323
37090,경북,문경시,경북 문경시,2018,18.55,17.0,2907.0,285.0,12.35,26.0,71874.0,1.1,10.84,28.916859887379953,35.72166688058642,43.38417651294818,32.406680138749,41.24627866552993,70.58853040201564,50.83300130335833,31.01301340344338,13.104384342446707,35.84157276391586,27.225469254960615,47.24975347818116,23.3421144262743,21.7005863112778,29.421163167644696
37070,경북,영천시,경북 영천시,2018,19.44,18.0,3553.0,330.0,14.84,23.0,101595.0,0.9,11.17,22.292149718449835,40.02154782957546,45.21538885811666,36.26558717740847,37.54872873500689,68.74902450444824,44.82269599335489,39.942432274156616,17.98829822080391,41.03658136865805,23.41951180491551,46.45612797578711,28.4107773142924,22.26727687688298,29.31070786527373
38590,경남,거창군,경남 거창군,2018,19.1,17.0,3015.0,280.0,7.68,16.0,62455.0,1.4,13.56,38.85392514077511,36.50328503547576,43.38417651294818,31.940918902051184,26.72318913990466,55.426542397823766,47.11876768481687,27.38871508784127,3.9445940565317943,35.145092346679895,33.38246146760868,41.17960541561626,17.91690865265865,20.759374951489267,28.923262924085428
21010,부산,중구,부산 중구,2018,21.6,4.0,1364.0,98.0,21.39,4.0,42795.0,1.4,11.29,38.85392514077511,19.510722815591198,0.0,4.391197200312824,0.0,68.08011326896919,30.235887600537538,17.635130994460226,30.83554155543832,15.045900706133667,35.7168473704562,20.760999473979552,23.50696206777835,32.176907539798265,28.798665713345684
32070,강원,삼척시,강원 삼척시,2018,16.99,19.0,2767.0,290.0,15.12,17.0,68326.0,1.0,17.59,25.60450480291489,34.664090959653436,46.95265057972991,32.864368849273504,28.51755696159405,32.96227340631893,61.367918475948656,29.706829684656512,18.53749335571958,35.634624501169654,25.450411701509445,40.75029424895699,26.279729048247923,23.155287882493763,28.455459307288027
31080,경기,동두천시,경기 동두천시,2018,23.12,11.0,5179.0,340.0,14.17,19.0,96226.0,1.0,14.53,25.60450480291489,48.09649240126485,29.65140656364546,37.05159691283358,31.82512808318582,50.019509911034774,19.97109650929569,38.54153781477418,16.67415271939856,41.54098885779377,26.514150750222438,33.96507103748145,27.536453804502855,23.22349689757614,27.921826015400978
31550,경기,연천군,경기 연천군,2018,17.45,13.0,1768.0,198.0,17.85,13.0,44633.0,0.9,9.19,22.292149718449835,25.067760081927847,34.872363388940606,22.82885034637324,20.62807065610894,79.78605988985261,58.26146854044125,18.72013451769319,23.892145921147357,25.124393074060002,22.809710185202263,43.38540154885655,24.449488789564658,23.43452948343741,27.473995182500914
34540,충남,서천군,충남 서천군,2018,15.65,18.0,1845.0,260.0,9.18,19.0,53922.0,1.0,7.2,25.60450480291489,25.9810021869422,45.21538885811666,29.991105367242977,31.82512808318582,90.87883787821356,70.41714220112237,23.59827776819573,6.88671085072288,29.113062195553148,22.83448544848882,53.57381934177914,17.04517195632705,16.384367315446475,26.492848600763132
38530,경남,창녕군,경남 창녕군,2018,16.47,17.0,2280.0,247.0,11.0,21.0,63396.0,0.9,8.72,22.292149718449835,30.516330336527147,43.38417651294818,28.641877925567876,34.8171901127445,82.40596222881223,64.87955753347876,27.77456310558829,10.45647922767473,32.267369402529695,21.3392172066413,50.51698725335147,20.358931759659594,17.383216096955746,26.387335675824836
35580,전북,부안군,전북 부안군,2018,14.23,22.0,1956.0,289.0,6.3,25.0,54441.0,1.0,6.9,25.60450480291489,27.232579943636665,51.6862726940001,32.77346350110299,40.06150068512533,92.55111596691118,80.00661808899304,23.84542956510437,1.237846605875996,31.107173380149664,22.112313587431235,59.051392328025415,14.872773326124797,13.720319104690935,26.346342941167933
36610,전남,영암군,전남 영암군,2018,17.24,16.0,2532.0,266.0,13.99,18.0,54731.0,0.9,15.06,22.292149718449835,32.762432096194,41.44826801617648,30.591312511819087,30.214883313707368,47.06515195433562,59.679630467520724,23.98250572388544,16.32109870409563,31.865621368497926,22.44352030407112,41.81867071261745,23.27129336669186,20.42483870347281,26.308216918215344
37620,경북,울진군,경북 울진군,2018,17.17,13.0,2039.0,216.0,11.88,16.0,50036.0,1.0,8.58,25.60450480291489,28.122895968706136,34.872363388940606,25.11558390474985,26.72318913990466,83.18635867020446,60.15235110988052,21.668438899128432,12.182521080266836,27.53645233187972,23.843046361096803,45.92958898097828,19.06246796165131,19.04477575288949,26.28845724123323
34070,충남,계룡시,충남 계룡시,2018,24.9,5.0,3299.0,199.0,16.66,8.0,43731.0,1.2,14.27,32.229214971845,38.43217290263084,6.175081273780498,22.961221438399264,6.757663484245363,51.46881758790605,7.950485889288814,18.193367524661042,21.558066597755758,25.909112963469834,31.2488385088102,19.872831832431693,22.88988446536904,26.603225233424972,26.059123807135737
36600,전남,해남군,전남 해남군,2018,16.86,20.0,2838.0,313.0,7.94,22.0,71901.0,0.9,8.9,22.292149718449835,35.206952178332514,48.60513333824334,34.87321627514454,36.212659423663936,81.40259537559365,62.24582824033117,31.02270413316034,4.454560967524918,36.631313996763026,20.907991651799364,52.60091437316936,19.00531792160359,14.86388985277394,25.934110714084554
32540,강원,평창군,강원 평창군,2018,14.54,19.0,1658.0,239.0,12.63,17.0,42610.0,0.8,7.2,18.979794633984778,23.691695517957083,46.95265057972991,27.775965020057132,28.51755696159405,90.87883787821356,77.91314095854241,17.523351775776188,13.65357947736238,26.493383407657383,18.652052448888647,54.37055068255057,19.571575640480148,17.040515387593178,25.842286003909553
21020,부산,서구,부산 서구,2018,22.85,11.0,3756.0,293.0,11.61,10.0,110534.0,1.0,11.86,25.60450480291489,41.21215559740243,29.65140656364546,33.135222275596824,13.057296635395799,64.90278490044369,21.79444755839785,42.118258384585204,11.652940057312437,39.17183662680587,25.072535170523274,33.512127868705974,23.934427565054655,20.204960740079187,25.834430313020423
32560,강원,철원군,강원 철원군,2018,17.5,16.0,2249.0,242.0,8.13,13.0,46413.0,1.1,9.3,28.916859887379953,30.223030231202557,41.44826801617648,28.10401864949527,20.62807065610894,79.17289125733014,57.92381093875566,19.72912497883046,4.827229094789122,29.319906212485712,25.434032302873586,45.829209303242614,15.803777596816744,16.7771129741355,25.665747393898048
33590,충북,증평군,충북 증평군,2018,21.55,4.0,2094.0,141.0,13.32,5.0,37317.0,1.4,11.6,38.85392514077511,28.693126675110598,0.0,13.916745043076038,0.0,66.35209257731498,30.573545202223116,14.101070633570354,15.006953202690276,18.576884527626405,34.26079950349593,22.864313816676628,16.107610191537326,24.79897490142016,25.63578083992207
34530,충남,부여군,충남 부여군,2018,15.03,24.0,2374.0,348.0,9.52,27.0,68078.0,0.7,8.03,15.667439549519719,31.381919296557797,54.51033925525214,37.663983254025865,42.387964133457636,86.25220183281678,74.60409646202365,29.613008521092677,7.553590657406192,35.476930055657135,16.021810190406498,58.84751794354362,20.323843924574085,13.703238413981529,25.509441261494104
35570,전북,고창군,전북 고창군,2018,15.71,21.0,2130.0,309.0,7.6,22.0,57041.0,0.9,8.02,22.292149718449835,29.0583187333533,50.18072803178607,34.534647822726065,36.212659423663936,86.30794443577336,70.01195307909967,25.049139073424687,3.787681160841603,32.08004669506127,20.193096336298947,55.36568597856293,16.670332049325854,13.922786381842911,25.41245415330708
32520,강원,횡성군,강원 횡성군,2018,14.42,16.0,1697.0,213.0,9.98,13.0,46726.0,1.0,10.8,25.60450480291489,24.189742847827812,41.44826801617648,24.747949509458316,20.62807065610894,70.81150081384197,78.72351920258781,19.902540196410456,8.455839807624793,26.355287086072337,22.890728858112666,47.477855582302176,16.618868294838414,16.89773860595077,25.242705954208844
23510,인천,강화군,인천 강화군,2018,16.48,21.0,2496.0,276.0,11.02,20.0,68896.0,0.7,9.44,15.667439549519719,32.45561486812991,50.18072803178607,31.562303419317256,33.356792360044814,78.39249481593791,64.81202601314163,29.921182606625802,10.495707451597278,35.24030782240991,16.57049726669237,51.571144481009156,21.770012266176966,15.224248081331778,24.88016973165612
32530,강원,영월군,강원 영월군,2018,13.25,13.0,1371.0,199.0,14.64,15.0,39730.0,0.7,8.24,15.667439549519719,19.620361041703806,34.872363388940606,22.961221438399264,24.82000703107101,85.08160717072843,86.62470708203054,15.717714989401449,17.596015981578432,21.49996769546046,16.352018163546933,50.77904194260039,19.446774585513175,17.251630863152894,24.228917669130027
38600,경남,합천군,경남 합천군,2018,11.81,19.0,1269.0,231.0,7.57,17.0,45916.0,0.8,5.99,18.979794633984778,17.964510699826644,46.95265057972991,26.8806936039448,28.51755696159405,97.62369283596067,96.34924601057544,19.451348688802703,3.728838824957783,24.208190072500116,16.590622869214915,59.18292483047851,13.256730854985506,11.588914651590507,23.48936535421016
21030,부산,동구,부산 동구,2018,21.97,7.0,2505.0,189.0,15.26,9.0,86912.0,0.8,11.23,18.979794633984778,32.5327318964444,15.918636614342724,21.60666927091397,10.065234605837132,68.41456888670871,27.73722134806421,35.91484067063523,18.812090923177415,30.224545472281317,20.309932803609634,29.32553787842719,23.832286149066018,20.314041147276814,23.13836995692534
38560,경남,하동군,경남 하동군,2018,13.56,17.0,1598.0,224.0,7.65,15.0,47533.0,0.8,6.85,18.979794633984778,22.902131976488054,43.38417651294818,26.07163320169744,24.82000703107101,92.82982898169413,84.5312299515799,20.344348864365454,3.8857517206479737,26.2312059501433,17.107921931234586,54.38995644432946,14.107659822603633,12.030123041234628,23.047114051504366
36550,전남,고흥군,전남 고흥군,2018,14.72,17.0,1980.0,247.0,6.04,21.0,65777.0,0.8,7.33,18.979794633984778,27.493843429876748,43.38417651294818,28.641877925567876,34.8171901127445,90.15418403977792,76.69757359247428,28.725851603512435,0.727879694882875,31.04151249858174,17.09341227270869,54.430234827343725,14.546397909982616,10.983423716060745,23.043133073526057
36660,전남,완도군,전남 완도군,2018,15.26,21.0,2110.0,267.0,7.15,24.0,51477.0,0.7,7.22,15.667439549519719,28.85620288900672,50.18072803178607,30.690034038251397,38.830249135300626,90.76735267230038,73.05087149426996,22.401002039896646,2.9050461225842787,31.184547662829566,15.071956869428101,56.29683631952923,15.747239054385801,10.914830435776418,22.976716696766548
32590,강원,인제군,강원 인제군,2018,14.25,14.0,1547.0,203.0,7.77,15.0,32136.0,0.9,7.57,22.292149718449835,22.207348841274708,37.20909523916769,23.484168775789517,24.82000703107101,88.81636156881981,79.87155504831881,10.244514229258389,4.121121064183259,21.61884773724841,19.558015332592337,50.77344561986929,11.965673011861261,13.016250990539499,22.80276235955502
22040,대구,남구,대구 남구,2018,23.01,11.0,4570.0,386.0,9.48,16.0,150501.0,0.8,17.16,18.979794633984778,45.41564817380505,29.65140656364546,40.39332090744405,26.72318913990466,35.359205333452195,20.713943233003988,50.08187231708807,7.475134209561099,43.66266709475804,19.897680924303252,31.251719623867043,23.671874953947373,16.115918678590116,22.78833840347143
34510,충남,금산군,충남 금산군,2018,16.76,16.0,2314.0,263.0,13.79,16.0,53222.0,0.7,19.48,15.667439549519719,30.83346566928482,41.44826801617648,30.29291411016465,26.72318913990466,22.426921447523853,62.921143443702334,23.261137688120332,15.928816464870147,30.684727744313804,17.223248698798795,36.94097348000739,22.561539644371244,17.570941058759637,22.744918957140385
38550,경남,남해군,경남 남해군,2018,15.01,13.0,1368.0,176.0,7.52,10.0,43990.0,1.0,9.86,25.60450480291489,19.57344188439715,34.872363388940606,19.735021301086995,13.057296635395799,76.05130549176123,74.73915950269789,18.34572707409305,3.6307682651514113,22.264911742214608,21.705338030398593,44.02491549726106,12.150706322720723,13.9460438564104,22.436249201013744
21040,부산,영도구,부산 영도구,2018,20.58,14.0,4051.0,332.0,9.73,13.0,120109.0,0.7,15.57,15.667439549519719,42.83236491376875,37.20909523916769,36.42467186071106,20.62807065610894,44.22227920354964,37.12410267492352,44.26177346707013,7.965487008592946,42.136533544838954,17.228639204805607,35.91147398712227,23.30766638145716,14.898390012628909,22.42338019711533
36650,전남,장성군,전남 장성군,2018,16.94,13.0,1946.0,231.0,8.91,16.0,45795.0,0.8,8.44,18.979794633984778,27.122773215415457,34.872363388940606,26.8806936039448,26.72318913990466,83.96675511159668,61.70557607763422,19.383265976078935,6.357129827768486,26.35083907831953,17.900692771195402,46.8375906876062,15.31570228366166,13.47269716786592,22.394432415704866
38580,경남,함양군,경남 함양군,2018,15.56,13.0,1534.0,183.0,5.78,12.0,40044.0,1.0,8.28,25.60450480291489,22.026585561609394,34.872363388940606,20.759281780099293,18.30160720777663,84.8586367589021,71.02492588415643,15.920829879965053,0.2179127838897539,22.764014422582335,21.43872407593057,46.08624673259115,10.400529964350062,12.355711006979208,22.05386008717279
32610,강원,양양군,강원 양양군,2018,12.61,14.0,919.0,152.0,12.31,15.0,27347.0,0.7,6.74,15.667439549519719,11.054148035286284,37.20909523916769,15.887067060271635,24.82000703107101,93.4429976142166,90.94672438360605,6.080996314715679,13.025927894601613,14.793191959891384,14.809883649858659,52.01453126712663,14.008148920212264,14.065238926071732,21.90632496223085
37600,경북,예천군,경북 예천군,2018,15.35,11.0,1326.0,157.0,8.84,14.0,53274.0,0.9,9.92,22.292149718449835,18.905555868257533,29.65140656364546,16.736271342911625,22.793956309772994,75.7168498740217,72.4430878112359,23.286334410759185,6.219831044039568,22.368959570085615,19.542642532269063,43.16543013197447,13.660109065851694,13.997278491426135,21.862526671885487
36580,전남,장흥군,전남 장흥군,2018,14.71,15.0,1438.0,202.0,7.34,16.0,39312.0,0.8,7.39,18.979794633984778,20.64232135220861,39.39496190420769,23.35439958312677,26.72318913990466,89.8197284220384,76.7651051128114,15.44482126418288,3.277714249848482,22.833599436200707,16.790735248186717,51.043037354578885,12.187426487906588,11.370681584726317,21.62682646578571
33540,충북,영동군,충북 영동군,2018,15.32,14.0,1738.0,223.0,6.82,14.0,49715.0,0.9,14.27,22.292149718449835,24.70114521837903,37.20909523916769,25.9540028175988,22.793956309772994,51.46881758790605,72.64568237224725,21.50237979333244,2.2577804278622398,26.243105595022783,19.527893874854616,42.17231319072985,13.128274771916674,12.523411302966593,21.331250687030977
36670,전남,진도군,전남 진도군,2018,14.0,10.0,1200.0,159.0,7.44,13.0,31219.0,0.9,7.26,22.292149718449835,16.76714428070709,26.704402741921108,17.06845154124107,20.62807065610894,90.54438226047404,81.55984305674674,9.497571699014687,3.473855369461222,16.57372419844217,18.91690502232727,47.12304909555499,9.359125338389404,12.078170691233472,20.95568754385974
33520,충북,보은군,충북 보은군,2018,13.52,15.0,1142.0,197.0,8.08,16.0,33680.0,0.7,6.78,15.667439549519719,15.706189546133997,39.39496190420769,22.695812394646765,26.72318913990466,93.22002720239024,84.80135603292837,11.45529196940686,4.729158534982751,19.168674744730595,14.0305723970006,53.16570049755265,11.40006508929911,10.38050144913913,20.624905753983843
36560,전남,보성군,전남 보성군,2018,14.03,17.0,1399.0,216.0,5.81,19.0,42803.0,0.7,6.85,15.667439549519719,20.05339044567129,43.38417651294818,25.11558390474985,31.82512808318582,92.82982898169413,81.35724849573539,17.63995378447131,0.27675511977357437,23.995516660766675,13.797431974672953,54.56691598674088,11.147304123975239,8.667675897853513,20.524787010740734
37570,경북,고령군,경북 고령군,2018,15.98,9.0,1189.0,135.0,13.14,9.0,32969.0,0.7,8.07,15.667439549519719,16.569922905020114,23.47632528986497,12.77665529697348,10.065234605837132,86.02923142099043,68.1886020299975,10.904786631307484,14.653899187387347,16.251662499875295,15.6056568307499,40.24278076328952,15.356979657749683,15.235240079622974,20.41695529942598
37580,경북,성주군,경북 성주군,2018,14.44,12.0,1215.0,173.0,10.72,15.0,44672.0,0.6,7.41,12.355084465054663,17.03319105343974,32.362387283364335,19.28359188842692,24.82000703107101,89.70824321612521,78.58845616191357,18.742669709712743,9.907284092759063,20.61187389630656,12.455725068048832,48.67571635904801,14.903283646498776,11.930904513464904,20.31721838805387
32570,강원,화천군,강원 화천군,2018,13.29,13.0,1087.0,164.0,7.49,14.0,25084.0,0.8,7.05,18.979794633984778,14.649155601125955,34.872363388940606,17.881068812988897,22.793956309772994,91.71497692256237,86.35458100068207,3.852397691274671,3.5719259292675916,15.4547697857335,16.235550424991317,50.477744912150186,8.959486373907628,10.711872243825459,20.29643722844789
33530,충북,옥천군,충북 옥천군,2018,17.58,12.0,2233.0,233.0,9.97,17.0,51465.0,0.6,11.59,12.355084465054663,30.070064540277198,32.362387283364335,27.10737291478148,28.51755696159405,66.40783518027155,57.383558776058734,22.39498667000211,8.43622569566352,28.226005727812097,13.538753657168247,42.2852330208734,17.24942376950713,12.309469387492424,20.210227369389557
36590,전남,강진군,전남 강진군,2018,14.33,14.0,1346.0,186.0,6.97,14.0,36144.0,0.7,6.97,15.667439549519719,19.226193507369974,37.20909523916769,21.186374284239186,22.793956309772994,92.16091774621508,79.33130288562187,13.277030443057827,2.5519921072813476,21.03802493443587,14.055997828968989,50.45595019172667,10.961298450854178,9.565390919661093,19.873702677284278
23020,인천,동구,인천 동구,2018,21.49,8.0,3898.0,276.0,10.36,13.0,66233.0,0.7,19.31,15.667439549519719,42.007351325941855,19.907851223083235,31.562303419317256,20.62807065610894,23.374545697785848,30.978734324245835,28.904103963479177,9.2011760621532,33.65647709663133,17.331491204056952,25.837012702268638,19.78851781620283,14.85443489621252,19.47428189779656
32580,강원,양구군,강원 양구군,2018,15.37,10.0,1100.0,150.0,7.09,9.0,23408.0,0.9,7.49,22.292149718449835,14.903745112362351,26.704402741921108,15.539588657933951,10.065234605837132,89.26230239247252,72.30802477056166,2.068207527233705,2.7873614508166344,13.413215362735508,18.62759101769611,43.04962833635011,7.494469223698786,11.413542400188694,19.41709684432706
38570,경남,산청군,경남 산청군,2018,13.19,13.0,1097.0,176.0,8.67,13.0,35952.0,0.6,6.47,12.355084465054663,14.845261511356616,34.872363388940606,19.735021301086995,20.62807065610894,94.94804789404446,87.02989620405324,13.139606891896127,5.886391140697912,18.338985501035268,11.633798171031346,51.39802742109575,11.664744802333654,9.62684770510999,19.324460242463363
34550,충남,청양군,충남 청양군,2018,13.39,12.0,987.0,152.0,11.51,13.0,32296.0,0.6,10.47,12.355084465054663,12.582601884524836,32.362387283364335,15.887067060271635,20.62807065610894,72.65100671140937,85.67926579731089,10.372655171079451,11.4567989376997,15.875574950259121,12.243093377898436,45.20450932190117,13.609896796638154,12.172910836639836,19.20096639575039
37560,경북,청도군,경북 청도군,2018,16.8,11.0,1119.0,155.0,8.92,14.0,43057.0,0.7,8.46,15.667439549519719,15.270481031298605,29.65140656364546,16.399859435965425,22.793956309772994,83.8552699056835,62.65101736235387,17.79261056964985,6.376743939729759,18.90330499927335,14.234139356229113,42.75059707179388,12.195337614923114,11.178230699258439,18.948296323207177
38510,경남,의령군,경남 의령군,2018,11.73,13.0,765.0,153.0,7.59,10.0,27667.0,0.7,5.85,15.667439549519719,7.127579930272594,34.872363388940606,16.059106610530584,13.057296635395799,98.4040892773529,96.88949817327237,6.3811529814370145,3.7680670488803294,12.452608537355523,13.028547712499098,52.006561315855194,7.9423621490483125,9.02445164571491,18.831196819860264
35560,전북,순창군,전북 순창군,2018,12.81,15.0,1134.0,202.0,6.31,15.0,29209.0,0.6,6.5,12.355084465054663,15.555641243494133,39.39496190420769,23.35439958312677,24.82000703107101,94.7808200851747,89.5960939768637,7.780510289601292,1.2574607178372694,17.99096608946899,11.010496580816001,54.31597614369156,8.909304377370287,7.281755198256588,18.58681472353908
37550,경북,영덕군,경북 영덕군,2018,14.88,9.0,1170.0,140.0,7.32,11.0,38108.0,0.7,7.38,15.667439549519719,16.224934260688396,23.47632528986497,13.7301154495917,15.788835257658187,89.87547102499498,75.61706926708041,14.642258061924318,3.238486025925935,17.20040960689449,13.858845992097518,43.594627267434724,9.57012540467209,9.498411915823649,18.02164211690883
32600,강원,고성군,강원 고성군,2018,11.76,14.0,939.0,172.0,8.86,11.0,28144.0,0.6,13.43,12.355084465054663,11.515116908520428,37.20909523916769,19.131384103568518,15.788835257658187,56.151196236259416,96.68690361226103,6.82219068221326,6.259059267962115,15.24603470675773,11.35668392983736,45.16061033207849,10.489744105332008,9.44247432450522,17.60763289385616
33580,충북,단양군,충북 단양군,2018,13.83,11.0,1047.0,166.0,9.45,12.0,30255.0,0.5,6.78,9.042729380589606,13.846281722707854,29.65140656364546,18.19924106623459,18.30160720777663,93.22002720239024,82.70787890247773,8.688309674175878,7.416291873677275,15.459915076335783,9.27911898876458,48.41091388142783,11.116603982555,8.902752247552586,17.577230498380757
35530,전북,무주군,전북 무주군,2018,14.56,10.0,1037.0,124.0,7.52,9.0,24589.0,0.7,7.04,15.667439549519719,13.640774621391067,26.704402741921108,10.549376141223537,10.065234605837132,91.77071952551896,77.77807791786816,3.3381600919897427,3.6307682651514113,13.16271588667668,13.659272364051608,43.397769263243106,7.896241758102062,9.284841338544107,17.40536002147648
36530,전남,구례군,전남 구례군,2018,13.99,10.0,996.0,145.0,6.34,12.0,27117.0,0.7,7.32,15.667439549519719,12.776968998012853,26.704402741921108,14.65034714881579,18.30160720777663,90.2099266427345,81.62737457708386,5.863081345141465,1.3163030537210918,13.488289450933088,13.225722019999237,46.11616866071834,6.829262955112502,8.097956522068875,17.31914121057763
36510,전남,담양군,전남 담양군,2018,16.88,14.0,1440.0,197.0,12.02,15.0,46917.0,0.3,11.15,2.418019211659491,20.672091115981384,37.20909523916769,22.695812394646765,24.82000703107101,68.86050971036141,62.11076519965694,20.00779247453019,12.457118647724668,23.780202348183288,5.749291317501457,43.03302818315955,17.707911874541143,9.890823966635534,17.143837120463342
35550,전북,임실군,전북 임실군,2018,11.08,15.0,1001.0,185.0,5.15,14.0,30072.0,0.5,6.6,9.042729380589606,12.884193966348612,39.39496190420769,21.044776210049996,22.793956309772994,94.22339405560882,100.0,8.531775767471919,0.0,16.88062209425742,8.070466432077065,55.40395869094175,7.796101348811279,5.204648418360224,17.076772500354103
37520,경북,의성군,경북 의성군,2018,12.92,16.0,1209.0,199.0,7.18,16.0,52944.0,0.3,5.86,2.418019211659491,16.927168282589253,41.44826801617648,22.961221438399264,26.72318913990466,98.34834667439631,88.85324725315542,23.126013131636835,2.9638884584680993,23.691041684020973,3.9508145057737583,55.47875611933115,12.629301080038477,4.907163375356485,16.83209183441212
36680,전남,신안군,전남 신안군,2018,9.45,19.0,974.0,220.0,5.98,22.0,41263.0,0.2,4.4,0.0,12.29870069470747,46.95265057972991,25.597934804373878,36.212659423663936,100.0,100.0,16.694542634698458,0.6101950231152323,20.548243253709256,1.321399322938032,61.22191273058904,9.994793854832633,2.373486997784242,15.879479683244849
37610,경북,봉화군,경북 봉화군,2018,12.9,14.0,995.0,164.0,5.72,17.0,32843.0,0.4,6.39,5.730374296124549,12.755459486452814,37.20909523916769,17.881068812988897,28.51755696159405,95.39398871769717,88.98831029382964,10.805991642126827,0.10022811212210948,17.061346283697993,5.58836088755701,53.066179597625236,7.948025629193516,4.021464127400271,15.54145458257616
36630,전남,함평군,전남 함평군,2018,15.15,11.0,998.0,145.0,6.88,12.0,33420.0,0.5,7.22,9.042729380589606,12.819923374053415,29.65140656364546,14.65034714881579,18.30160720777663,90.76735267230038,73.79371821797824,11.255341611493005,2.3754650996298827,15.716845483203702,8.420359137792028,45.25032335915526,8.523932377695616,6.320182210420815,15.536659207109432
33560,충북,괴산군,충북 괴산군,2018,12.43,14.0,1065.0,183.0,8.14,15.0,39133.0,0.4,14.91,5.730374296124549,14.211301023280559,37.20909523916769,20.759281780099293,24.82000703107101,47.90129099868443,92.16229174967417,15.327071627962447,4.846843206750396,19.14559104786255,6.445937305434027,44.367357097190734,11.527994236479966,6.6485629105516475,15.48830017209897
35520,전북,진안군,전북 진안군,2018,11.43,13.0,904.0,172.0,5.95,12.0,25963.0,0.4,5.04,5.730374296124549,10.701796651955078,34.872363388940606,19.131384103568518,18.30160720777663,100.0,98.91544378338591,4.741039396192264,0.5513526872314101,13.74768282262334,5.450663290373631,54.285648541523926,6.6419955566911915,3.9146044192214875,15.350393495818167
36520,전남,곡성군,전남 곡성군,2018,16.06,8.0,967.0,117.0,7.14,8.0,29624.0,0.8,17.29,18.979794633984778,12.144258868216568,19.907851223083235,9.027507822270962,6.757663484245363,34.63455149501657,67.64834986730057,8.144510530277978,2.8854320106230036,12.497052837808324,15.882086663903689,27.70867699528462,7.228301081335986,10.035189697870294,15.026016111679935
35540,전북,장수군,전북 장수군,2018,13.73,8.0,979.0,123.0,5.73,8.0,23221.0,0.6,6.44,12.355084465054663,12.408338920820082,19.907851223083235,10.337262731233936,6.757663484245363,95.11527570291422,83.3831941058489,1.861264244121879,0.11984222408338473,10.744118978263252,10.525123574485514,43.27922941181456,4.817555766336484,6.027139930622415,14.881364247758926
37530,경북,청송군,경북 청송군,2018,13.03,8.0,623.0,95.0,6.31,8.0,25678.0,0.5,6.16,9.042729380589606,2.732881865962101,19.907851223083235,3.578579928565003,6.757663484245363,96.67606858569867,88.11040052944713,4.45625254409212,1.2574607178372694,6.684886940825333,7.243954329714005,42.847158572423865,3.8974027719250603,4.646698831888806,13.055482425795642
23520,인천,옹진군,인천 옹진군,2018,11.21,6.0,635.0,81.0,9.16,10.0,21036.0,0.2,6.07,0.0,3.141165190824374,11.396038099075653,0.0,13.057296635395799,97.17775201230796,100.0,0.0,6.847482626800333,3.849790215227318,1.341238913102487,43.673352517586096,5.533952292812623,3.897331219853253,11.328823898087201
37630,경북,울릉군,경북 울릉군,2018,11.45,4.0,290.0,42.0,10.53,6.0,9832.0,0.2,5.48,0.0,0.0,0.0,0.0,0.0,100.0,98.78038074271167,0.0,9.534615965494856,0.0,1.4301923948242283,39.756076148542334,5.244038781022171,4.838817602488639,10.618524046055652
37310,경북,(구)군위군,경북 (구)군위군,2018,12.37,7.0,496.0,88.0,5.65,8.0,23919.0,0.3,5.79,2.418019211659491,0.0,15.918636614342724,1.5791838386690886,6.757663484245363,98.73854489509242,92.56748087169687,2.6253837526500385,0.0,3.9713424486635565,1.8135144087446182,42.85337795853048,1.9856712243317782,1.2046078880220759,9.972530086819049
37540,경북,영양군,경북 영양군,2018,12.9,6.0,523.0,76.0,4.07,8.0,17356.0,0.3,6.39,2.418019211659491,0.0,11.396038099075653,0.0,6.757663484245363,95.39398871769717,88.98831029382964,0.0,0.0,2.2792076198151308,1.8135144087446182,40.1693169447573,1.1396038099075654,1.0776977758584438,9.186127996809269
11230,서울,강남구,서울 강남구,2019,25.45,33.0,25484.0,1593.0,54.43,38.0,545169.0,4.2,13.3,100.0,81.15364812625292,64.42544102205892,77.10480344514646,53.15738340028242,56.02596730362765,0.6339917093391705,83.1202843057915,94.3402140672783,78.3979975592757,97.26639692271704,51.466888378334126,87.02843411032826,94.70653850145516,84.8594232974315
31020,경기,성남시,경기 성남시,2019,24.49,72.0,46942.0,2876.0,58.08,127.0,942724.0,2.1,16.43,64.19753086419755,94.00719556092221,90.10587766004606,92.60931762893698,90.75619560186836,39.149376698442815,7.136470779484668,97.11454543369638,100.0,94.15913694257922,72.54886770424038,64.0441037751092,97.37920869324351,85.88131515610671,79.65271376424145
11220,서울,서초구,서울 서초구,2019,25.6,24.0,23064.0,1367.0,53.33,27.0,430826.0,2.6,11.44,81.3443072702332,79.05418212113094,54.09125368298427,73.0902666737529,42.6744522232068,66.05486779105378,0.0,77.10556354020663,92.23776758409787,73.47701085922431,82.74931380240267,48.70295879672685,83.51656849480945,86.185360829857,76.62232996620591
31240,경기,화성시,경기 화성시,2019,25.01,92.0,63581.0,3679.0,68.86,167.0,815396.0,1.7,18.16,50.480109739369006,100.0,98.24391074514804,99.07274499258314,99.35918649847429,29.821420868740006,3.6142946164891754,93.40695759212278,100.0,97.67086942666644,62.860082304526756,66.00798946899238,98.83543471333323,81.25535635926337,76.14508817126882
31190,경기,용인시,경기 용인시,2019,25.29,103.0,70018.0,4161.0,53.01,169.0,1059609.0,1.8,17.63,53.90946502057614,100.0,100.0,100.0,99.73358557297803,32.67911831945821,1.717738221030089,100.0,91.62614678899082,100.0,64.17602078378073,66.83940914404437,95.39438073394496,78.4663188781289,75.46974083747351
35010,전북,전주시,전북 전주시,2019,24.04,73.0,39670.0,2485.0,28.86,120.0,654394.0,3.0,17.42,95.06172839506173,90.46549361504076,90.56314710249292,88.77394667285687,88.97697604500364,33.81141353578052,10.184507843615378,87.78643035522362,45.467889908256886,89.68130533458606,87.16302914403892,62.451846771342524,65.32471743608227,69.29398365532171,73.71024607621834
29000,세종,세종시,세종 세종시,2019,20.79,48.0,27892.0,1956.0,62.12,60.0,340575.0,1.8,14.26,53.90946502057614,83.0534648490404,76.70810018293194,82.49175133536917,67.30871043571855,50.84976060043996,32.198108862337094,71.0990894301604,100.0,78.19807929015471,63.73744525033615,62.67043832834188,89.94636640262534,80.36067758556187,73.16538344133932
31010,경기,수원시,경기 수원시,2019,25.16,99.0,69546.0,4065.0,48.09,192.0,1194465.0,1.7,15.61,50.480109739369006,100.0,100.0,100.0,100.0,43.57071992408229,2.598282261778948,100.0,82.22247706422019,100.0,60.193453864159785,69.23380043717225,90.2223623853211,72.40794826235512,72.16053508318707
26020,울산,남구,울산 남구,2019,23.62,30.0,16416.0,1038.0,31.87,44.0,323819.0,3.2,13.85,100.0,71.89983171149382,61.32088591363011,65.86733169177431,57.68457214165568,53.0604322132597,13.029342436804015,69.80997652973177,51.22094801223241,69.15708599739247,89.87312537298425,50.601650856930696,59.155072819849366,71.73715541375087,70.9345296302537
31100,경기,고양시,경기 고양시,2019,24.1,84.0,54934.0,3238.0,38.74,171.0,1066351.0,1.9,14.17,57.33882030178328,97.31538952574988,95.22085974698076,95.72114986737648,100.0,51.33502997886381,9.778102901731273,100.0,64.35168195718656,97.7018667122711,62.38840647249043,70.19708599235929,79.37858895630066,65.62408026470561,69.23504489868932
38110,경남,창원시,경남 창원시,2019,22.95,110.0,59495.0,3864.0,36.7,195.0,1044740.0,1.8,15.63,53.90946502057614,98.99368787979851,100.0,100.0,100.0,43.46288228443254,17.567530954509735,99.74000870048127,60.45259938837921,99.41884655004364,59.39935746166884,72.20608264778846,78.00866854464047,62.55938879846321,67.70108301679556
31210,경기,이천시,경기 이천시,2019,22.69,31.0,13184.0,842.0,55.62,51.0,215834.0,1.8,15.53,53.90946502057614,67.28657503086826,62.387921107327784,60.378484217759855,62.25859487020874,44.002070482681255,19.328619036007453,59.44419055173912,96.61467889908258,63.954128902421424,61.65295810338132,49.57713241017457,81.75080909416272,76.90423803049397,66.94291313144299
37050,경북,구미시,경북 구미시,2019,23.64,50.0,28266.0,1714.0,40.51,104.0,419742.0,2.0,15.94,60.768175582990416,83.33373288592286,78.05263089551443,79.02590107628083,84.48998597811422,41.79139886986152,12.893874122842647,76.43957531483045,67.73470948012232,80.20926521651346,64.06971139785345,58.977553943431055,73.19203617802786,66.72080944367372,66.02193572867421
38070,경남,김해시,경남 김해시,2019,24.13,58.0,35967.0,2283.0,34.41,91.0,542455.0,2.1,15.28,64.19753086419755,88.40354469669933,82.94982791214217,86.54879326866524,80.30855316527517,45.35004097830305,9.574900430789228,82.99276184825058,56.07568807339449,85.68956648525327,65.39985582882727,61.25843515620448,69.26623444815864,62.7163539073255,65.36096344357318
34010,충남,천안시,충남 천안시,2019,25.0,75.0,42059.0,2580.0,38.04,112.0,652258.0,1.9,19.6,57.33882030178328,91.69597689652969,91.45943450013475,89.75861676260308,86.81296326106873,22.057110813958474,3.6820287734698667,87.7028899566881,63.01376146788991,90.45074233529823,61.625777136173916,58.901313497323706,75.29814113016208,64.16242625137274,65.33398200201796
31040,경기,안양시,경기 안양시,2019,24.62,41.0,28467.0,1638.0,39.39,79.0,567044.0,1.9,18.16,57.33882030178328,83.48283007758288,71.52728303955419,77.8357775766953,75.88699508150829,29.821420868740006,6.255926738735795,84.1255267840456,65.59403669724772,81.28452968191596,61.19150373868291,52.36291978580607,72.54484352056508,64.43539124146292,63.10660546338552
31070,경기,평택시,경기 평택시,2019,23.56,58.0,30978.0,1931.0,45.87,108.0,513027.0,1.4,15.56,40.1920438957476,85.26151040372503,82.94982791214217,82.15417250975257,85.67279112416483,43.84031402320664,13.43574737868812,81.56755738340286,77.97935779816514,83.6909879993118,50.36708763190798,61.43463965887025,80.47106526846048,64.54697883558086,63.01635706225536
33040,충북,청주시,충북 청주시,2019,23.97,92.0,50790.0,3338.0,31.86,131.0,839566.0,1.7,16.73,50.480109739369006,95.66501259794804,98.24391074514804,96.5195245203499,91.72969864437532,37.53181210369666,10.65864694248016,94.15336250496857,51.20183486238532,95.7272971994942,55.10685879367936,67.17620988500875,71.24140714416163,56.160282670298784,62.28796034779415
31090,경기,안산시,경기 안산시,2019,23.85,54.0,34954.0,2079.0,40.15,94.0,650918.0,1.5,16.71,43.62139917695474,87.80240621323058,80.59034803647718,84.09222286408581,81.32371039755515,37.6396497433464,11.471456826248314,87.65034189251875,67.04663608562691,86.31437528166636,51.55328541688315,59.161903196869105,75.64271717726646,60.589372915000965,61.13730447961234
31150,경기,시흥시,경기 시흥시,2019,24.78,46.0,29619.0,1768.0,43.41,74.0,473682.0,1.5,16.93,43.62139917695474,84.31755936257159,75.30753146559137,79.83988821768205,73.84523167295319,36.45343570719923,5.172180227044876,79.52870667894048,73.27752293577981,81.0788979780862,52.139433759340186,54.42338628533059,76.62620863559343,63.21078120253203,61.037617939871105
22060,대구,수성구,대구 수성구,2019,24.53,34.0,23583.0,1571.0,28.1,49.0,428614.0,2.3,13.68,71.0562414266118,79.52241896905063,65.3996769329581,76.73989332268981,61.01779456114824,53.97705215028253,6.865534151561931,76.97403348025449,44.01529051987768,75.93335491519329,67.84671654484558,53.58609516180521,58.19896629507683,58.058554898641496,61.01531315542835
11240,서울,송파구,서울 송파구,2019,23.13,40.0,32208.0,2195.0,38.43,51.0,675961.0,1.6,13.16,47.050754458161876,86.08081994512034,70.71739359583503,85.51715445371761,62.25859487020874,56.78083078117586,16.348316128857448,88.61497344422013,63.759174311926614,83.76838072499322,53.46002398492244,59.48738594513438,72.64769523680023,59.94287728715557,61.00392089241996
31230,경기,김포시,경기 김포시,2019,25.0,43.0,31544.0,1749.0,37.66,90.0,437221.0,1.7,16.13,50.480109739369006,85.64249216789099,73.09076426961774,79.5563538523141,79.96279723674097,40.76694129318897,3.6820287734698667,77.48205894049256,62.2874617737003,80.6840166200168,55.7674507873709,55.39145491584499,70.31798767714903,60.2320351660529,60.460035751769325
31050,경기,부천시,경기 부천시,2019,23.7,64.0,41053.0,2486.0,34.45,124.0,829996.0,1.5,16.27,43.62139917695474,91.18656667532946,86.20483294607385,88.78450630274833,90.00589120425073,40.012077815640765,12.48746918095857,93.86042894304096,56.15214067278288,90.99237860979179,50.25752715116643,63.43788624485933,71.82053834116,55.55509356223122,59.754063144654744
38030,경남,진주시,경남 진주시,2019,22.47,45.0,20467.0,1402.0,21.14,53.0,347334.0,2.5,16.74,77.91495198902606,76.54060630108076,74.58473402595227,73.75358464790891,63.45256119208944,37.4778932838718,20.818770489582477,71.6012234871508,30.712538226299703,74.66761700187607,70.69715535582257,54.53255990067196,50.398674210348844,53.65776718866851,59.506170725127845
11150,서울,양천구,서울 양천구,2019,24.25,30.0,24414.0,1533.0,24.52,43.0,458165.0,2.3,13.71,71.0562414266118,80.251095662838,61.32088591363011,76.09739652835844,56.97361295083909,53.81529569080791,8.762090547021046,78.67765119946316,37.17278287461773,75.99302037398397,66.89320806743531,52.35004550500729,54.428985984889835,54.62142593756734,58.88839821893493
39010,제주,제주시,제주 제주시,2019,25.58,68.0,31399.0,2027.0,33.01,79.0,489405.0,1.7,17.83,50.480109739369006,85.54554610407125,88.2119238994078,83.42746534830978,75.88699508150829,31.60074192296078,0.0,80.36308514975745,53.399847094801224,84.52408337684443,54.42461397915406,56.202448763777404,67.35468028535932,56.00545551556136,58.69891681281623
36020,전남,여수시,전남 여수시,2019,21.4,50.0,14847.0,1084.0,33.81,73.0,282786.0,1.8,12.96,53.90946502057614,69.7860889346996,78.05263089551443,67.00479758472387,73.42057626927523,57.85920717767328,28.06632528651548,66.34783297892913,54.92889908256882,70.40792054013143,55.65004252128739,60.559918508512894,61.92555031874359,56.33896848735432,58.5179155791132
24050,광주,광산구,광주 광산구,2019,23.71,45.0,31388.0,2000.0,20.0,90.0,405315.0,2.3,16.17,71.0562414266118,85.53817331564514,74.58473402595227,83.07554842813842,79.96279723674097,40.55126601388947,12.419735023977879,75.5458772760842,28.533639143730888,80.3497966458383,66.12604427308301,58.27445370530968,51.591491186188875,50.78851951477564,58.485473387639786
22010,대구,중구,대구 중구,2019,23.31,10.0,4350.0,316.0,25.64,12.0,77421.0,4.0,12.06,100.0,43.95755152429677,26.499094353492914,34.697896764489954,18.40129770674621,62.71190096191173,15.129101303205175,33.24713793410903,39.313455657492355,37.25273601307967,85.29277350105353,32.302688170856385,38.050891041945796,62.11372988694096,58.25275910751547
24020,광주,서구,광주 서구,2019,22.34,30.0,17016.0,1171.0,20.13,55.0,300975.0,2.5,13.06,77.91495198902606,72.65515380579286,61.32088591363011,69.03000766919806,64.60310080493808,57.32001897942457,21.69931453033135,67.94065910052787,28.782110091743117,68.97395181578082,70.0190458861103,55.016010922717435,46.68437876805949,52.08591829037417,58.086045843486794
26510,울산,울주군,울산 울주군,2019,21.99,30.0,13648.0,903.0,38.75,49.0,223167.0,1.7,13.21,50.480109739369006,68.01435232660545,61.32088591363011,62.21282773944036,61.01779456114824,56.51123668205149,24.070010024655232,60.29790003020494,64.37079510703364,64.36072335509023,54.31713680324235,53.08630264309969,64.18358137008335,59.31588389459545,57.55274011123829
31130,경기,남양주시,경기 남양주시,2019,24.79,64.0,44661.0,2547.0,32.77,110.0,701830.0,1.4,15.63,40.1920438957476,92.95905739110198,86.20483294607385,89.42074306569397,86.24801338108016,43.46288228443254,5.104446070064199,89.57459991202948,52.94113149847096,90.59287525837459,47.38110838569154,62.246820033699635,69.76610708379123,52.68486627987929,57.46371623189859
31060,경기,광명시,경기 광명시,2019,24.24,25.0,18420.0,1163.0,34.96,48.0,316552.0,1.7,13.25,50.480109739369006,74.32335310042279,55.40941422115201,68.85016779234971,60.378654589739035,56.29556140275201,8.829824704001737,69.23001885330986,57.12691131498472,69.01256505043476,53.86145431181674,50.376300202129435,62.20991609343784,56.2566335301687,55.89280205955894
23040,인천,연수구,인천 연수구,2019,24.33,29.0,23208.0,1379.0,31.9,43.0,366550.0,1.8,16.62,53.90946502057614,79.18514538795702,60.21885978958035,73.31958271103441,56.97361295083909,38.12491912177025,8.220217291175587,72.97714783891472,51.2782874617737,73.529489003569,56.04235642349387,48.188736860889705,61.00854533636219,55.119860623822056,55.81416873700549
23080,인천,서구,인천 서구,2019,24.33,44.0,33997.0,1980.0,33.21,80.0,544556.0,1.4,14.87,40.1920438957476,87.21827648736931,73.84604966303586,82.81179413219178,76.2799983038944,47.56071259112279,8.220217291175587,83.09153692255379,53.78211009174313,83.30580925305796,46.93317708430911,58.07034418769895,66.87215135261924,52.32114977715754,55.58648006152556
37010,경북,포항시,경북 포항시,2019,22.23,66.0,27728.0,1806.0,28.1,117.0,507025.0,1.5,13.74,43.62139917695474,82.92937931506708,87.2233589388064,80.39793368411831,88.18271627270062,53.65353923133328,22.444390257118854,81.26685743764179,44.01529051987768,83.28941867658736,47.61128089220441,65.99114854738637,61.70665015847305,48.46698965183035,55.442179330288035
38100,경남,양산시,경남 양산시,2019,24.61,37.0,22021.0,1371.0,33.55,68.0,350759.0,1.6,15.81,47.050754458161876,78.08046433160038,68.16359954207233,73.1669280986394,71.20734169534887,42.49234352758484,6.323660895716486,71.85195276099206,54.431957186544345,74.22853790251229,51.2609058547631,52.36875407203691,63.147822187275516,54.1538112707634,55.28176617528227
11010,서울,종로구,서울 종로구,2019,22.15,13.0,5463.0,439.0,47.41,17.0,151290.0,1.7,17.68,50.480109739369006,48.75046408182648,34.60425820803624,43.30669930714891,28.69647549855321,32.40952422033385,22.986263512964328,50.365319760116336,80.92278287461774,46.40567961055539,54.87354614390207,33.13115533983709,65.27284718222613,65.55067415540115,54.86470821562007
35030,전북,익산시,전북 익산시,2019,20.27,60.0,15461.0,1208.0,16.71,83.0,287771.0,2.2,16.2,67.62688614540468,70.6387265713339,84.07022451249921,69.84610966605787,77.43053791674302,40.38950955441487,35.72028502533257,66.79434295172459,22.2454128440367,72.17171107368416,61.120849192792406,61.11211192247525,44.78889627249558,45.06465353268339,54.40499319669633
21120,부산,강서구,부산 강서구,2019,23.23,17.0,9321.0,571.0,47.68,21.0,129566.0,1.4,13.46,40.1920438957476,59.99116378438472,43.05063093811399,50.195471699452035,35.04496436910784,55.1632661864297,15.67097455905062,46.404574959544334,81.4388379204893,52.52708056767845,48.35897498832257,40.582586916948046,68.05534295088911,62.89138220896591,54.32628001359344
31200,경기,파주시,경기 파주시,2019,23.66,57.0,29748.0,1829.0,31.54,98.0,454040.0,1.3,14.61,36.76268861454047,84.40900296105502,82.37530476697384,80.73002496596854,82.628487174449,48.96260190656946,12.758405808881292,78.44655701185297,50.590214067278296,82.21352953747818,43.6014488671026,61.39604181414441,64.7109323576894,49.213939210752116,53.941141116712615
22070,대구,달서구,대구 달서구,2019,23.74,55.0,31654.0,2222.0,22.61,78.0,568887.0,1.7,16.13,50.480109739369006,85.71574066080449,81.19592812416107,85.83801204369745,75.48904829280819,40.76694129318897,12.216532553035847,84.20844090670957,33.522171253822634,84.35958822724733,51.4599820586806,59.618740648922774,56.33120127018589,45.912431158706106,53.803131696890816
38090,경남,거제시,경남 거제시,2019,23.83,38.0,18759.0,1164.0,26.99,58.0,248276.0,1.8,14.42,53.90946502057614,74.70707211003537,69.03660409460751,68.87271525562556,66.25406769096934,49.987059483242014,11.606925140209697,63.02226342715499,41.89373088685015,70.0675359020857,54.18686560946317,53.28240671116364,54.339966333308666,49.90723356512544,53.53908283970989
31160,경기,군포시,경기 군포시,2019,23.99,26.0,15126.0,956.0,34.08,49.0,275852.0,1.6,14.04,47.050754458161876,70.17781295374654,56.677820811569525,63.708767489643414,61.01779456114824,52.03597463658715,10.523178628518792,65.71348198774997,55.44495412844037,66.13851523551216,50.62259025826212,48.92725587191819,60.055091740710964,53.72529283519184,53.405005625302074
34040,충남,아산시,충남 아산시,2019,23.77,46.0,22801.0,1417.0,35.76,60.0,314395.0,1.3,18.14,36.76268861454047,78.81286795311757,75.30753146559137,74.03281293746721,67.30871043571855,29.92925850838975,12.013330082093788,69.05531073326911,58.65596330275229,75.1845334896578,44.251697751629955,52.05453381093956,65.91240316368679,52.5422965063313,53.095192188612195
35020,전북,군산시,전북 군산시,2019,22.21,56.0,15877.0,1140.0,20.24,67.0,270131.0,2.0,16.87,60.768175582990416,71.19738003415087,81.79078941552787,68.32615912467404,70.74548892987555,36.77694862614845,22.57985857108021,65.17797808361266,28.99235474006116,71.5102413252648,57.04472290166707,55.922882443201146,48.1410467679585,45.89084262504871,52.86191522811198
31180,경기,하남시,경기 하남시,2019,24.54,20.0,16083.0,935.0,43.54,34.0,272455.0,1.2,14.17,33.333333333333336,71.46862515505465,48.23144808149177,63.126190070286114,49.733900284578006,51.33502997886381,6.797799994581254,65.39686716809803,73.52599388379205,64.99966234425509,43.175761598074274,44.5144881712456,69.36569655046046,57.72683314093342,52.82851365573325
24040,광주,북구,광주 북구,2019,22.38,46.0,23940.0,1727.0,13.77,105.0,433533.0,2.1,15.88,64.19753086419755,79.83855711911198,75.30753146559137,79.22417953920167,84.78985886370756,42.11491178881074,21.428377902408627,77.26561145572572,16.626146788990827,78.16046828939197,58.62592587840798,60.29468794571869,44.23268702268535,41.767017368753585,52.71974703116461
11140,서울,마포구,서울 마포구,2019,23.42,22.0,15272.0,1086.0,30.68,24.0,374035.0,1.8,18.75,53.90946502057614,70.37993107809575,51.28889906788987,67.0531521460353,39.08914597941697,26.64021049907258,14.384025576417656,73.49366650208714,48.94648318042814,67.495845303252,54.8120643503059,41.0892869620974,57.14949184695669,53.1097250653463,52.541610259321246
31120,경기,구리시,경기 구리시,2019,24.75,16.0,10213.0,629.0,31.41,30.0,199265.0,1.9,13.58,57.33882030178328,61.914051524225776,41.1296060639965,52.731348080873005,45.89448542513293,54.516240348531234,5.375382697986936,57.403257143655885,50.341743119266056,56.40392411800895,56.746781846649945,40.27125565609113,52.794218198389515,53.91213374482652,51.991254744320045
24030,광주,남구,광주 남구,2019,23.16,23.0,13419.0,880.0,11.9,44.0,218060.0,2.6,15.75,81.3443072702332,67.65831438677483,52.7192760227209,61.53615169446689,57.68457214165568,42.815856446534085,16.145113657915402,59.706370113720006,13.0519877675841,62.2849234320476,69.73186005649,46.37277297029915,34.93813926885632,44.67484663722789,51.95153366410602
25040,대전,유성구,대전 유성구,2019,22.65,38.0,23402.0,1592.0,27.61,75.0,349373.0,1.5,16.78,43.62139917695474,79.3603030533161,69.03660409460751,77.08832618111579,74.26426233618393,37.262218004572304,19.599555663930204,71.7507859316563,43.078746177370036,75.01270812507644,47.11389161465317,55.59139644832854,57.23164930742594,47.21925436551999,51.75360588608537
36010,전남,목포시,전남 목포시,2019,23.22,33.0,15912.0,988.0,18.68,55.0,229861.0,2.1,14.49,64.19753086419755,71.24371263490843,64.42544102205892,64.57236909734789,64.60310080493808,49.60962774446791,15.738708716031311,61.05307200655579,26.010703363914374,66.82286612383274,59.17412491622616,51.788312891589314,44.15513428032386,45.314078777531684,51.66853713468543
31030,경기,의정부시,경기 의정부시,2019,24.28,33.0,22730.0,1344.0,26.59,62.0,451868.0,1.6,16.11,47.050754458161876,78.74724510377689,64.42544102205892,72.64506622121141,68.32932644681672,40.87477893283871,8.558888076078986,78.32403020679499,41.12920489296636,75.75591981833873,49.332171087944054,51.182487128520684,56.56166034511202,47.54555630827705,51.5718606872542
26040,울산,북구,울산 북구,2019,22.84,22.0,15535.0,977.0,28.75,45.0,217796.0,1.7,13.24,50.480109739369006,70.73919312826719,51.28889906788987,64.27869881370492,58.3799045835439,56.34948022257687,18.31260668129724,59.67541627837242,45.25764525993885,63.5300012612233,51.7226484063443,50.01685758531061,53.11974586716465,49.669461924225445,51.5654665593689
21090,부산,해운대구,부산 해운대구,2019,23.64,33.0,20100.0,1246.0,27.41,39.0,406102.0,1.6,14.84,47.050754458161876,76.15988580562706,64.42544102205892,70.65867266712102,53.95834649977703,47.72246905059742,12.893874122842647,75.59544342822086,42.69648318042813,73.64366413569157,49.308526901248335,50.76677698084661,56.496903526799905,48.072568092794,51.52440263018659
32020,강원,원주시,강원 원주시,2019,22.82,50.0,19972.0,1378.0,23.42,71.0,349215.0,1.7,18.35,50.480109739369006,76.02546348123548,78.05263089551443,73.30054935074375,72.55377266201575,28.796963292067446,18.448074995258594,71.73922773073886,35.070336391437316,75.14502623894228,50.7231791113659,54.26773707355639,53.05992496069989,45.595196036790995,51.465300015210445
31250,경기,광주시,경기 광주시,2019,25.91,27.0,19866.0,1067.0,40.98,42.0,372654.0,1.1,17.01,29.903978052126206,75.91349128195503,57.90009316609866,66.59014815977852,56.24630844704601,36.02208514860025,0.0,73.399149754902,68.63302752293578,71.55650920066785,40.314286795730524,43.86891896994131,69.73074517385085,54.63831480697041,51.29700151090957
25030,대전,서구,대전 서구,2019,23.19,39.0,26760.0,1771.0,17.64,78.0,481222.0,1.8,16.14,53.90946502057614,82.18168016075853,69.88750487418723,79.88437823573345,75.48904829280819,40.71302247336409,15.941911186973343,79.9322361513164,24.022935779816514,79.04801190061164,52.253707148480444,56.60293950975953,48.62753662116698,41.829011590351044,50.79193461180698
11190,서울,영등포구,서울 영등포구,2019,21.56,23.0,13891.0,1057.0,35.69,39.0,367678.0,1.2,11.9,33.333333333333336,68.38568271056295,52.7192760227209,66.34314239297477,53.95834649977703,63.57460207910968,26.982578774824574,73.0556592577263,58.52217125382263,66.65339433714354,40.61689395912969,53.33482894854128,62.094607222646076,50.10539800179968,50.530514178241155
36030,전남,순천시,전남 순천시,2019,22.89,42.0,16890.0,1118.0,18.92,61.0,279598.0,1.9,15.56,57.33882030178328,72.49876955361216,72.31811448130682,67.81495410416206,67.8231340068642,43.84031402320664,17.973935896393826,66.05813599503237,26.46941896024465,70.53044847157716,54.22440502573537,53.9536815072516,46.198466186242534,43.30626907688969,50.50623088375308
22510,대구,달성군,대구 달성군,2019,22.16,32.0,16083.0,1163.0,27.56,47.0,256540.0,1.5,12.47,43.62139917695474,71.46862515505465,63.42211918501084,68.85016779234971,59.7263355502108,60.50122934909199,22.918529355983637,63.858924928988635,42.98318042813455,67.57641389322609,46.3103889624417,55.53986785863635,53.85552492433431,46.27763636971808,50.34153060468666
21060,부산,동래구,부산 동래구,2019,23.96,22.0,12889.0,773.0,20.74,31.0,271247.0,2.0,13.48,60.768175582990416,66.81043041556495,51.28889906788987,58.13630652968696,46.89889843840583,55.055428546779964,10.72638109946081,65.28332409860504,29.9480122324159,63.24799225094196,56.7493765636617,44.983053141008746,44.75488133252148,45.56972476305464,49.56797283864197
23050,인천,남동구,인천 남동구,2019,23.7,38.0,30078.0,1810.0,22.77,77.0,532704.0,1.4,14.19,40.1920438957476,84.64113575970754,69.03660409460751,80.45599124093228,75.08603198201371,51.227192339214064,12.48746918095857,82.52926896354175,33.82798165137614,80.8866693878378,43.68234374548788,57.92715573049115,54.81666781419041,41.90346562285415,49.528007598121285
11020,서울,중구,서울 중구,2019,21.16,12.0,5181.0,401.0,54.93,14.0,126171.0,0.9,18.4,23.045267489711936,47.63543318694158,32.113579263089605,40.935141205142756,22.92848644811946,28.527369192943098,29.691945054051843,45.72611559696825,95.29587155963303,43.958267125179184,36.341874669923065,31.739636970520518,72.01009126104069,62.3260060699892,48.94771866149284
11250,서울,강동구,서울 강동구,2019,22.61,27.0,19622.0,1329.0,22.24,32.0,436067.0,1.5,12.79,43.62139917695474,75.65345684432333,57.90009316609866,72.35059749697295,47.87240148091279,58.775827114696106,19.870492291852926,77.41452795549155,32.814984709480115,72.63110544202887,45.20364277357041,52.5777921109097,50.58112146901234,41.67423425545509,47.79764502334288
31220,경기,안성시,경기 안성시,2019,21.34,35.0,10917.0,826.0,32.5,51.0,183405.0,1.3,20.78,36.76268861454047,63.316592149702835,66.34646589617641,59.87534988867752,62.25859487020874,15.694690074623622,28.47273022839957,55.28401365376179,52.4250764525994,61.51279335021524,41.76743714376555,46.41040394254061,56.424359116552154,47.696149197775384,47.66045022596399
36060,전남,광양시,전남 광양시,2019,21.63,28.0,9439.0,671.0,24.59,37.0,156750.0,1.6,12.11,47.050754458161876,60.255849954590424,59.07946980891145,54.42590501131068,52.33561375445267,62.442306862787376,26.508439675959792,51.27122694711913,37.306574923547394,57.325187023213246,46.90963707761256,51.062861585527294,46.16841722182817,43.43738234532209,47.108200078420744
32030,강원,강릉시,강원 강릉시,2019,21.23,34.0,10110.0,789.0,17.36,36.0,213442.0,1.9,17.52,57.33882030178328,61.70077991971708,65.3996769329581,58.67354305963246,51.491927687543935,33.27222533753181,29.217805955187075,59.159428215022345,23.48776758409786,61.678153810956864,52.697358355923846,47.97011656317511,40.6723100807464,40.670244344508134,46.78905832542442
21050,부산,부산진구,부산 부산진구,2019,21.96,32.0,15421.0,1042.0,19.98,43.0,357880.0,1.6,16.04,47.050754458161876,70.58421994046876,63.42211918501084,65.96822141963841,56.97361295083909,41.25221067161281,24.273212495597264,72.36550525020557,28.4954128440367,69.68618538229822,46.62079976427379,50.827605767979655,46.98635875834586,40.33174819130162,46.783548623135346
26010,울산,중구,울산 중구,2019,23.15,21.0,12405.0,766.0,15.64,37.0,223581.0,2.0,13.57,60.768175582990416,66.00510915917359,49.79492931155533,57.89776415488883,52.33561375445267,54.57015916835611,16.212847814896094,60.34525781875618,20.200305810397555,61.06511778752471,55.20668847471981,46.44037036085162,38.34247163152233,40.4248220157274,46.78215385340907
39020,제주,서귀포시,제주 서귀포시,2019,21.35,45.0,9669.0,813.0,33.01,44.0,181584.0,1.0,11.23,26.47462277091907,60.7623864815473,74.58473402595227,59.459332956809895,57.68457214165568,67.18716300737609,28.40499607141888,55.02904493392422,53.399847094801224,61.806853526141374,33.94218279056422,57.552897681400275,57.235223341134,44.24632137963263,46.64275696481628
32010,강원,춘천시,강원 춘천시,2019,22.86,40.0,15001.0,1016.0,22.29,43.0,281291.0,1.5,16.75,43.62139917695474,70.00321046268525,70.71739359583503,65.30540029675174,56.97361295083909,37.423974464046914,18.17713836733587,66.21238959751473,32.9105504587156,69.00880082976406,44.652952997791914,50.136093302257365,49.10504264404135,41.210925556052615,46.60257866469923
21510,부산,기장군,부산 기장군,2019,24.39,21.0,11586.0,703.0,32.07,35.0,164716.0,1.3,14.63,36.76268861454047,64.56799668079604,49.79492931155533,55.64735870297709,50.62512408028448,48.8547642669197,7.8138123492914815,52.53784881115667,51.60321100917432,58.004338846056086,41.76929778036111,42.79830947334025,54.155535644034124,47.06910308999669,46.23472944468331
24010,광주,동구,광주 동구,2019,20.71,11.0,3227.0,290.0,11.73,18.0,98585.0,2.9,24.69,91.6323731138546,37.67552917431581,29.423441064658483,32.45090304541049,30.4069651727214,0.0,32.73998211818254,39.421999201547905,12.727064220183488,36.549052560553974,74.40089238585006,25.106455173829037,23.390635142662116,45.163513941388565,46.22666083236441
31140,경기,오산시,경기 오산시,2019,24.52,23.0,16571.0,969.0,29.63,50.0,226379.0,1.3,18.87,36.76268861454047,72.09756891653754,52.7192760227209,64.06303830460067,61.64427745994922,25.993184661174112,6.9332683085426225,60.66304251536593,46.93960244648318,64.79155241742274,41.822713719531585,42.39154699363007,54.60767910845024,45.53136958230243,46.11526387641489
23060,인천,부평구,인천 부평구,2019,22.32,42.0,25048.0,1608.0,18.23,66.0,511577.0,1.3,13.0,36.76268861454047,80.79053977462004,72.31811448130682,77.35072955806079,70.27679365273669,57.643531898373794,21.834782844292704,81.49523596964292,25.15061162079511,79.30746357446426,39.42366218148663,60.23848728222037,49.447041189938446,35.931601336512365,46.036705869057755
11160,서울,강서구,서울 강서구,2019,22.82,36.0,27134.0,1781.0,19.71,56.0,591796.0,1.2,13.23,33.333333333333336,82.47372173919551,67.2673121444305,80.03213619106945,65.16305086625763,56.40339904240175,18.448074995258594,85.21723765911747,27.97935779816514,80.2554945962191,37.44427584364432,58.20624891412418,51.3927080001406,36.223819351201044,45.46335927111049
31260,경기,양주시,경기 양주시,2019,22.92,33.0,13531.0,889.0,28.75,48.0,222314.0,1.2,18.11,33.333333333333336,67.83319923025924,64.42544102205892,61.80301867202947,60.378654589739035,30.091014967864368,17.770733425451766,60.20004707724631,45.25764525993885,64.8617019427153,38.57196671201675,46.964990739543225,53.93089590281105,43.21579358240864,45.262045718793686
34050,충남,서산시,충남 서산시,2019,22.48,29.0,10488.0,721.0,28.16,39.0,174690.0,1.3,15.76,36.76268861454047,62.47309760112552,60.21885978958035,56.31025134291359,53.95834649977703,42.76193762670921,20.751036332601785,54.04004916387891,44.12996941896024,59.4923355076425,40.43882163386194,46.91768156047322,50.89399605419311,43.298999521696025,45.11359884227312
22050,대구,북구,대구 북구,2019,22.58,38.0,22719.0,1611.0,17.39,73.0,437710.0,1.4,18.2,40.1920438957476,78.73705984895767,69.03660409460751,77.39963957413698,73.42057626927523,29.60574558944053,20.073694762794986,77.5106210064016,23.545107033639145,76.42903704532083,41.54950496175235,54.10620522329414,47.227474398714065,36.099661102456984,45.02156387599478
37020,경북,경주시,경북 경주시,2019,20.37,43.0,11792.0,926.0,22.15,61.0,255402.0,1.3,14.93,36.76268861454047,64.93881108896686,73.09076426961774,62.87250191926923,67.8231340068642,47.23719967217357,35.042943455525744,63.74532553101662,32.64296636085627,66.21115605771196,38.96234252393048,56.965777060310344,47.81226897287859,38.078049834196726,44.98767126831762
11110,서울,노원구,서울 노원구,2019,22.82,42.0,26994.0,1788.0,15.37,66.0,532905.0,1.4,18.01,40.1920438957476,82.36487545063568,72.31811448130682,80.13507423140098,70.27679365273669,30.630203166113077,18.448074995258594,82.53890842735811,19.68425076452599,80.40773314978664,41.333158081553165,54.85456613429645,46.91196072285083,34.592860916788304,44.805899692278686
11040,서울,성동구,서울 성동구,2019,20.88,21.0,11789.0,936.0,32.5,30.0,300889.0,1.0,16.51,26.47462277091907,64.93345750209672,49.79492931155533,63.154226932930044,45.89448542513293,38.71802613984383,31.588501449510957,67.93335689329662,52.4250764525994,62.80572168134841,34.21307429628888,46.69302092718447,56.98998001449904,44.00381090872908,44.49245283318456
31170,경기,의왕시,경기 의왕시,2019,22.86,14.0,7490.0,499.0,37.27,24.0,161153.0,1.1,15.37,29.903978052126206,55.38974686533251,36.92302483151793,46.663158702484886,39.08914597941697,44.864771599879205,18.17713836733587,51.97906614436081,61.542048929663615,50.67319824227808,37.19826556507745,37.52214853228037,56.415238689187404,48.601135711299094,44.240195804861045
23010,인천,중구,인천 중구,2019,21.98,14.0,8201.0,547.0,41.97,17.0,135135.0,0.8,11.65,19.615912208504806,57.29777027464543,36.92302483151793,49.07002001371726,28.69647549855321,64.92257257473148,24.137744181635895,47.47989552880947,70.52522935779817,50.27745876226914,31.02049558751287,41.76864464578936,61.06271701419129,49.35348562111448,44.13920378198823
34080,충남,당진시,충남 당진시,2019,22.65,30.0,10613.0,747.0,28.26,35.0,167042.0,1.2,15.18,33.333333333333336,62.72238110560264,61.32088591363011,57.239150260072414,50.62512408028448,45.88922917655177,19.599555663930204,52.8961500535003,44.321100917431195,59.494212751577436,37.92040324817494,47.2654903278832,50.987592825095746,42.12072586895275,44.088286362058184
37100,경북,경산시,경북 경산시,2019,22.22,31.0,13424.0,924.0,25.0,61.0,263185.0,1.3,24.67,36.76268861454047,67.6661528197504,62.387921107327784,62.81579235214586,67.8231340068642,0.0,22.512124414099546,64.51235464714593,38.090214067278296,65.66436702548454,40.052163852972136,42.85742729335156,50.39849360875781,40.917430891347145,43.705356274554
37590,경북,칠곡군,경북 칠곡군,2019,20.54,21.0,7082.0,555.0,23.95,32.0,117047.0,1.5,13.14,43.62139917695474,54.21127955486269,49.79492931155533,49.45055594070414,47.87240148091279,56.88866842082559,33.89146278685415,43.808129974566555,36.08333333333333,50.20706463211238,43.54967733820232,47.65851131115997,42.238801671646385,40.73982558651478,43.6647266219997
11050,서울,광진구,서울 광진구,2019,23.92,22.0,14977.0,1018.0,26.72,33.0,351350.0,1.2,19.95,33.333333333333336,69.96952035849638,51.28889906788987,65.3569848307726,48.81684034814428,20.169952120087984,10.997317727383532,71.89496948331845,41.3776758409786,66.8110308378217,38.203603411996426,40.153006042987066,52.664761113524264,41.483702417369365,43.17705866632688
11200,서울,동작구,서울 동작구,2019,23.56,21.0,16257.0,1060.0,25.96,34.0,395963.0,1.2,20.01,33.333333333333336,71.69504224996088,49.79492931155533,66.41748841538325,49.733900284578006,19.84643920113875,13.43574737868812,74.94939790813531,39.9250764525994,68.2913263597321,38.158265692886,40.679880324808956,52.51970311629768,40.930865072297436,43.15523707994808
31110,경기,과천시,경기 과천시,2019,23.5,4.0,2826.0,175.0,43.08,7.0,58289.0,1.4,12.62,40.1920438957476,34.88434168538189,0.0,19.24809395603786,3.0416012749432957,59.69244705171893,13.842152320572211,25.994437095245992,72.6467889908257,25.24050197126474,44.52948543897275,19.97518355470919,50.83176784631741,55.31588404322298,42.835437831111406
26030,울산,동구,울산 동구,2019,23.33,16.0,10508.0,638.0,18.62,25.0,159656.0,1.7,16.81,50.480109739369006,62.51318195095467,41.1296060639965,53.1037872243128,40.32994628847747,37.100461545097694,14.993632989243821,51.74059753924565,25.896024464831807,55.00469145005032,47.99580416934699,37.970178869017424,38.61950008313492,38.85443565983486,42.19226730753079
33020,충북,충주시,충북 충주시,2019,20.99,37.0,10534.0,850.0,18.2,44.0,210737.0,1.4,17.83,40.1920438957476,62.56517771016852,68.16359954207233,60.626481521835295,57.68457214165568,31.60074192296078,30.843425722723467,58.833533397084324,25.093272171253822,62.56536878262402,40.16454151851563,49.9308596392585,41.95572519999319,35.158274799195624,42.004644042295254
35510,전북,완주군,전북 완주군,2019,17.25,29.0,4981.0,501.0,20.28,37.0,92220.0,1.5,15.07,43.62139917695474,46.80721636137839,60.21885978958035,46.76797528627877,52.33561375445267,46.48233619462536,56.1760004334986,37.71662070237032,29.068807339449542,46.76236634931636,41.75709211977132,52.117775168278456,37.028666393286514,36.60692858768598,41.825179522351675
38060,경남,사천시,경남 사천시,2019,20.51,18.0,6461.0,482.0,14.99,20.0,111925.0,1.8,11.29,53.90946502057614,52.28046836615198,44.86776458400993,45.75490776281335,33.573240753280494,66.86365008842687,34.09466525779618,42.66477425862973,18.957951070336392,47.913219377466895,48.50383826259777,45.639929039742015,31.769459359110865,35.65262090978325,41.53600343240269
11120,서울,은평구,서울 은평구,2019,23.05,31.0,21613.0,1411.0,17.46,44.0,480032.0,1.1,13.19,29.903978052126206,77.68695907836732,62.387921107327784,73.9214777061782,57.68457214165568,56.619074321701234,16.890189384702907,79.86897113425712,23.67889908256881,75.28175510092636,33.748514309316704,54.31249221053929,46.77992409195766,32.178860447351084,41.42178723794816
11030,서울,용산구,서울 용산구,2019,21.43,15.0,7273.0,580.0,39.18,13.0,228670.0,0.7,14.81,16.18655692729767,54.771189186434256,39.09208614926537,50.60538232198931,20.74580364147553,47.88422551007201,27.863122815573433,60.9203332786545,65.19266055045871,53.48011180666655,27.395935696685484,38.73110302170082,59.85745974676386,45.49401800301787,41.26583126659907
22020,대구,동구,대구 동구,2019,21.73,32.0,17437.0,1223.0,16.89,58.0,345469.0,1.1,12.0,29.903978052126206,73.16940357381974,63.42211918501084,70.1698686309065,66.25406769096934,63.03541388086097,25.831098106152965,71.46365328301795,22.589449541284406,70.70822160881742,33.133341327669285,57.93830354577699,44.119837873424146,31.090953684297805,41.008335974200016
11170,서울,구로구,서울 구로구,2019,22.67,26.0,18674.0,1330.0,21.84,34.0,406664.0,1.0,15.86,26.47462277091907,74.61151467525217,56.677820811569525,72.37033182287091,49.733900284578006,42.2227494284605,19.46408734996882,75.6307800719783,32.05045871559633,71.33055552153347,32.12468735305397,49.2255995164042,49.56245432058211,34.71437237507302,40.89773374588293
38050,경남,통영시,경남 통영시,2019,21.98,20.0,8476.0,577.0,13.93,29.0,131404.0,1.7,12.88,50.480109739369006,57.99171470084903,48.23144808149177,50.46945525722083,44.85713502985073,58.290557736272255,24.137744181635895,46.764501841288016,16.931957186544345,52.67149751910927,46.19904735259331,45.4778840686628,32.74873947711158,33.93801961315391,40.68258270097893
21110,부산,금정구,부산 금정구,2019,22.89,22.0,9904.0,640.0,17.58,28.0,239062.0,1.6,21.98,47.050754458161876,61.26764030052338,51.28889906788987,53.18583891412171,43.78461358863118,9.224431695639026,17.973935896393826,62.05593798299962,23.908256880733944,59.50838135873955,45.00106840578384,35.56160509880965,39.840349948747274,36.84447660346089,40.617456082784415
36620,전남,무안군,전남 무안군,2019,20.3,18.0,4745.0,376.0,11.94,21.0,81105.0,2.1,18.24,64.19753086419755,45.78605044480183,44.86776458400993,39.24929146078096,35.04496436910784,29.39007031014104,35.51708255439051,34.43494894858922,13.128440366972477,42.19706282377967,54.696019247674215,37.024051010269716,26.029871091484605,35.847444416000165,40.58218310606794
25020,대전,중구,대전 중구,2019,21.66,27.0,12375.0,1001.0,12.43,43.0,240473.0,1.4,10.69,40.1920438957476,65.95416343237575,57.90009316609866,64.9152516715707,56.97361295083909,70.09877927791916,26.305237205017733,62.20630814062109,14.064984709480125,63.21899279159393,38.84919697147029,55.63567679032565,36.04752981439225,29.754472606212026,40.27631534310836
21100,부산,사하구,부산 사하구,2019,22.28,26.0,14643.0,973.0,16.71,42.0,321004.0,1.3,18.51,36.76268861454047,69.49498001208903,56.677820811569525,64.17108997713565,56.24630844704601,27.934262174869502,22.10571947221544,69.58687897965885,22.2454128440367,66.95911786225606,37.85832638871976,45.82327925307171,42.23978699474377,33.051025738984286,40.12138543124993
23070,인천,계양구,인천 계양구,2019,22.43,26.0,15339.0,979.0,16.78,36.0,303471.0,1.2,13.98,33.333333333333336,70.47203799655422,56.677820811569525,64.33233829992123,51.491927687543935,52.35948755553637,21.089707117505213,68.15168881651744,22.379204892966364,67.01708980554625,35.404084533600376,49.83227682503412,42.29350569407691,31.87878983344995,39.84619801951077
11060,서울,동대문구,서울 동대문구,2019,22.14,21.0,13684.0,937.0,23.77,31.0,346194.0,1.1,22.69,29.903978052126206,68.06977943342224,49.79492931155533,63.182233889581475,46.89889843840583,5.396195488073133,23.053997669944977,71.51722035098975,35.73929663608562,65.44904168431911,34.59585597784972,38.479417732070935,48.97764502033554,37.15332856460516,39.83973774641694
11180,서울,금천구,서울 금천구,2019,20.3,18.0,8880.0,698.0,25.31,19.0,232810.0,1.0,11.53,26.47462277091907,58.97139137450396,44.86776458400993,55.460212369905015,32.02969791804577,65.56959841262994,35.51708255439051,61.37880519271929,38.68272171253822,56.872890161869755,31.55551447252043,47.8603968903892,46.763372454105706,36.33121570376444,39.796248807172645
21080,부산,북구,부산 북구,2019,21.91,27.0,13103.0,903.0,13.25,37.0,291132.0,1.4,14.99,40.1920438957476,67.15690638519337,57.90009316609866,62.21282773944036,52.33561375445267,46.913686753224326,24.611883280500678,67.09104572208658,15.632262996941899,65.2857855424424,39.20456300987132,49.288681637992724,37.88279210027957,30.755992368907258,39.79261103339617
21070,부산,남구,부산 남구,2019,22.55,21.0,12911.0,811.0,22.83,27.0,274480.0,1.2,22.14,33.333333333333336,66.84631368972481,49.79492931155533,59.394741240665624,42.6744522232068,8.361730578441069,20.276897233737017,65.58607766126737,33.94266055045871,63.05796600555368,36.77603045154129,36.93656456839411,46.855130621042896,37.29621601158763,39.79015474605161
11130,서울,서대문구,서울 서대문구,2019,22.67,19.0,12993.0,890.0,24.07,25.0,309397.0,1.1,19.74,29.903978052126206,66.97952392326759,46.591669916124815,61.83250381759985,40.32994628847747,21.30224733641029,19.46408734996882,68.64584283238247,36.312691131498475,63.401848794573496,34.572839601146185,38.97921881817237,48.32392832344753,37.244450945114686,39.75971261575854
36040,전남,나주시,전남 나주시,2019,19.03,24.0,6027.0,491.0,18.44,30.0,114664.0,1.4,13.9,40.1920438957476,50.817534070640015,54.09125368298427,46.239657273397306,45.89448542513293,52.79083811413534,44.119320490937156,43.282543156932306,25.5519877675841,49.21178071899655,39.058584494012315,48.64436958973062,36.11860692813753,33.89027900488122,39.491913042784645
11080,서울,성북구,서울 성북구,2019,23.2,29.0,21051.0,1391.0,19.57,49.0,442650.0,1.0,21.28,26.47462277091907,77.13258597193318,60.21885978958035,73.54691330316614,61.01779456114824,12.998749083380034,15.87417702999268,77.79738573209944,27.711773700305812,73.9492806635125,31.72599173042849,45.35775469055439,48.35948656832778,32.81603964557045,39.38554736933535
37040,경북,안동시,경북 안동시,2019,20.78,30.0,8479.0,667.0,11.15,42.0,160052.0,1.6,16.09,47.050754458161876,57.99916021832235,61.32088591363011,54.2691492061802,56.24630844704601,40.98261657248845,32.26584301931777,51.80389622563257,11.61850152905199,56.80492615957697,42.830757094811446,48.91810266968922,31.892680909850963,30.26575621905156,39.33672297255324
31270,경기,포천시,경기 포천시,2019,18.93,31.0,6727.0,568.0,26.81,33.0,148379.0,0.9,16.24,23.045267489711936,53.1292937828819,62.387921107327784,50.05740028906178,48.81684034814428,40.17383427511538,44.796662060743984,49.86887988352719,41.54969418960244,54.00289507796466,28.82933412401251,49.30855961312452,47.19731465411959,36.03665722648505,39.10125127979035
21140,부산,수영구,부산 수영구,2019,22.35,10.0,6128.0,382.0,18.4,22.0,176148.0,1.6,13.0,47.050754458161876,51.16717929234254,26.499094353492914,39.6638766958414,36.451256001812624,57.643531898373794,21.63158037335066,54.25242565035357,25.47553516819572,47.15913621197592,44.22611404808502,36.53849889927572,35.03275348387849,36.28440735549279,39.07372603410906
21130,부산,연제구,부산 연제구,2019,23.68,16.0,9672.0,593.0,19.22,18.0,209395.0,1.4,16.46,40.1920438957476,60.76891357866203,41.1296060639965,51.186401352209366,30.4069651727214,38.98762023896819,12.622937494919924,58.67029524347922,27.042813455657495,56.21146657517408,40.27734629802553,35.90567787353747,39.940835009265555,35.59478310988272,38.74447297722851
32040,강원,동해시,강원 동해시,2019,21.53,14.0,5019.0,341.0,18.59,17.0,90522.0,1.6,12.16,47.050754458161876,46.967106428223346,36.92302483151793,36.691001926813655,28.69647549855321,62.17271276366302,27.18578124576659,37.24176400485298,25.83868501529052,42.04068738187115,43.86057923873732,38.73352557467591,32.883265127934195,35.90631914391047,38.71129876801321
35040,전북,정읍시,전북 정읍시,2019,17.28,34.0,5195.0,543.0,8.46,39.0,110541.0,1.6,9.8,47.050754458161876,47.69220559045212,65.3996769329581,48.877663700125495,53.95834649977703,74.89755424233273,55.97279796255655,42.3468456186127,6.47706422018349,49.63009186740149,41.028846035694144,59.56717372756741,25.992820975279056,26.68031864120315,38.60661188824461
25050,대전,대덕구,대전 대덕구,2019,19.83,21.0,8825.0,769.0,14.97,29.0,177031.0,1.4,16.6,40.1920438957476,58.8406714624532,49.79492931155533,58.00026208350852,44.85713502985073,38.232756761419985,38.7005879324826,54.38019297068325,18.919724770642205,55.69337948474264,38.866058783652356,46.57429057644632,35.31050479310187,31.351508780516227,38.46137307774226
11210,서울,관악구,서울 관악구,2019,21.79,22.0,15246.0,1105.0,18.7,33.0,500094.0,0.9,12.04,23.045267489711936,70.34407922800271,51.28889906788987,67.50813285835063,48.81684034814428,62.81973860156148,25.424693164268874,80.91515399987836,26.04892966360856,69.70436562754284,28.22569798962551,52.106225433553355,45.66189016735599,30.079257902179148,38.247233660732604
11100,서울,도봉구,서울 도봉구,2019,22.1,23.0,15561.0,1023.0,17.8,26.0,333362.0,1.0,14.45,26.47462277091907,70.77437862106707,52.7192760227209,65.48550451649982,41.523912610358174,49.82530302376741,23.3249342978677,70.55211448133213,24.328746177370032,67.09667885947735,30.582716866901514,47.77386568954988,43.39043089623884,30.31498422996609,37.687482044379955
33550,충북,진천군,충북 진천군,2019,20.33,15.0,5169.0,381.0,25.03,16.0,81084.0,1.1,11.3,29.903978052126206,47.58664891529235,39.09208614926537,39.595232161654614,26.888191766413012,66.80973126860198,35.313880083448495,34.42833214786248,38.14755351681958,41.940241331858,32.90878145814683,42.17517630563877,39.571942654415146,35.74182585812254,37.063020920763734
31280,경기,여주시,경기 여주시,2019,19.75,23.0,5428.0,463.0,23.68,34.0,111083.0,1.0,15.3,26.47462277091907,48.61524291369406,52.7192760227209,44.70117846430602,49.733900284578006,45.24220333865331,39.24246118832805,42.47182401675785,35.567278287461775,47.59302386641856,30.052583112677972,46.076167768703655,40.92775284562856,33.61400188379489,36.83402317284781
38080,경남,밀양시,경남 밀양시,2019,18.94,21.0,4233.0,366.0,14.36,25.0,105552.0,1.4,10.3,40.1920438957476,43.38397007070141,49.79492931155533,38.54342853923437,40.32994628847747,72.20161325108914,44.72892790376329,41.16679272327388,17.753822629969417,44.00100871464394,37.14550332337625,49.030443171361775,29.59590830027008,29.22597582721793,36.356969060223314
33030,충북,제천시,충북 제천시,2019,20.1,24.0,6432.0,546.0,15.01,35.0,134617.0,1.3,16.71,36.76268861454047,52.185822852682875,54.09125368298427,49.022062887378226,50.62512408028448,37.6396497433464,36.871765694004154,47.38176188835272,18.99617737003058,51.1256907294441,35.640025351678226,45.5698181579542,33.40145177560473,29.478892521690526,36.21614129641438
34030,충남,보령시,충남 보령시,2019,17.77,29.0,4621.0,482.0,14.72,33.0,101114.0,1.2,11.37,33.333333333333336,45.228963710587955,60.21885978958035,45.75490776281335,48.81684034814428,66.43229952982789,52.65382427050313,40.069212329564586,18.441896024464835,46.679017512079426,32.28918077472852,54.622249710907255,31.22110338396597,27.282419503521847,35.81304640885543
32060,강원,속초시,강원 속초시,2019,22.54,12.0,3901.0,276.0,18.04,11.0,81786.0,1.5,12.62,43.62139917695474,41.665701597757206,32.113579263089605,31.15630537701795,15.869038386748258,59.69244705171893,20.34463139071771,34.64859886644939,24.787461773700308,37.65014631143134,40.60073880854682,32.59956364337198,30.37489205136298,33.532214832772965,35.198539944346344
37060,경북,영주시,경북 영주시,2019,20.47,19.0,4915.0,388.0,10.6,26.0,105067.0,1.6,16.48,47.050754458161876,46.5265918702113,46.591669916124815,40.07201733925041,41.523912610358174,38.87978259931846,34.36560188571893,41.049114434172985,10.567278287461775,44.8963642485825,41.525816773761804,40.21400210659877,25.93385558888467,28.35153412582522,35.14090224195768
23090,인천,미추홀구,인천 미추홀구,2019,23.02,23.0,18165.0,1095.0,15.75,43.0,408862.0,0.9,20.25,23.045267489711936,74.0300321655804,52.7192760227209,67.26965238718688,56.97361295083909,18.552387525341828,17.093391855644953,75.76851540803857,20.410550458715598,70.28942590974594,27.748536402649332,43.03646612016412,42.66901409888753,27.418312976708254,35.07217144816053
36570,전남,화순군,전남 화순군,2019,17.96,16.0,2877.0,273.0,18.13,19.0,62737.0,1.3,9.44,36.76268861454047,35.260567632994736,41.1296060639965,30.87038764024765,32.02969791804577,76.83863175602812,51.36687528787016,27.873451371407125,24.95948012232416,34.2182404407188,34.84199524255345,46.389074219347734,29.073805905987957,30.517886549988376,34.95776228956623
34560,충남,홍성군,충남 홍성군,2019,20.34,21.0,5734.0,448.0,13.46,26.0,100423.0,1.4,17.79,40.1920438957476,49.76904957364858,49.79492931155533,43.838345534211754,41.523912610358174,31.81641720226027,35.246145926467804,39.893995362074484,16.03363914373089,46.8117092577577,37.52598375073519,40.55967176316335,29.735903679248416,28.83515112756067,34.82124583089658
11070,서울,중랑구,서울 중랑구,2019,21.86,23.0,15176.0,1071.0,18.15,31.0,397015.0,0.7,14.97,16.18655692729767,70.2472502959267,52.7192760227209,66.68830348669148,46.89889843840583,47.02152439287407,24.95055406540409,75.01719471980543,24.997706422018346,68.17263876844916,22.914298688368675,48.645181533633554,44.32269540153834,26.85475090212151,34.71678743252698
35050,전북,남원시,전북 남원시,2019,16.69,27.0,3870.0,422.0,7.74,28.0,81441.0,1.4,8.29,40.1920438957476,41.49786062929402,57.90009316609866,42.27212554582962,43.78461358863118,83.03929603588837,59.969113224416795,34.54058539312884,5.100917431192662,42.69112456580539,35.058956599419005,57.31742391003285,22.07617383859396,22.626225476416028,34.215021708836446
33570,충북,음성군,충북 음성군,2019,18.29,21.0,4559.0,423.0,23.01,24.0,94982.0,0.9,16.82,23.045267489711936,44.94479016252485,49.79492931155533,42.3341244397397,39.08914597941697,37.046542725272815,49.13164810750765,38.47066276938187,34.28669724770642,43.97257977438805,26.921434220692404,43.64152703571463,38.59673386530632,31.250571226839398,34.16804610991781
34020,충남,공주시,충남 공주시,2019,18.82,28.0,4460.0,453.0,13.87,34.0,106474.0,1.2,16.01,33.333333333333336,44.48291926750473,59.07946980891145,44.129118377102664,49.733900284578006,41.41396713108742,45.54173778753149,41.38901927711253,16.81727828746177,46.474059378668414,31.970883669869735,47.699399582468445,30.262386784062947,26.41084725315593,33.91746017994425
38520,경남,함안군,경남 함안군,2019,17.99,16.0,3684.0,336.0,15.96,20.0,65700.0,1.2,10.08,33.333333333333336,40.46168973864486,41.1296060639965,36.304300984630764,33.573240753280494,73.38782728723633,51.16367281692813,29.05259662290332,20.811926605504592,37.172545068992726,32.167957964690174,47.248282592781955,28.009747680591644,27.569615446360437,33.431017947409956
35060,전북,김제시,전북 김제시,2019,14.78,36.0,3644.0,476.0,8.97,40.0,83895.0,1.1,7.57,29.903978052126206,40.2320309996884,67.2673121444305,45.42669699705109,54.73953069736935,86.92145106327912,72.90633720772712,35.299144247844474,7.451834862385323,44.159221203083646,27.56896186842129,64.98662393695552,24.166518225869332,20.017600869925907,33.10623240292985
32510,강원,홍천군,강원 홍천군,2019,14.61,26.0,2846.0,392.0,12.6,26.0,69150.0,1.1,7.63,29.903978052126206,35.03268402043523,56.677820811569525,40.34062857575058,41.523912610358174,86.5979381443299,74.05781787639872,30.36030826910811,14.389908256880734,37.95999865326395,28.089738179670288,59.780459401951,25.14281466689462,22.852759179777593,32.90826322092195
37030,경북,김천시,경북 김천시,2019,20.34,27.0,6779.0,547.0,14.77,37.0,141229.0,0.9,13.4,23.045267489711936,53.29130201581545,57.90009316609866,49.07002001371726,52.33561375445267,55.48677910537892,35.246145926467804,48.60694699880282,18.537461773700308,52.8077537407683,25.393700084920543,49.844450706186294,33.93491574512855,24.275199025024662,32.600184923028515
34060,충남,논산시,충남 논산시,2019,18.73,33.0,5709.0,536.0,11.02,32.0,118842.0,1.0,11.95,26.47462277091907,49.677121628926265,64.42544102205892,48.53761151764501,47.87240148091279,63.30500797998533,46.15134520035763,44.197011197586065,11.370030581039755,50.982752378150735,26.529183828237894,54.091621942028546,29.261036927200923,21.633258156563,32.20535014183365
38540,경남,고성군,경남 고성군,2019,15.82,19.0,2256.0,263.0,11.34,18.0,52276.0,1.3,8.23,36.76268861454047,30.14605145263568,46.591669916124815,29.894196421428358,30.4069651727214,83.36280895483759,65.86198488173616,23.212483471940924,11.98165137614679,31.355104751125083,32.38386931259094,51.19788663180502,20.760158059811495,23.49953634691857,31.686377970741837
21150,부산,사상구,부산 사상구,2019,21.25,21.0,8359.0,597.0,18.97,31.0,218094.0,0.8,24.08,19.615912208504806,57.69926526458059,49.79492931155533,51.36262026447741,46.89889843840583,0.0,29.082337641225706,59.71035386830679,26.56498470948012,56.7217246550934,24.46660838925868,35.65094322243644,40.086640654531735,27.544044941127144,31.582466974537464
31580,경기,양평군,경기 양평군,2019,20.36,22.0,5251.0,426.0,17.7,25.0,116874.0,0.8,11.25,19.615912208504806,47.917775762123384,51.28889906788987,42.519247552357,40.32994628847747,67.07932536772634,35.110677612506436,43.77033546039177,24.137614678899084,47.3477683327572,23.124353934425805,47.3750842409854,34.55368345166693,25.193394622577618,31.520782349686005
32050,강원,태백시,강원 태백시,2019,17.2,12.0,2261.0,220.0,17.51,12.0,43866.0,1.2,11.27,33.333333333333336,30.19261547491124,32.113579263089605,25.22614432313082,18.40129770674621,66.9714877280766,56.51467121840202,18.730805166773187,23.774464831804284,27.138265140105496,31.585431272261765,40.18667837870828,25.135457453799546,27.884096945332313,31.00542601609509
37090,경북,문경시,경북 문경시,2019,17.89,17.0,2908.0,285.0,11.94,26.0,72242.0,1.2,10.52,33.333333333333336,35.48600972909684,43.05063093811399,31.995839325982416,41.523912610358174,71.01539921494198,51.84101438673493,31.478028872247183,13.128440366972477,35.79653971384538,30.517867027955557,47.40895563100751,23.344611572302707,23.35557937826355,30.93534376960491
11090,서울,강북구,서울 강북구,2019,23.12,14.0,10392.0,708.0,16.78,21.0,313954.0,0.7,13.1,16.18655692729767,62.27962260380695,36.92302483151793,55.8331805639976,35.04496436910784,57.104343700125085,16.416050285838125,69.01944399694733,22.379204892966364,59.23024946729126,21.724760689798902,41.30372355986181,38.80970629458678,24.516558001625697,30.916108736952324
25010,대전,동구,대전 동구,2019,21.23,23.0,11381.0,874.0,10.8,35.0,226771.0,0.9,21.01,23.045267489711936,64.19237906360884,52.7192760227209,61.35672147884449,50.62512408028448,14.454557218651573,29.217805955187075,60.70725020149078,10.949541284403672,60.85221979679583,25.345619716305386,42.21127682106571,33.238738651639494,21.4909601054399,30.52165109832244
37080,경북,상주시,경북 상주시,2019,17.29,28.0,3935.0,417.0,8.45,35.0,100688.0,1.0,9.04,26.47462277091907,41.84825882464845,59.07946980891145,41.95991592944919,50.62512408028448,78.99538454902299,55.90506380557588,39.9613335601383,6.457951070336391,44.728423442148,25.009485621204607,56.87973122710704,23.823671868526596,18.33857646549903,30.190336823818885
21010,부산,중구,부산 중구,2019,20.4,4.0,1315.0,96.0,22.2,4.0,41910.0,1.4,10.71,40.1920438957476,18.795014713157183,0.0,3.6051682065503727,0.0,69.99094163826942,34.83974098458371,17.565274416758296,32.73853211009174,14.667089681606079,36.934314209640185,21.867428576208223,24.399986765695637,33.585641358206544,29.922824884530314
32550,강원,정선군,강원 정선군,2019,12.99,16.0,1466.0,213.0,22.35,15.0,37271.0,0.7,6.38,16.18655692729767,21.080682519187498,41.1296060639965,24.38103396565623,24.970249856674563,93.33779062243886,85.03075130726924,14.567868591549377,33.025229357798175,23.13662304985786,19.201770351061725,53.740425568656164,28.678153545758555,25.461438482624008,29.605601948193627
22030,대구,서구,대구 서구,2019,21.24,17.0,5879.0,518.0,13.09,23.0,175277.0,0.8,10.5,19.615912208504806,50.29445432856552,43.05063093811399,47.64241619707213,37.797686968479525,71.12323685459172,29.150071798206397,54.12576566630556,15.326452599388379,49.995083051797224,22.04034747914341,46.245045012722386,30.912367739133945,21.021287310227727,29.304108752815768
34570,충남,예산군,충남 예산군,2019,16.34,24.0,3007.0,342.0,11.59,26.0,79238.0,0.9,8.63,23.045267489711936,36.19021099916756,54.09125368298427,36.76766335170017,41.523912610358174,81.20605616184272,62.339808718740684,33.83988446061908,12.459480122324159,39.06532157436636,22.771893735549334,54.9479264421923,24.57586430450309,19.433144556263585,29.29074250037612
31570,경기,가평군,경기 가평군,2019,18.33,13.0,2583.0,244.0,18.33,14.0,62415.0,0.9,10.13,23.045267489711936,32.993114938360875,34.60425820803624,27.933073552982023,22.92848644811946,73.11823318811197,48.86071147958493,27.741968976709618,25.341743119266052,31.739999803800572,24.38452357900995,41.73918193061005,28.158302870578574,25.28561731183488,29.05962407415227
38590,경남,거창군,경남 거창군,2019,18.62,17.0,3035.0,280.0,8.07,16.0,62179.0,1.3,12.88,36.76268861454047,36.3851772007803,43.05063093811399,31.532749378899734,26.888191766413012,58.290557736272255,46.89642092714513,27.645171523238282,5.731651376146791,35.09626624498443,32.0702818874054,41.56393802999316,18.881282519333936,20.873411303254166,28.782901253345813
36640,전남,영광군,전남 영광군,2019,16.59,13.0,2296.0,225.0,10.15,15.0,53852.0,1.2,8.33,33.333333333333336,30.515710025130915,34.60425820803624,25.813562992501147,24.970249856674563,82.82362075658888,60.64645479422363,23.971420049463998,9.707186544342509,29.370132669011905,29.50764898416447,45.813794978396224,18.498233432637786,20.92607479749778,28.53611777852418
37070,경북,영천시,경북 영천시,2019,18.54,18.0,3573.0,339.0,14.17,23.0,102470.0,0.8,10.87,19.615912208504806,39.81810952491593,44.86776458400993,36.53700430429734,37.797686968479525,69.12824052107148,47.4382941829906,40.40959991499927,17.39067278287462,41.00548765375973,21.30234602630139,47.090763978960666,28.076708381215113,20.94941474433908,28.35546166685453
32070,강원,삼척시,강원 삼척시,2019,16.66,19.0,2792.0,293.0,14.02,17.0,67228.0,1.0,17.34,26.47462277091907,34.62973456320535,46.591669916124815,32.720203040731064,28.69647549855321,34.24276409437948,60.172315695358854,29.64005214179809,17.103975535168196,35.52521690736707,25.88453686478507,40.68587202613838,25.43830826986577,22.744406110181266,28.31786438356579
34580,충남,태안군,충남 태안군,2019,15.46,19.0,2420.0,308.0,13.93,20.0,62743.0,0.8,8.04,19.615912208504806,31.622044445677112,46.591669916124815,34.02676708040913,33.573240753280494,84.38726653151016,68.30041453304071,27.875894944467106,16.931957186544345,33.49212468940365,20.413932178927965,53.3985480792295,24.47753657501736,19.804781591007107,28.091560467549208
31080,경기,동두천시,경기 동두천시,2019,21.98,11.0,5014.0,323.0,12.7,19.0,94768.0,1.0,13.53,26.47462277091907,46.94613754449544,29.423441064658483,35.271384884183334,32.02969791804577,54.785834447655596,24.137744181635895,38.4130281930242,14.581039755351682,40.88166544308668,26.7377367959416,35.29170484754269,26.113097709761995,22.389196968808186,27.75746902755211
35570,전북,고창군,전북 고창군,2019,14.85,21.0,2123.0,308.0,7.44,22.0,55504.0,1.0,7.54,26.47462277091907,28.868040696900856,49.79492931155533,34.02676708040913,36.451256001812624,87.08320752275374,72.43219810886234,24.743474681056433,4.527522935779818,31.816048615078426,23.42189958824636,55.83644715900846,16.954759887373072,15.838796804752079,27.079514763561107
35580,전북,부안군,전북 부안군,2019,13.46,22.0,1920.0,280.0,6.46,25.0,53295.0,1.0,6.57,26.47462277091907,26.75423453394697,51.28889906788987,31.532749378899734,40.32994628847747,92.31333304576629,81.84724592917716,23.705759849728242,2.654434250764527,30.746625035469933,22.929555669198677,59.02257489656323,15.495539628958108,14.718160766710639,26.960492106202654
32530,강원,영월군,강원 영월군,2019,12.79,13.0,1323.0,191.0,15.06,15.0,39127.0,0.9,8.32,23.045267489711936,18.922544031269393,34.60425820803624,21.532709861481464,24.970249856674563,82.87753957641374,86.38543444688288,15.809594032797476,19.09174311926606,21.12500186708119,22.0399664883008,49.902161390138126,20.116832447573458,20.719618203029537,26.882082645916803
34530,충남,부여군,충남 부여군,2019,14.45,24.0,2345.0,341.0,9.25,27.0,66740.0,0.8,7.95,19.615912208504806,30.95986667497276,54.09125368298427,36.691001926813655,42.6744522232068,84.872535909934,75.14156438808963,29.45389928937436,7.987003058103976,35.13435386089554,19.005971282591474,58.39498911138602,20.41203527865632,15.360242003430576,26.807384792927042
34070,충남,계룡시,충남 계룡시,2019,24.26,5.0,3161.0,204.0,14.8,8.0,42971.0,1.3,13.53,36.76268861454047,37.24083765251711,6.127606106596071,23.25289541217865,6.767826916821954,54.785834447655596,8.694356390040355,18.204086015401824,18.594801223241593,25.307165852198317,34.0853204096433,20.74995727942636,21.01868171625618,26.703642890394637,26.804840995944993
34540,충남,서천군,충남 서천군,2019,15.0,18.0,1787.0,254.0,9.0,18.0,52805.0,1.0,6.86,26.47462277091907,25.244489168542007,44.86776458400993,28.983474396218206,30.4069651727214,90.74968727084502,71.41618575415211,23.469749468139412,7.509174311926607,28.63672234151481,23.506792141832495,53.213640896764176,17.18618258388994,16.95953446767405,26.79238966686403
33590,충북,증평군,충북 증평군,2019,20.83,4.0,2134.0,143.0,13.52,5.0,37392.0,1.4,11.02,40.1920438957476,28.976735469642854,0.0,13.979179953402351,0.0,68.31945822369839,31.92717223441437,14.650686487152514,16.148318042813457,18.88357368096718,35.463954175197,23.54412107997314,16.87452499054885,25.915067151165537,26.597888046534077
21020,부산,서구,부산 서구,2019,21.98,11.0,3808.0,285.0,11.72,9.0,108229.0,1.0,11.57,26.47462277091907,41.15810821428829,29.423441064658483,31.995839325982416,10.101049336314514,65.35392313333045,24.137744181635895,41.806753585301244,12.707951070336392,39.005768395666216,25.877970560168592,33.29713890786775,24.43435187580371,21.051920936072587,26.353836431599767
32560,강원,철원군,강원 철원군,2019,16.91,16.0,2109.0,250.0,8.33,12.0,45584.0,1.1,8.55,29.903978052126206,28.728884864709308,41.1296060639965,28.568342912809154,18.40129770674621,81.63740672044169,58.4789617708418,19.712422054261246,6.228593272171255,28.504090261432328,26.235161016391274,46.15147529527022,16.24132718717489,17.73378723153181,26.282383124578814
31550,경기,연천군,경기 연천군,2019,15.96,13.0,1739.0,204.0,16.36,13.0,43824.0,0.8,8.34,19.615912208504806,24.671874975655143,34.60425820803624,23.25289541217865,20.74580364147553,82.76970193676401,64.9137066840066,18.706328918022287,21.57645259938838,24.868687804841507,20.415589543852374,45.382627765027365,23.067799083301605,21.21972304420736,26.27072358216071
32540,강원,평창군,강원 평창군,2019,13.57,19.0,1595.0,247.0,12.08,16.0,42106.0,0.8,6.55,19.615912208504806,22.854146333806757,46.591669916124815,28.25262945725321,26.888191766413012,92.42117068541604,81.10217020238966,17.68449192209199,13.396024464831804,26.050754726755937,19.006752459484048,55.11938829006135,19.250483502345126,17.079557317784925,26.03988085288253
37600,경북,예천군,경북 예천군,2019,15.31,12.0,1870.0,192.0,9.17,15.0,55100.0,1.1,9.94,29.903978052126206,26.199290106546457,32.113579263089605,21.66910767144502,24.970249856674563,74.14269076478453,69.31642688775095,24.556810873739114,7.834097859327219,26.88940416801288,26.223027228648384,44.27735377948746,16.44349140130909,18.31997157528508,26.02936431567454
23510,인천,강화군,인천 강화군,2019,16.32,20.0,2431.0,281.0,12.62,19.0,69178.0,0.7,8.68,16.18655692729767,31.717435090751344,48.23144808149177,31.626023080439143,32.02969791804577,80.93646206271836,62.475277032702046,30.370652475333102,14.428134556574923,34.616202904273955,17.475881388034622,51.03959789319909,23.65770370371562,17.336443344375876,25.93108269913401
37620,경북,울진군,경북 울진군,2019,16.29,13.0,1973.0,229.0,9.84,16.0,49314.0,1.0,7.96,26.47462277091907,27.326922242222995,34.60425820803624,26.2742154987047,26.888191766413012,84.81861709010913,62.678479503644105,21.722078953926246,9.11467889908257,27.100936448896622,23.955861137273985,47.02205359999602,17.197195506832575,17.74764750934078,25.85008946245335
36600,전남,해남군,전남 해남군,2019,15.94,20.0,2793.0,312.0,6.17,21.0,70354.0,0.9,8.26,23.045267489711936,34.637267147169666,48.23144808149177,34.36447616511178,35.04496436910784,83.20105249536297,65.04917499796798,30.80137052390629,2.100152905198778,36.20533434705507,21.062700267780734,53.14419881160867,17.52588791402838,13.895286837814197,25.555385798457223
32520,강원,횡성군,강원 횡성군,2019,14.07,16.0,1684.0,217.0,9.43,13.0,46575.0,1.0,10.36,26.47462277091907,23.996006645520996,41.1296060639965,24.867279702093008,20.74580364147553,71.87810033213992,77.71546235335555,20.261961315028053,8.331039755351682,26.302512930068215,23.505223706044156,47.473324221642976,16.533527998201482,17.14850496712539,25.48593829251309
38530,경남,창녕군,경남 창녕군,2019,16.33,17.0,2320.0,259.0,10.49,20.0,62331.0,0.8,8.26,19.615912208504806,30.7344276954187,43.05063093811399,29.493325743676955,33.573240753280494,83.20105249536297,62.407542875721376,27.707557661646575,10.357033639143733,32.28960733382612,19.338931971792032,50.141162810750984,20.30445078367118,16.340095377146998,25.39208875107389
36610,전남,영암군,전남 영암군,2019,16.26,16.0,2499.0,264.0,12.4,18.0,54593.0,0.8,14.62,19.615912208504806,32.29771296882561,41.1296060639965,29.99346504391152,30.4069651727214,48.90868308674459,62.88168197458614,24.320610962980187,14.007645259938839,31.67096098610616,20.04285224225199,42.643405261951536,21.924799737578162,18.212821922741313,24.877651311830327
22040,대구,남구,대구 남구,2019,22.51,11.0,4417.0,389.0,9.5,15.0,148113.0,0.9,16.44,23.045267489711936,44.279106942635806,29.423441064658483,40.139428209067454,24.970249856674563,39.095457878617935,20.54783386165974,49.82303178235495,8.464831804281348,42.97115121895609,22.981586082189736,31.59374109175528,23.927277754700995,18.042575835798488,24.36364601790048
21030,부산,동구,부산 동구,2019,21.45,7.0,2481.0,188.0,15.64,9.0,88165.0,0.8,10.9,19.615912208504806,32.14566055471965,15.796251191202959,21.119212821682844,10.101049336314514,68.96648406159684,27.727654501612065,36.56763585355996,20.200305810397555,30.202371271668405,20.956546083410203,29.29303855675026,24.604070803816875,21.238990695916776,23.717997929304097
36660,전남,완도군,전남 완도군,2019,14.61,21.0,2127.0,264.0,6.51,24.0,50689.0,0.7,7.12,16.18655692729767,28.90763106244544,49.79492931155533,29.99346504391152,39.08914597941697,89.34779795539835,74.05781787639872,22.424769099234716,2.750000000000001,31.1402321233042,15.443180801717794,56.00184718656091,15.63723450852983,11.029675577138372,23.04482313341372
36650,전남,장성군,전남 장성군,2019,16.39,13.0,1907.0,222.0,9.4,16.0,45739.0,0.8,8.21,19.615912208504806,26.61135096063278,34.60425820803624,25.462691142589122,26.888191766413012,83.47064659448733,62.00113793383727,19.79915776551137,8.273700305810399,26.166274451577053,18.614124298313442,46.414110097881405,16.303104845952603,14.64832298308325,23.015335653467034
38560,경남,하동군,경남 하동군,2019,12.97,16.0,1519.0,221.0,7.14,15.0,46574.0,0.8,6.42,19.615912208504806,21.82749037575454,41.1296060639965,25.344684115314266,24.970249856674563,93.12211534313937,85.1662196212306,20.26141269963566,3.9541284403669734,25.21809021056727,17.487802460009103,53.96529671300304,13.692441228697742,12.181712368437653,23.008684485967656
32590,강원,인제군,강원 인제군,2019,14.06,13.0,1500.0,199.0,7.35,15.0,31672.0,0.9,7.21,23.045267489711936,21.56280420554883,34.60425820803624,22.604553351373834,24.970249856674563,88.86252857697451,77.78319651033624,10.40856456749846,4.355504587155964,20.8248231146312,20.09355672591223,49.646672475414036,11.72979886997394,13.330674798956792,22.757314938771163
21040,부산,영도구,부산 영도구,2019,19.72,14.0,3948.0,349.0,9.52,12.0,116711.0,0.7,15.13,16.18655692729767,41.91764368143746,36.92302483151793,37.298116127733444,18.40129770674621,46.15882327567612,39.4456636592701,43.73467437841636,8.503058103975537,41.463829120547224,17.607140779213328,36.59022604123812,23.312714333388286,15.276547876006344,22.753250410849134
34510,충남,금산군,충남 금산군,2019,16.02,16.0,2260.0,259.0,12.91,16.0,52257.0,0.7,19.31,16.18655692729767,30.18331091005497,41.1296060639965,29.493325743676955,26.888191766413012,23.62075658887977,64.50730174212252,23.203194933302775,14.982415902140675,30.278535147817617,17.405611171799848,37.25809307988095,21.870430774583433,17.227215767836675,22.635958071445543
36550,전남,고흥군,전남 고흥군,2019,14.06,17.0,1927.0,252.0,6.16,21.0,64913.0,0.7,6.78,16.18655692729767,26.83077185478432,43.05063093811399,28.77672908101016,35.04496436910784,91.18103782944398,77.78319651033624,28.744673400364118,2.081039755351684,30.648914135124194,15.135150844254435,54.85389998119756,15.127490340266306,10.565062887540254,22.482413373574076
38580,경남,함양군,경남 함양군,2019,15.03,13.0,1471.0,182.0,5.51,12.0,39637.0,1.0,7.81,26.47462277091907,21.152279298297408,34.60425820803624,20.272154867918285,18.40129770674621,85.6273993874822,71.21298328321006,16.140491135134173,0.8386850152905209,22.339138631296205,22.096997760312618,46.11716154873721,10.573232109143019,12.928023451879444,22.43388042134133
38550,경남,남해군,경남 남해군,2019,14.74,13.0,1348.0,180.0,6.11,10.0,43622.0,1.0,9.48,26.47462277091907,19.316163310483976,34.60425820803624,19.98361878439612,13.116315787376573,76.62295647672863,73.17727383564984,18.588281152628465,1.98547400611621,22.155417642637776,22.08540451015513,43.84424976828846,11.203911359158605,13.418204861092029,22.208290351037515
38600,경남,합천군,경남 합천군,2019,12.01,17.0,1256.0,218.0,7.08,15.0,45204.0,0.7,5.85,16.18655692729767,17.829828724161224,43.05063093811399,24.987447048553822,24.970249856674563,96.19548807315705,91.6686986913761,19.498525579791835,3.839449541284405,23.37459822364096,14.498817999082034,56.17536278116907,12.907504923318843,10.529342077488385,21.848376228884813
33540,충북,영동군,충북 영동군,2019,15.14,14.0,1711.0,228.0,6.75,14.0,48738.0,0.9,13.86,23.045267489711936,24.33050964079361,36.92302483151793,26.15980782587845,22.92848644811946,53.00651339343484,70.46790755642255,21.421874124908346,3.2087155963302765,25.976422024172898,20.198308920812853,42.0587140799626,13.53647910802842,13.252676785326285,21.776331495247167
32610,강원,양양군,강원 양양군,2019,12.64,13.0,941.0,150.0,11.73,15.0,27726.0,0.7,6.77,16.18655692729767,11.759597259199191,34.60425820803624,15.22548600790026,24.970249856674563,91.23495664926887,87.40144680159311,7.008663899724403,12.727064220183488,14.903249441124165,15.224937054420693,50.20004131225589,13.863530178703044,14.146470531080023,21.676122536963057
36590,전남,강진군,전남 강진군,2019,13.67,14.0,1341.0,187.0,5.88,14.0,35286.0,0.8,6.26,19.615912208504806,19.20669007095365,36.92302483151793,20.979920615048638,22.92848644811946,93.98481646033731,80.42482863258284,13.169463132883857,1.5458715596330286,20.93878894164557,16.864483897418925,50.95078710586769,10.359289325073266,10.527190393342014,21.008492554245088
33520,충북,보은군,충북 보은군,2019,12.94,15.0,1143.0,192.0,7.73,16.0,32949.0,0.7,6.5,16.18655692729767,15.847708955671228,39.09208614926537,21.66910767144502,26.888191766413012,92.69076478454039,85.36942209217264,11.418551675219998,5.081804281345568,19.16783721025469,14.48695923324221,52.88096028801888,11.586525512083846,10.760089941904631,20.846677497473138
32580,강원,양구군,강원 양구군,2019,14.97,10.0,1090.0,147.0,6.76,9.0,22764.0,1.0,7.31,26.47462277091907,14.849543773759393,26.499094353492914,14.698581649923762,10.101049336314514,88.32334037872579,71.61938822509416,1.970252103533731,3.227828746177371,13.3156663886384,21.825095767491845,42.47816740439069,7.690661816028785,13.19588721731232,20.82131096815563
36560,전남,보성군,전남 보성군,2019,12.94,17.0,1326.0,214.0,5.31,19.0,41420.0,0.7,6.15,16.18655692729767,18.970168962379287,43.05063093811399,24.503442203077782,32.02969791804577,94.5779234784109,85.36942209217264,17.26477419967413,0.4564220183486245,23.27464292871468,14.105397894463474,55.52991054021582,10.93984512633012,8.853423422603274,20.79833741854844
36580,전남,장흥군,전남 장흥군,2019,14.29,15.0,1454.0,190.0,6.72,16.0,38563.0,0.7,7.1,16.18655692729767,20.907849735797488,39.09208614926537,21.395599788185002,26.888191766413012,89.4556355950481,76.22531089978055,15.438600839549647,3.1513761467889916,22.903922349616714,14.703409091071348,50.33673524082701,12.139825568752428,10.275660032224685,20.52723773794791
33530,충북,옥천군,충북 옥천군,2019,17.02,12.0,2170.0,234.0,9.78,17.0,51023.0,0.6,10.94,12.757201646090536,29.328588456657663,32.113579263089605,26.83889359269007,28.69647549855321,68.75080878229737,57.733886044054294,22.59258101830193,9.0,27.86478438643733,13.850760080233668,42.73384954084376,17.415962770385782,12.6877744556747,20.513963903820997
37580,경북,성주군,경북 성주군,2019,13.56,12.0,1214.0,186.0,9.75,15.0,44015.0,0.6,6.92,12.757201646090536,17.1147312129181,32.113579263089605,20.839885513133186,24.970249856674563,90.42617435189578,81.16990435937035,18.817448932752104,8.942660550458717,20.625316138902605,12.62077343842852,49.69744045165563,14.37538481155769,11.596625633608465,20.392281340621004
36670,전남,진도군,전남 진도군,2019,13.68,10.0,1196.0,160.0,7.39,13.0,30715.0,0.8,6.79,19.615912208504806,16.80066160516806,26.499094353492914,16.909172923953257,20.74580364147553,91.12711900961912,80.35709447560217,9.624605317891055,4.431957186544343,16.58753126864993,17.05679389487706,46.935825344952484,9.891309006665951,11.563278313728942,20.286259646004687
35560,전북,순창군,전북 순창군,2019,12.51,15.0,1102.0,201.0,6.51,15.0,28382.0,0.7,6.24,16.18655692729767,15.079725902219115,39.09208614926537,22.865814406169978,24.970249856674563,94.09265409998706,88.28199084234198,7.606165219845491,2.750000000000001,17.64012974691628,14.060390285695162,53.75533729836256,9.578578578347186,9.429481929599659,20.11682239835885
37570,경북,고령군,경북 고령군,2019,15.07,9.0,1127.0,135.0,12.91,9.0,32373.0,0.6,7.54,12.757201646090536,15.551334012824402,23.295834958062418,12.47839895318629,10.101049336314514,87.08320752275374,70.94204665528733,10.967925433327784,14.982415902140675,15.72521162802302,13.370397021171442,40.89897496596445,15.325367859547661,14.227849255267106,19.544334636457755
32570,강원,화천군,강원 화천군,2019,12.99,13.0,1078.0,165.0,7.44,14.0,24917.0,0.7,6.84,16.18655692729767,14.61681580055548,34.60425820803624,17.712187172160107,22.92848644811946,90.85752491049476,85.03075130726924,4.279291625754121,4.527522935779818,15.513047029611226,14.280727715895772,49.965826645418,9.51582033945674,10.152369936389334,19.526120027168208
36530,전남,구례군,전남 구례군,2019,13.3,10.0,956.0,144.0,6.36,12.0,26563.0,0.8,6.71,19.615912208504806,12.09202554866003,26.499094353492914,14.160886695008223,18.40129770674621,91.55846956821809,82.93099244086808,5.913765484756037,2.46330275229358,13.11996129045541,16.290632124088646,46.49812760227981,7.310195881556173,10.104001407580501,18.970543026712903
23020,인천,동구,인천 동구,2019,21.02,8.0,3770.0,264.0,9.03,12.0,64427.0,0.7,19.42,16.18655692729767,40.94712851093152,19.754795980051597,29.99346504391152,18.40129770674621,23.02764957080616,30.640223251781407,28.552649958016772,7.56651376146789,32.99031843888111,17.369607610786588,24.943094677517642,18.609385362701317,14.124491426312254,18.87777237298243
38570,경남,산청군,경남 산청군,2019,12.97,13.0,1059.0,174.0,7.37,11.0,35417.0,0.6,6.06,12.757201646090536,14.242983445208859,34.60425820803624,19.09848375426385,15.869038386748258,95.06319285683475,85.1662196212306,13.26414725913316,4.393730886850154,18.021587541951625,11.651259212116312,50.12171083379852,10.715196586482955,8.970714904428153,18.71929326679307
37550,경북,영덕군,경북 영덕군,2019,14.18,9.0,1139.0,141.0,7.59,11.0,37361.0,0.7,6.9,16.18655692729767,15.774005647115855,23.295834958062418,13.611949920062209,15.869038386748258,90.53401199154553,76.97038662656806,14.629494241341348,4.81422018348624,16.935018087572814,14.439451287707772,43.943389953262994,10.326629862348046,10.453697187426277,18.652367916923662
35550,전북,임실군,전북 임실군,2019,10.71,15.0,1004.0,191.0,5.7,14.0,28902.0,0.6,6.54,12.757201646090536,13.121822378884602,39.09208614926537,21.532709861481464,22.92848644811946,92.4750895052409,100.0,8.070062988302537,1.2018348623853228,16.800347315786137,11.060358701814161,55.13588556348954,8.405091713260767,7.211585309731058,18.609541438939896
34550,충남,청양군,충남 청양군,2019,12.75,12.0,959.0,158.0,9.18,13.0,31717.0,0.6,9.84,12.757201646090536,12.15788561206385,32.113579263089605,16.58096215819097,20.74580364147553,74.68187896303326,86.6563710748056,10.444842330033763,7.853211009174313,15.635111357659975,11.961671447150433,45.94747694595477,11.528927453272669,10.458798694777126,18.426731117643122
38510,경남,의령군,경남 의령군,2019,11.29,13.0,779.0,151.0,7.49,10.0,27168.0,0.6,5.63,12.757201646090536,7.7886813963231605,34.60425820803624,15.398796996032674,13.116315787376573,97.38170210930423,96.54555799398521,6.489189720061919,4.623088685015293,12.761949255787405,11.040232676952511,51.523450279379794,8.534239334835956,8.418333278457002,18.060493205513577
33580,충북,단양군,충북 단양군,2019,13.57,11.0,1011.0,159.0,10.14,11.0,29756.0,0.5,6.56,9.327846364883403,13.267877414010007,29.423441064658483,16.7455803737324,15.869038386748258,92.36725186559117,81.10217020238966,8.814112793782158,9.688073394495415,15.162860758071346,9.775883524237864,47.14532347797321,12.246476875307652,10.115738981488473,17.99166601651226
37560,경북,청도군,경북 청도군,2019,16.12,11.0,1123.0,147.0,8.44,14.0,42910.0,0.6,8.26,12.757201646090536,15.476583408176836,29.423441064658483,14.698581649923762,22.92848644811946,83.20105249536297,63.82996017231569,18.167788390244233,6.438837920489298,19.073316434093385,12.08138526345898,42.40480912616629,12.304189902906964,10.139914389336788,17.9466460282127
36510,전남,담양군,전남 담양군,2019,15.88,14.0,1466.0,198.0,12.32,15.0,46535.0,0.3,10.39,2.4691358024691348,21.080682519187498,36.92302483151793,22.472941449884967,24.970249856674563,71.7163438726653,65.45557993985207,20.240007506472036,13.854740061162083,23.99694847783895,6.038131112944914,44.182762569779484,18.564547146599246,10.652906649869072,17.828393338681927
35530,전북,무주군,전북 무주군,2019,14.34,10.0,1018.0,126.0,7.0,9.0,24303.0,0.7,6.87,16.18655692729767,13.412925660981193,26.499094353492914,10.680672855153729,10.101049336314514,90.69576845102014,75.88664011487714,3.641781404450265,3.6865443425076463,13.098816122524259,14.034191912947517,42.80162619811365,7.9063611665922755,9.493340651340276,17.45947999002412
32600,강원,고성군,강원 고성군,2019,11.26,13.0,929.0,164.0,9.41,11.0,27260.0,0.5,11.21,9.327846364883403,11.489820832206272,34.60425820803624,17.553537025600182,15.869038386748258,67.29500064702583,96.74876046492726,6.575568172006703,8.292813455657495,14.638432509312395,9.388788875231803,46.498343878410154,11.305772613657506,9.29274503914465,17.331916467509213
37520,경북,의성군,경북 의성군,2019,12.4,16.0,1146.0,189.0,7.54,16.0,52595.0,0.3,5.64,2.4691358024691348,15.902817515531908,41.1296060639965,21.257769973674108,26.888191766413012,97.32778328947936,89.02706656912949,23.367931007323083,4.718654434250766,23.187709272762177,4.1499317685426576,54.84456244290155,13.393973699442416,5.735590991175458,17.103050835050215
36520,전남,곡성군,전남 곡성군,2019,14.97,8.0,920.0,122.0,7.09,8.0,28887.0,0.9,16.19,23.045267489711936,11.285194197802626,19.754795980051597,9.840392526458073,6.767826916821954,40.44342837423973,71.61938822509416,8.056798620089339,3.858562691131499,12.010595880938435,18.99125444073394,29.83879468501491,7.56324771070141,11.980611318868206,16.994335615535757
36680,전남,신안군,전남 신안군,2019,9.15,19.0,1005.0,219.0,6.18,22.0,40274.0,0.2,4.23,0.0,13.142749554234182,46.591669916124815,25.107066933679317,36.451256001812624,100.0,100.0,16.54785894296311,2.1192660550458724,20.854066443230987,1.6321648636802992,61.06278911691669,10.935492074179015,3.198149362233057,16.344679224445745
36630,전남,함평군,전남 함평군,2019,14.41,11.0,1002.0,147.0,6.78,12.0,32861.0,0.5,6.68,9.327846364883403,13.079905486378774,29.423441064658483,14.698581649923762,18.40129770674621,91.7202260276927,75.41250101601236,11.350218224594324,3.266055045871562,15.829706423499381,8.793783579181163,45.74607369016558,9.05718821266011,6.898589287544645,16.006990151124846
37610,경북,봉화군,경북 봉화군,2019,12.34,14.0,956.0,161.0,5.06,17.0,32150.0,0.4,6.08,5.898491083676269,12.09202554866003,36.92302483151793,17.07175251071372,28.69647549855321,94.955355217185,89.43347151101358,10.791307788679456,0.0,16.66801007723744,5.633070867623205,52.834779764404715,7.729403761185718,3.9759459979894602,15.442472080604473
33560,충북,괴산군,충북 괴산군,2019,11.87,14.0,1056.0,181.0,7.35,15.0,39163.0,0.4,14.97,5.898491083676269,14.183345408841005,36.92302483151793,20.128283168925513,24.970249856674563,47.02152439287407,92.61697688910564,15.833092560572032,4.355504587155964,19.226205438895697,6.495528541714697,44.089913493432086,11.29946297194158,6.467110322153173,15.3630040755828
35540,전북,장수군,전북 장수군,2019,12.85,8.0,989.0,130.0,5.1,8.0,22441.0,0.6,5.8,12.757201646090536,12.805391256842247,19.754795980051597,11.494893736890466,6.767826916821954,96.46508217228141,85.97902950499879,1.6051118313583796,0.05504587155963376,10.835188373838957,10.856697240986072,44.32867900321227,4.807599853435165,6.168754653554183,15.236270765711755
35520,전북,진안군,전북 진안군,2019,11.3,13.0,877.0,168.0,5.01,12.0,25697.0,0.4,5.01,5.898491083676269,10.2790906813123,34.60425820803624,18.18246576251046,18.40129770674621,100.0,96.47782383700452,5.066875240512395,0.0,13.580459554417118,5.451777380888432,53.5222275056477,6.276275243142944,3.6673299769156573,15.060641972663063
37530,경북,청송군,경북 청송군,2019,12.59,8.0,636.0,98.0,5.74,8.0,25416.0,0.5,5.86,9.327846364883403,3.5271105256423443,19.754795980051597,4.141034139879633,6.767826916821954,96.14156925333218,87.74011758649652,4.78593248372182,1.2782874617737021,7.150294203948038,7.540338945492842,42.77772913646926,4.101849679667438,4.832847536317332,13.240293933984422
23520,인천,옹진군,인천 옹진군,2019,10.96,6.0,616.0,83.0,7.84,10.0,20566.0,0.2,5.55,0.0,2.85584872269799,11.308423249973838,0.0,13.116315787376573,97.81305266790321,98.78078517434773,0.0,5.2920489296636095,3.6896090113437623,1.0793922117193404,43.54789958655144,4.612638980851967,3.0838090783697285,10.83491660203199
37630,경북,울릉군,경북 울릉군,2019,10.47,4.0,300.0,46.0,10.02,6.0,9617.0,0.2,4.93,0.0,0.0,0.0,0.0,0.0,100.0,100.0,0.0,9.458715596330276,0.0,1.4188073394495413,40.0,5.202293577981652,4.800298165137614,10.646075688073394
37540,경북,영양군,경북 영양군,2019,12.0,6.0,510.0,80.0,4.02,8.0,16993.0,0.4,6.03,5.898491083676269,0.0,11.308423249973838,0.0,6.767826916821954,95.22494931630936,91.73643284835677,0.0,0.0,2.2616846499947676,4.423868312757202,40.66913512045129,1.1308423249973838,2.3815605051282085,10.458166250705228
37310,경북,(구)군위군,경북 (구)군위군,2019,11.76,7.0,499.0,85.0,5.17,8.0,23843.0,0.3,5.49,2.4691358024691348,0.0,15.796251191202959,0.44483685196673145,6.767826916821954,98.13656558685243,93.36205261589315,3.153524600673353,0.1888379204892979,4.105307618442597,1.8801775399252458,42.58535712930468,2.1565146654904126,1.3296592419574391,10.008765041171436
11230,서울,강남구,서울 강남구,2020,25.63,33.0,25905.0,1611.0,52.32,37.0,539231.0,4.4,13.33,100.0,81.23380111857382,64.23353059632605,76.87194592041739,52.50292757441096,55.1338897583029,0.0,82.71515158025406,88.9680844477464,78.27815215262834,96.46859277901935,50.96690968719179,84.009832466646,91.97460081621782,83.24172249363782
31020,경기,성남시,경기 성남시,2020,24.23,72.0,45788.0,2854.0,60.49,123.0,940064.0,2.1,16.07,64.19753086419755,93.02149750012305,89.8374703807408,91.86391342730606,90.0387136574355,40.245174752217,6.270362655557335,96.8590417638603,100.0,93.53595535536776,72.45029789816047,63.74238696314487,97.11690280267774,85.79268436948189,79.46570526109173
11220,서울,서초구,서울 서초구,2020,25.07,24.0,22668.0,1324.0,54.71,26.0,425126.0,2.7,11.28,84.77366255144034,78.47140232716951,53.930126721988046,71.72955186927592,41.6566620698572,66.27325682490002,0.6622870266517111,76.66476730682056,93.5921248142645,73.02115670002854,85.46620586843687,48.354021392505516,84.06267688150126,88.0997481514362,78.00104985168963
31240,경기,화성시,경기 화성시,2020,25.0,95.0,66535.0,3855.0,66.26,169.0,855248.0,1.8,17.72,53.90946502057614,100.0,99.01511861329381,99.74703752426723,100.0,31.279342723004703,1.1296266623938465,94.45280323541135,100.0,98.13886469328217,65.4320987654321,66.22157698080528,99.06943234664108,82.5764642347122,77.41424238286461
29000,세종,세종시,세종 세종시,2020,20.77,49.0,29487.0,2142.0,59.31,61.0,355831.0,1.9,13.9,57.33882030178328,83.9140903092046,77.15656807507578,84.33994342113482,68.03996050068298,52.03660233002955,29.370293222240036,72.13688408126771,100.0,79.02942399399777,66.39552425725792,63.003672655855226,90.31900748153865,81.74561325085976,74.54239810553702
31190,경기,용인시,경기 용인시,2020,25.2,103.0,68903.0,4074.0,50.19,165.0,1074176.0,1.8,17.4,53.90946502057614,100.0,100.0,100.0,99.29673759315298,33.01817075291254,0.0,100.0,84.84707776126795,100.0,63.159160429622304,66.49814478955545,91.66589276869738,75.02594134655953,73.50504340607024
35010,전북,전주시,전북 전주시,2020,23.51,75.0,39321.0,2573.0,26.93,114.0,657432.0,3.0,16.73,95.06172839506173,89.87035943613357,91.18699524735264,89.14638528566068,87.64731148936605,36.65884194053207,11.077284623190721,87.75880075931757,39.84491084695394,89.50021899533257,86.26006886695276,63.21831740703517,62.17129249168428,66.4014471036629,72.242823096111
31010,경기,수원시,경기 수원시,2020,24.78,99.0,67474.0,4053.0,45.94,189.0,1186078.0,1.7,15.23,50.480109739369006,100.0,100.0,100.0,100.0,44.80959833072509,2.5984083747262616,100.0,76.62441183754333,100.0,59.35374408015826,69.48160134109027,87.14342651064884,69.56693015981662,70.64403651680784
26020,울산,남구,울산 남구,2020,23.06,31.0,16085.0,1023.0,28.38,44.0,320064.0,3.2,13.65,100.0,71.37172571052604,62.202080043450614,64.97063874475259,57.86898626093902,53.395061728395056,14.081610852961603,69.44109588984269,42.65029098563645,68.95860763090595,88.53471621889807,50.858758150290456,54.36837757202672,67.3502165902258,68.54041849014455
38110,경남,창원시,경남 창원시,2020,22.32,111.0,58402.0,3907.0,34.79,196.0,1036738.0,1.9,15.13,57.33882030178328,98.05727118087594,100.0,100.0,100.0,45.35298209007128,19.022058430807036,99.35002355299275,55.05200594353641,98.8336426563358,61.06764323595552,72.87500810417566,74.79256103806912,61.02090785392588,67.36213323632671
31100,경기,고양시,경기 고양시,2020,23.84,87.0,54930.0,3276.0,33.77,168.0,1079216.0,1.9,13.95,57.33882030178328,96.7888374185544,96.0994829425717,95.47964875070544,99.865185483293,51.76491045035646,8.874112054692091,100.0,53.078566121842506,97.61431529779155,60.644783886469284,70.19739109969436,73.16092714498143,59.87402915762674,66.04997696980446
37050,경북,구미시,경북 구미시,2020,23.06,52.0,27922.0,1763.0,37.93,105.0,416328.0,2.0,15.36,60.768175582990416,82.7854924744995,79.10908179107572,79.23532921513268,85.06092695983752,44.10319944357502,14.081610852961603,76.13260235792418,61.127105002476476,80.05434330284216,63.02374668506424,60.026749765281274,69.50780477905818,63.332530810257616,64.34112108365365
34010,충남,천안시,충남 천안시,2020,24.66,76.0,41731.0,2619.0,37.01,114.0,658808.0,1.9,19.08,57.33882030178328,91.10143014046811,91.62502333778161,89.61097173360007,87.64731148936605,23.88932359589637,3.3995620359984997,87.81200677535756,59.347139673105495,90.21932177039766,61.016329191350096,59.33262145074023,73.19551619838344,62.25899091101949,64.33941383913631
38070,경남,김해시,경남 김해시,2020,23.6,59.0,35472.0,2267.0,31.73,90.0,542338.0,2.1,13.82,64.19753086419755,87.73843637913559,83.26592127601864,85.82686664878956,80.2184335062037,52.47130933750652,10.476419377236539,82.86135761788725,49.13168647845468,85.3808097301377,64.29174475782992,62.73221168628028,65.32591060926215,59.14084923776342,63.644147613830256
31150,경기,시흥시,경기 시흥시,2020,24.41,46.0,30471.0,1815.0,43.11,75.0,500895.0,1.6,16.56,47.050754458161876,84.59342664111166,75.08320548201752,79.99732076980094,74.5016807311635,37.58259433142063,5.068632163648985,80.83845236560343,71.14908370480435,81.56489012664036,54.41977106345323,54.72146869754218,75.684769768907,63.464780293744184,61.74061911833574
31040,경기,안양시,경기 안양시,2020,24.32,41.0,27336.0,1610.0,37.81,77.0,550027.0,1.9,17.84,57.33882030178328,82.34654213348303,71.31421765541603,76.85567024560098,75.32607752529069,30.62728221178925,5.669497409603167,83.21960774669378,60.89493561168896,80.40199692183285,60.37300978143911,52.03502864555554,69.57588594067121,61.93611524591137,61.556225974508564
33040,충북,청주시,충북 청주시,2020,23.19,92.0,50284.0,3390.0,29.55,129.0,844993.0,1.7,16.25,50.480109739369006,94.95992757316122,97.95126190273955,96.37656289950534,91.53840171637249,39.26708398539384,13.213694386583342,94.14582482762356,44.91394254581476,95.31396361541559,54.09316644371509,67.91130903727556,67.61165382924786,52.90821118727989,60.59012135191156
31070,경기,평택시,경기 평택시,2020,23.45,61.0,31602.0,1995.0,41.49,107.0,537307.0,1.4,15.21,40.1920438957476,85.34766100512631,84.36466468598405,82.47612368347184,85.65416838336225,44.91827508259432,11.477861453826847,82.62419099364124,68.01479692917286,84.33402073785233,48.881018561699264,61.619316422853345,75.30776562971494,59.54185305051737,60.36359064958551
31210,경기,이천시,경기 이천시,2020,22.69,31.0,12879.0,844.0,43.88,48.0,218388.0,1.8,15.21,53.90946502057614,66.7715938755083,62.202080043450614,59.931269424139074,60.57168152911437,44.91827508259432,16.551834641884298,59.71382295792451,72.63883729569093,63.74035983382163,58.00508374733658,48.80300753898778,68.48296073576542,64.69857903752492,60.03116244531191
11240,서울,송파구,서울 송파구,2020,22.91,40.0,31373.0,2173.0,37.63,50.0,667960.0,1.6,12.93,47.050754458161876,85.19715015695608,70.50674070939148,84.71663542894632,61.84135051977392,57.30742479568771,15.083052929551883,88.16308601596636,60.54668152550769,83.14884902514623,52.889783088143176,59.03480512212889,70.61524184375455,58.22851635456245,59.89217958505795
31090,경기,안산시,경기 안산시,2020,23.26,55.0,33219.0,2035.0,37.84,90.0,654915.0,1.5,16.3,43.62139917695474,86.38038287090502,80.95406179174827,82.9965425253065,80.2184335062037,38.99539210572074,12.746354750841206,87.66118671719698,60.95297795938585,85.67935980896127,50.49703436371443,59.32106238691922,72.0447986385976,57.3887792634319,59.320644351765445
31230,경기,김포시,경기 김포시,2020,24.71,44.0,32551.0,1856.0,35.44,92.0,473970.0,1.7,15.79,50.480109739369006,85.95998285598468,73.6260771396864,80.58289271724391,80.90840616000436,41.76664927838637,3.065748010468411,79.43240904464389,56.30959014363546,81.5349295693228,54.90251911167054,55.97367898901987,67.43974022086167,57.27557713923693,59.040872184671606
38030,경남,진주시,경남 진주시,2020,21.73,45.0,20126.0,1421.0,20.98,53.0,348096.0,2.5,16.3,77.91495198902606,76.00992253663547,74.36256111051671,73.58262676774048,63.655415226609726,38.99539210572074,22.96106393206216,71.57760724227863,28.33317855373948,74.35075566310466,70.28718302849401,55.207772405586496,48.958129909277275,52.40392349444741,58.91014370754655
22060,대구,수성구,대구 수성구,2020,24.11,34.0,23136.0,1524.0,25.51,47.0,424314.0,2.3,13.67,71.0562414266118,78.89431526541347,65.20486445447312,75.41677029264602,59.91727706471948,53.28638497652582,7.071516316829573,76.6161153486678,37.09757305596831,75.4729651282017,66.74624855489544,52.954337282435134,54.19543198161275,54.486589644278546,58.86368196989122
39010,제주,제주시,제주 제주시,2020,25.24,68.0,31087.0,2044.0,32.89,78.0,492466.0,1.7,17.46,50.480109739369006,85.00762557062454,87.94915832727219,83.11222722259238,75.7303822550723,32.692140497304806,0.0,80.40657902984856,51.3759905894007,84.21561815972127,54.06724344999931,56.26587390882433,66.1142226254998,54.932351825114864,58.080967666110155
24050,광주,광산구,광주 광산구,2020,23.15,45.0,30208.0,2004.0,20.51,89.0,405579.0,2.3,15.87,71.0562414266118,84.41402842760934,74.36256111051671,82.59412150415095,79.86773941769155,41.33194227090941,13.480745607007435,75.46695075482009,27.423848439821697,79.71961166235404,65.84716117869304,58.46374108637818,50.72222105169849,50.130260701038885,58.08028852206768
22010,대구,중구,대구 중구,2020,22.81,10.0,4254.0,319.0,25.21,12.0,76547.0,3.6,11.92,100.0,43.849311387504585,26.42015888330851,34.463229535231335,18.460125552464245,62.79560076508433,15.750680980612088,33.0355144249375,36.51714957899951,37.119341797895245,84.86250357560039,32.378114342478455,36.45163759802213,60.67999978015334,57.46208660481988
11150,서울,양천구,서울 양천구,2020,23.97,30.0,23985.0,1555.0,25.19,39.0,454251.0,2.2,13.46,67.62688614540468,79.64013544800552,61.13822333289634,75.9445879897376,54.13084809904878,54.427490871152834,8.006195588313844,78.35103535130547,36.478454680534924,75.55302299597366,64.1559463559343,51.82015617076433,53.85765479988077,52.924080536136486,57.3443386715549
31050,경기,부천시,경기 부천시,2020,23.21,64.0,38989.0,2437.0,30.95,125.0,818383.0,1.5,15.92,43.62139917695474,89.69488060000008,85.94804609404055,87.72263518959275,90.54652436427526,41.060250391236295,13.080168776371309,93.33155401560042,47.62258543833581,90.03651572348828,48.828925258466434,63.530330504369104,66.72593582282883,51.09125790607507,57.192837209835005
31130,경기,남양주시,경기 남양주시,2020,24.5,65.0,44660.0,2591.0,30.07,108.0,713321.0,1.5,15.23,43.62139917695474,92.50527679492254,86.45963880623941,89.32916128055285,85.94668190180482,44.80959833072509,4.467766917694817,89.83507742446155,45.92000990589401,90.49508938604762,48.854578548092405,62.371693416340804,65.8782863015194,50.381035686337015,56.65152036812728
26510,울산,울주군,울산 울주군,2020,21.47,30.0,13196.0,899.0,37.74,48.0,222538.0,1.7,12.8,50.480109739369006,67.27478781816674,61.13822333289634,61.585173923642856,60.57168152911437,58.01382368283776,24.69689686481867,60.19286224936846,60.759503467062906,63.92289725047317,53.70148660640287,53.251834486388425,62.01543614121285,57.41888493785538,56.484938644260744
23040,인천,연수구,인천 연수구,2020,24.6,30.0,24137.0,1437.0,33.14,45.0,387450.0,1.8,16.44,53.90946502057614,79.7708715973386,61.13822333289634,73.8760927566103,58.56654163896283,38.234654842636054,3.8001388666346116,74.30326089779045,51.85967682020802,74.4040587345857,56.188137448197175,47.88860784343041,61.736308038540336,55.50540181695244,56.0664324907413
31060,경기,광명시,경기 광명시,2020,23.81,25.0,17318.0,1095.0,34.04,44.0,298599.0,1.8,13.03,53.90946502057614,72.90021119662033,55.24436072514026,66.75286563349715,57.86898626093902,56.7640410363415,9.074400470010161,67.6745391275642,53.60094725111442,67.80133948160749,55.76226197276131,49.58512479381353,59.73618016908566,55.60188954963355,55.676764414924385
24020,광주,서구,광주 서구,2020,21.91,30.0,16292.0,1148.0,19.0,53.0,296576.0,2.4,12.71,74.48559670781893,71.63634725850856,61.13822333289634,67.99148972399607,63.655415226609726,58.50286906624934,21.75933344015381,67.50154581741037,24.502383605745422,68.29628204105666,66.70318979757687,54.82626988285037,44.042634640762884,48.53382435691377,55.55756752108453
31200,경기,파주시,경기 파주시,2020,23.6,58.0,29154.0,1847.0,33.48,95.0,465617.0,1.4,14.3,40.1920438957476,83.67904851306729,82.70273706516393,80.45546777450323,81.91603022147198,49.86306729264475,10.476419377236539,78.97993476968094,52.51749009410599,82.07405210047071,46.389561287233334,61.00971622385565,65.73769317634029,51.4365561530048,55.514135058317144
23080,인천,서구,인천 서구,2020,24.19,45.0,33240.0,2013.0,31.88,79.0,542040.0,1.5,14.45,43.62139917695474,86.39346157797596,74.36256111051671,82.71159084314581,76.12960125580129,49.04799165362546,6.5374138759814,82.84737100130766,49.421898216939084,82.92345431148361,48.76868027305451,58.08693122718136,64.3240980961595,51.33061922687986,55.44196352541469
21120,부산,강서구,부산 강서구,2020,23.17,18.0,10234.0,643.0,44.98,22.0,137957.0,1.6,13.38,47.050754458161876,62.01440375493843,44.73411254117718,52.80668287828975,36.567788482210304,54.86219787862979,13.347219996795374,48.0249841005701,74.76705671124319,54.36151961587568,52.70456472580173,41.27554507522446,65.20192081137468,62.30104033354218,55.255154635348056
31180,경기,하남시,경기 하남시,2020,24.91,21.0,16940.0,960.0,45.72,35.0,293452.0,1.3,14.19,36.76268861454047,72.44350759132297,49.646600236396246,63.30521320717445,50.78696956728833,50.460789427925576,1.7304919083480144,67.23207056761892,76.1987679544329,66.32069501322641,46.24618241320258,43.811925051420836,71.44749450198515,60.50978416595058,54.82233390998921
36020,전남,여수시,전남 여수시,2020,20.72,50.0,14424.0,1109.0,27.02,72.0,280242.0,1.8,12.44,53.90946502057614,69.11616173605233,77.82012781308151,67.08577625686645,73.22348817604154,59.97000521648409,29.704107247770125,66.059940891367,40.01903789004458,69.94008869805258,53.34657062254403,61.25381534608999,53.52470710174819,48.70865463804984,54.393041147561014
22070,대구,달서구,대구 달서구,2020,23.0,56.0,30392.0,2187.0,22.36,79.0,558631.0,1.8,15.95,53.90946502057614,84.5397021780124,81.54715111102038,84.88499707433841,76.12960125580129,40.89723526343244,14.482187683597715,83.61460005241415,31.00312654779594,83.66366132693452,53.536537965402744,60.02600426856492,54.65656515585441,45.81784804780811,54.19318449740113
35030,전북,익산시,전북 익산시,2020,19.93,60.0,14602.0,1200.0,16.78,77.0,282276.0,2.2,15.76,67.62688614540468,69.36997873600941,83.819796229484,69.15241876099874,75.32607752529069,41.92966440619023,34.978368851145646,66.24397264595396,20.207249876176327,71.3221404076877,60.6882499640809,60.732582216407266,43.30655869894036,43.91264624354322,53.58887613079413
34040,충남,아산시,충남 아산시,2020,23.53,46.0,22616.0,1435.0,37.73,60.0,316129.0,1.3,17.98,36.76268861454047,78.42387406363129,75.08320548201752,73.83958857657016,67.52389234821709,29.866544948704572,10.943759012978688,69.12629357515226,60.74015601783061,74.96646620076483,44.52542726994307,51.76718288511527,66.96912520700769,53.567137022263395,53.57489795577439
11140,서울,마포구,서울 마포구,2020,22.91,22.0,14375.0,1037.0,31.61,25.0,371890.0,1.9,18.65,57.33882030178328,69.04574087887538,51.136119757428986,65.32679890982389,40.45887870921677,26.225873761085026,15.083052929551883,73.2601971249714,48.899517087667164,66.72815352841491,57.243616877375075,40.88954082345167,56.806524118480624,54.25761803714314,53.485664933238645
24030,광주,남구,광주 남구,2020,22.64,23.0,13534.0,909.0,11.38,43.0,214579.0,2.8,15.28,88.20301783264746,67.79817221148792,52.56223590711836,61.87499177993496,57.15575417620725,44.53790645105199,16.885648667414415,59.26606504667249,9.75962729073799,62.19135280116938,74.39602468924508,46.83926927653178,33.07356279991619,45.57491631636827,53.42973821703626
21090,부산,해운대구,부산 해운대구,2020,23.0,32.0,19600.0,1241.0,30.0,38.0,402169.0,1.7,14.51,50.480109739369006,75.46186419011056,63.23319745315171,70.03286017889997,53.32732436853814,48.72196139801773,14.482187683597715,75.25208960978205,45.78457776126796,72.95319846862023,52.27395538772801,50.79478300695914,57.88502379350197,50.84433347933309,53.424856753966466
11010,서울,종로구,서울 종로구,2020,21.14,13.0,5192.0,452.0,46.96,17.0,149384.0,1.6,17.26,47.050754458161876,47.97226402163571,34.5011790855728,43.5794117133767,28.788216410535806,33.7789080159972,26.900069433317313,50.05004738016219,78.59785165923725,45.90138204198107,51.87496999467057,34.24911669690201,63.78089623248924,63.01386751294171,53.17867812863653
38100,경남,양산시,경남 양산시,2020,24.12,39.0,22174.0,1414.0,29.86,69.0,352229.0,1.6,15.49,47.050754458161876,78.0154152355135,69.67932405926321,73.45319559646117,71.89164973928321,43.396800556424964,7.0047535117235356,71.87797095960772,45.51371347201585,74.5069637174917,49.91666438797514,53.16322198549012,58.3852535065789,49.645919935179954,52.98455590590597
37010,경북,포항시,경북 포항시,2020,21.82,66.0,27554.0,1835.0,24.56,117.0,502916.0,1.5,13.38,43.62139917695474,82.51092709996128,86.96353810277883,80.2845990977095,88.4646311305851,54.86219787862979,22.360198686107992,80.94092124294995,35.25956537890044,82.9304475434214,46.256076899547246,66.17803137751847,56.732438375107876,43.97875208865496,52.9624431054016
25040,대전,유성구,대전 유성구,2020,21.86,38.0,22814.0,1657.0,27.24,75.0,351047.0,1.6,16.13,47.050754458161876,78.60426655617925,68.83095794189572,77.60991476032567,74.5016807311635,39.919144496609285,22.093147465683927,71.79243105787417,40.444681773155025,74.60605418383102,49.215194765212594,56.746380780593725,55.61738873934181,47.10584431411182,52.31849890000889
31160,경기,군포시,경기 군포시,2020,23.16,27.0,14676.0,961.0,32.04,49.0,273791.0,1.6,13.58,47.050754458161876,69.47458891548823,57.72762043866053,63.332491679862144,61.21286479269946,53.775430359937396,13.413982801901398,65.4673058023257,49.73145740465577,65.92301028617393,49.695243345868604,49.99845935897032,56.840077269873234,50.779643355044804,51.96431998685777
24040,광주,북구,광주 북구,2020,21.96,46.0,23067.0,1673.0,13.88,95.0,430431.0,2.1,15.58,64.19753086419755,78.83250326281373,75.08320548201752,77.86180864481047,81.91603022147198,42.907755173013385,21.42551941462372,76.98035414591915,14.596489598811294,77.52699897158611,58.220871914251234,59.63615270835434,42.84994360199858,40.646698857009355,51.89134326192813
35020,전북,군산시,전북 군산시,2020,21.56,56.0,15515.0,1148.0,18.74,67.0,267859.0,2.0,16.12,60.768175582990416,70.6250710766908,81.54715111102038,67.99148972399607,70.97165801720507,39.9734828725439,24.096031618864515,64.90989414282015,23.999349925705793,71.09493400339552,56.23854128376776,56.76695425406554,45.21585590700141,43.30142150193112,51.552504772742765
36010,전남,목포시,전남 목포시,2020,22.63,33.0,15553.0,987.0,19.17,52.0,224044.0,2.1,14.1,64.19753086419755,70.67569489923383,64.23353059632605,64.03195310805997,63.062173803084995,50.949834811337155,16.95241147252044,60.36449547017696,24.831290242694408,66.29390220993521,58.940411174475706,51.894469723514476,43.27037599348784,44.65171357120407,51.26178287792676
31120,경기,구리시,경기 구리시,2020,24.36,16.0,9738.0,616.0,31.12,30.0,197454.0,1.9,13.46,57.33882030178328,60.98634414251672,41.00708924323831,51.683334779065994,46.041207343930445,54.427490871152834,5.402446189179088,57.14953411662488,47.9514920752848,55.839450154893484,56.295473451881854,39.994420057070116,51.24372851172755,52.61731822904974,51.151253300197304
11250,서울,강동구,서울 강동구,2020,22.45,28.0,21353.0,1504.0,26.31,35.0,459970.0,1.6,12.81,47.050754458161876,77.23463583213466,58.90348395575729,75.07051775079377,50.78696956728833,57.95948530690314,18.15414196442879,78.66941955468948,38.64536899455176,73.99884057362563,48.80833477601764,53.38909711820954,54.39264144220955,46.08894275243337,51.00584092718992
26040,울산,북구,울산 북구,2020,23.44,22.0,15893.0,964.0,26.67,44.0,219014.0,1.8,13.33,53.90946502057614,71.12321771712182,51.136119757428986,63.414157285409125,57.86898626093902,55.1338897583029,11.544624258932856,59.7866629303934,39.341877166914315,63.72483168916472,53.445702112181436,48.09681401542608,49.94428740052915,47.9841511745901,50.72620348365429
31250,경기,광주시,경기 광주시,2020,25.09,29.0,19933.0,1141.0,39.87,42.0,382054.0,1.1,15.97,29.903978052126206,75.81051055086395,60.03947992293094,67.83121184078816,56.4261245235132,40.7885585115632,0.5287614164396643,73.94636221703593,64.88051015354137,72.09705992512895,39.741111117212256,45.69308160891078,67.94228501946903,52.770076865265956,50.688168465702425
31030,경기,의정부시,경기 의정부시,2020,23.58,34.0,22170.0,1319.0,24.96,63.0,461710.0,1.6,15.68,47.050754458161876,78.01168172038861,65.20486445447312,71.63039012875831,69.0475845621506,42.36437141366718,10.6099449874486,78.76550255406049,36.03346334819218,75.67646451730707,48.4942535178891,51.90057138762995,53.75605301413981,44.92224688293278,50.25229557575888
36030,전남,순천시,전남 순천시,2020,22.32,42.0,16649.0,1134.0,19.17,61.0,282189.0,1.9,15.04,57.33882030178328,72.08492161921627,72.10269336942723,67.66994849229275,68.03996050068298,45.84202747348287,19.022058430807036,66.23612826651986,24.831290242694408,70.33383796344954,53.93730092466325,54.51683705291906,45.219882534245876,42.442584427411546,50.1170072945156
25030,대전,서구,대전 서구,2020,22.84,39.0,26179.0,1802.0,17.62,76.0,477880.0,1.8,15.8,53.90946502057614,81.45154498863502,69.67932405926321,79.80888821649894,74.91655581644167,41.71231090245173,15.550392565294018,79.64147709386118,21.832435611688958,78.55408043432851,51.852118606048954,56.57811093199278,47.212302554161425,40.649257150239826,50.07558431812583
11190,서울,영등포구,서울 영등포구,2020,21.27,23.0,13537.0,1039.0,36.02,37.0,379480.0,1.2,11.76,33.333333333333336,67.80275887888597,52.56223590711836,65.37728641169825,52.50292757441096,63.665014780038256,26.032152966939066,73.77433480675943,57.431742199108484,66.54612706289448,40.39503721775487,52.671641469905346,61.47038379701261,49.5191859481173,50.05645916643934
22510,대구,달성군,대구 달성군,2020,22.03,32.0,16491.0,1205.0,27.92,46.0,259339.0,1.5,12.45,43.62139917695474,71.88759119960405,63.23319745315171,69.26138546997535,59.24909465694126,59.91566684054947,20.958179778881586,64.08731082121906,41.760308320950976,67.81662833679809,46.16885475081911,55.02411938055159,53.282104184941886,45.69285091548368,49.94648262058234
32020,강원,원주시,강원 원주시,2020,22.17,50.0,19691.0,1432.0,19.79,73.0,354376.0,1.7,17.02,50.480109739369006,75.55772461635203,77.82012781308151,73.78473686792387,73.65529745047293,35.083029038428094,20.0235005073973,72.03261505377615,26.030832095096585,74.95267238692517,49.32047958042645,56.079810306333286,48.01540761494811,40.97334216573925,49.25405334670484
21060,부산,동래구,부산 동래구,2020,23.82,22.0,13073.0,788.0,20.11,30.0,270745.0,2.0,13.39,60.768175582990416,67.08099215428996,51.136119757428986,58.13279034238354,46.041207343930445,54.80785950269518,9.007637664904124,65.18260798974846,26.649950470529966,63.322502425555314,56.281723473251304,44.42970207219111,42.96467436385464,43.91304555588934,48.55519739903638
23050,인천,남동구,인천 남동구,2020,23.4,39.0,29286.0,1806.0,21.58,74.0,525354.0,1.4,13.92,40.1920438957476,83.7725378274858,69.67932405926321,79.86701178405308,74.08131045202084,51.92792557816032,11.81167547935695,82.05168825260137,29.49402550767707,80.43764020137596,42.945390530710846,57.76273453717249,52.25190723853607,39.63339027882281,48.1858492461438
38090,경남,거제시,경남 거제시,2020,23.13,38.0,18620.0,1183.0,19.6,58.0,245754.0,1.7,14.12,50.480109739369006,74.40036360644785,68.83095794189572,68.77850866742132,66.46587797383258,50.841158059467915,13.614271217219468,62.71810347273343,25.663230559683015,69.7818044334231,49.149603249124,53.821786306646835,45.28566084421482,40.349781447083274,47.896112018494925
26010,울산,중구,울산 중구,2020,22.38,21.0,11933.0,772.0,16.63,36.0,217595.0,2.1,12.97,64.19753086419755,65.1928296774056,49.646600236396246,57.595445061697305,51.65654429372039,57.090071291949215,18.621481600170924,59.62125088003594,19.917038137691925,60.41211014999283,57.654986836542506,47.21897353518567,37.90078456685669,41.483574451491926,47.891086285975604
11020,서울,중구,서울 중구,2020,20.45,12.0,4990.0,393.0,53.45,14.0,125240.0,0.9,18.2,23.045267489711936,47.15115217432302,32.017919372052525,39.919489932069325,23.001787444865116,28.67110067814292,31.506702985632657,45.56395566766865,91.15434621099556,43.648346661872615,35.67221776636559,31.86928520691272,69.60150613826772,60.1803559777714,47.75227241845743
36060,전남,광양시,전남 광양시,2020,20.92,28.0,9221.0,671.0,24.34,36.0,151769.0,1.7,11.35,50.480109739369006,59.857460079707515,58.90348395575729,53.92294704792958,51.65654429372039,65.89288819335766,28.368851145649714,50.45312183805441,34.83392149579,56.84536338242154,49.07091653686601,51.86226306499339,44.588465509909895,43.415600618445986,47.64894575519983
32030,강원,강릉시,강원 강릉시,2020,20.68,35.0,9771.0,791.0,17.78,37.0,213321.0,2.0,17.08,60.768175582990416,61.05635206666433,66.14883312387383,58.232328409193755,52.50292757441096,34.756998782820375,29.971158468194204,59.11643615139898,22.14199479940565,61.492873503526624,55.0030661138201,48.60891931343777,39.87171628810321,41.23198867991751,47.647701419200644
23010,인천,중구,인천 중구,2020,22.49,14.0,8455.0,568.0,45.2,18.0,139729.0,1.0,11.86,26.47462277091907,58.06280893736895,36.81303856984321,49.55914587005898,30.50417441765844,63.12163102069206,17.88709074400471,48.34976493518454,75.19270059435364,50.898941663208475,36.94115306107924,40.529764697071506,63.902315711630294,54.373369095307936,47.63060402623542
39020,제주,서귀포시,제주 서귀포시,2020,21.04,45.0,9488.0,825.0,32.89,45.0,182169.0,1.0,10.95,26.47462277091907,60.448145318461414,74.36256111051671,59.33479041615913,58.56654163896283,68.06642323074249,27.567697484377504,55.099205934666294,51.3759905894007,61.62634666173393,33.60718019844555,57.618015215011546,56.04756088911429,43.192320938880165,46.05190485065386
31140,경기,오산시,경기 오산시,2020,24.35,25.0,16481.0,966.0,30.37,48.0,229725.0,1.3,18.65,36.76268861454047,71.87503839539808,55.24436072514026,63.46846009802613,60.57168152911437,26.225873761085026,5.469208994285097,61.00171435386383,46.5004333828628,65.28690564888625,41.73458530787458,42.340755949975765,54.62493926524776,45.33618522772643,46.04746852290693
24010,광주,동구,광주 동구,2020,20.07,11.0,3318.0,312.0,13.83,18.0,102897.0,2.8,24.44,88.20301783264746,38.707826449458466,29.335794554030624,33.88311822894132,30.50417441765844,0.0,34.043689579661375,40.563447348863725,14.499752352649825,37.39010634019448,72.19800887232893,25.722302546622497,24.73452564158172,44.88409660582916,45.8487763160189
32010,강원,춘천시,강원 춘천시,2020,22.32,40.0,14913.0,1045.0,21.28,44.0,282765.0,1.5,16.43,43.62139917695474,69.80610939793436,70.50674070939148,65.52816841432107,57.86898626093902,38.288993218570674,19.022058430807036,66.2880185331309,28.913602030708276,68.89080840078475,44.03370062711573,50.62594851447496,46.85757984738521,39.16524800141354,45.55805168860079
21050,부산,부산진구,부산 부산진구,2020,21.53,32.0,14931.0,1042.0,19.77,42.0,359886.0,1.6,17.87,47.050754458161876,69.83107251413377,63.23319745315171,65.45283590932605,56.4261245235132,30.46426708398539,24.296320034182557,72.42524131628801,25.992137196631997,69.28974814258362,46.169993674529586,48.42588457012243,45.44899590373272,38.9995942416459,45.51789008156622
11160,서울,강서구,서울 강서구,2020,22.06,35.0,26078.0,1756.0,21.06,54.0,580185.0,1.2,12.86,33.333333333333336,81.37154808183507,66.14883312387383,79.13104180487355,64.23777086985795,57.68779342723004,20.757891363563544,84.57799267108142,28.48795814759782,79.28893846701673,37.41034853032318,58.337329664630566,51.244268810595415,36.36259993841014,45.450437718486256
21510,부산,기장군,부산 기장군,2020,23.71,21.0,11812.0,733.0,30.63,34.0,174545.0,1.3,14.45,36.76268861454047,64.98192182384747,49.646600236396246,56.23760808064201,49.89289658253065,49.04799165362546,9.742028521070338,54.01126746801415,47.00346706290242,58.62366119960723,41.120728702725465,43.230660589758514,51.914641393207575,44.79877403235972,45.140362207438756
23060,인천,부평구,인천 부평구,2020,21.92,42.0,23670.0,1574.0,17.42,67.0,494962.0,1.3,12.63,36.76268861454047,79.36654397757282,72.10269336942723,76.2629162238926,70.97165801720507,58.9375760737263,21.692570635047787,80.5352311897266,21.445486627043095,78.26438001958984,38.7254938527191,60.25804577419418,46.95888045578998,33.91249931419313,44.800058174260485
22050,대구,북구,대구 북구,2020,22.06,38.0,21942.0,1557.0,17.95,71.0,440263.0,1.4,18.19,40.1920438957476,77.79775026266796,68.83095794189572,75.9782787446912,72.78572272404085,28.72543905407754,20.757891363563544,77.5550944777173,22.47090143635463,75.93159506302831,41.294443163530694,53.57528576668629,46.43490580837581,35.47727295574584,44.508387613527994
11110,서울,노원구,서울 노원구,2020,22.08,42.0,25841.0,1751.0,15.77,62.0,523037.0,1.4,17.77,40.1920438957476,81.18260948351312,72.10269336942723,79.05629610274772,68.54777120752274,31.00765084333159,20.624365753351498,81.93920690214908,18.25315750371471,79.59360548628673,41.00026749571922,54.7931817000374,45.7769088960108,33.75527520856138,44.231515760007625
37100,경북,경산시,경북 경산시,2020,22.08,31.0,13342.0,950.0,24.64,60.0,263728.0,1.4,24.56,40.1920438957476,67.50249078720226,62.202080043450614,63.03085663520838,67.52389234821709,0.0,20.624365753351498,64.51437651411285,35.41434497275879,65.54597435652511,42.206433746444745,42.45158717039507,48.875752373919774,40.82960046977591,44.00978927285943
11040,서울,성동구,서울 성동구,2020,19.87,21.0,10992.0,919.0,32.68,28.0,293556.0,1.0,16.71,26.47462277091907,63.493025822064034,49.646600236396246,62.16164216455788,43.92459037364192,36.76751869240131,35.37894568178176,67.24108764377519,50.96969415552254,61.84815925144382,33.850723783724085,46.48771201930162,55.78276012015611,43.13216886431835,43.85223217886866
31260,경기,양주시,경기 양주시,2020,22.7,34.0,13384.0,901.0,26.84,47.0,230359.0,1.2,18.11,33.333333333333336,67.56753303781299,65.20486445447312,61.64339425637221,59.91727706471948,29.1601460615545,16.485071836778303,61.07184832140633,39.6707838038633,65.14629390622302,37.7073708743608,46.56845659436216,51.01370139334568,40.3905149775344,43.652426978754
31220,경기,안성시,경기 안성시,2020,21.09,35.0,10657.0,823.0,27.61,51.0,187012.0,1.2,20.06,33.333333333333336,62.85253356593332,66.14883312387383,59.271206750776884,62.45763186596929,18.56416275430361,27.2338834588474,55.76689702623434,41.16053739474987,61.386102515611725,37.45933396580581,46.575822334994584,50.18872014662163,40.664163093058605,43.34982673243208
34080,충남,당진시,충남 당진시,2020,22.44,30.0,10530.0,743.0,25.89,35.0,166249.0,1.3,15.01,36.76268861454047,62.60444266523542,61.13822333289634,56.592528910903795,50.78696956728833,46.005042601286725,18.220904769534783,52.77207731057214,37.832776126795444,59.361489192368616,39.50737714644821,46.83901180356277,47.35854933266003,40.098942617501514,43.321555149414905
31170,경기,의왕시,경기 의왕시,2020,22.62,14.0,7455.0,512.0,36.21,22.0,163795.0,1.1,14.96,29.903978052126206,55.458093129912655,36.81303856984321,46.84177890043998,36.567788482210304,46.276734480959824,17.019174277626433,52.39364694121396,57.79934373452205,50.80974836128916,36.643694412264225,37.217402463127435,54.42160857813607,46.71485879993524,43.15477516107019
37020,경북,경주시,경북 경주시,2020,20.02,43.0,11482.0,929.0,19.58,60.0,253502.0,1.3,14.49,36.76268861454047,64.39554876429735,72.87304158948396,62.445193565408644,67.52389234821709,48.83063814988697,34.37750360519148,63.50801298146605,25.624535661218424,65.82478659448527,37.855251686517846,56.95611891249721,43.78611047269791,34.464129895590055,42.946194157760765
36620,전남,무안군,전남 무안군,2020,19.92,18.0,4648.0,386.0,14.72,21.0,86132.0,2.2,17.64,67.62688614540468,45.68207790498658,44.73411254117718,39.449316665919724,35.15700101945474,31.714049730481648,35.045131656251655,36.03769270370028,16.22167533432392,42.59916927183881,57.72162369970076,37.43453810498024,27.93740217454823,38.72900854304598,42.74266608359424
34050,충남,서산시,충남 서산시,2020,22.09,29.0,10336.0,726.0,24.65,39.0,175591.0,1.3,15.41,36.76268861454047,62.21963316190626,60.03947992293094,55.98627454363667,54.13084809904878,43.83150756390193,20.557602948245474,54.16331228609474,35.43369242199108,59.36670625136773,39.10903364039464,47.001913937782156,46.060902299683654,38.86544451284674,42.67019689104978
11200,서울,동작구,서울 동작구,2020,22.96,21.0,15553.0,1045.0,26.37,32.0,391220.0,1.2,19.93,33.333333333333336,70.67569489923383,49.646600236396246,65.52816841432107,48.02544667877611,19.270561641453654,14.749238904021794,74.54967642988235,38.76145368994552,67.63207042586087,37.881787543415214,40.31913926177103,51.601049997438786,40.247560062804354,42.62439315512894
37590,경북,칠곡군,경북 칠곡군,2020,20.24,21.0,6824.0,549.0,22.99,32.0,114758.0,1.5,12.85,43.62139917695474,53.62803040320148,49.646600236396246,48.668377984296775,48.02544667877611,57.74213180316467,32.90872189285906,43.3396873520499,32.222015849430406,49.74524145449496,42.912154800450764,47.43040228437461,39.91332792427413,38.720782136167145,42.45022279922616
11050,서울,광진구,서울 광진구,2020,23.41,22.0,14257.0,998.0,26.22,31.0,346682.0,1.2,20.16,33.333333333333336,68.87516609866252,51.136119757428986,64.32235440425524,47.04883140539809,18.020778994957382,11.744912674250912,71.47402612427051,38.471241951461124,66.10701483809821,37.65820290258542,39.31827559720098,50.768932187419594,39.909375962417045,42.05461934895878
22020,대구,동구,대구 동구,2020,21.11,32.0,16676.0,1230.0,17.87,56.0,341920.0,1.2,11.72,33.333333333333336,72.11845520634202,63.23319745315171,69.7995300995384,65.37137323373237,63.88236828377673,27.10035784863537,71.12205691965002,22.31612184249629,70.04248416969637,35.55926379700865,58.09877322705721,43.68918633790405,32.14365249406363,41.986131691903545
26030,울산,동구,울산 동구,2020,22.59,16.0,10290.0,643.0,18.57,26.0,156806.0,1.7,16.49,50.480109739369006,62.127330589634745,41.00708924323831,52.80668287828975,41.6566620698572,37.96296296296296,17.219462692944504,51.28397613265842,23.67044328875681,54.65027598326256,47.62338185680375,38.68807300988017,37.237515270965794,37.681973370111635,41.64736225985865
38060,경남,사천시,경남 사천시,2020,20.03,18.0,6145.0,469.0,16.52,20.0,111105.0,1.8,11.2,53.90946502057614,51.45929856079048,44.73411254117718,44.545675340813496,33.680572391448834,66.70796383237698,34.310740800085455,42.516466240478145,19.704216196136702,47.43141166077412,48.53366105093166,45.33906812864862,31.980059810222723,35.96031516564709,41.584586045275465
33020,충북,충주시,충북 충주시,2020,20.35,36.0,10311.0,855.0,18.16,44.0,210186.0,1.4,17.17,40.1920438957476,62.16951979619354,67.06693635643826,60.270499009380806,57.86898626093902,34.26795339940878,32.17433103669282,58.7396796741765,22.87719787023279,62.12005107163737,39.792564581964974,50.44981684999403,40.534008374637054,33.983402801759524,41.40885739489358
35510,전북,완주군,전북 완주군,2020,16.45,29.0,4718.0,486.0,18.06,37.0,91609.0,1.6,14.51,47.050754458161876,45.99137199116895,60.03947992293094,45.477602496091265,52.50292757441096,48.72196139801773,58.21182502804038,37.606485696903114,22.683723377909857,46.28552768924159,43.28976154942478,52.63949302998227,33.31924310291277,34.58207042241776,41.20161104744821
11120,서울,은평구,서울 은평구,2020,22.43,31.0,20400.0,1408.0,17.86,42.0,479835.0,1.1,12.69,29.903978052126206,76.28976549453807,62.202080043450614,73.34174394522495,56.4261245235132,58.611545818118586,18.28766757464082,79.74537051847318,22.296774393263995,74.5089099115011,33.40147624753806,54.61961335207522,45.703192597318846,31.360088051009257,40.93331634515212
11030,서울,용산구,서울 용산구,2020,20.54,15.0,6870.0,568.0,39.33,13.0,230040.0,0.7,14.39,16.18655692729767,53.76705066197538,38.97563869036288,49.55914587005898,20.812126732127442,49.374021909233164,30.905837739678475,61.036584255229855,63.83574789499752,52.98962834562923,27.091984945920416,39.36270514518877,58.91612298196448,44.72592268350402,40.904813182441224
21110,부산,금정구,부산 금정구,2020,22.42,22.0,9608.0,620.0,16.52,27.0,232666.0,1.7,19.81,50.480109739369006,60.70822800811493,51.136119757428986,51.85282324688691,42.81087988887997,19.922622152669106,18.354430379746816,61.32543285710652,19.704216196136702,58.97896781267522,46.88653753475875,37.26747225302271,37.29139141380705,35.93345314809828,40.842148758166466
11170,서울,구로구,서울 구로구,2020,21.93,26.0,18180.0,1336.0,22.19,32.0,404408.0,1.0,15.37,26.47462277091907,73.90546717178418,56.50898898754158,71.96602153228822,48.02544667877611,44.04886106764041,21.625807829941778,75.39337140088901,30.674219910846958,70.8725428036671,31.84764678199476,49.63205396191323,48.611818994210175,33.95157320892534,40.50157677897356
21100,부산,사하구,부산 사하구,2020,21.99,26.0,14073.0,930.0,18.13,41.0,311757.0,1.3,18.51,36.76268861454047,68.60634764966298,56.50898898754158,62.47338083209256,55.679325548201355,26.98661102416969,21.22523099930568,68.77190241316828,22.819155522535908,66.23654234629029,37.855524554252035,44.91441024245674,42.23848932805675,33.2502401092221,39.962211964056614
25020,대전,중구,대전 중구,2020,20.84,27.0,11797.0,984.0,13.0,41.0,235550.0,1.4,10.39,40.1920438957476,64.95562584683144,57.72762043866053,63.952191518587234,55.679325548201355,71.1093722830812,28.902953586497887,61.63892779784701,12.893914066369488,62.515015350501926,38.57368261644927,55.88793597352494,35.10137911941261,29.064918099365848,39.860125044886516
36040,전남,나주시,전남 나주시,2020,18.3,24.0,6058.0,519.0,18.74,30.0,115613.0,1.4,13.16,40.1920438957476,51.16424476916877,53.930126721988046,47.197249479685205,46.041207343930445,56.05764214919144,45.86070608342679,43.52857972586119,23.999349925705793,49.42672164674035,38.86035988758345,49.87518846243213,35.354791044049925,33.133171074396245,39.34765172002484
23070,인천,계양구,인천 계양구,2020,22.02,26.0,14220.0,966.0,15.17,37.0,296750.0,1.3,13.67,36.76268861454047,68.82138996085871,56.50898898754158,63.46846009802613,52.50292757441096,53.28638497652582,21.02494258398761,67.5164714350044,17.092310549777114,65.96743420843899,37.01800203945779,49.90661747027917,38.943418408553974,30.332822473433982,39.326455319628415
38050,경남,통영시,경남 통영시,2020,21.46,20.0,8075.0,556.0,12.57,29.0,128293.0,1.7,12.76,50.480109739369006,57.11122505324337,48.08777630232829,49.00008564645877,45.00054060161764,58.23117718657625,24.763659669924692,46.17685305385664,12.061973749380881,52.026223703244334,45.38050087225823,45.21662513362318,29.791636161119484,31.380686672580346,39.141737899506346
33550,충북,진천군,충북 진천군,2020,19.87,15.0,5170.0,403.0,27.0,17.0,83718.0,1.2,10.84,33.333333333333336,47.884400561120295,38.97563869036288,40.5768739462292,28.788216410535806,68.66414536602329,35.37894568178176,35.31430064289459,39.980342991579995,42.331618211501095,35.78549150484903,43.066196895771256,40.76077772306353,37.99998245793704,38.97957913702465
11080,서울,성북구,서울 성북구,2020,22.62,29.0,20086.0,1359.0,20.04,47.0,437153.0,1.0,20.99,26.47462277091907,75.96875117445258,60.03947992293094,72.4133810833674,59.91727706471948,13.510693792383933,17.019174277626433,77.37469571203118,26.514518325903914,73.20468028542183,31.430019944520147,45.20480642913803,47.386887663235434,32.10312453581176,38.869171793683584
21080,부산,북구,부산 북구,2020,21.36,27.0,12712.0,882.0,12.53,39.0,283952.0,1.4,14.09,40.1920438957476,66.50150057392221,57.72762043866053,61.08501268190879,54.13084809904878,51.004173187271775,25.431287720984884,66.39461958115733,11.984583952451706,64.7146602490404,38.59187057207068,50.223496654717955,35.62377626967253,28.834106109844317,38.851791788421
31110,경기,과천시,경기 과천시,2020,24.0,4.0,2882.0,176.0,40.81,7.0,63231.0,1.2,12.57,33.333333333333336,35.793192104089464,0.0,18.931614118836603,3.0513250918930392,59.263606329334024,7.805907172995788,28.172275426273536,66.69917038137693,26.348278679926793,38.584194767615486,18.60450499395907,48.06902344451624,49.847160533967106,38.77807503994037
11130,서울,서대문구,서울 서대문구,2020,22.55,19.0,12988.0,906.0,23.35,23.0,312173.0,1.1,19.75,29.903978052126206,66.9460000284383,46.45288270617546,61.788382182935045,37.91852390796696,20.24865240827681,17.486513913368583,68.80583633291236,32.91852402179297,63.405327455327956,34.060362145207435,37.972483937492974,46.4605519382282,35.52074727096549,38.6081787758511
35040,전북,정읍시,전북 정읍시,2020,16.44,34.0,4871.0,545.0,9.49,39.0,108508.0,1.6,9.53,47.050754458161876,46.65172590921512,65.20486445447312,48.4769300603704,54.13084809904878,75.78247261345854,58.27858783314639,41.91458876862768,6.102959385834572,48.941212476090485,40.86868234241811,60.09204471016553,25.494647604793506,26.39457409697018,38.468643638373145
21070,부산,남구,부산 남구,2020,22.18,21.0,12484.0,791.0,19.65,26.0,267731.0,1.3,21.97,36.76268861454047,66.12696506091599,49.646600236396246,58.232328409193755,41.6566620698572,8.185532950791156,19.956737702291306,64.8977307764003,25.759967805844475,62.46212181065734,38.048708137873625,36.364355590672766,42.09269494549733,34.35424704280698,38.4307680046962
21140,부산,수영구,부산 수영구,2020,22.27,10.0,6100.0,382.0,18.41,20.0,176894.0,1.6,12.89,47.050754458161876,51.30720979849155,26.42015888330851,39.17681292502967,33.680572391448834,57.524778299426174,19.355872456337124,54.3514523048305,23.36088410104012,47.24307236735663,43.92291943862658,35.506451017789104,33.904661949325806,35.2234684470762,38.29305948003535
21010,부산,중구,부산 중구,2020,19.8,4.0,1254.0,93.0,23.65,5.0,41523.0,2.1,10.32,64.19753086419755,18.580574842236576,0.0,2.3329368222825395,0.0,71.48974091462354,35.84628531752389,17.470542659575624,33.49894749876176,14.531450218990976,55.03104775718608,22.050439452000123,24.761117491702628,42.95432312691505,38.24643929033531
11210,서울,관악구,서울 관악구,2020,21.05,22.0,14410.0,1067.0,19.25,33.0,495060.0,0.9,11.97,23.045267489711936,69.09606593011503,51.136119757428986,66.07409302445527,48.972904860452545,62.52390888541123,27.50093467927148,80.54026919070867,24.98606983655275,68.9373376737559,27.94146768577837,52.09665164960404,44.75620395047622,29.429288878254084,37.790854775389775
11060,서울,동대문구,서울 동대문구,2020,21.68,21.0,13157.0,932.0,23.22,29.0,342837.0,1.0,22.67,26.47462277091907,67.21353666370717,49.646600236396246,62.529664650096976,45.00054060161764,4.381846635367751,23.294877957592263,71.19021380563841,32.66700718177316,64.89315252082436,31.477371821825994,37.84716221863814,47.05275337720206,34.23005143111391,37.58423005223112
11180,서울,금천구,서울 금천구,2020,20.01,18.0,8339.0,693.0,24.73,18.0,231733.0,0.9,11.1,23.045267489711936,57.77693707981406,44.73411254117718,54.767853898078755,30.50417441765844,67.25134759172317,34.44426641029749,61.223181995708806,35.58847201584943,56.20224564685511,28.399915127642775,47.553534945808025,44.785935578154046,33.373813106091795,37.57082807834784
31280,경기,여주시,경기 여주시,2020,19.37,23.0,5248.0,444.0,23.94,34.0,111897.0,1.1,14.87,29.903978052126206,48.194247614868,52.56223590711836,43.112080879993734,49.89289658253065,46.76577986437142,38.71708593708273,42.697222043164444,34.06002352649827,47.418737601807,32.356411829556194,45.870975049092536,40.03266935973415,34.104114553012614,37.48819020863962
37040,경북,안동시,경북 안동시,2020,20.55,30.0,8267.0,655.0,10.6,42.0,158907.0,1.5,15.91,43.62139917695474,57.59749253660298,61.13822333289634,53.29091046181159,56.4261245235132,41.11458876717092,30.839074934572437,51.62267608911311,8.250526250619117,56.51319376161469,39.71337757396921,48.40502370090782,29.914511691817708,27.23154972847395,37.0773193727679
21130,부산,연제구,부산 연제구,2020,23.86,16.0,9631.0,591.0,16.94,17.0,209157.0,1.4,16.27,40.1920438957476,60.75770608128136,41.00708924323831,50.59847173540828,28.788216410535806,39.158407233524606,8.740586444480059,58.61479111051599,20.51680906389302,56.16470822244314,39.29732488952279,34.74906697968104,36.328713792298664,32.27885268596875,36.680209148550624
25050,대전,대덕구,대전 대덕구,2020,19.41,21.0,8277.0,744.0,14.83,29.0,176384.0,1.3,15.58,36.76268861454047,57.62250862530085,49.646600236396246,56.62775826358115,45.00054060161764,42.907755173013385,38.45003471665866,54.27797904318227,16.434497275879146,55.02396807288436,35.79944191481731,47.10789868135159,33.66983210691067,28.702269820002957,36.57376647639721
11100,서울,도봉구,서울 도봉구,2020,21.4,23.0,14540.0,1012.0,18.38,24.0,325257.0,0.9,13.95,23.045267489711936,69.28192342372435,52.56223590711836,64.68736575029959,39.214111635946935,51.76491045035646,25.16423650056082,69.8506661808792,23.30284175334324,66.10860874754961,27.707569222657874,47.95223475457407,42.40677116692736,28.370794900038177,36.080402300140214
31270,경기,포천시,경기 포천시,2020,18.23,31.0,6334.0,570.0,22.15,33.0,147274.0,0.9,15.88,23.045267489711936,52.08614042806744,62.202080043450614,49.6511749087751,48.972904860452545,41.27760389497478,46.328045719168934,49.688047288955616,30.59683011391778,53.38990040941052,27.082089177178364,49.72027538778052,40.91889974595667,30.387770090353904,35.99234284017981
32040,강원,동해시,강원 동해시,2020,21.24,14.0,4913.0,345.0,16.72,17.0,90593.0,1.5,11.78,43.62139917695474,46.82937341765401,36.81303856984321,36.51212211085753,28.788216410535806,63.556338028169016,26.23244138225712,37.32268190366168,20.091165180782564,41.97409899389415,40.41266150159884,38.76662658534862,29.695721675494788,31.692596815397536,35.93796601318756
33030,충북,제천시,충북 제천시,2020,19.59,24.0,6228.0,541.0,15.33,34.0,133018.0,1.3,16.72,36.76268861454047,51.73691921437311,53.930126721988046,48.2840744184824,49.89289658253065,36.7131803164667,37.248304224750306,47.09723062790596,17.401869737493808,50.78365413995595,35.35598884296674,45.133275344641206,32.376009464880916,28.625050249338337,35.6165509233497
38080,경남,밀양시,경남 밀양시,2020,18.78,21.0,4053.0,360.0,13.68,25.0,104831.0,1.4,10.16,40.1920438957476,42.847826478127985,49.646600236396246,37.62522758245957,40.45887870921677,72.35915492957747,42.65609143833786,41.037304774561434,14.209540614165428,43.66442471871167,36.560246661748316,48.40750802285973,27.505068373240423,27.37922280181812,35.172323935563526
37060,경북,영주시,경북 영주시,2020,20.13,19.0,4743.0,394.0,11.55,26.0,103119.0,1.6,16.17,47.050754458161876,46.10072344318566,46.45288270617546,39.985974756325625,41.6566620698572,39.70179099287079,33.64311274902528,40.618290938084314,10.088533927686974,44.526425544253215,41.41141827709303,40.20455028917429,25.50687026019516,28.062726552266227,34.93550532288457
33570,충북,음성군,충북 음성군,2020,17.57,21.0,4353.0,407.0,25.19,24.0,93153.0,0.9,16.24,23.045267489711936,44.32531911913172,49.646600236396246,40.83528243178978,39.214111635946935,39.32142236132846,50.734390856166215,38.0318077908788,36.478454680534924,43.501521944108745,27.188250731277364,44.03142004411767,39.597645090392,32.3012312673847,34.76785146918638
34560,충남,홍성군,충남 홍성군,2020,20.63,21.0,5628.0,464.0,14.76,25.0,100102.0,1.4,17.27,40.1920438957476,49.64076503569166,49.646600236396246,44.265156633395584,40.45887870921677,33.7245696400626,30.304972493724307,39.8626556099371,16.299065131253094,46.70849924810621,37.55296919506783,39.870349438768045,29.836697194457724,28.956661972641157,34.73788877964027
34030,충남,보령시,충남 보령시,2020,17.26,29.0,4472.0,472.0,13.59,33.0,100229.0,1.2,11.09,33.333333333333336,44.88336836127107,60.03947992293094,44.712557658586704,48.972904860452545,67.3056859676578,52.8040378144528,39.894920424841374,14.03541357107479,46.41805629267414,31.593648871788325,54.55391588472287,28.68433719236465,25.011869764625033,34.515992161356984
35050,전북,남원시,전북 남원시,2020,16.04,27.0,3696.0,432.0,9.06,28.0,80662.0,1.4,7.78,40.1920438957476,40.940037918807384,57.72762043866053,42.395090927168006,43.92459037364192,85.29168840201703,60.94910003738717,34.36800459924601,5.271019068845964,42.3259444269096,35.02868957401834,57.98114306345124,22.015030805379713,22.661456081912213,34.321824151621854
35060,전북,김제시,전북 김제시,2020,14.29,36.0,3423.0,476.0,9.66,40.0,82450.0,1.2,7.13,33.333333333333336,39.35241653385812,67.06693635643826,44.93342843014679,54.914529695693346,88.82368283776734,72.63259093094055,34.92592413108545,6.431866022783556,43.567372777542346,29.900021556803345,65.17517858691993,23.353591874609226,20.7042026675673,33.89771040476368
23090,인천,미추홀구,인천 미추홀구,2020,22.47,23.0,17543.0,1090.0,14.87,43.0,404343.0,0.9,20.08,23.045267489711936,73.16734950237006,52.56223590711836,66.63293744500865,57.15575417620725,18.455486002434355,18.02061635421674,75.38928091078377,16.511887072808317,69.71290620584382,27.077468628442205,43.039265140437145,40.27962351784799,25.35983831738121,33.86663394980384
36570,전남,화순군,전남 화순군,2020,16.77,16.0,2649.0,283.0,16.59,19.0,62522.0,1.3,8.75,36.76268861454047,34.04911958182323,41.00708924323831,31.332973043784186,32.13209494229625,80.02086593635889,56.07541526464776,27.885327250072105,19.839648340762757,33.59157581458091,33.95287567020209,48.07373159113948,26.00513851561881,27.82108553171083,33.72728424687364
11070,서울,중랑구,서울 중랑구,2020,21.12,23.0,14554.0,1067.0,17.48,29.0,394702.0,0.7,14.52,16.18655692729767,69.30183965479381,52.56223590711836,66.07409302445527,45.00054060161764,48.66762302208312,27.033595043529346,74.7751672939263,21.56157132243685,67.59591719699846,22.30433735931816,48.92129514090263,42.19173084309981,25.02747826897695,33.69235920298395
32060,강원,속초시,강원 속초시,2020,22.07,12.0,3832.0,281.0,17.34,10.0,82665.0,1.4,12.32,40.1920438957476,41.687696869271825,32.017919372052525,31.147613621248933,13.158247862702213,60.62206572769953,20.691128558457507,34.99219532726012,21.29070703318475,37.74509090722446,37.5064086637156,32.42686331635948,28.49804947840025,30.4796592152325,33.04315499407758
38520,경남,함안군,경남 함안군,2020,17.94,16.0,3486.0,331.0,16.8,20.0,64182.0,1.2,10.09,33.333333333333336,39.72974890268641,41.00708924323831,35.42879559357474,33.680572391448834,72.7395235611198,48.26416706724349,28.552154977875333,20.245944774640915,36.63193879335347,32.009866606464776,46.31144073143133,27.464751577594917,27.210726710995942,32.979775817831396
34020,충남,공주시,충남 공주시,2020,18.3,28.0,4312.0,445.0,12.53,34.0,104545.0,1.2,15.62,33.333333333333336,44.129511009353514,58.90348395575729,43.170954640123185,49.89289658253065,42.690401669274905,45.86070608342679,40.96778423250093,11.984583952451706,46.1357875655785,31.21063869380311,47.7675914891022,27.45293940617001,23.91786464118515,32.51679958752134
32050,강원,태백시,강원 태백시,2020,16.84,12.0,2100.0,214.0,18.53,10.0,42719.0,1.3,10.79,36.76268861454047,29.24466610232303,32.017919372052525,24.032701586517902,13.158247862702213,68.9358372456964,55.608075628905624,18.19314485003687,23.593053491827643,26.48386038058308,34.0354410949118,39.29427902536572,24.755876305680594,28.988670715447665,31.803663813062226
34060,충남,논산시,충남 논산시,2020,18.16,33.0,5374.0,531.0,11.4,32.0,116675.0,1.0,11.46,26.47462277091907,48.685172697494835,64.23353059632605,47.7956385318428,48.02544667877611,65.29516605807684,46.79538535491107,43.76126822704563,9.798322189202576,50.317672936126314,26.194232676319174,54.41754303663991,28.113655037249835,20.743577359967965,31.697783520607913
21150,부산,사상구,부산 사상구,2020,20.66,21.0,8006.0,593.0,19.89,32.0,212586.0,0.8,23.79,19.615912208504806,56.93364381963705,49.646600236396246,50.68693134413403,48.02544667877611,0.0,30.104684078406237,59.02860494533099,26.224306587419516,56.10472344069707,24.338944526455236,35.82580670081042,39.62904815244742,27.29233679169156,31.404139130508085
32510,강원,홍천군,강원 홍천군,2020,14.74,24.0,2626.0,366.0,12.14,25.0,69242.0,1.1,7.51,29.903978052126206,33.868711550593076,53.930126721988046,38.05757114862898,40.45887870921677,86.75882455225178,69.62826470116968,30.48321723227335,11.230033432392274,36.86534628937615,27.499359709012804,57.64666778862167,22.915755954974173,21.117554949089826,31.395038662870057
31580,경기,양평군,경기 양평군,2020,19.76,22.0,5086.0,435.0,18.28,25.0,118810.0,0.8,10.69,19.615912208504806,47.545448191773055,51.136119757428986,42.57618427576452,40.45887870921677,69.4792210050426,36.11333653794797,44.22271406767198,23.10936726102031,47.26676226767392,22.932884064708954,48.05861333540756,33.966260717809476,24.649659681383007,31.34476301196422
37030,경북,김천시,경북 김천시,2020,20.09,27.0,6776.0,551.0,13.42,37.0,140548.0,0.9,12.98,23.045267489711936,53.48196322317912,57.72762043866053,48.7635804449933,52.50292757441096,57.035732916014595,33.91016396944934,48.498485995146154,13.706506934125803,52.83605149786551,24.688122979720738,49.80103771223486,31.282506401542992,21.83371487703585,31.250937434598672
25010,대전,동구,대전 동구,2020,20.5,23.0,10740.0,848.0,10.96,35.0,223021.0,1.0,20.77,26.47462277091907,63.013079446574494,52.56223590711836,60.05513387689662,50.78696956728833,14.70613806294557,31.172888960102554,60.248034160044604,8.947034422981675,60.0933971527243,27.499330186294003,42.3200814903507,31.816913536673347,21.65366417169159,30.987121493603038
34570,충남,예산군,충남 예산군,2020,16.14,24.0,2855.0,354.0,12.73,25.0,78084.0,1.0,8.31,26.47462277091907,35.59845750588237,53.930126721988046,37.18563769828903,40.45887870921677,82.41175447748218,60.28147198632697,33.54141349645693,12.371532937097573,38.64767814627587,25.271542769342176,54.68991186811421,24.348259313247485,20.618046809642358,30.289482051619117
11090,서울,강북구,서울 강북구,2020,22.64,14.0,9913.0,703.0,16.78,18.0,308055.0,0.7,12.78,16.18655692729767,61.354925231237466,36.81303856984321,55.14308560730014,30.50417441765844,58.12250043470701,16.885648667414415,68.46791325776266,20.207249876176327,58.58044430691618,21.306497700023446,40.72563509886673,37.3364633237932,23.32625580524242,30.0644447852679
38540,경남,고성군,경남 고성군,2020,15.26,19.0,2157.0,271.0,11.31,18.0,51361.0,1.2,7.87,33.333333333333336,29.798660690840446,46.45288270617546,30.200642564836468,30.50417441765844,84.80264301860547,66.15659883565668,22.88140347774054,9.624195146111937,31.054327929977475,29.423495341000837,51.60821171594541,19.330538260808282,20.979796710760837,29.8949270943377
37090,경북,문경시,경북 문경시,2020,17.4,17.0,2791.0,275.0,11.33,24.0,71406.0,1.2,10.02,33.333333333333336,35.12941062724146,42.92239177078609,30.583543512980242,39.214111635946935,73.11989219266215,51.86935854296855,31.266339703055774,9.662890044576521,35.52908557869468,29.962374569410624,47.110331124920464,21.322661782502355,21.56159806768245,29.854111562422105
37070,경북,영천시,경북 영천시,2020,17.88,18.0,3458.0,333.0,15.45,22.0,102015.0,0.9,10.36,23.045267489711936,39.562894381142414,44.73411254117718,35.5863230888767,36.567788482210304,71.27238741088506,48.66474389787962,40.34438006194515,17.63403912828133,40.83158371739019,23.885345924640397,47.31599781453909,28.136368660192705,22.33504195624757,29.59135041207262
37080,경북,상주시,경북 상주시,2020,16.59,28.0,3787.0,423.0,8.45,35.0,97228.0,1.0,8.58,26.47462277091907,41.44328742993395,58.90348395575729,41.84418562825318,50.78696956728833,80.94461832724744,57.27714575655611,39.12134903873788,4.090824665676076,44.2387452177398,24.61391952103411,57.504141450068715,22.297161803495044,17.083322664027936,29.5665124769436
36640,전남,영광군,전남 영광군,2020,16.05,13.0,2175.0,222.0,10.45,16.0,53099.0,1.3,7.96,36.76268861454047,29.970569633991524,34.5011790855728,24.990917708110135,26.974151703700016,84.31359763519387,60.882337232281145,23.72825916102982,7.960314512134718,29.003998382419265,31.76312060112471,46.233274973192096,17.381643691184152,21.27491693348713,29.215512727820556
22030,대구,서구,대구 서구,2020,20.14,17.0,5445.0,511.0,13.68,22.0,170700.0,0.8,9.96,19.615912208504806,48.956760061092616,42.92239177078609,46.79060181273954,36.567788482210304,73.44592244826985,33.57634994391924,53.44442513012636,14.209540614165428,49.09618592374144,21.73904125461268,47.17175155811147,29.915502296607077,20.3301851867553,28.997252884710825
38590,경남,거창군,경남 거창군,2020,17.91,17.0,2941.0,285.0,8.88,16.0,61502.0,1.3,12.28,36.76268861454047,36.21245198773613,42.92239177078609,31.517031687727897,26.974151703700016,60.83941923143801,48.464455482561554,27.46675048287995,4.922764982664686,34.93072949288927,31.93167640707867,42.37063397444411,18.362262887523407,20.443145380600484,28.687449238965545
31080,경기,동두천시,경기 동두천시,2020,21.85,11.0,4787.0,309.0,14.4,18.0,94353.0,1.0,13.38,26.47462277091907,46.291789747179855,29.335794554030624,33.63051676644227,30.50417441765844,54.86219787862979,22.159910270789922,38.357528421672086,15.602556958890537,40.52031231089768,26.82552959674087,34.2548358949494,26.526972995479642,22.85270568330407,27.759499327870195
35580,전북,부안군,전북 부안군,2020,12.98,22.0,1828.0,276.0,9.17,25.0,52140.0,1.0,6.38,26.47462277091907,26.37531545954347,51.136119757428986,30.678401660227895,40.45887870921677,92.89906103286386,81.37851839982908,23.26446683789912,5.483841010401188,30.39422173262727,23.316074775703825,58.821172059463876,16.894457649057117,16.111550388850894,27.64640169524912
32070,강원,삼척시,강원 삼척시,2020,16.2,19.0,2667.0,288.0,13.46,18.0,65243.0,1.0,16.63,26.47462277091907,34.18921960457058,46.45288270617546,31.790720248946425,30.50417441765844,37.20222569987828,59.880895155690865,28.969387469550146,13.783896731054979,35.07600258438543,25.342473548304607,41.230506937234296,23.40968351404442,21.007053157128208,27.41621205540264
32550,강원,정선군,강원 정선군,2020,12.39,16.0,1366.0,205.0,21.51,15.0,36870.0,0.6,6.03,12.757201646090536,20.349714261261802,41.00708924323831,22.91113288675078,25.050078248645562,94.80090419057555,85.31752390108423,14.446183665857637,29.35859336305102,22.710130079035856,16.006661665151736,53.710398425964144,26.484805676132904,22.251559361063663,27.32777334842918
32530,강원,영월군,강원 영월군,2020,12.4,13.0,1213.0,184.0,15.19,14.0,38662.0,1.0,8.05,26.47462277091907,17.89316607541845,34.5011790855728,20.091062525887015,23.001787444865116,83.8245522517823,85.2507610959782,15.653872122921134,17.1310054482417,20.542980491700124,24.214934502967402,49.188332234868184,18.798884938612076,20.923151899160107,27.226074132988707
33590,충북,증평군,충북 증평군,2020,20.56,4.0,2121.0,150.0,15.59,5.0,36807.0,1.4,10.71,40.1920438957476,29.450498706317273,0.0,14.764734914410315,0.0,69.37054425317336,30.772312129466442,14.402665074834363,17.904903417533433,19.046048875608946,35.77481830507244,23.71975500513054,17.898196382132,26.838854805992725,27.165084835445903
31570,경기,가평군,경기 가평군,2020,17.87,13.0,2449.0,245.0,18.0,14.0,62377.0,0.8,9.79,19.615912208504806,32.42508612188456,34.5011790855728,27.56547646473882,23.001787444865116,74.3696748391584,48.73150670298563,27.82624185069994,22.567638682516098,31.460651433266822,21.339588570944475,41.862109358457836,26.52127268592304,22.54665872724133,27.089519535699104
37600,경북,예천군,경북 예천군,2020,15.97,12.0,2088.0,208.0,10.18,14.0,55613.0,1.2,10.06,33.333333333333336,29.126121772522012,32.017919372052525,23.29034309414058,23.001787444865116,72.90253868892366,61.4164396731293,24.905418151900065,7.437933382862802,28.43827020624153,29.02830218468162,42.54023343708601,16.85369237506921,19.645481632603172,27.060149199175097
34580,충남,태안군,충남 태안군,2020,14.87,19.0,2285.0,298.0,13.0,20.0,62214.0,0.8,7.63,19.615912208504806,30.9911882807921,46.45288270617546,32.682923590480804,33.680572391448834,86.10676404103634,68.76034823479144,27.75965751018401,12.893914066369488,33.11406793468635,19.745140094413237,53.48681575273818,22.099127289806784,17.700309063906957,26.90157038824903
31550,경기,연천군,경기 연천군,2020,15.23,13.0,1702.0,205.0,18.33,13.0,43516.0,0.8,7.82,19.615912208504806,24.898090768286703,34.5011790855728,22.91113288675078,20.812126732127442,85.07433489827855,66.35688725097474,18.66353144894967,23.20610450718177,24.948340635942813,20.68265890928454,46.036082478472025,23.99262325850705,22.062359520931945,26.877032545332547
37620,경북,울진군,경북 울진군,2020,15.89,13.0,1859.0,218.0,10.69,16.0,48716.0,1.1,7.77,29.903978052126206,26.723152347536427,34.5011790855728,24.51618530670857,26.974151703700016,85.34602677795166,61.950542113977455,21.53597145131691,8.424653293709756,26.722603426277846,26.363996767904762,46.534718677732535,16.65870340730247,18.629432547846164,26.639908212681046
34070,충남,계룡시,충남 계룡시,2020,23.9,5.0,2949.0,192.0,18.09,8.0,42822.0,1.2,13.28,33.333333333333336,36.26865245040502,6.109353200942891,21.20141876687817,6.789463253783297,55.405581637976006,8.47353522405598,18.254426556632346,22.74176572560674,24.83252483238079,32.038130103881514,20.31646819238201,23.11080094275385,27.445303197316193,26.61657001186783
21020,부산,서구,부산 서구,2020,20.96,11.0,3677.0,289.0,12.17,9.0,108135.0,1.0,10.91,26.47462277091907,40.83340165697723,29.335794554030624,31.88131878160285,10.13334178554374,68.28377673448095,28.101799925225663,41.82696165952511,11.288075780089152,38.831948237152275,25.632518610900398,34.634605205979724,23.58274571477631,20.30449768569785,26.187035199249483
23510,인천,강화군,인천 강화군,2020,16.15,20.0,2337.0,280.0,14.48,19.0,69203.0,0.7,8.67,16.18655692729767,31.456684547349802,48.08777630232829,31.05444034697753,32.13209494229625,80.45557294383585,60.21470918122097,30.468880209913422,15.757336552748887,34.48656159711459,17.649186633120564,50.33503601356584,24.33698167520169,17.990208361302646,26.133701032176116
34530,충남,부여군,충남 부여군,2020,13.96,24.0,2225.0,334.0,9.11,27.0,65354.0,0.8,7.66,19.615912208504806,30.440735416623195,53.930126721988046,35.66473345856048,42.81087988887997,85.94374891323248,74.83576349943918,29.01264494055471,5.367756315007428,34.71018653487562,18.561171145292036,58.279743174904056,18.785322469860734,13.977098653377729,25.97073727180463
38530,경남,창녕군,경남 창녕군,2020,15.65,17.0,2255.0,261.0,12.47,19.0,61301.0,0.8,7.96,19.615912208504806,30.717791865624477,42.92239177078609,29.21819628305606,32.13209494229625,84.31359763519387,63.55284943652192,27.38344793414804,11.86849925705795,32.15840866721387,19.563988231499746,50.282131080608835,21.070989331707583,17.096617255476293,25.823176695331412
36610,전남,영암군,전남 영암군,2020,15.85,16.0,2474.0,281.0,12.98,16.0,53699.0,0.9,13.88,23.045267489711936,32.63519764899572,41.00708924323831,31.147613621248933,26.974151703700016,52.14527908189879,62.21759333440154,24.014190962383832,12.855219167904904,31.723273961860677,22.475753257369263,42.90701849277497,21.30024764082825,18.932240483575583,25.785002665055718
36600,전남,해남군,전남 해남군,2020,15.41,20.0,2684.0,316.0,7.41,21.0,68806.0,0.9,8.05,23.045267489711936,34.320671094587816,48.08777630232829,34.21617983624199,35.15700101945474,83.8245522517823,65.15515675906639,30.322475214444143,2.0786899455175827,35.87463337209281,21.02782121857037,53.2410921746141,17.364562601351683,13.84613648041909,25.50882180342705
34540,충남,서천군,충남 서천군,2020,14.34,18.0,1735.0,245.0,10.06,18.0,51866.0,0.9,6.81,23.045267489711936,25.29528914933844,44.73411254117718,27.56547646473882,30.50417441765844,90.56251086767519,72.29877690541045,23.130387234779676,7.205763992075285,28.533583253338563,20.89434413102909,52.98607534168603,16.965197364843764,15.513969067467459,25.491167795279665
32560,강원,철원군,강원 철원군,2020,16.59,16.0,1996.0,241.0,8.53,11.0,44699.0,1.1,8.36,29.903978052126206,28.193994430609248,41.00708924323831,27.135495537834647,15.919770751214429,82.14006259780908,57.27714575655611,19.346084463030714,4.245604259534421,28.102240402861504,25.88422362108574,45.25669901666153,14.976502822644221,16.67454872477655,25.4705589506307
35570,전북,고창군,전북 고창군,2020,14.05,21.0,2018.0,303.0,7.53,22.0,54529.0,0.9,7.12,23.045267489711936,28.420743595505073,49.646600236396246,33.117896231593036,36.567788482210304,88.87802121370197,74.23489825348501,24.404507400119485,2.3108593363051013,31.461044065067632,20.472653877280226,56.31654627094646,15.580457487726367,13.382196329505852,25.329885142637455
32540,강원,평창군,강원 평창군,2020,12.76,18.0,1448.0,230.0,11.47,15.0,41681.0,0.8,6.23,19.615912208504806,21.55535072189883,44.73411254117718,25.91535697846407,25.050078248645562,93.71413667188315,82.84730011216152,17.567187986167674,9.93375433382863,24.99465426503515,18.35753237864278,54.49546084695723,16.883124480028382,15.188048878165667,24.744967931689995
32520,강원,횡성군,강원 횡성군,2020,13.99,16.0,1578.0,208.0,11.39,14.0,46472.0,0.9,10.21,23.045267489711936,23.33349461317403,41.00708924323831,23.29034309414058,23.001787444865116,72.08746304990436,74.63547508412113,20.335947570583166,9.778974739970282,25.96894942640963,21.084146289596898,46.81885936571767,17.196236089529766,16.54414971721751,24.530143559937805
38580,경남,함양군,경남 함양군,2020,14.16,13.0,1426.0,185.0,10.04,12.0,39080.0,1.0,7.47,26.47462277091907,21.2387188376043,34.5011790855728,20.232455046877707,18.460125552464245,86.97617805599026,73.5005073973188,15.927519618925079,7.167069093610697,22.29785112159423,23.054899325991336,46.82270550236544,14.028877620402785,16.14025548881983,24.34231174405657
36650,전남,장성군,전남 장성군,2020,15.84,13.0,1856.0,222.0,11.8,15.0,44464.0,0.8,7.86,19.615912208504806,26.68974506399528,34.5011790855728,24.990917708110135,25.050078248645562,84.85698139454007,62.28435613950756,19.211946302189858,10.572220158494305,26.008692239769157,18.96674168655228,46.333744488248456,17.484579953856684,15.80633489182765,23.62179347623063
36550,전남,고흥군,전남 고흥군,2020,13.58,17.0,1800.0,263.0,7.08,19.0,63922.0,0.8,6.41,19.615912208504806,26.056034959496767,42.92239177078609,29.417651610227363,32.13209494229625,92.73604590506,77.37275009346793,28.44885924842403,1.4402241208519064,30.14715360843281,17.53357127045607,54.78046469776408,14.562898322710115,11.455298825932719,23.344546397297613
21030,부산,동구,부산 동구,2020,21.25,7.0,2524.0,191.0,15.82,9.0,88901.0,0.8,10.86,19.615912208504806,33.04912760022667,15.749197337275145,21.065167815666765,10.13334178554374,68.55546861415405,26.1656785771511,36.84290830992737,18.349894749876178,30.727275760546576,20.769331128882698,28.88036212746431,23.80362361269385,20.377672268802087,23.227080774729703
38550,경남,남해군,경남 남해군,2020,13.73,13.0,1247.0,180.0,8.77,10.0,42958.0,1.0,9.13,26.47462277091907,18.46481692668775,34.5011790855728,19.517744636200945,13.158247862702213,77.95600765084333,76.37130801687763,18.33511679496166,4.709943041109459,21.633179318946933,22.408940227024495,44.61887228911432,12.483817485749281,14.72552280076295,23.01834495496884
22040,대구,남구,대구 남구,2020,22.33,11.0,4251.0,372.0,11.01,13.0,146632.0,0.8,16.48,19.615912208504806,43.834714602373865,29.335794554030624,38.48290342822499,20.812126732127442,38.01730133889757,18.955295625701012,49.57687355181189,9.04377166914314,42.65757827753663,20.45197136698746,30.004223170601204,24.11112782667835,17.007974941695583,22.988376614603737
32590,강원,인제군,강원 인제군,2020,13.49,13.0,1461.0,199.0,8.99,14.0,31694.0,0.9,6.92,23.045267489711936,21.740199425556323,34.5011790855728,22.135857257723128,23.001787444865116,89.96478873239437,77.9736153394221,10.596807498057432,5.13558692421991,20.949377779309952,20.22830859847257,49.47214906263841,12.21225172669811,13.74344748171797,22.96526328455506
38560,경남,하동군,경남 하동군,2020,12.57,16.0,1404.0,214.0,7.96,15.0,44785.0,0.8,6.22,19.615912208504806,20.917167334966063,41.00708924323831,24.032701586517902,25.050078248645562,93.76847504781777,84.11579340917588,19.394997134435616,3.142799653293709,24.478500656461378,17.275070837869265,53.54395867397271,12.921931770793929,11.67580506320652,22.556269303559436
36660,전남,완도군,전남 완도군,2020,14.19,21.0,2034.0,278.0,6.35,23.0,49916.0,0.7,6.63,16.18655692729767,28.584105530325992,49.646600236396246,30.86709491383102,37.91852390796696,91.54060163449834,73.30021898200074,22.155204208994633,0.027860326894500877,30.86793407514063,15.002507297540024,56.302036485231866,14.020084940845994,9.614017504309986,22.29177418248531
38600,경남,합천군,경남 합천군,2020,11.28,17.0,1171.0,222.0,8.81,15.0,44006.0,0.7,5.54,16.18655692729767,17.164487352839856,42.92239177078609,24.990917708110135,25.050078248645562,97.46348461137194,92.72819526785237,18.948470093145612,4.787332838038633,22.85126305852083,14.574466356463033,56.62805549432645,13.200440222539672,10.942865704925989,22.10343990358899
32610,강원,양양군,강원 양양군,2020,12.79,13.0,914.0,138.0,14.14,15.0,27946.0,0.7,6.89,16.18655692729767,12.041387006255158,34.5011790855728,12.592881043560045,25.050078248645562,90.12780386019823,82.64701169684346,7.394242561990858,15.099523278850919,15.139202088839397,15.608984887926404,48.36093092670975,15.272269497474946,15.380166016182265,22.01673198563776
21040,부산,영도구,부산 영도구,2020,19.14,14.0,3808.0,339.0,9.08,12.0,113342.0,0.7,14.73,16.18655692729767,41.55770445450425,36.81303856984321,36.05330721934131,18.460125552464245,47.52651712745609,40.252630454521174,43.02373788111241,5.309713967310549,41.04858130555449,17.092145236020258,36.70078286806906,21.366748112072834,13.609484723379746,21.80808684352246
34510,충남,금산군,충남 금산군,2020,15.49,16.0,2110.0,255.0,12.56,16.0,51413.0,0.7,18.76,16.18655692729767,29.342936978606186,41.00708924323831,28.610564880726486,26.974151703700016,25.628151625804193,64.62105431821823,22.90715420880015,12.042626300148589,29.745032600590804,16.88060533835616,37.450023013188776,20.028813916446815,15.659543961697107,21.743623110150295
33540,충북,영동군,충북 영동군,2020,14.72,14.0,1623.0,217.0,8.11,14.0,47475.0,0.9,13.82,23.045267489711936,23.915057290139693,36.81303856984321,24.396147343751462,23.001787444865116,52.47130933750652,69.76179031138172,20.879326965003326,3.433011391778106,25.583934448539488,20.190408055064637,41.35853259641392,13.484370625240716,13.319413608440762,21.62650533454749
36590,전남,강진군,전남 강진군,2020,13.21,14.0,1259.0,188.0,7.8,14.0,34597.0,0.8,6.05,19.615912208504806,18.662864444328818,36.81303856984321,20.652115985797092,23.001787444865116,94.69222743870631,79.84297388239064,12.82696270621751,2.8332404655770174,20.542128747998305,17.003206670648037,50.88294509136707,10.896203407850072,11.127668009453485,21.277388370881294
36580,전남,장흥군,전남 장흥군,2020,13.33,15.0,1397.0,198.0,8.31,16.0,37800.0,0.7,6.54,16.18655692729767,20.813798833511505,38.97563869036288,22.004387062025764,26.974151703700016,92.02964701790992,79.0418202211184,15.080090618448812,3.8199603764239725,22.72605434036297,14.794291635287998,51.55664070693968,12.423315435539097,10.597629264723253,20.928704443740322
37580,경북,성주군,경북 성주군,2020,13.26,12.0,1157.0,174.0,12.2,15.0,43414.0,0.6,6.74,12.757201646090536,16.915779375015727,32.017919372052525,18.633562625959858,25.050078248645562,90.94287949921753,79.50915985686055,18.60381436489491,11.346118127786031,20.44261787138684,12.961396891237381,48.90989413941292,15.615884937224953,12.794222530927543,20.87317828868515
33530,충북,옥천군,충북 옥천군,2020,16.36,12.0,2046.0,241.0,11.37,17.0,50527.0,0.6,10.24,12.757201646090536,28.705786278654678,32.017919372052525,27.135495537834647,28.788216410535806,71.9244479221005,58.812690273994555,22.464800776740187,9.740279841505695,27.4959172467599,13.899521838659224,43.65311785966855,17.669823222275348,13.009332347197908,20.828549173370146
35560,전북,순창군,전북 순창군,2020,12.15,15.0,1025.0,197.0,8.66,15.0,27810.0,0.7,6.0,16.18655692729767,14.411035469094106,38.97563869036288,21.872254545167646,25.050078248645562,94.96391931837941,86.91983122362869,7.270102923705678,4.497121099554235,17.181676349731333,14.255589407315796,53.39745322006294,10.343703006165791,10.25334253942675,20.442809496446788
33520,충북,보은군,충북 보은군,2020,12.48,15.0,1067.0,187.0,9.53,16.0,32412.0,0.6,5.95,12.757201646090536,15.241351143876356,38.97563869036288,20.512973754295594,26.974151703700016,95.23561119805251,84.71665865513005,11.166851354271001,6.1803491827637425,18.765858716292055,12.0190887263701,52.95994790283799,12.020053851472268,9.975674654873199,19.93171960847603
36530,전남,구례군,전남 구례군,2020,13.14,10.0,908.0,143.0,7.31,12.0,25719.0,0.9,6.53,23.045267489711936,11.90522988581005,26.42015888330851,13.51977075060705,18.460125552464245,92.08398539384454,80.31031351813277,5.281044232007494,1.8852154531946492,12.820959989168976,18.757255923844156,45.91185307957856,6.852086999551043,11.06626642047286,19.798288368601924
32580,강원,양구군,강원 양구군,2020,14.54,10.0,1029.0,148.0,8.12,10.0,22278.0,0.9,7.18,23.045267489711936,14.491564005170538,26.42015888330851,14.415019745050195,13.158247862702213,88.55199095809425,70.96352080329008,1.626139759372033,3.4523588410103994,13.017655707058582,19.250960843952566,42.76462624460645,7.683047015826484,11.986263068703895,19.727432260445127
36560,전남,보성군,전남 보성군,2020,12.37,17.0,1245.0,216.0,6.33,18.0,40482.0,0.6,5.8,12.757201646090536,18.431623964223792,42.92239177078609,24.275557480174133,30.50417441765844,96.05068683707181,85.45104951129626,16.824440746221118,0.0,22.84762256013545,11.41106363099028,55.52934115652313,10.502230081856535,7.28086632777362,19.431162859219047
37560,경북,청도군,경북 청도군,2020,15.73,11.0,1048.0,151.0,10.3,14.0,42263.0,0.7,7.92,16.18655692729767,14.869852887841203,29.335794554030624,14.937859299579987,23.001787444865116,84.53095113893235,63.018746995673766,17.920052373610133,7.6701027736503224,18.678101066809766,14.77741840030492,42.56183147935211,12.814114414520501,11.99536233310815,19.400222731412907
23020,인천,동구,인천 동구,2020,20.46,8.0,3485.0,253.0,11.45,12.0,62542.0,0.7,18.91,16.18655692729767,39.723812918805216,19.69595041769837,28.404852068347168,18.460125552464245,24.813075986784895,31.43994018052662,27.893466204802852,9.89505943536404,32.16913640438314,17.59655790265838,25.060025166958408,19.54066024570153,15.192648790561833,19.38832289843213
35550,전북,임실군,전북 임실군,2020,10.02,15.0,952.0,201.0,8.47,14.0,27314.0,0.6,6.85,12.757201646090536,12.883516770860329,38.97563869036288,22.396837014216146,23.001787444865116,90.3451573639367,100.0,6.812156355003602,4.129519564140664,16.280533030003824,11.475680846275036,54.91363658114372,9.76732643673626,8.64827123609719,19.299038557951047
36670,전남,진도군,전남 진도군,2020,12.72,10.0,1124.0,168.0,8.07,14.0,31227.0,0.7,6.23,16.18655692729767,16.31743577086598,26.42015888330851,17.71853090560812,23.001787444865116,93.71413667188315,83.11435133258558,10.21906719198613,3.355621594848935,16.508469819690532,14.275004511787191,48.52963022068725,9.283954998468882,9.704563063861055,19.117813057586783
38570,경남,산청군,경남 산청군,2020,12.67,13.0,972.0,164.0,8.94,11.0,34857.0,0.6,6.21,12.757201646090536,13.313351695008608,34.5011790855728,17.090279332719156,15.919770751214429,93.8228134237524,83.44816535811569,13.0174839910317,5.038849678058444,17.462156861928374,11.655063855777529,49.01496701935013,10.836778169145902,9.216646040581105,18.56313094124592
37550,경북,영덕군,경북 영덕군,2020,13.92,9.0,1062.0,142.0,8.79,11.0,36313.0,0.7,6.71,16.18655692729767,15.144233144635564,23.22644135308774,13.336994755714846,15.919770751214429,91.10589462702139,75.10281471986326,14.058819540522371,4.748637939574044,16.435050705092042,14.366636700872913,43.609244441605355,10.072064562079968,10.356151313599367,18.471247512229354
32570,강원,화천군,강원 화천군,2020,12.66,13.0,1022.0,161.0,8.79,13.0,24857.0,0.6,6.5,12.757201646090536,14.35043276792787,34.5011790855728,16.609013552500645,20.812126732127442,92.2470005216484,83.5149281632217,4.413552066214908,4.748637939574044,15.399517820942968,11.715240202296794,49.326693952032855,9.593988138840816,8.958741600825434,18.276607443216513
37570,경북,고령군,경북 고령군,2020,14.5,9.0,1055.0,126.0,11.7,9.0,31361.0,0.6,7.27,12.757201646090536,15.007497721698556,23.22644135308774,10.224815136334115,10.13334178554374,88.06294557468266,71.23057202371415,10.328030029412009,10.378745666171369,15.247446140290428,12.625462856663463,40.580196842212004,12.58165830045454,11.832541156559891,18.103061624492106
33580,충북,단양군,충북 단양군,2020,13.01,11.0,925.0,156.0,11.62,11.0,29155.0,0.5,6.23,9.327846364883403,12.28870541305351,29.335794554030624,15.78674404450055,15.919770751214429,93.71413667188315,81.17822998451103,8.471973064767226,10.223966072313024,14.553103536763048,9.758350225814857,47.180283865892264,12.285297837501012,10.300357913842138,18.024119067538855
38510,경남,의령군,경남 의령군,2020,10.63,13.0,723.0,152.0,7.73,10.0,26800.0,0.6,5.42,12.757201646090536,7.195822241229963,34.5011790855728,15.109848434717007,13.158247862702213,98.11554512258738,97.06777759974362,6.328732157711027,2.697808320950966,12.396766585042851,10.692154706833543,51.68809964966535,7.322386756982958,7.388668279297053,17.480063168571835
35530,전북,무주군,전북 무주군,2020,13.84,10.0,935.0,126.0,8.46,9.0,24036.0,0.7,6.65,16.18655692729767,12.511004088024865,26.42015888330851,10.224815136334115,10.13334178554374,91.4319248826291,75.63691716071142,3.5588841122959374,4.110172114908372,12.607199054362916,14.007543921511992,42.77400523724489,7.9386439859798195,9.6331287988709,17.468159414178963
36510,전남,담양군,전남 담양군,2020,14.96,14.0,1425.0,195.0,12.3,15.0,46280.0,0.3,10.21,2.4691358024691348,21.224210734900176,36.81303856984321,21.605975617199896,25.050078248645562,72.08746304990436,68.15948298883725,20.230594524974315,11.539592620108966,24.043891438911025,5.7052118183582134,44.57100256331377,17.307511123770436,9.487589994782809,17.270362297116176
37520,경북,의성군,경북 의성군,2020,12.18,16.0,1092.0,175.0,8.91,16.0,51724.0,0.3,5.47,2.4691358024691348,15.720220440733756,41.00708924323831,18.783011743274024,26.974151703700016,97.84385324291428,86.71954280831063,23.060621802095117,4.980807330361565,22.979714609643075,4.170994995479462,53.85597275026616,13.443290314483711,5.845273610538835,16.941554409513433
34550,충남,청양군,충남 청양군,2020,12.73,12.0,957.0,151.0,10.17,13.0,30948.0,0.5,9.98,9.327846364883403,12.991815331226311,32.017919372052525,14.937859299579987,20.812126732127442,73.33724569640063,83.04758852747956,9.99068867531443,7.41858593363051,15.89669814261799,9.40785419682976,44.53683455390066,11.37898056824446,9.007279260422226,16.933588940323293
32600,강원,고성군,강원 고성군,2020,10.82,13.0,938.0,162.0,8.62,11.0,26757.0,0.5,9.67,9.327846364883403,12.577230729049987,34.5011790855728,16.77041867186717,15.919770751214429,75.02173535037385,95.79928430272926,6.28787068805855,4.41973130262506,15.075212388057118,8.91656754196131,47.64501002838414,9.339596874019843,7.406129258002402,16.580511196171773
36630,전남,함평군,전남 함평군,2020,14.0,11.0,976.0,154.0,8.52,11.0,32050.0,0.5,6.34,9.327846364883403,13.398257691675767,29.335794554030624,15.45047983442922,15.919770751214429,93.11641453660233,74.56871227901512,10.881043750279709,4.226256810302129,15.830600881727921,8.969649064375448,45.65476984521909,9.569828801946343,7.39948873608542,16.268699673560427
36680,전남,신안군,전남 신안군,2020,8.91,19.0,963.0,223.0,6.61,21.0,38938.0,0.2,4.03,0.0,13.12102995072261,46.45288270617546,25.108270248963187,35.15700101945474,100.0,100.0,15.83488767639459,0.5308940069341257,20.601557819514774,1.39173709611238,60.841194256394104,9.936719116035025,2.3721893178883877,15.818002533860044
36520,전남,곡성군,전남 곡성군,2020,14.15,8.0,883.0,134.0,9.49,8.0,28039.0,0.7,14.78,16.18655692729767,11.328064549048447,19.69595041769837,11.82703834005218,6.789463253783297,47.254825247782996,73.56727020242482,7.478784859229802,6.102959385834572,11.846857815832838,14.188168058253282,32.07878824666178,8.71365334267301,10.537167815569694,15.732749303671843
35520,전북,진안군,전북 진안군,2020,11.22,13.0,843.0,164.0,7.07,12.0,25394.0,0.4,5.01,5.898491083676269,10.369754115083063,34.5011790855728,17.090279332719156,18.460125552464245,100.0,93.12877209848848,4.957436610173023,1.4208766716196137,13.572343857707999,5.6739752250084505,52.56757890286168,7.049166392490633,4.391669406444685,15.269201321767271
37610,경북,봉화군,경북 봉화군,2020,12.25,14.0,896.0,157.0,6.18,17.0,31494.0,0.4,6.02,5.898491083676269,11.630198493934053,36.81303856984321,15.953273169807728,28.788216410535806,94.85524256651017,86.2522031725685,10.43572031611652,0.0,16.308423055770625,5.586888162150608,51.890647615816675,7.5727016031886105,3.9293493215535955,15.184327161541418
37530,경북,청송군,경북 청송군,2020,11.73,8.0,611.0,101.0,7.82,8.0,25044.0,0.6,5.21,12.757201646090536,3.7177032277966378,19.69595041769837,4.475208567763671,6.789463253783297,99.2566510172144,89.7238690380815,4.604271469010756,2.8719353640416045,7.1793231381412195,10.370461861953807,43.87251572460727,4.983340857903661,6.937909437077014,15.073481820223309
35540,전북,장수군,전북 장수군,2020,12.26,8.0,914.0,129.0,7.73,8.0,22085.0,0.5,5.63,9.327846364883403,12.041387006255158,19.69595041769837,10.837175615659095,6.789463253783297,96.97443922796036,86.18544036746248,1.4047296449502926,2.697808320950966,10.38130248015234,8.604694722430713,44.298879394606516,6.072376466286444,6.157436743491161,14.71833691264845
33560,충북,괴산군,충북 괴산군,2020,11.64,14.0,1007.0,180.0,8.61,15.0,39393.0,0.3,15.09,2.4691358024691348,14.044728425783376,36.81303856984321,19.517744636200945,25.050078248645562,45.570335593809766,90.32473428403567,16.13051829695084,4.400383853392767,19.22412741594558,3.9163822724391038,43.1785695858848,11.330038406049644,5.197831245814466,14.030690104357758
23520,인천,옹진군,인천 옹진군,2020,10.0,6.0,555.0,84.0,8.98,10.0,20455.0,0.2,5.02,0.0,1.7316509844548884,11.274737732485075,0.0,13.158247862702213,100.0,100.0,0.0,5.116239474987618,3.1207730387244594,0.9406010196936316,44.22868472590235,4.287735681382676,2.9041446782998834,10.798359658722148
37310,경북,(구)군위군,경북 (구)군위군,2020,11.36,7.0,494.0,85.0,7.43,8.0,23256.0,0.3,5.48,2.4691358024691348,0.0,15.749197337275145,0.0,6.789463253783297,97.78951486697966,92.19409282700423,2.7194128555562176,2.117384843982168,3.965663324121895,2.1694595784491764,42.16498049431931,3.14739332625114,2.2979234835560183,10.443603182609186
37540,경북,영양군,경북 영양군,2020,12.12,6.0,490.0,85.0,6.11,7.0,16692.0,0.4,5.75,5.898491083676269,0.0,11.274737732485075,0.0,3.0513250918930392,96.32237871674491,87.12011963894675,0.0,0.0,2.2549475464970152,4.423868312757202,39.401145981419305,1.1274737732485076,2.381055222365877,10.203574700132913
37630,경북,울릉군,경북 울릉군,2020,10.9,4.0,281.0,45.0,8.41,6.0,9077.0,0.1,5.73,0.0,0.0,0.0,0.0,0.0,96.43105546861415,95.2651818618811,0.0,4.013434868746904,0.0,0.6020152303120355,38.33924746609905,2.2073891778107972,2.0368181958890537,8.790607897751757
11230,서울,강남구,서울 강남구,2021,25.9,33.0,25829.0,1624.0,54.89,36.0,533042.0,4.5,13.33,100.0,81.5120465151542,63.68534470112064,76.07413715021055,51.52083057391251,52.412344409930945,0.0,82.4374183052787,93.30361267670702,78.22431768938483,97.14674655302147,49.96619669584983,86.35354349112357,94.18266923702672,84.2563114843222
11220,서울,서초구,서울 서초구,2021,25.34,24.0,22345.0,1330.0,58.16,26.0,412279.0,2.8,11.2,89.55431754874651,78.53238866989471,53.46987279353085,70.80677308070713,41.77118401010643,64.31205166595902,0.28318212806124166,75.9167312224411,99.59807816686686,72.73518826038585,89.95868875357938,47.58039218920297,87.21991768847496,92.92165938846433,81.09992994674424
29000,세종,세종시,세종 세종시,2021,20.75,51.0,30726.0,2268.0,58.76,62.0,371895.0,2.2,13.65,68.66295264623956,85.08224813275905,77.80111155233932,84.88481690813026,67.98937377791444,50.62459496301593,30.37128323456919,73.30011226480501,100.0,80.09138005628888,75.00543929795558,63.179008243704615,90.79157762150649,86.12145629220376,78.59717597182915
31020,경기,성남시,경기 성남시,2021,24.24,72.0,45058.0,2893.0,58.54,122.0,930948.0,2.0,15.79,61.6991643454039,92.95519383007968,89.07077370897987,91.30614866705302,88.69197549189286,38.66902053677177,7.493838166657923,96.5906286418367,100.0,93.26894024938683,70.56989264206089,63.177059973029095,96.98671043318944,84.83295288600885,78.46771923047451
31240,경기,화성시,경기 화성시,2021,25.1,101.0,68101.0,4111.0,58.45,180.0,887015.0,1.8,16.77,54.73537604456825,100.0,100.0,100.0,100.0,33.194037855594544,1.856416172845968,95.36361263355076,100.0,98.60908379006523,66.05153203342618,67.0100908056881,99.30454189503261,82.92144730096798,77.92004743521402
35010,전북,전주시,전북 전주시,2021,23.45,75.0,39216.0,2616.0,26.34,116.0,657269.0,3.1,16.2,100.0,90.09947871509064,90.40878137436928,88.6507622393398,87.14448816978968,36.378466557911906,12.67240023074099,87.7548194080984,38.347346699929155,89.4579414548487,89.76204987649844,63.12629341790784,61.315037476630856,67.49985190471905,73.47398191218389
31190,경기,용인시,경기 용인시,2021,25.69,103.0,68048.0,4149.0,48.68,163.0,1077508.0,1.8,17.02,54.73537604456825,100.0,100.0,100.0,97.59380744611292,31.797358600192183,0.0,100.0,81.3499029843851,100.0,63.25401748108395,65.99854283695538,89.74244664141182,73.56084178128853,72.7055333423146
31010,경기,수원시,경기 수원시,2021,24.54,99.0,65671.0,4073.0,44.83,183.0,1183714.0,1.7,14.88,51.25348189415042,100.0,99.52631434421092,100.0,100.0,43.75293302643634,5.527295610677001,100.0,73.9389879577443,99.90526286884219,59.53095961427446,69.76130859626485,85.61907481118045,68.4869868140248,70.19577001286194
26020,울산,남구,울산 남구,2021,22.92,31.0,15944.0,1032.0,27.62,43.0,313819.0,3.1,13.52,100.0,71.59163617874165,61.671231083169296,64.11721521519637,56.88242899419106,51.350868175825156,16.14662541297392,68.99033936799603,40.81123533216298,68.82716611640349,88.28084891769862,50.39541308732142,53.280180681954306,66.4163839273995,67.92163787910704
38110,경남,창원시,경남 창원시,2021,22.72,112.0,58133.0,3894.0,34.5,195.0,1032741.0,1.9,14.92,58.21727019498607,98.19471983110792,100.0,99.14617867449955,100.0,43.52946434557197,17.457653783627876,99.2244999001166,54.054636730419794,98.86470988558894,61.590620138913316,71.98396829446486,74.25266915296997,60.852333298049075,67.21081555720663
31100,경기,고양시,경기 고양시,2021,24.05,88.0,54368.0,3247.0,34.7,167.0,1079353.0,1.9,13.83,58.21727019498607,96.81775373994832,95.6547463370135,94.3518497612771,98.33946515372311,49.61898589912623,8.73931511877916,100.0,54.43961932920632,97.53982613737686,61.51067091961533,69.14149168436153,73.8708160127545,60.88982462694305,66.50606070962183
34010,충남,천안시,충남 천안시,2021,24.64,77.0,41520.0,2634.0,33.93,114.0,658486.0,1.9,18.65,58.21727019498607,91.2735178592844,91.27175716424108,88.83167188759288,86.61096982379371,22.691009854968826,4.871781425350036,87.80177370431332,52.95743632387816,90.2316424737844,60.73391988074972,58.96647313437927,69.67873532206097,59.353872952041364,62.783024898711545
38070,경남,김해시,경남 김해시,2021,23.96,60.0,35114.0,2290.0,28.85,90.0,537673.0,2.1,13.58,65.18105849582173,87.8274101035984,83.10445597641962,85.1394843635165,79.36799104864045,51.01566515452859,9.329277885573433,82.65698330599459,43.17887831470018,85.33169123888149,64.14536662943117,61.87994955147953,62.02285818734593,56.488719452962535,62.13622902505998
11240,서울,송파구,서울 송파구,2021,23.08,40.0,31235.0,2161.0,39.76,49.0,658338.0,1.6,12.96,47.771587743732596,85.42012252233673,69.90501758417992,83.609909318426,60.83801503966183,54.47942970792642,15.097802716450786,87.79606820513845,64.17967907850564,83.02988523954588,53.997654921808966,57.9246295872672,72.54275998683421,60.34312913640659,60.920069394920525
31150,경기,시흥시,경기 시흥시,2021,24.31,48.0,32306.0,1958.0,40.24,77.0,512030.0,1.6,16.25,47.771587743732596,86.11342546774043,75.82690508622917,81.0076096190267,74.5980607024211,36.09913070683143,7.0349782369290494,81.4166217364156,65.10363731559335,82.64708027204072,54.205578951912486,55.23381431611777,72.82486938620968,60.81279294434537,60.6083588536344
22060,대구,수성구,대구 수성구,2021,24.1,34.0,22847.0,1538.0,26.06,47.0,417097.0,2.4,13.33,75.6267409470752,78.98926741803669,64.64838893988001,74.63904032622332,59.57484791854654,52.412344409930945,8.41155802611567,76.2116344274162,37.808371061628,75.2878018252192,70.29023811135427,52.69044554452314,54.48904162560317,56.55140517108741,60.52832842873856
31040,경기,안양시,경기 안양시,2021,24.25,41.0,26687.0,1646.0,37.37,75.0,547178.0,1.8,17.42,54.73537604456825,82.18405988154218,70.705603308931,76.42905526958391,73.79429349885399,29.562671791548397,7.428286748125217,83.10177089716423,59.57913702300656,80.16368187170656,58.20680857503139,51.715720211945,68.74116330442979,60.26727674123246,60.20472822651795
33040,충북,청주시,충북 청주시,2021,22.87,94.0,50105.0,3435.0,27.96,132.0,848482.0,1.7,15.76,51.25348189415042,95.13854643466826,97.82221261722009,95.83692417218639,91.11065131244196,38.83662204742006,16.474382505637408,94.23631094733473,41.4657057501001,95.40460902497857,54.173821926594655,68.2524721739684,65.75151535331094,51.462635278829,59.97438935066634
31230,경기,김포시,경기 김포시,2021,25.4,47.0,35537.0,2087.0,34.0,96.0,486508.0,1.8,15.48,54.73537604456825,88.07365946249462,75.14187669507109,82.69073279230584,81.34376614233865,40.40090281347069,0.0,80.11883252751304,53.09218023345345,83.10085482851544,57.82272501469366,55.98280402113561,66.34744356953239,57.4457421244854,59.88426022283647
37050,경북,구미시,경북 구미시,2021,22.93,52.0,27761.0,1830.0,29.11,104.0,412581.0,2.0,14.97,61.6991643454039,82.99543724595793,78.43394401773652,79.22421191039172,83.79600302637643,43.25012849449149,16.081073994441226,75.93531722480466,43.67935569312267,79.96510259396766,61.125820337617114,59.928482732888234,59.85642506590341,54.829148421287,59.748906063832784
39010,제주,제주시,제주 제주시,2021,24.62,68.0,31660.0,2051.0,32.66,78.0,493096.0,1.8,16.47,54.73537604456825,85.6980463406029,87.19857700872085,82.23171940995415,74.99224816695336,34.87005296207737,5.002884262415421,80.4602368568269,50.51279682158366,84.42680962909368,57.198256190724024,57.22106992417427,65.71054074938772,56.13518809532445,59.52216886451223
31050,경기,부천시,경기 부천시,2021,23.43,64.0,37862.0,2415.0,32.45,123.0,806067.0,1.6,15.67,47.771587743732596,89.37690560829796,85.21454279519008,86.54158820668665,88.94252987706697,39.3394265793649,12.803503067806375,92.93465922356658,50.1085650928578,89.61175913025698,52.28266613255791,62.44827102170399,67.89674508578538,53.863842611646994,58.99870654698292
31070,경기,평택시,경기 평택시,2021,24.14,62.0,32911.0,2080.0,41.13,109.0,564288.0,1.3,15.1,37.32590529247911,86.49497757477256,84.17624892083278,82.60210319131659,85.23548571002165,42.523855281682266,8.149352351984888,83.88330454009369,66.81680988019342,85.24772993358096,46.6664482088656,60.405739965232385,75.04836152215823,57.97636179082423,58.99363171795621
38030,경남,진주시,경남 진주시,2021,21.92,45.0,20105.0,1424.0,20.02,53.0,347097.0,2.5,15.81,79.10863509749304,76.36011987910291,73.72793139681906,72.60783802600224,63.21944343169507,38.55728619633958,22.70176726624362,71.54855634993513,26.18189657827466,74.3902131238958,70.89477279777127,54.632272993135274,47.777143686043814,51.77762175418834,58.6142551733163
22010,대구,중구,대구 중구,2021,22.52,10.0,4238.0,326.0,26.12,12.0,74791.0,3.8,11.77,100.0,44.34666495261686,26.194682277640744,33.75879761174591,19.155114391875237,61.12762296364164,18.76868215428182,32.58941763252654,37.92386584126397,37.189094221594544,85.12324637145127,32.5311640408306,37.235340075861615,61.42027724154727,57.914045614524646
31090,경기,안산시,경기 안산시,2021,23.41,55.0,32594.0,2027.0,36.92,93.0,652726.0,1.4,15.94,40.807799442896936,86.29593998643303,80.26317847236925,81.92121460225638,80.37164543586948,37.83101298353036,12.934605904871773,87.5787700283549,58.712926175736854,85.47423669619683,48.042382507176534,58.7418099380988,70.71443074543204,55.17788002691097,57.59531719447067
24050,광주,광산구,광주 광산구,2021,23.03,45.0,29157.0,1969.0,19.24,87.0,404221.0,2.3,15.58,72.14484679665738,84.00438292777505,73.72793139681906,81.1553924671421,78.3306884157797,39.842231111309744,15.425559809114247,75.41572348530681,24.68046444300717,79.37249478884337,66.21114305672161,57.83759584260109,49.06028369168688,49.10277663716634,57.48936236988181
11150,서울,양천구,서울 양천구,2021,24.1,30.0,23469.0,1503.0,25.19,39.0,447302.0,2.2,13.45,68.66295264623956,79.54163331039382,60.616453606433105,74.03188824876717,53.93321774541988,51.741938367337816,8.41155802611567,77.98623557526098,36.13369675690659,75.28997804906183,64.87143232925504,50.7519447239821,53.54144057530985,53.1137261158413,57.34165146707489
21120,부산,강서구,부산 강서구,2021,24.01,18.0,11429.0,691.0,43.4,21.0,142918.0,1.8,13.81,54.73537604456825,64.74544621262285,44.35233982368923,53.543374272239774,35.434169572602435,49.73072023955842,9.001520792909943,49.02613581048556,71.18636237642059,55.95103181419494,58.20403101115156,39.31788517518183,63.89074290349765,63.60085377284763,56.78620549647051
31130,경기,남양주시,경기 남양주시,2021,24.62,67.0,44845.0,2670.0,29.59,111.0,733798.0,1.5,14.92,44.289693593314766,92.85774946507978,86.71356547646066,89.18981298524604,85.79303768635452,43.52946434557197,5.002884262415421,90.550428274373,44.60331393021035,90.93671631014394,49.1935422310256,62.2155917161543,65.35729334343367,50.01152499260147,56.55506832734123
31180,경기,하남시,경기 하남시,2021,24.89,23.0,18476.0,1059.0,47.26,35.0,320087.0,1.3,14.16,37.32590529247911,74.6225450938393,52.11365591973106,64.79818974659703,50.673015964326474,47.775369281995125,3.2329959620326036,69.49230875472125,78.61652653300071,68.58169635728224,47.24916245869337,44.42490406404998,73.79881051709955,62.21018709346186,56.221692073885606
31210,경기,이천시,경기 이천시,2021,22.74,31.0,12678.0,843.0,38.52,47.0,223177.0,1.7,14.82,51.25348189415042,66.8781590727092,61.671231083169296,58.78406234981184,59.57484791854654,44.08813604773291,17.32655094656249,60.33879746965385,61.79278696602915,63.87496499388461,54.39684537278811,48.249426390727876,62.57960737462288,58.21283923069768,56.013480015078976
23040,인천,연수구,인천 연수구,2021,24.51,33.0,25911.0,1547.0,31.54,49.0,389644.0,1.8,16.27,54.73537604456825,81.57722903770518,63.68534470112064,74.79293349831205,60.83801503966183,35.98739636639925,5.723949866275092,74.48347959965251,48.35689426837907,75.87072733897247,56.462789077453564,48.90327381728629,60.45279406520947,54.224226642440875,55.84821495615563
24030,광주,남구,광주 남구,2021,22.58,23.0,13648.0,898.0,12.71,41.0,215575.0,2.9,15.24,93.03621169916434,68.39419901514552,52.11365591973106,60.45024170389348,55.44294631054586,41.741714898656944,18.375373643085638,59.45914614039166,12.110782592626816,62.45757453363647,78.43319606478181,45.875151264849976,34.470007742005706,48.62587310111115,55.58613089072056
31060,경기,광명시,경기 광명시,2021,23.44,25.0,16124.0,1094.0,33.57,44.0,292893.0,1.8,12.52,54.73537604456825,71.82249063640558,54.77289077699928,65.65556550762008,57.57781325856842,56.93758519743458,12.737951649273668,67.23873979961166,52.26446764606239,67.03744541348614,56.073451243976095,49.94024889043179,58.67305538025711,55.130247605148455,55.50199001053659
24020,광주,서구,광주 서구,2021,21.82,30.0,15761.0,1134.0,17.54,53.0,291231.0,2.4,12.54,75.6267409470752,71.35424699960366,60.616453606433105,66.60248695459012,63.21944343169507,56.82585085700239,23.3572814515706,67.09430029960014,21.408112353321627,67.9287043109685,67.06669726326501,54.29345543640301,42.17110159983096,47.35185319526972,54.90635668036409
36020,전남,여수시,전남 여수시,2021,20.49,50.0,14170.0,1130.0,27.63,70.0,276762.0,1.8,12.16,54.73537604456825,69.16603409161787,77.15599031302241,66.50930908469299,71.68849493953863,58.948803325213966,32.07562011641933,65.80085432660499,40.830484462102305,69.75447140639491,54.09270811190332,61.01668426303518,53.875700452772826,49.418378685603386,54.82574153009472
31200,경기,파주시,경기 파주시,2021,24.18,58.0,29914.0,1882.0,32.09,95.0,483245.0,1.4,14.18,40.807799442896936,84.53148022113672,81.99693008969312,79.96330997664948,81.02310734013514,47.66363494156294,7.887146677854105,79.94802106632368,49.415596415042046,82.64953244840409,46.47133706654268,59.65383593700468,64.27677024141833,50.172642814748805,54.69795331042134
23080,인천,서구,인천 서구,2021,24.02,46.0,32698.0,2022.0,31.3,78.0,555380.0,1.4,14.26,40.807799442896936,86.36145194612573,74.44242559914423,81.85606373176209,74.99224816695336,47.216697579834175,8.935969374377265,83.4794177469649,47.89491514983522,83.11303641698117,46.426232049260555,57.831871668654664,63.58064894359367,49.513433668611654,54.041023211480706
31120,경기,구리시,경기 구리시,2021,24.12,16.0,9562.0,618.0,33.94,29.0,191948.0,2.0,13.28,61.6991643454039,61.07787202540802,40.6571239257806,50.601108727737184,45.031385791199845,52.69168026101142,8.280455189050272,56.512676588780955,52.97668545381748,55.62416377449441,60.328663279666344,39.73083692578273,53.89536528557643,56.79047634150575,53.947422253069355
22070,대구,달서구,대구 달서구,2021,22.97,56.0,29501.0,2166.0,21.71,77.0,544926.0,1.8,15.62,54.73537604456825,84.24558527052125,80.85120621093105,83.67087632228645,74.5980607024211,39.61876243044537,15.818868320310457,82.99709070019293,29.434999538020882,83.19216108750472,53.891340491181445,59.36519557827215,53.57305102613778,45.2838777378187,53.82117029265037
11140,서울,마포구,서울 마포구,2021,22.89,22.0,13888.0,1020.0,32.03,26.0,368905.0,1.9,18.48,58.21727019498607,68.75266669204302,50.699710621479035,63.80882684691739,41.77118401010643,23.640751748642415,16.343279668572023,73.09521709380256,49.30010163540609,66.44484059845809,57.93323456075477,40.35463272098401,56.899842864100236,54.756629282384544,53.735104156676535
34040,충남,아산시,충남 아산시,2021,23.49,46.0,22525.0,1478.0,37.48,61.0,324580.0,1.3,17.43,37.32590529247911,78.69737940853389,74.44242559914423,73.58949431339565,67.49427045547834,29.50680462133232,12.410194556610207,69.84611621500146,59.79087745233915,75.19100968859622,44.8327985280636,51.79339910208802,66.54561847265796,53.325049143249196,53.54742737713995
26510,울산,울주군,울산 울주군,2021,21.54,31.0,12899.0,911.0,31.98,49.0,222059.0,1.7,12.4,51.25348189415042,67.23352818524963,61.671231083169296,60.82915915113563,60.83801503966183,57.60799124002771,25.192721170486138,60.21132663907357,49.203855985709446,64.01440830098075,52.5440426369942,53.22738074246982,55.707648533368086,51.849518193500614,53.52041209269666
38100,경남,양산시,경남 양산시,2021,24.21,40.0,22471.0,1460.0,27.1,71.0,354726.0,1.7,15.19,51.25348189415042,78.6480210263795,69.90501758417992,73.26631552956803,72.12127538591511,42.02105074973742,7.690492422256,72.10040020338658,39.810280575318004,74.9351340910417,52.27645560954847,53.05808234151394,55.43082031062678,48.38644905272955,52.87186761813229
21090,부산,해운대구,부산 해운대구,2021,23.18,32.0,19536.0,1227.0,28.93,38.0,396438.0,1.7,14.25,51.25348189415042,75.76973430234575,62.693548664882556,68.68101482729058,53.149801280832456,47.27256475005027,14.442288531123808,74.9222403014371,43.33287135421479,72.90024897458052,52.517015553979604,50.02440428815884,56.4947170169911,49.89922030351364,52.84897161615743
11010,서울,종로구,서울 종로구,2021,21.05,13.0,5072.0,448.0,47.17,16.0,144683.0,1.5,16.84,44.289693593314766,48.04025341234726,34.20673692168918,42.12690841511693,27.45608673847581,32.802967664081876,28.40474067858827,49.33767814690918,78.44328436354677,45.66277753458422,49.78778819075281,33.733029167422465,63.57318249662548,61.885020997111596,52.067564841066854
24040,광주,북구,광주 북구,2021,21.71,46.0,23034.0,1706.0,13.6,94.0,427114.0,2.1,14.89,65.18105849582173,79.15689765712635,74.44242559914423,77.37343523945961,80.69909079309593,43.69706585622024,24.07834705543027,76.81400860089484,13.82395515722689,77.51113652866047,58.875076911162964,59.89179013098824,42.40089871794871,40.6360575683032,52.06739000416283
31160,경기,군포시,경기 군포시,2021,23.21,27.0,13915.0,938.0,32.41,47.0,268535.0,1.6,13.37,47.771587743732596,68.79260605748249,57.23495769702921,61.599176289210675,59.57484791854654,52.18887572906657,14.245634275525703,65.03490493870041,50.03156857310049,65.35376604975721,50.21268669951277,49.069914800408945,56.75461543720976,51.130584665923024,51.99784498778185
35030,전북,익산시,전북 익산시,2021,19.81,60.0,14062.0,1193.0,15.43,76.0,278113.0,2.1,15.15,65.18105849582173,69.00870333814652,83.10445597641962,67.93996817468975,74.19878680777903,42.24451943060179,36.53311657664272,65.92445470671036,17.346545936123686,70.90257927637029,58.3886460960995,60.49122846157212,41.54145473614585,41.49683233611492,51.84023639621914
36010,전남,목포시,전남 목포시,2021,22.21,33.0,14710.0,980.0,19.96,50.0,218589.0,2.1,13.59,65.18105849582173,69.93512427550887,63.68534470112064,62.754036954295266,61.45077362743303,50.959797984312495,20.80077612879542,59.81156142567473,26.0664017986387,65.64809950568099,59.78926656921299,51.99530904553448,43.66381452831634,45.56744609337749,51.83805276241554
25040,대전,유성구,대전 유성구,2021,21.8,38.0,22560.0,1651.0,25.99,75.0,351277.0,1.6,15.65,47.771587743732596,78.7293077935346,68.24353638890105,76.50905716241098,73.79429349885399,39.451160919797076,23.488384288636,71.85240162286831,37.67362715205272,74.569081661408,49.35266565996081,56.43302463489768,54.068570374656275,45.9723878893973,51.722860631055816
26040,울산,북구,울산 북구,2021,23.59,22.0,15986.0,1007.0,26.14,44.0,218735.0,1.9,13.31,58.21727019498607,71.64573447395064,50.699710621479035,63.470622263302324,57.57781325856842,52.52407875036313,11.754680371283229,59.82850901363243,37.96236410114263,63.911362065360855,56.52188070880601,47.50002150323593,49.252694564611346,48.935671974494625,51.720742393597114
21060,부산,동래구,부산 동래구,2021,23.96,22.0,13161.0,791.0,21.25,29.0,266866.0,2.2,13.48,68.66295264623956,67.64702135580039,50.699710621479035,57.105727541230266,45.031385791199845,51.57433685668953,9.329277885573433,64.87665729007286,28.549539560811848,63.42644998921786,62.54434755438149,43.351804826735936,44.03312068526543,47.869480726264705,51.57080005179174
25030,대전,서구,대전 서구,2021,22.59,39.0,25744.0,1812.0,17.82,75.0,473365.0,1.9,15.5,58.21727019498607,81.44426047859581,69.0846623260201,78.96347056014451,73.79429349885399,40.289168473038494,18.30982222455293,79.42370050930495,21.94708799162278,78.3661728572934,55.09944189284255,56.346742269586535,47.181771800109445,42.30846751350566,51.487295688702865
31250,경기,광주시,경기 광주시,2021,25.17,31.0,20505.0,1238.0,39.57,43.0,387289.0,1.1,15.48,30.362116991643457,76.76523627198172,61.671231083169296,68.91637807868017,56.88242899419106,40.40090281347069,1.39755624311708,74.32960466633554,63.81394560965844,73.01574575252538,40.02020321237953,46.45539689675011,67.76728114797575,52.51007474176658,50.86604222541648
35020,전북,군산시,전북 군산시,2021,21.39,55.0,15273.0,1175.0,16.42,68.0,265304.0,2.0,15.54,61.6991643454039,70.70747675326184,80.26317847236925,67.53906014854276,70.80434057533172,40.06569979217412,26.175992448476563,64.72765581129237,19.252209800117036,70.82467081449248,56.232952404396656,56.80639026603944,42.465676959647524,41.22460117618642,50.50962921205456
37010,경북,포항시,경북 포항시,2021,21.92,66.0,27566.0,1902.0,19.59,117.0,503852.0,1.5,13.06,44.289693593314766,82.85047872546102,86.22136832723439,80.2421567779575,87.40783697214141,53.920758005765485,22.70176726624362,81.00795180011096,25.354183990883612,82.97189856821068,45.305445666164715,65.74049346015929,51.28822654281828,39.219921211314364,50.34753766510885
22510,대구,달성군,대구 달성군,2021,22.36,32.0,17094.0,1254.0,28.36,46.0,262451.0,1.5,12.35,44.289693593314766,73.02380242031482,62.693548664882556,69.25502079017207,58.923386014280844,57.887327091108176,19.817504850804966,64.45322534568813,42.235670947673164,68.38657854684035,46.855001079168524,54.231939221044286,53.771718173624684,46.275743097313565,50.270697750539206
11190,서울,영등포구,서울 영등포구,2021,21.69,23.0,13776.0,1042.0,36.48,37.0,376837.0,1.2,11.92,33.844011142061284,68.58615904574032,52.11365591973106,64.37148119176292,52.34603407726536,60.28961541040022,24.209449892495655,73.63518710234615,57.865964458406474,66.80636683752022,40.92151892988097,51.267319654055925,61.80015591859666,49.98387041317225,50.135422463392665
38090,경남,거제시,경남 거제시,2021,23.56,39.0,18679.0,1207.0,21.22,59.0,241216.0,1.8,13.84,54.73537604456825,74.84725378783786,69.0846623260201,68.24762899354656,66.47964521278847,49.56311872891014,11.951334626881334,62.31169177472243,28.491792170993868,69.93406689153967,52.81002623785905,53.15367716666722,46.89515645042457,43.41141384634106,50.02814427073415
36030,전남,순천시,전남 순천시,2021,22.04,42.0,16457.0,1169.0,17.95,60.0,281436.0,1.9,14.5,58.21727019498607,72.24285747211593,71.48734996319538,67.4040593210224,66.99111632058543,45.87588549464792,21.915150243851272,66.22593303139716,22.197326680834024,70.28667863811619,54.21683739557625,54.75535941868233,43.73972611991102,41.43844195406668,49.722948538521806
32020,강원,원주시,강원 원주시,2021,22.02,51.0,19476.0,1477.0,18.83,72.0,357757.0,1.7,16.22,51.25348189415042,75.7064798248924,77.80111155233932,73.5716433798541,72.5480862562138,36.26673221747973,22.04625308091667,72.31636012107407,23.891250115494774,75.10837025923628,49.59444692042627,56.497943153542735,46.90904870189565,40.19551830592065,49.028354016858785
11250,서울,강동구,서울 강동구,2021,22.59,29.0,22092.0,1527.0,26.66,36.0,462664.0,1.4,12.91,40.807799442896936,78.29822414851812,59.52708716258185,74.44972184469154,51.52083057391251,54.7587655590069,18.30982222455293,78.84331925610148,38.963318857987616,74.70752528360588,44.28016982572266,52.859690036488104,54.868676806270216,44.007548034097525,49.0239311503645
23010,인천,중구,인천 중구,2021,21.81,15.0,8604.0,569.0,43.99,19.0,143633.0,1.1,11.69,30.362116991643457,58.90706336349807,38.643010307829265,48.42453937542885,32.48495832383125,61.5745603253704,23.42283287010332,49.15280246670088,72.32206104284087,51.927974483325144,39.51060323650853,41.706959293092495,62.795767647050155,54.48738813030609,48.55655313988667
23050,인천,남동구,인천 남동구,2021,23.69,39.0,28231.0,1758.0,21.98,70.0,518272.0,1.4,13.86,40.807799442896936,83.3406817103961,69.0846623260201,78.16542508648017,71.68849493953863,49.45138438847795,11.09916618595625,81.7241776022762,29.954726046382703,80.00452660108493,43.43312666016972,56.2216730926417,52.31032854053315,40.04726672739878,48.13522824593311
31030,경기,의정부시,경기 의정부시,2021,23.56,34.0,22279.0,1337.0,22.88,63.0,463661.0,1.5,15.48,44.289693593314766,78.47155886124563,64.64838893988001,70.94521343533347,68.47667987276655,40.40090281347069,11.951334626881334,78.89795681979307,31.687147740922107,75.83484426453674,45.817498242248945,51.40793061579476,51.421775446713255,41.7125171474542,48.045599270303725
26010,울산,중구,울산 중구,2021,22.45,21.0,11709.0,779.0,16.32,36.0,212883.0,2.1,12.74,65.18105849582173,65.24315583047017,49.22290305298078,56.70277919161313,51.52083057391251,55.7085074526805,19.227542084010693,59.14019011602877,19.059718500723765,60.20821556063987,58.26906723002188,46.735609901924555,37.3247951641945,41.40415436489344,47.858218511520676
39020,제주,서귀포시,제주 서귀포시,2021,21.06,45.0,9668.0,836.0,32.66,45.0,183663.0,1.1,10.98,30.362116991643457,61.30456912928967,73.72793139681906,58.56425354846804,58.25791310796314,65.54112941071308,28.33918926005559,55.392767764156844,50.51279682158366,62.0157011732557,36.47896417989911,56.90140036682903,55.724660382034386,44.277660034808996,47.066751453746186
21510,부산,기장군,부산 기장군,2021,23.52,22.0,12612.0,791.0,28.52,36.0,177125.0,1.5,13.91,44.289693593314766,66.77082888042199,50.699710621479035,57.105727541230266,51.52083057391251,49.17204853739749,12.213540301012102,54.4727455954683,42.543657026702384,59.86718024314729,46.27590163703363,44.421616363372166,49.99406004223886,45.527339784198475,46.917763717537255
21050,부산,부산진구,부산 부산진구,2021,21.42,32.0,15154.0,1021.0,19.93,41.0,353159.0,1.7,17.41,51.25348189415042,70.5466265350351,62.693548664882556,63.83466395542723,55.44294631054586,29.6185389617645,25.979338192878473,71.98802613830003,26.008654408820718,69.40843084198407,49.39607223543943,47.93339309934379,45.481644019091675,40.62331176367072,46.88516196456475
24010,광주,동구,광주 동구,2021,19.96,11.0,3398.0,315.0,14.38,19.0,103470.0,2.8,22.88,89.55431754874651,39.80494930008546,29.085435144391024,32.85569660672319,32.48495832383125,0.0,35.549845298652244,40.828003805882716,15.32538729249438,37.96796282068575,73.44504118544259,26.01372398886414,25.422696956210512,45.8998106885259,46.71800304442924
32030,강원,강릉시,강원 강릉시,2021,20.49,35.0,9526.0,792.0,15.46,37.0,212965.0,2.0,16.55,61.6991643454039,61.000308552495575,65.58430153163283,57.1390305162926,52.34603407726536,34.423115600348595,32.07562011641933,59.14996513319395,17.40429332594167,61.36200412253253,54.98504811319373,48.553270190343106,37.20334796290941,39.16452891511286,46.60412954712364
11020,서울,중구,서울 중구,2021,20.23,12.0,4808.0,382.0,55.28,14.0,122499.0,0.7,17.77,16.434540389972145,46.94119041188992,31.74467000165925,37.93080373022253,23.583126369611207,27.607320833985113,33.77995699826943,45.11302842881298,94.05432874434075,43.3534377349207,31.128173645319215,31.646559454780075,71.05954015625328,59.14203290661687,46.236976766720865
36060,전남,광양시,전남 광양시,2021,20.76,28.0,9004.0,689.0,23.22,36.0,150531.0,1.6,10.82,47.771587743732596,59.841469112083715,58.40078608467294,53.46698462633548,51.52083057391251,66.43500413417058,30.305731816036484,50.34341557179391,32.34161815885922,56.70391644451462,46.6640804428367,52.123175149646755,43.1477747540257,41.12377279012293,46.06835303514682
11160,서울,강서구,서울 강서구,2021,22.07,35.0,24896.0,1711.0,21.86,52.0,574315.0,1.2,12.71,33.844011142061284,80.75547218272769,65.58430153163283,77.45062922322674,62.64104719893017,55.87610896332878,21.718495988253167,84.33036831214808,29.72373648711078,78.79370689133484,37.91711604788535,57.39459568228917,51.707134904441965,37.117936030097745,45.685190340085796
22050,대구,북구,대구 북구,2021,22.16,39.0,21686.0,1595.0,17.42,70.0,437008.0,1.5,17.52,44.289693593314766,77.91678708891948,69.0846623260201,75.59887716578535,71.68849493953863,29.004000089387475,21.128533221458895,77.39527489536118,21.177122794049712,75.99390847827212,44.185517322985476,53.496432659750425,45.74853242141742,36.36703150262275,45.52702646675877
11200,서울,동작구,서울 동작구,2021,22.85,21.0,15174.0,1053.0,29.13,31.0,385483.0,1.3,19.67,37.32590529247911,70.57374829122215,49.22290305298078,64.6483732370195,47.02842045117794,16.992558492927202,16.605485342702792,74.21096597229953,43.71785395300132,67.39474454789709,41.60948189143175,39.78054575465372,54.21350453353816,44.23801550929706,45.21212127857496
31140,경기,오산시,경기 오산시,2021,24.86,25.0,16340.0,1007.0,28.27,48.0,229983.0,1.3,18.0,37.32590529247911,72.09613816740156,54.77289077699928,63.470622263302324,60.21287665676523,26.322375919014945,3.4296502176307087,61.10128270747549,42.06242877821922,65.33303205134328,41.513407102832375,41.80457044706935,52.196044945322136,43.307960365591235,44.90338267430644
32010,강원,춘천시,강원 춘천시,2021,21.96,41.0,14834.0,1098.0,19.09,44.0,284594.0,1.5,16.23,44.289693593314766,70.10774212458556,70.705603308931,65.75180118119209,57.57781325856842,36.21086504726362,22.439561592112838,66.50916089088997,24.391727493917273,69.14773999134597,43.886803531532216,50.94582827374478,44.483933011098216,37.153096340301886,44.63111256753122
23060,인천,부평구,인천 부평구,2021,22.05,42.0,22735.0,1520.0,17.13,66.0,486765.0,1.3,12.66,37.32590529247911,78.888210366287,71.48734996319538,74.32853551852557,69.89417797466764,56.15544481440926,21.849598825318566,80.13223725186911,20.618898025809234,77.78124635134331,38.97608470985942,58.964739296416184,46.28660657155239,33.6476476496958,44.412120870449826
11040,서울,성동구,서울 성동구,2021,19.86,21.0,10555.0,897.0,33.17,29.0,285990.0,1.0,16.41,26.880222841225628,63.109555480127554,49.22290305298078,60.420867628257014,45.031385791199845,35.20525598337393,36.20535948397923,66.63336200622145,51.494502448489335,61.38936695252636,34.19529804620537,45.98662847981102,55.86118204892594,43.49990218741284,43.95453142101288
31220,경기,안성시,경기 안성시,2021,21.5,34.0,10378.0,810.0,28.38,47.0,189534.0,1.2,19.4,33.844011142061284,62.761802541305975,64.64838893988001,57.73140809707353,59.57484791854654,18.500972088761756,25.454926844616907,56.191438482222225,42.27416920755181,61.168010603295656,38.000313991809335,45.089936786702104,50.69670823873602,41.400622454358206,43.501175057165874
37100,경북,경산시,경북 경산시,2021,22.16,31.0,13443.0,1006.0,23.33,59.0,268369.0,1.4,23.35,40.807799442896936,68.08298065385466,61.671231083169296,63.444426127915946,66.47964521278847,0.0,21.128533221458895,65.01920961897184,32.55335858819181,65.88149942925274,42.29715143578694,42.393006174822894,47.44094790543914,39.65839340957647,43.4754818458521
36620,전남,무안군,전남 무안군,2021,20.43,19.0,5436.0,448.0,11.77,22.0,91107.0,2.3,16.61,72.14484679665738,49.4653114808692,46.056441550680056,42.12690841511693,36.8096536863745,34.087912579052045,32.4689286276155,37.598218449021765,10.301364378330097,45.22340958527714,60.600370902329466,38.57583170820493,25.804189626676667,37.77629142758176,43.35996396387971
31260,경기,양주시,경기 양주시,2021,23.21,35.0,14037.0,945.0,25.54,49.0,236368.0,1.2,17.37,33.844011142061284,68.97211198183592,65.58430153163283,61.79519653207116,60.83801503966183,29.84200764262887,14.245634275525703,61.79636077986474,36.807416304783025,66.14182453120395,37.80133200044701,46.50889007892455,49.86638563414085,39.26321955201869,43.20819255320595
11110,서울,노원구,서울 노원구,2021,21.96,42.0,24692.0,1716.0,15.86,57.0,510956.0,1.3,17.39,37.32590529247911,80.58627284134002,71.48734996319538,77.52759808569513,65.43061941346686,29.73027330219668,22.439561592112838,81.36332578442416,18.174258523514737,78.99960414863634,38.779195032020546,53.92792940494479,45.46633062018427,32.57053759226807,42.96043546873499
11050,서울,광진구,서울 광진구,2021,23.44,22.0,13742.0,961.0,26.11,31.0,339996.0,1.3,20.21,37.32590529247911,68.5353441700289,50.699710621479035,62.23785016578158,47.02842045117794,13.975731301258122,12.737951649273668,71.0238956795779,37.90461671132465,65.71478291318363,40.533655893060924,38.096404323524254,50.27816343931893,41.07516831139193,42.92939178759772
37020,경북,경주시,경북 경주시,2021,20.19,43.0,11333.0,925.0,19.29,57.0,251889.0,1.3,14.15,37.32590529247911,64.57199178509667,72.2511238283208,61.231230538939954,65.43061941346686,47.831236452211215,34.04216267240021,63.410630549947214,24.77671009270381,65.75940982319666,38.16813466177457,55.94730513734146,43.27829587333059,34.24766024433321,42.69391437146005
34080,충남,당진시,충남 당진시,2021,22.08,31.0,10465.0,766.0,23.96,36.0,167092.0,1.3,14.2,37.32590529247911,62.933466859965826,61.671231083169296,56.25919556955768,51.52083057391251,47.55190060113075,21.65294456972049,52.992685575946794,33.766053774369404,59.69878531940081,39.352683721511326,47.968138729280405,45.27404889260529,38.28556801567575,42.66114986687304
37590,경북,칠곡군,경북 칠곡군,2021,20.28,21.0,6731.0,544.0,22.48,32.0,113822.0,1.5,12.52,44.289693593314766,53.858932244038456,49.22290305298078,47.240816132910034,47.980597039971016,56.93758519743458,33.45219990560594,43.24828449642581,30.917182543349035,49.74853208154313,43.24074080089227,46.929831220427424,39.18576982741161,38.31924976473004,42.21925549196108
26030,울산,동구,울산 동구,2021,23.16,16.0,10381.0,651.0,18.77,24.0,154096.0,1.7,16.31,51.25348189415042,62.767745916516596,40.6571239257806,51.97192183295114,39.389755618073195,35.76392768553488,14.573391368189206,50.93752772888492,23.77575533585882,54.796556062079894,48.2832493126433,37.1003323968497,37.33655616993647,38.06362244936271,41.66443923656621
22020,대구,동구,대구 동구,2021,21.39,33.0,16546.0,1236.0,17.14,55.0,341436.0,1.2,11.52,33.844011142061284,72.3537676703274,63.68534470112064,68.87374058275911,64.3447782647659,62.524302219043996,26.175992448476563,71.13117096094234,20.63814715574856,70.25330406367054,35.71410719694099,57.34727975913291,42.85994458398061,31.50939679057958,41.57816403886336
38060,경남,사천시,경남 사천시,2021,20.31,18.0,5980.0,470.0,15.89,19.0,109953.0,1.8,11.06,54.73537604456825,51.42640341719008,44.35233982368923,43.38940408281156,32.48495832383125,65.09419204898433,33.25554565000786,42.3705020640026,18.23200591333272,47.294820292533664,48.9289732621451,44.260510273813864,31.103693227740326,35.511242684900054,41.21446183766405
35510,전북,완주군,전북 완주군,2021,16.58,29.0,4496.0,485.0,15.84,36.0,91142.0,1.7,13.99,51.25348189415042,45.56171327713268,59.52708716258185,44.21682621060021,51.52083057391251,48.72511117566872,57.706224762703876,37.60796741269857,18.135760263636083,45.968664294892285,45.71664678787149,51.97401575892782,30.680914628589356,33.80797668049678,41.152760601329064
33020,충북,충주시,충북 충주시,2021,19.99,36.0,10020.0,871.0,17.3,44.0,209358.0,1.4,16.71,40.807799442896936,62.0399348452635,66.49456942901078,59.645435908616825,57.57781325856842,33.529240876891095,35.35319104305418,58.71638414146414,20.94613323477779,61.93379655087315,39.95176305191572,50.623431235730685,39.38527481230119,33.21481937997527,41.07914202610227
11120,서울,은평구,서울 은평구,2021,22.35,30.0,19730.0,1368.0,18.38,39.0,473307.0,1.1,12.51,30.362116991643457,75.97293567635565,60.616453606433105,71.5497250718561,53.93321774541988,56.99345236765067,19.883056269337658,79.42059031252741,23.025039268225072,73.93593565322267,33.82263720160192,53.47600637846129,45.83309264031734,31.845046240727335,40.96726698709977
11030,서울,용산구,서울 용산구,2021,20.18,15.0,6656.0,585.0,41.66,13.0,222953.0,0.6,14.13,12.952646239554316,53.628534711554266,38.643010307829265,49.15517715425423,21.44825942158863,47.9429707926434,34.10771409093293,60.31330892715573,67.83701376697773,52.636862095489704,25.252890215867822,39.64477224008297,60.94736188400489,45.51150420897685,40.93222016284521
31170,경기,의왕시,경기 의왕시,2021,22.97,14.0,7294.0,489.0,32.5,22.0,163356.0,1.1,14.94,30.362116991643457,55.51065492225473,36.49886638724182,44.4331602434267,36.8096536863745,43.417730005139774,15.818868320310457,52.41872780682441,50.20481074255444,50.78071908062305,35.853374847341236,35.776831056351256,50.22747270260374,43.03249208895523,40.89428315158091
21110,부산,금정구,부산 금정구,2021,22.17,22.0,9474.0,620.0,15.99,26.0,228049.0,1.7,19.34,51.25348189415042,60.887753427860936,50.699710621479035,50.68624623458062,41.77118401010643,18.83617511005832,21.06298180292619,60.886933611477424,18.424497212725985,58.8498989216695,47.2925613453078,37.057012667053826,36.514035256441,35.571959985574146,40.690359167224976
11170,서울,구로구,서울 구로구,2021,21.74,26.0,17290.0,1300.0,22.45,31.0,396754.0,1.0,15.11,26.880222841225628,73.25824650272325,56.02672636819459,70.20509191157419,47.02842045117794,42.467988111466184,23.881692799832194,74.94246434572909,30.859435153531056,70.31720782871926,32.114907054221206,49.080817501468836,48.46838092366556,34.12851296939631,40.47530703736482
34050,충남,서산시,충남 서산시,2021,21.94,29.0,10387.0,749.0,20.08,39.0,176645.0,1.3,14.93,37.32590529247911,62.77962751645118,59.52708716258185,55.66764243154324,53.93321774541988,43.47359717535587,22.570664429178237,54.40386793779967,26.297391357910616,59.61639157208187,38.217000424691044,47.121163023121994,41.13277965706921,34.48250413617462,40.38482050004857
21100,부산,사하구,부산 사하구,2021,21.95,26.0,13558.0,904.0,16.82,40.0,306003.0,1.4,18.17,40.807799442896936,68.25814616826334,56.02672636819459,60.625802911563454,54.69728860293566,25.37263402534134,22.505113010645545,68.35016319501241,20.022174997690104,65.83946731627432,40.434990448652556,44.14193869916751,40.519022598453546,33.30310986328585,40.31964458899677
25020,대전,중구,대전 중구,2021,20.46,27.0,11185.0,960.0,11.13,39.0,230341.0,1.5,9.8,44.289693593314766,64.30168326115967,57.23495769702921,62.210400756926596,53.93321774541988,72.13345549621219,32.27227437201739,61.140762779059855,9.069420062213188,61.94006200370363,41.00785153043402,55.970720364096394,32.74312787301109,28.58969196794329,40.081879403469316
38050,경남,통영시,경남 통영시,2021,21.61,20.0,7736.0,569.0,12.03,26.0,125383.0,1.8,12.31,54.73537604456825,56.72039166329854,47.67738253359097,48.42453937542885,41.77118401010643,58.11079577197255,24.73386124075725,45.703673629827705,10.801841756752593,51.60677442731578,48.34384746326893,44.476220354637334,28.908380596706888,32.288825436003904,40.00164175158114
35040,전북,정읍시,전북 정읍시,2021,16.13,34.0,4761.0,546.0,9.88,39.0,106487.0,1.7,9.37,51.25348189415042,46.73921235401104,64.64838893988001,47.3374924469962,53.93321774541988,74.53574381550426,60.65603859667524,41.557513438920545,6.663278819797346,48.76653799665769,44.11352447898352,59.89239004397393,25.71111173151683,28.245576586148356,39.981201987894764
11060,서울,동대문구,서울 동대문구,2021,22.0,21.0,12792.0,911.0,24.46,28.0,337400.0,1.1,22.33,30.362116991643457,67.06223833457027,49.22290305298078,60.82915915113563,43.98235999187825,2.131891215446146,22.177355917982055,70.82934926706456,34.728510271335736,64.62450455800065,34.687088117889985,36.51107382384745,48.05982101150647,36.70749580563847,39.16078832145403
36040,전남,나주시,전남 나주시,2021,18.66,24.0,6316.0,534.0,18.08,30.0,116726.0,1.4,12.82,40.807799442896936,52.550420844474225,53.46987279353085,46.75205023437986,46.04601103388972,55.26157009095174,44.071529707902876,43.887746549553015,22.447565370045268,50.13550894580919,39.22802647212691,49.155508732155525,34.78639438420578,32.68862027321017,39.130830374953554
11080,서울,성북구,서울 성북구,2021,22.49,29.0,19628.0,1354.0,20.57,46.0,430528.0,1.0,20.48,26.880222841225628,75.86634819171069,59.52708716258185,71.27843306547386,58.923386014280844,12.467317705423568,18.965336409879924,77.01608662165175,27.24059872493763,72.94341751486724,31.832891758830932,44.85006442408766,47.66072064656378,32.59976353012821,39.09608844423321
21130,부산,연제구,부산 연제구,2021,23.39,16.0,9465.0,593.0,18.98,16.0,207144.0,1.5,15.96,44.289693593314766,60.86821004242595,40.6571239257806,49.51304845749944,27.45608673847581,37.719278643098164,13.065708741937172,58.44653387388621,24.17998706458468,56.09948996853496,42.931089258916366,34.78509738730942,38.30532736766776,35.67433920721298,39.0894216208776
11130,서울,서대문구,서울 서대문구,2021,22.39,19.0,12940.0,900.0,23.51,23.0,304819.0,1.1,19.62,30.362116991643457,67.29878638130226,46.056441550680056,60.50889195966278,38.1265884969579,17.271894344007677,19.620850595206875,68.25176288285111,32.89984292709969,63.33621036564247,34.43644282092777,37.4360485624383,46.39807947366096,35.69287835599792,38.65252850489664
21080,부산,북구,부산 북구,2021,21.37,27.0,12425.0,872.0,11.9,40.0,283211.0,1.4,13.64,40.807799442896936,66.46364893405409,57.23495769702921,59.675685315062864,54.69728860293566,50.68046213323202,26.307095285541976,66.38551416548934,10.551603067541347,64.59447025607969,38.83495493570932,49.96801764236671,34.77743436848488,28.327153696766864,38.58857478629292
21070,부산,남구,부산 남구,2021,22.27,21.0,12284.0,787.0,19.7,26.0,262069.0,1.3,21.26,37.32590529247911,66.2289594314691,49.22290305298078,56.972093816568716,41.77118401010643,8.10967842856823,20.407467617599238,64.41625444306743,25.565924420216202,62.28393665925093,38.45221357553867,36.056710875487795,41.89177878917092,34.457947153220644,38.48235404506354
11180,서울,금천구,서울 금천구,2021,20.04,18.0,8050.0,672.0,26.26,18.0,230811.0,0.9,11.11,23.398328690807798,57.53851722412657,44.35233982368923,52.80858764928066,30.897774655676724,64.81485619790386,35.02543395039068,61.19250110242342,38.193353660414544,55.99747690752816,29.03160128958069,46.67533910506843,46.12815710578575,34.80269799180329,38.20445501667315
23070,인천,계양구,인천 계양구,2021,21.96,26.0,13579.0,950.0,15.57,35.0,295696.0,1.2,13.73,33.844011142061284,68.28997243509734,56.02672636819459,61.93432497357293,50.673015964326474,50.17765760128717,22.439561592112838,67.48049347549323,17.61603375527426,65.59447953383557,34.85441066334684,48.813322750361124,39.07155971056376,29.453551102603974,38.1955110131338
33550,충북,진천군,충북 진천군,2021,20.34,15.0,5357.0,412.0,25.42,17.0,85176.0,1.2,10.85,33.844011142061284,49.1643074183842,38.643010307829265,39.921138736130835,29.22475654273784,66.26740262352232,33.05889139440977,35.88963249112972,36.57642674551111,43.077645518096865,35.78590311021105,41.95785903059566,39.19764209816033,36.57434723075846,38.13317549903888
11210,서울,관악구,서울 관악구,2021,20.93,22.0,13550.0,1044.0,19.7,32.0,485699.0,0.9,11.9,23.398328690807798,68.24600890865726,50.699710621479035,64.42204175173732,47.980597039971016,60.401349750832416,29.191357700980646,80.07659005722826,25.565924420216202,68.28592359579292,28.208236072004006,51.3610836085884,44.7919197835825,29.770979550615046,37.79906555583042
21140,부산,수영구,부산 수영구,2021,22.03,10.0,6105.0,400.0,18.83,19.0,175095.0,1.5,12.54,44.289693593314766,51.85177368780196,26.194682277640744,39.142922035604265,32.48495832383125,56.82585085700239,21.980701662383964,54.180165558548325,23.891250115494774,47.418872966993625,41.98613508109048,35.658721216881176,34.25703536262884,34.493560385362734,37.585151836056205
37040,경북,안동시,경북 안동시,2021,20.55,30.0,8096.0,661.0,11.07,42.0,156972.0,1.5,15.21,44.289693593314766,57.65568290615223,60.616453606433105,52.37364350393009,56.17105749230837,41.909316409305234,31.68231160522312,51.4068848916303,8.953925282577227,56.373197641851824,40.32592727798787,48.36068582402106,30.22847358103578,27.831108525051334,37.472178824963926
31280,경기,여주시,경기 여주시,2021,19.33,23.0,5178.0,450.0,23.11,34.0,112150.0,1.1,13.89,30.362116991643457,48.46553139941267,52.11365591973106,42.244209071471445,49.801316137419214,49.283782877829665,39.679584666212186,42.872666797361106,32.129877729526626,47.51729692286088,32.437622543102854,46.246654381235324,39.00680464269945,33.315289173290665,37.20208993371308
32040,강원,동해시,강원 동해시,2021,20.72,14.0,4844.0,367.0,17.29,17.0,90081.0,1.5,11.26,44.289693593314766,47.09456640173882,36.49886638724182,36.87636505949293,29.22475654273784,63.97684864466245,30.56793749016728,37.310757999611916,20.926884104838457,42.04028387820135,41.06575945088572,39.81153525069822,30.17519987667489,32.38356914363755,36.625399803907925
38080,경남,밀양시,경남 밀양시,2021,18.8,21.0,3899.0,361.0,16.02,25.0,103525.0,1.4,9.94,40.807799442896936,42.63254922187501,49.22290305298078,36.442504260990084,40.603373813463875,71.35131511318689,43.153809848445114,40.841492160364965,18.48224460254396,43.41330286964315,37.641441194741795,47.94673774018966,29.740258505127002,29.750544984030334,36.43864732092078
11100,서울,도봉구,서울 도봉구,2021,21.27,23.0,13952.0,979.0,18.94,26.0,317366.0,0.9,13.58,23.398328690807798,68.8472121062855,52.11365591973106,62.7271194565668,41.77118401010643,51.01566515452859,26.962609470868955,69.27561720773879,24.102990544827374,65.6290223994106,28.0489163104585,47.96584357468338,42.62879539404608,28.854824155025746,36.340061283659395
25050,대전,대덕구,대전 대덕구,2021,19.31,21.0,7936.0,757.0,13.82,30.0,175046.0,1.3,15.02,37.32590529247911,57.24524007143519,49.22290305298078,55.94767268970937,46.04601103388972,42.97079264341102,39.81068750327758,54.173061427617995,14.247436015892081,54.71911907459915,35.85606837888667,47.29469646744468,32.333387342468455,27.76464489637583,36.131117331167914
31270,경기,포천시,경기 포천시,2021,18.6,31.0,6007.0,570.0,24.19,31.0,148939.0,0.8,15.71,19.916434540389975,51.51903129144443,61.671231083169296,48.47080162081462,47.02842045117794,39.11595789850052,44.46483821909904,50.07354765658276,34.20878376297391,53.1158261593309,25.22054659888301,48.22236891303412,42.796792584728884,31.002866504191704,35.58680790920511
37060,경북,영주시,경북 영주시,2021,19.86,19.0,4568.0,398.0,11.89,26.0,101942.0,1.6,15.19,47.771587743732596,45.8883658413381,46.056441550680056,39.01095873950517,41.77118401010643,42.02105074973742,36.20535948397923,40.45037801517309,10.532353937602021,44.290584635356986,41.99738048257356,40.874987643271595,25.643668691292703,28.531564423141393,35.39476053583056
34560,충남,홍성군,충남 홍성군,2021,20.43,21.0,5486.0,454.0,14.71,25.0,99324.0,1.4,16.6,40.807799442896936,49.653568641800874,49.22290305298078,42.47725786371348,40.603373813463875,34.14377974926812,32.4689286276155,39.79001958092021,15.960608580492163,46.60837080577265,37.96529773342662,39.876942823920835,29.599841690066974,29.008838123395613,34.838024115629516
33030,충북,제천시,충북 제천시,2021,19.46,23.0,6077.0,537.0,13.2,33.0,131591.0,1.3,15.82,37.32590529247911,51.75725252302269,52.11365591973106,46.89963274885969,48.90434616006445,38.501419026123486,38.8274162252871,46.93027648916538,13.053989959653823,50.38044039220717,35.128252715609676,44.949058345452926,29.782052047762054,26.600330650847983,34.49471650580255
32060,강원,속초시,강원 속초시,2021,22.11,12.0,3882.0,293.0,19.65,9.0,82791.0,1.4,12.07,40.807799442896936,42.54271067041612,31.74467000165925,30.951141722262577,11.036698902242629,59.45160785715881,21.4562903141224,35.168776091713134,25.469678770519565,38.17092216305385,38.68057246479225,31.92380390049013,30.966648871791882,32.899671132846755,34.4123772983112
11070,서울,중랑구,서울 중랑구,2021,20.69,23.0,13862.0,1042.0,18.21,32.0,387350.0,0.7,14.29,16.434540389972145,68.71413311310906,52.11365591973106,64.37148119176292,47.980597039971016,47.0490960691859,30.764591745765372,74.33360217744122,22.69780405925652,67.07987839373311,22.601989212678493,49.27542860087285,42.58802477380219,25.633429743149357,34.067909042679915
35050,전북,남원시,전북 남원시,2021,15.66,27.0,3512.0,427.0,8.49,28.0,79431.0,1.4,7.73,40.807799442896936,40.48337245907055,57.23495769702921,40.86271079694656,43.98235999187825,83.6979597309437,63.73695526771199,34.117185701824916,3.987649758230928,41.92383347948859,35.2523342918144,57.74700623715536,21.13095548381778,22.19148788386069,34.0483828966807
23090,인천,미추홀구,인천 미추홀구,2021,22.53,23.0,17268.0,1094.0,14.41,42.0,407464.0,0.9,18.9,23.398328690807798,73.23206412012078,52.11365591973106,65.65556550762008,56.17105749230837,21.294330599566464,18.703130735749113,75.61854825511723,15.383134682312358,69.72432772054177,27.179423132464777,43.261773451760604,39.661284729536646,24.92300141447221,33.7184911498908
34030,충남,보령시,충남 보령시,2021,17.0,29.0,4342.0,483.0,11.88,33.0,98408.0,1.2,10.62,33.844011142061284,44.84512028821832,59.52708716258185,44.1079905749894,48.90434616006445,67.55234753849248,54.95306518433058,39.554851946269636,10.513104807662694,46.19443316050642,31.4444861065172,54.769149544838,26.637168210056778,23.39740496744906,33.71169412069132
35060,전북,김제시,전북 김제시,2021,14.13,36.0,3315.0,486.0,11.33,40.0,80913.0,1.1,7.14,30.362116991643457,39.296538985252276,66.49456942901078,44.27107618701868,54.69728860293566,86.99412277369326,73.76632230321464,34.58639084347769,9.454402660999722,43.323100631471604,28.119402041407778,64.72336523837876,24.896644830023035,21.103238676557247,33.612117019142296
33570,충북,음성군,충북 음성군,2021,17.35,21.0,4156.0,419.0,22.14,24.0,92197.0,0.9,15.17,23.398328690807798,43.944952411026925,49.22290305298078,40.36472235818626,39.389755618073195,42.13278509016961,52.65876553568618,37.900085184898884,30.262712125411934,43.18708237157928,26.482648578020328,44.80253466802486,36.04078523421486,29.239391318036567,33.24259080613324
34060,충남,논산시,충남 논산시,2021,17.96,33.0,5223.0,537.0,11.59,32.0,114483.0,1.1,11.1,30.362116991643457,48.643448127523406,63.68534470112064,46.89963274885969,47.980597039971016,64.87072336811995,48.66012900519166,43.39525959770156,9.954880039422218,50.0773708832963,29.129164562398266,54.365237158097024,28.0816970569542,22.26104485354004,33.00623335910884
32050,강원,태백시,강원 태백시,2021,16.48,12.0,2008.0,211.0,17.22,10.0,40844.0,1.4,9.18,40.807799442896936,28.9909275398036,31.74467000165925,22.320931882883556,13.985910151013803,75.59722004961004,58.361738948030826,17.23501425028056,20.79214019526317,26.014902045317818,36.62376336544254,40.81884529323298,22.993581753063474,29.0381680140229,32.61213083771164
38520,경남,함안군,경남 함안군,2021,18.12,16.0,3269.0,321.0,16.16,20.0,62547.0,1.2,9.97,33.844011142061284,39.00926035142644,40.6571239257806,33.352123861002546,33.99468688895722,71.1837136025386,47.61130630866851,28.051661427682546,18.751732421694538,36.0515533891741,32.09669425494279,45.32766276599176,26.38876650894773,26.56976845140664,32.426364010904045
31580,경기,양평군,경기 양평군,2021,19.82,22.0,5036.0,430.0,17.72,25.0,121230.0,0.9,10.66,23.398328690807798,47.893795331156994,50.699710621479035,41.04706035368778,40.603373813463875,67.3288788576281,36.46756515811001,44.84871751351612,21.75459669222951,47.54145504392914,25.601315555055972,47.25150208788496,33.34106593613295,25.415926510228253,32.13370567977866
36570,전남,화순군,전남 화순군,2021,16.65,16.0,2568.0,284.0,15.2,19.0,62624.0,1.2,8.53,33.844011142061284,34.04745905711702,40.6571239257806,30.130580162288762,32.48495832383125,79.22858611365618,57.24736483297499,28.082889159533124,16.90381594751917,33.58002106157457,31.323326654385543,47.83200376362924,24.384736349066976,25.235709361184526,31.87082306283564
34020,충남,공주시,충남 공주시,2021,17.62,28.0,4193.0,445.0,12.74,34.0,103145.0,1.1,15.23,30.362116991643457,44.12718508231912,58.40078608467294,41.949974092784124,49.801316137419214,41.79758206887304,50.88887723530336,40.74815324147249,12.168529982444793,45.968195730535896,29.009585749331222,48.175140021578784,27.470430101496632,22.88434288374578,31.622180895990144
31110,경기,과천시,경기 과천시,2021,24.2,4.0,3543.0,206.0,28.67,6.0,73345.0,1.1,13.19,30.362116991643457,40.66405014896663,0.0,21.69100689203126,0.0,53.19448479295627,7.756043840788706,32.09388080931053,42.8323939757923,29.960189317276473,33.262851854998104,17.61285744975681,36.504708837875675,37.098470144707704,31.604683881408278
32510,강원,홍천군,강원 홍천군,2021,14.76,24.0,2500.0,359.0,11.89,25.0,68365.0,1.1,7.37,30.362116991643457,33.49577916349223,53.46987279353085,36.29628447294582,40.603373813463875,85.7091778587231,69.63658293565473,30.30919442889547,10.532353937602021,36.534622469120926,27.701018750722117,56.92770390783777,22.385316942066964,20.894630794831812,31.148764309999827
25010,대전,동구,대전 동구,2021,20.44,23.0,10459.0,854.0,10.6,34.0,222222.0,1.0,19.92,26.880222841225628,62.92167383547288,52.11365591973106,59.1258195048381,49.801316137419214,15.59587923752484,32.40337720908279,60.22995129467247,8.04921617542887,59.95255349008439,27.659716940780836,42.274234770090146,31.25726194975443,21.335673424253685,30.839681030495765
37030,경북,김천시,경북 김천시,2021,19.76,27.0,6705.0,564.0,12.09,38.0,140239.0,0.9,12.42,23.398328690807798,53.779353072724646,57.23495769702921,48.192003913166396,53.149801280832456,57.496256899595515,36.860873669306194,48.54583245023045,10.917336536388554,52.9004178108373,24.564282305836596,50.338888823602645,29.765776346796123,20.56807539267371,30.717372416834902
21150,부산,사상구,부산 사상구,2021,20.6,21.0,7617.0,566.0,18.65,31.0,208298.0,0.8,22.86,19.916434540389975,56.401630065681196,49.22290305298078,48.28526409584065,47.02842045117794,0.0,31.354554512559645,58.587545446892655,23.544765776586896,55.62165927750455,24.109203778348636,35.241070604744934,37.94036931259101,25.986325307868384,30.54901120757797
38540,경남,고성군,경남 고성군,2021,15.16,19.0,2091.0,270.0,10.21,18.0,50478.0,1.3,7.75,37.32590529247911,29.823472681422487,46.056441550680056,28.801175201760376,30.897774655676724,83.58622539051152,67.01452619434684,22.610291905816126,7.298500107795129,30.906112222592093,32.07155125367085,51.16639862589929,17.976057536512243,21.286659295040554,30.48245713139972
11090,서울,강북구,서울 강북구,2021,22.34,14.0,9412.0,689.0,17.21,20.0,299182.0,0.7,12.46,16.434540389972145,60.75274296241751,36.49886638724182,53.46698462633548,33.99468688895722,57.27278821873114,19.94860768787035,67.77797726728623,20.772891065323847,58.00953793884299,21.517113248519436,41.210001648696114,37.39222190722874,23.637901783207376,30.297815022283725
21010,부산,중구,부산 중구,2021,19.41,4.0,1241.0,94.0,23.37,4.0,40524.0,1.4,9.94,40.807799442896936,19.10089601172583,0.0,1.135340819739403,0.0,71.35131511318689,39.1551733179506,17.035373945702712,32.630355107949114,14.661060189573728,37.41049244953766,22.38513289116235,24.322180603572587,33.774197603086904,30.213813694034414
37090,경북,문경시,경북 문경시,2021,17.24,17.0,2701.0,285.0,10.69,23.0,71154.0,1.2,9.63,33.844011142061284,35.085491619967314,42.5560807562928,30.223023704208124,38.1265884969579,73.0831973898858,53.379831139545864,31.324103451603236,8.22245834488281,35.45119299672319,30.124926270275118,47.07856605774061,20.493674007048774,21.01437465690386,29.604114240595294
36640,전남,영광군,전남 영광군,2021,15.95,13.0,2081.0,226.0,10.92,16.0,51985.0,1.3,7.63,37.32590529247911,29.72493359184635,34.20673692168918,24.125229090876648,27.45608673847581,84.25663143310464,61.83596413026378,23.35696301467888,8.665188333487325,28.710903084664675,32.26670057856707,46.20958678050205,17.635058446158048,21.811424972927806,29.546158942705816
37080,경북,상주시,경북 상주시,2021,16.31,28.0,3647.0,440.0,8.08,35.0,95566.0,1.0,8.25,26.880222841225628,41.25885444116325,58.40078608467294,41.652421851671846,50.673015964326474,80.7928668797068,59.476113063086686,38.8110325915115,3.198435430718531,43.95289421496966,24.765817889643323,57.74801106306022,21.672643872321864,16.753257926421426,29.453866249028234
38590,경남,거창군,경남 거창군,2021,17.75,17.0,2896.0,284.0,7.77,16.0,61073.0,1.4,11.99,40.807799442896936,36.518537154365184,42.5560807562928,30.130580162288762,27.45608673847581,59.89854521888757,50.036708794378306,27.446344773575998,2.6017124025994014,35.00438816051395,34.64796015799913,42.14932500525529,17.107209043968385,20.800660776504614,29.380752046023137
34570,충남,예산군,충남 예산군,2021,16.13,24.0,2792.0,352.0,11.72,25.0,76801.0,0.9,8.25,23.398328690807798,35.76668992916579,53.46987279353085,35.778039968753376,40.603373813463875,80.7928668797068,60.65603859667524,33.26254898559407,10.205118728633467,38.556084218967285,22.65618332031745,54.01877171819051,23.10252291377376,18.365261652246502,28.503370483421715
22030,대구,서구,대구 서구,2021,20.4,17.0,5257.0,492.0,13.12,22.0,164528.0,0.8,9.93,19.916434540389975,48.77686060343619,42.5560807562928,44.594254970846286,36.8096536863745,71.40718228340299,32.6655828832136,52.60018195884304,12.899996920139206,48.67970104062957,21.750011503656985,45.99578098024962,28.99600579621954,19.739405543310145,28.429367231604473
31570,경기,가평군,경기 가평군,2021,17.72,13.0,2345.0,234.0,18.52,14.0,62264.0,0.9,9.66,23.398328690807798,32.1800486587384,34.20673692168918,25.039350046780196,23.583126369611207,72.91559587923751,50.233363049976404,27.936558152777017,23.29452708737565,31.312339159540144,24.260930447086036,41.268445637317356,26.85915704488976,24.312423260857962,28.420185754557146
37070,경북,영천시,경북 영천시,2021,17.76,18.0,3381.0,333.0,14.2,22.0,101888.0,0.8,10.13,19.916434540389975,39.70183562969649,44.35233982368923,34.317814666261185,36.8096536863745,70.28983887908109,49.9711573758456,40.43692927117461,14.978902953586495,40.85246456093848,21.154344911300104,47.023568935244654,26.67953712345699,19.821719057923875,27.742086774381598
33590,충북,증평군,충북 증평군,2021,19.96,4.0,2042.0,148.0,14.09,5.0,36426.0,1.5,10.58,44.289693593314766,29.336055251876942,0.0,13.013844750833044,0.0,67.77581621935686,35.549845298652244,14.329401180063304,14.767162524253902,18.966847979957464,38.36595009881185,23.918593491310084,16.13856061572453,26.772266025253472,27.694310026838167
31080,경기,동두천시,경기 동두천시,2021,22.28,11.0,4618.0,304.0,14.39,18.0,93592.0,1.0,13.01,26.880222841225628,46.11219335175165,29.085435144391024,31.920595105649348,30.897774655676724,54.20009385684596,20.34191619906653,38.281254576903734,15.344636422433705,40.35756007782515,27.07308192945944,33.340304014824554,26.31272040366353,22.854071773131047,27.610992978182843
37600,경북,예천군,경북 예천군,2021,16.55,12.0,2212.0,224.0,9.88,15.0,55739.0,1.2,9.74,33.844011142061284,30.97981594962695,31.74467000165925,23.891664697239033,25.580161029589306,72.46865851750877,57.90287901830195,25.126704965601327,6.663278819797346,29.376853464825725,29.480481774478264,42.23318183624215,16.804239285820053,19.59302436704121,27.158166775818568
21020,부산,서구,부산 서구,2021,20.78,11.0,3731.0,302.0,11.32,10.0,105164.0,1.1,11.0,30.362116991643457,41.727022563498565,29.085435144391024,31.746958925185048,13.985910151013803,65.42939507028089,30.1746289789711,41.24019055360925,9.435153531060395,39.052655476710264,28.35956302974151,34.972518092676935,22.62931105226342,20.876481908581404,27.112346531707285
31550,경기,연천군,경기 연천군,2021,15.12,13.0,1695.0,203.0,18.59,13.0,42721.0,0.8,7.69,19.916434540389975,25.507933974106994,34.20673692168918,21.305706556602306,21.44825942158863,83.92142841180808,67.27673186847764,18.37542901931055,23.429270996950937,25.107943077184498,21.002509952245823,45.62464499278386,24.164673888209915,22.326200908287227,27.0036404938074
37620,경북,울진군,경북 울진군,2021,15.84,13.0,1839.0,219.0,11.16,16.0,47858.0,1.1,7.67,30.362116991643457,27.183843817823934,34.20673692168918,23.29854750670496,27.45608673847581,84.03316275224027,62.55702973412344,21.257462502843325,9.127167452031168,26.8105080441028,26.85904724331966,46.10243576905819,17.066003929777345,19.18393281933734,26.933807164280477
35580,전북,부안군,전북 부안군,2021,12.93,22.0,1814.0,280.0,7.84,24.0,50795.0,1.0,6.29,26.880222841225628,26.90251154192349,50.699710621479035,29.757533609128213,39.389755618073195,91.74283224206127,81.63249252713828,22.769190023012545,2.736456312174689,30.421954902161318,23.260886731937774,58.162853823128756,15.370902845680563,14.893838502082113,26.90572150679187
34070,충남,계룡시,충남 계룡시,2021,23.77,5.0,2887.0,187.0,18.06,8.0,43331.0,1.2,13.02,33.844011142061284,36.45454898940162,6.057214369050993,19.150010609346896,7.776497121149216,54.144226686629864,10.574754837694684,18.73528304841041,22.409067110166617,25.059302283034132,32.38982332201112,20.109216399184213,23.031910602638625,27.49287173995967,26.69440350297558
34580,충남,태안군,충남 태안군,2021,14.62,19.0,2180.0,296.0,12.46,19.0,61526.0,0.8,7.46,19.916434540389975,30.68027392351475,46.056441550680056,31.21908924435935,32.48495832383125,85.20637332677825,70.55430279511249,27.633916116772827,11.629554344143646,32.841600106925235,19.749786449265503,53.04093959417869,21.283041246565887,17.137693432067913,26.50896807556691
32070,강원,삼척시,강원 삼척시,2021,16.09,18.0,2587.0,276.0,12.18,18.0,63429.0,1.0,16.63,26.880222841225628,34.19899602523819,44.35233982368923,29.37913853635215,30.897774655676724,33.97617823861985,60.918244270806014,28.407080962781045,11.090578705842495,34.492090266191255,25.243653539319414,39.82880329906257,21.63591362004709,19.748916359711643,26.433523185838457
23510,인천,강화군,인천 강화군,2021,15.75,20.0,2318.0,289.0,14.19,19.0,69693.0,0.7,8.19,16.434540389972145,31.94199375897524,47.67738253359097,30.589593544640447,32.48495832383125,81.12806990100337,63.14699250091771,30.79751376720463,14.959653823647171,34.745727516367204,17.76405274192371,50.91063112183721,24.003573673240787,17.718441260224484,26.16469685181638
32560,강원,철원군,강원 철원군,2021,16.06,16.0,1958.0,240.0,7.24,11.0,43340.0,1.2,7.98,33.844011142061284,28.472627207279714,40.6571239257806,25.704745059795442,16.67832907536926,82.30128047554135,61.11489852640412,18.74055436383818,1.5815085158150852,27.98990469794743,28.4674973546462,45.742596211799466,13.441150672308028,16.803449258704582,26.145471062108705
34530,충남,부여군,충남 부여군,2021,13.69,24.0,2172.0,325.0,8.49,26.0,63774.0,0.8,7.39,19.916434540389975,30.60470169828467,53.46987279353085,33.677962619811055,41.77118401010643,85.5974435182909,76.6505847186533,28.544762688283125,3.987649758230928,34.55975421433344,18.59594353885559,57.82874846256374,17.942849389279502,13.385076593200544,25.57947085123818
34540,충남,서천군,충남 서천군,2021,13.92,18.0,1694.0,263.0,9.7,18.0,50745.0,0.9,6.34,23.398328690807798,25.495804767829057,44.35233982368923,28.110488198680905,30.897774655676724,91.4634963909808,75.14290209240127,22.744193209578278,6.316794480889462,28.44162831152586,21.045846167022173,53.85403590943599,16.42026088186068,15.1968402841015,25.5287336650797
35570,전북,고창군,전북 고창군,2021,13.99,21.0,2001.0,313.0,7.75,22.0,53386.0,0.9,6.87,23.398328690807798,28.91914712260761,49.22290305298078,32.68812395340229,36.8096536863745,88.5025363695278,74.6840421626724,24.031948922236495,2.563214142720749,31.51373884857091,20.82514335177472,56.17537535834295,15.720679846651487,13.667798602837346,25.51674657747848
38530,경남,창녕군,경남 창녕군,2021,15.53,17.0,2200.0,261.0,11.97,18.0,60129.0,0.8,7.98,19.916434540389975,30.867998354811366,42.5560807562928,27.909783016740914,30.897774655676724,82.30128047554135,64.58912370863706,27.050956171303508,10.686346977116635,32.060502180055295,19.627077787341115,49.50140894063098,20.36434200970123,16.608411637116564,25.42860502592145
36610,전남,영암군,전남 영암군,2021,15.15,16.0,2356.0,274.0,11.86,15.0,52937.0,0.9,13.2,23.398328690807798,32.27624945297306,40.6571239257806,29.18788694413826,25.580161029589306,53.13861762274017,67.08007761287953,23.817574062247097,10.47460654778404,31.41482173031678,22.347562445570762,43.30915972275302,19.85463199379096,17.81808831357844,25.260463057879843
36600,전남,해남군,전남 해남군,2021,15.32,20.0,2554.0,324.0,6.88,20.0,67166.0,0.9,7.69,23.398328690807798,33.935081353171604,47.67738253359097,33.59687928649707,33.99468688895722,83.92142841180808,65.96570349782368,29.860091606854777,0.888539837999322,35.46104466536043,21.075535629122903,53.01132574361239,16.522465175921262,13.327126534249402,25.174485807390383
32530,강원,영월군,강원 영월군,2021,12.59,13.0,1212.0,179.0,13.29,14.0,37904.0,0.9,7.95,23.398328690807798,18.615018429078845,34.20673692168918,18.002325259805733,23.583126369611207,82.46888198618963,83.86124075724999,15.338924098823266,13.227232129107763,20.75053382852424,21.394333180379896,48.145422203418875,16.71949366381745,17.83462188495028,24.943221701281654
32520,강원,횡성군,강원 횡성군,2021,14.07,16.0,1528.0,203.0,11.67,14.0,46481.0,0.9,10.04,23.398328690807798,23.376187534796493,40.6571239257806,21.305706556602306,23.583126369611207,70.79264341102595,74.15963081441082,20.51645154309698,10.108873078936831,25.97445401548346,21.40269623342602,45.985775224835734,17.378297824417164,16.846198368003474,24.577290799832745
32550,강원,정선군,강원 정선군,2021,11.99,16.0,1341.0,212.0,16.24,15.0,35675.0,0.6,5.91,12.952646239554316,20.693414929561264,40.6571239257806,22.44513260260714,25.580161029589306,93.86578471027285,87.7943258692118,13.800636265601119,18.90572546120915,22.61832312961709,14.619684991803236,53.91175420614323,20.672639821995514,17.027742380624147,24.508391182737043
38580,경남,함양군,경남 함양군,2021,13.86,13.0,1364.0,181.0,9.62,12.0,38310.0,1.0,7.46,26.880222841225628,21.042885163273137,34.20673692168918,18.29395921314009,19.155114391875237,85.20637332677825,75.53621060359747,15.609347525633844,6.162801441374848,22.04559422366456,23.188875863452758,46.43662113247929,13.36019364642479,15.755447483171295,24.076929988630024
38560,경남,하동군,경남 하동군,2021,12.38,16.0,1290.0,214.0,10.8,15.0,43449.0,0.8,5.98,19.916434540389975,19.896643417587875,40.6571239257806,22.691794250646634,25.580161029589306,93.4747145187602,85.23782054643662,18.80430908585774,8.434198774215407,23.72103921970738,18.19212006318358,53.38390451529554,15.50449676479277,14.373704117286099,23.9582546329043
36660,전남,완도군,전남 완도군,2021,13.79,21.0,2079.0,283.0,5.99,24.0,48631.0,0.8,6.41,19.916434540389975,29.705168988068344,49.22290305298078,30.03781168633796,39.389755618073195,91.07242619946814,75.99507053332634,21.66415138504194,0.0,31.196410520142912,17.907842804099317,56.67599622145052,14.112946810668038,11.070863423649865,23.705573660222214
32540,강원,평창군,강원 평창군,2021,12.69,18.0,1361.0,225.0,11.19,15.0,40996.0,0.7,6.18,16.434540389972145,20.997637469226188,44.35233982368923,24.00870526259301,25.580161029589306,92.35737111443831,83.20572657192302,17.329296117716805,9.184914841849148,24.56807553466598,15.8034062656791,53.82228797209676,16.285859056888714,13.559302186020059,23.244552765195703
36550,전남,고흥군,전남 고흥군,2021,13.23,17.0,1766.0,253.0,6.46,19.0,62762.0,0.8,6.21,19.916434540389975,26.351320929389104,42.5560807562928,27.091342111160188,32.48495832383125,92.18976960379003,79.66594997115737,28.138759794748985,0.08007638054759897,30.128504554377805,17.58446945531353,54.527939342612775,13.790728240020627,10.88887069685152,23.022624377894054
36650,전남,장성군,전남 장성군,2021,15.8,13.0,1834.0,232.0,10.38,15.0,43365.0,0.8,7.57,19.916434540389975,27.12788441282446,34.20673692168918,24.813770859560172,25.580161029589306,84.59183445440121,62.81923540825423,18.755191165335955,7.625735316763683,26.031846940350853,18.79397464408948,46.36402822619736,15.853683673754231,14.444047233975164,22.923857106739543
22040,대구,남구,대구 남구,2021,22.18,11.0,4139.0,363.0,10.91,13.0,143175.0,0.8,16.32,19.916434540389975,43.86067938312545,29.085435144391024,36.58791842628018,21.44825942158863,35.70806051531878,20.99743038439351,49.07173774796691,8.645939203547998,42.468948044831,20.62028472413723,29.522403728629005,23.79670661521063,16.905727075592008,22.855237680167715
21030,부산,동구,부산 동구,2021,20.79,6.0,2499.0,180.0,15.73,8.0,87679.0,0.8,10.74,19.916434540389975,33.48755478079988,11.178516146349155,18.148545047849993,7.776497121149216,66.88194149589934,30.109077560438408,36.624763186621124,17.92401983430349,29.96690957565611,20.974684358517997,27.33751787067226,23.16728795765498,20.23584231491347,22.804100248594946
33540,충북,영동군,충북 영동군,2021,14.31,14.0,1552.0,213.0,8.0,13.0,45773.0,1.0,13.6,26.880222841225628,23.69648060708584,36.49886638724182,22.56875158380647,21.44825942158863,50.903930814096405,72.58639676962609,20.126861825889566,3.0444423912039174,25.186072128758152,22.98648155030839,40.85726560338277,13.08265534918694,14.521193914453608,22.6454576689211
36580,전남,장흥군,전남 장흥군,2021,13.16,15.0,1369.0,204.0,6.66,16.0,36547.0,0.9,6.14,23.398328690807798,21.1180774541639,38.643010307829265,21.434766003187004,27.45608673847581,92.5808397953027,80.12480990088625,14.413574021347902,0.46505897933413415,22.611712995052173,19.730313110422358,51.74683651237176,10.505735063451667,11.603787457495876,22.45604338212018
33520,충북,보은군,충북 보은군,2021,12.29,15.0,1053.0,187.0,9.65,16.0,31878.0,0.8,5.92,19.916434540389975,15.725540325268875,38.643010307829265,19.150010609346896,27.45608673847581,93.80991754005676,85.82778331323091,10.94435232435351,6.220548831192831,18.874677921506343,17.442962262498295,52.56205789533148,12.072363801645785,12.709527792413505,22.312747061862023
38550,경남,남해군,경남 남해군,2021,14.13,13.0,1246.0,181.0,7.07,10.0,42266.0,1.0,8.96,26.880222841225628,19.183519942264798,34.20673692168918,18.29395921314009,13.985910151013803,76.82629779436411,73.76632230321464,18.10365173848655,1.2542733068465308,21.8642028770162,22.26666012117268,43.63124772979068,10.662775760160454,13.171742082006693,22.050396714786828
21040,부산,영도구,부산 영도구,2021,18.83,14.0,3630.0,332.0,9.35,12.0,110638.0,0.7,14.54,16.434540389972145,41.16279542133603,36.49886638724182,34.23867636338345,19.155114391875237,45.652416813783546,42.95715559284704,42.5281399357764,5.643074933013026,40.6396129688493,17.288646074564667,36.45462400840162,21.365357926515014,13.824202952814145,21.861563847313683
32590,강원,인제군,강원 인제군,2021,13.52,13.0,1420.0,198.0,8.95,14.0,32165.0,0.8,6.86,19.916434540389975,21.86973296049812,34.20673692168918,20.650769619000293,23.583126369611207,88.55840353974389,77.76495883370916,11.171841059695874,4.873109735439956,21.12776618249566,17.855265661658287,48.80618121922021,12.1506067977149,12.455812257890363,21.733538948490658
36590,전남,강진군,전남 강진군,2021,12.79,14.0,1207.0,197.0,8.32,14.0,33753.0,0.8,5.83,19.916434540389975,18.53007378683616,36.49886638724182,20.51780911495008,23.583126369611207,94.3127220720016,82.55021238659606,12.394985238642933,3.6604145492623736,20.283305742459323,17.339395466365453,51.3392814033471,11.22837718398216,11.635099403021881,21.65862660620591
38600,경남,합천군,경남 합천군,2021,11.51,17.0,1098.0,209.0,8.13,15.0,42935.0,0.7,5.37,16.434540389972145,16.585329348665876,42.5560807562928,22.070763145046172,25.580161029589306,96.88261190194194,90.94079395878127,18.502254661320038,3.2946810804151663,22.354557223987513,14.478640389407971,55.43061226410315,12.160086738788802,10.216471583667612,21.436396916761
34510,충남,금산군,충남 금산군,2021,14.97,16.0,1990.0,255.0,11.68,16.0,50477.0,0.7,17.83,16.434540389972145,28.805840672627646,40.6571239257806,27.298343989834084,27.45608673847581,27.272117812688563,68.26000314646808,22.60978907268428,10.128122208876157,29.317281843275225,16.725707691073296,38.18084798521734,18.78881610288812,14.726019034076522,21.355874122185394
32610,강원,양양군,강원 양양군,2021,12.77,13.0,942.0,140.0,14.94,14.0,27913.0,0.6,7.09,12.952646239554316,13.437029739398476,34.20673692168918,11.557331525616073,23.583126369611207,87.27345862477374,82.68131522366144,7.5731023172608385,16.403338569096675,15.831792949215327,13.518688438970088,47.25910399087057,16.265881200640912,14.940394898765016,21.221017627051552
33530,충북,옥천군,충북 옥천군,2021,16.11,12.0,2003.0,239.0,10.5,17.0,50093.0,0.6,9.77,12.952646239554316,28.939681391560896,31.74467000165925,25.59500434353656,29.22475654273784,72.30105700686049,60.78714143374063,22.415961047649493,7.856724876035602,27.543563010407148,13.786961550227169,43.749038255746896,16.64599611744511,12.140233899342812,20.402043854157498
37580,경북,성주군,경북 성주군,2021,12.92,12.0,1093.0,171.0,11.42,15.0,42842.0,0.6,6.56,12.952646239554316,16.491553223345385,31.74467000165925,16.802454813213334,25.580161029589306,90.23441864622673,81.69804394567099,18.447216684337768,9.627644830453663,20.128875617305873,12.807786726568326,48.77306437645313,14.535064804235182,11.953828774578222,20.36980102713516
35560,전북,순창군,전북 순창군,2021,11.7,15.0,966.0,203.0,7.68,15.0,26855.0,0.7,5.58,16.434540389972145,13.95387542131689,38.643010307829265,21.305706556602306,25.580161029589306,95.70940132740397,89.69531700666003,6.592354664648719,2.428470233145461,16.683246171618915,14.08556336958262,53.97299652196763,8.979587942973616,9.239684457838264,19.97327415264678
32570,강원,화천군,강원 화천군,2021,12.03,13.0,1016.0,156.0,6.96,13.0,24195.0,0.8,6.37,19.916434540389975,14.990640747876654,34.20673692168918,14.394164740262202,21.44825942158863,91.29589488033253,87.53212019508102,3.944935739015377,1.042532877513936,15.520148479980776,16.592769911707236,49.42273049772439,7.58393528522922,9.798861755767879,19.715633316570834
36530,전남,구례군,전남 구례군,2021,13.1,10.0,868.0,133.0,7.21,12.0,25235.0,0.9,6.29,23.398328690807798,11.756387397985323,26.194682277640744,10.213417731357929,19.155114391875237,91.74283224206127,80.51811841208244,5.013128352642757,1.5237611259971047,12.621068660313638,18.952949426803947,45.11774817797766,6.56078357955596,10.993908644434354,19.6227780269161
36670,전남,진도군,전남 진도군,2021,12.92,10.0,1111.0,170.0,8.96,14.0,30066.0,0.7,6.06,16.434540389972145,16.827164693102556,26.194682277640744,16.648561641124637,23.583126369611207,93.02777715703144,81.69804394567099,9.459001095516367,4.892358865379286,16.49021913073434,14.742475591596259,47.883710041791474,10.094548706670649,10.597745704681477,19.517501659778933
36560,전남,보성군,전남 보성군,2021,12.39,17.0,1196.0,213.0,6.44,17.0,39375.0,0.6,5.57,12.952646239554316,18.341951264920823,42.5560807562928,22.56875158380647,29.22475654273784,95.76526849762006,85.17226912790392,16.305314750249227,0.04157812066894631,22.57378620879374,11.55491652425816,54.724625053725646,10.39266350751875,7.350910130491024,19.304261843737386
32580,강원,양구군,강원 양구군,2021,14.29,10.0,973.0,140.0,9.41,10.0,21748.0,0.8,7.19,19.916434540389975,14.102207316874155,26.194682277640744,11.557331525616073,13.985910151013803,86.71478692261279,72.71749960669149,1.238690340606769,5.758569712648988,12.661647216147259,17.211332093877246,42.1126131654451,8.792926584186866,11.940104433993799,19.11997493988573
23020,인천,동구,인천 동구,2021,20.0,8.0,3371.0,242.0,10.64,12.0,61486.0,0.7,18.22,16.434540389972145,39.640938135839164,19.527859980952787,25.92286699746012,19.155114391875237,25.09329817426088,35.287639624521475,27.61740920657364,8.12621269518618,32.011263826082235,17.50893101034095,25.335743464093348,18.49300198860156,14.372590246775873,19.00611855954806
38570,경남,산청군,경남 산청군,2021,12.53,13.0,900.0,166.0,9.35,11.0,34360.0,0.6,6.02,12.952646239554316,12.50006413207941,34.20673692168918,16.023855453121097,16.67832907536926,93.25124583789582,84.25454926844617,12.847380189610275,5.643074933013026,16.945593507260625,11.810952332825632,48.8502196301919,10.951484760183506,9.523275106994902,18.660314547375094
35530,전북,무주군,전북 무주군,2021,13.43,10.0,913.0,131.0,7.43,9.0,23748.0,0.8,6.41,19.916434540389975,12.794665194724008,26.194682277640744,9.816528985540813,11.036698902242629,91.07242619946814,78.35492160050343,3.4716350830393017,1.9472419846622926,12.677759577801943,16.508878722464228,43.23404309724407,6.7701296207290325,9.95149349897327,18.234327707879515
37570,경북,고령군,경북 고령군,2021,14.35,9.0,1023.0,131.0,11.9,9.0,30626.0,0.6,7.1,12.952646239554316,15.131704976176156,23.02822077534004,9.816528985540813,11.036698902242629,87.21759145455763,72.32419109549531,9.927398967726553,10.551603067541347,15.149716333474052,12.810395637414555,40.6236377468002,12.62165460507596,11.991507083108143,18.216032372951947
37550,경북,영덕군,경북 영덕군,2021,13.96,9.0,1072.0,136.0,8.0,11.0,35314.0,0.7,6.77,16.434540389972145,16.092956119968544,23.02822077534004,10.797779703953045,16.67832907536926,89.06120807168875,74.88069641827047,13.542488735539726,3.0444423912039174,16.7148688357142,14.391867263156552,42.59521934035351,9.227229927020826,9.645572957552769,17.95010386512233
38510,경남,의령군,경남 의령군,2021,11.07,13.0,705.0,143.0,8.55,10.0,26322.0,0.6,5.52,12.952646239554316,7.484449125827744,34.20673692168918,12.112985822372435,13.985910151013803,96.04460434870053,93.82505637421994,6.08353731881258,4.103144537866889,12.408633142895482,11.078401272928545,49.941412507167115,8.086823610983144,8.188324766365156,17.601755512013778
37560,경북,청도군,경북 청도군,2021,15.73,11.0,1023.0,150.0,8.5,14.0,41891.0,0.6,7.78,12.952646239554316,15.131704976176156,29.085435144391024,13.365751354126287,23.583126369611207,83.41862387986323,63.27809533798311,17.877451062685545,4.006898888170254,18.746174835771946,11.828690010508891,42.03533766642073,10.820296557570806,8.939804099749656,17.19796899178593
35550,전북,임실군,전북 임실군,2021,9.84,15.0,874.0,191.0,8.83,14.0,26730.0,0.4,6.91,5.988857938718663,11.897890722197992,38.643010307829265,19.70566490610326,23.583126369611207,88.27906768866343,100.0,6.473938312345517,4.642120176168037,15.619728916368505,6.377750552684002,53.84830078126603,9.768136018966773,6.27883774084583,16.8128434929756
36510,전남,담양군,전남 담양군,2021,14.79,14.0,1464.0,209.0,10.64,15.0,46180.0,0.3,9.53,2.506963788300834,22.496852253206445,36.49886638724182,22.070763145046172,25.580161029589306,73.64186909204675,69.43992868005664,20.351551036790067,8.12621269518618,24.653664715088606,5.348839970824198,45.270847772568985,15.67140672723638,7.869305437812718,16.603007421944756
37520,경북,의성군,경북 의성군,2021,12.09,16.0,1046.0,178.0,8.45,16.0,50632.0,0.3,5.35,2.506963788300834,15.588504615415255,40.6571239257806,17.855290872639976,27.45608673847581,96.99434624237414,87.13881168388484,22.68760956165093,3.9106532384736195,22.731959961359028,4.025671288538194,53.54029209933928,12.737414031069243,5.29217638239525,16.55062282387623
36630,전남,함평군,전남 함평군,2021,13.62,11.0,937.0,154.0,8.04,11.0,31274.0,0.5,6.04,9.47075208913649,13.327698973398263,29.085435144391024,14.055793384533471,16.67832907536926,93.13951149746363,77.1094446483822,10.458829511738752,3.121438910961223,15.618585369098962,8.904049800836376,45.882575965486126,8.85969913690824,6.873483389790852,16.01965928927658
33580,충북,단양군,충북 단양군,2021,12.94,11.0,875.0,148.0,7.94,11.0,28331.0,0.5,6.15,9.47075208913649,11.921380237770721,29.085435144391024,13.013844750833044,16.67832907536926,92.52497262508659,81.56694110860559,7.950372912462601,2.9289476115679576,14.162889021502346,8.734544232364632,46.390680324630296,8.096296685225013,6.606848283014853,15.803142773398775
36680,전남,신안군,전남 신안군,2021,8.98,19.0,927.0,223.0,6.41,21.0,38217.0,0.2,3.98,0.0,13.10727812104837,46.056441550680056,23.774102791343697,35.434169572602435,100.0,100.0,15.547657145493558,0.0,20.429224514308263,1.3107278121048371,60.4699394438623,9.559248351101713,2.0892511587176754,15.569330058399883
32600,강원,고성군,강원 고성군,2021,10.74,13.0,965.0,159.0,8.11,11.0,27249.0,0.4,8.06,5.988857938718663,13.932597541872802,34.20673692168918,14.89372421412729,16.67832907536926,81.85434311381259,95.98825318579894,6.962028567722743,3.25618282053651,15.89625472559106,6.373330631306754,48.63504705909736,9.042398036996971,5.6826890083907005,15.494987745557808
37610,경북,봉화군,경북 봉화군,2021,12.1,14.0,905.0,166.0,6.74,16.0,30762.0,0.4,5.79,5.988857938718663,12.613872218039695,36.49886638724182,16.023855453121097,27.45608673847581,94.53619075286598,87.07326026535215,10.039860062779082,0.6190520188487483,16.618667405301935,5.84588847867028,51.746040355143634,8.019118702115795,4.3424802512495715,15.43951986558715
35540,전북,장수군,전북 장수군,2021,12.31,8.0,861.0,127.0,6.96,8.0,21695.0,0.6,5.52,12.952646239554316,11.590060112885583,19.527859980952787,9.004384776693993,7.776497121149216,96.04460434870053,85.6966804761655,1.1767609785907265,1.042532877513936,10.053630346210568,11.029870622581385,43.67139972350965,5.02070525009367,6.63292760593462,15.288906718081309
35520,전북,진안군,전북 진안군,2021,10.99,13.0,850.0,162.0,6.82,12.0,24987.0,0.4,4.92,5.988857938718663,11.325940014140976,34.20673692168918,15.38400340667096,19.155114391875237,99.39663456166618,94.3494677224815,4.762457271125974,0.7730450583633623,13.933054572746116,5.740194214207599,52.3098358516164,6.825405067765859,4.164473637695854,15.153831014696499
36520,전남,곡성군,전남 곡성군,2021,13.88,8.0,819.0,133.0,8.38,8.0,27535.0,0.7,14.06,16.434540389972145,10.562815800062541,19.527859980952787,10.213417731357929,7.776497121149216,48.33404098415607,75.40510776653207,7.227037619171075,3.775909328898335,11.355091181973151,13.948573271820115,32.37323074734005,7.2261549318775335,9.379778140806105,15.124829372136164
34550,충남,청양군,충남 청양군,2021,12.78,12.0,915.0,149.0,9.4,12.0,30440.0,0.4,9.71,5.988857938718663,12.839616182343438,31.74467000165925,13.190384567829765,19.155114391875237,72.63626002815704,82.61576380512875,9.772780661027511,5.739320582709661,15.700576289811824,6.6365031596797905,43.57020206772774,10.364933656279053,6.8817538322301335,15.109286374050974
37530,경북,청송군,경북 청송군,2021,11.31,8.0,586.0,103.0,6.9,8.0,24539.0,0.5,4.77,9.47075208913649,3.6883345147639206,19.527859980952787,3.5242411984903868,7.776497121149216,100.0,92.2518223294352,4.3032599027756895,0.9270380978779764,7.040717224405225,7.610953233010456,44.40347132987257,3.8458128402973033,4.706811876807115,13.504931586184645
33560,충북,괴산군,충북 괴산군,2021,11.56,14.0,1023.0,184.0,7.37,15.0,38122.0,0.3,14.07,2.506963788300834,15.131704976176156,36.49886638724182,18.725455541998215,25.580161029589306,48.27817381393997,90.61303686611778,15.484484901009758,1.8317472050263326,19.510971235839367,3.6681554195971913,43.59640345339787,10.00636133187536,3.976143431339116,13.489073107533738
37540,경북,영양군,경북 영양군,2021,11.32,6.0,466.0,90.0,5.78,7.0,16320.0,0.5,5.27,9.47075208913649,0.0,11.178516146349155,0.0,4.131901608000666,97.44128360410288,92.18627091090251,0.0,0.0,2.235703229269831,7.103064066852367,40.780999373471005,1.1178516146349156,3.7192097756214206,11.682344931095066
23520,인천,옹진군,인천 옹진군,2021,9.89,6.0,556.0,90.0,9.04,9.0,20342.0,0.2,4.67,0.0,2.609499652853604,11.178516146349155,0.0,11.036698902242629,100.0,100.0,0.0,5.046351904893897,3.5404530556966334,1.017902751019445,43.891208064606225,4.41524509289728,2.937461306157178,10.804160246793657
37310,경북,(구)군위군,경북 (구)군위군,2021,11.36,7.0,451.0,86.0,7.36,8.0,22945.0,0.3,5.17,2.506963788300834,0.0,15.614789532489231,0.0,7.776497121149216,97.99995530626383,91.92406523677172,2.5985666130928977,1.8124980750870063,3.902527890425716,2.1520975524886765,42.27423658327734,2.9481378865107115,2.152643785501397,10.383616795550385
37630,경북,울릉군,경북 울릉군,2021,11.16,4.0,264.0,44.0,9.21,6.0,8867.0,0.1,5.58,0.0,0.0,0.0,0.0,0.0,95.70940132740397,93.23509360742567,0.0,5.373587113862454,0.0,0.8060380670793681,37.78889898696593,2.95547291262435,2.727095460285195,9.061040792496208
11230,서울,강남구,서울 강남구,2022,25.52,33.0,25745.0,1690.0,58.86,37.0,529102.0,4.7,13.01,100.0,81.67195583507112,63.68534470112064,76.90968241201497,52.69062757479156,50.8402675803557,0.0,82.32689910031048,100.0,78.27111658785284,98.16719558350711,50.036137195517746,90.05196050217288,97.5913918670795,86.1561535789981
11220,서울,서초구,서울 서초구,2022,25.2,24.0,21867.0,1369.0,57.81,24.0,404325.0,3.0,10.91,91.06438896189225,78.32603651032314,53.46987279353085,71.33697027411702,39.64905804459703,63.077174090389946,0.0,75.48333123040065,98.87745988728405,72.50199218298793,90.96251435554412,47.091010652002964,86.71729720398405,93.09596271891908,81.26843944248655
31240,경기,화성시,경기 화성시,2022,24.61,101.0,69901.0,4275.0,58.62,176.0,910814.0,2.0,16.11,58.21287779237846,100.0,100.0,100.0,100.0,32.77626273220987,1.8286380621736953,96.14719582319265,100.0,98.84415874695779,68.65965834428384,66.92098015887672,99.4220793734789,84.24314107816376,79.11055570187935
29000,세종,세종시,세종 세종시,2022,20.46,52.0,32230.0,2425.0,56.9,64.0,383591.0,2.4,13.22,71.35348226018397,86.27616038290103,78.43394401773652,86.46424281747194,69.41037012551939,49.61657692935226,29.32446399703177,74.14388716063273,97.12589695420529,81.06803514318763,76.71161227655887,63.50261321202001,89.63945287726169,85.79578800384054,78.95206241527247
31020,경기,성남시,경기 성남시,2022,23.56,73.0,44964.0,3013.0,62.22,122.0,922518.0,2.1,15.3,61.49802890932984,93.10010812998355,89.5227902043508,92.20942234416111,89.27583401290606,37.49621238608022,8.785413298704057,96.47207423693665,100.0,93.39623437694293,70.43353249499573,63.604613865803195,97.0431117819723,84.77323301479372,78.50923091224047
31190,경기,용인시,경기 용인시,2022,24.97,103.0,67182.0,4205.0,48.66,161.0,1074971.0,1.9,16.62,54.92772667542708,100.0,100.0,100.0,97.85409011448716,29.804442579772967,0.0,100.0,81.26559083489883,100.0,63.385633631805135,65.63900203312767,89.69607495919436,73.59018485199631,72.67495719564512
35010,전북,전주시,전북 전주시,2022,23.01,75.0,39311.0,2688.0,24.52,114.0,651495.0,3.2,15.87,97.63469119579501,90.34650228408493,90.40878137436928,89.18894178925821,87.18112910217694,34.17476633335666,12.429438422600896,87.62157720408705,34.80105324751316,89.54148057814244,87.48082661238172,62.77700203870646,59.39399446099921,64.82988111197035,71.63478592310392
31010,경기,수원시,경기 수원시,2022,23.76,99.0,65040.0,4084.0,44.19,179.0,1190964.0,1.8,14.52,51.6425755584757,100.0,99.52631434421092,100.0,100.0,42.041349089807234,7.460313253650625,100.0,72.66175972406147,99.90526286884219,59.63119562746599,69.80559533753376,84.9165992826549,67.98470360955274,69.9786418744527
26020,울산,남구,울산 남구,2022,22.12,31.0,15789.0,1071.0,28.6,43.0,310638.0,3.3,13.11,100.0,71.65186943458552,61.671231083169296,64.84366711587279,57.25688554090789,50.25755774654453,18.326133623088538,68.77644100720053,42.654214529888215,68.79311323608678,88.56331912294178,50.850434100664856,54.273781137752636,67.35170181759466,68.52531593476114
38110,경남,창원시,경남 창원시,2022,22.3,112.0,57918.0,3944.0,32.31,195.0,1021487.0,2.0,14.46,58.21287779237846,98.28866025140282,100.0,99.33531748786942,100.0,42.39097499009392,17.133543582540483,99.06505454032201,49.79520187244003,98.86384648779801,60.95780465029013,71.73873308649424,71.90485126117088,58.6929506696747,65.97189322685382
31100,경기,고양시,경기 고양시,2022,22.98,88.0,53831.0,3382.0,32.81,164.0,1076535.0,2.0,13.1,58.21287779237846,96.78888490044196,95.6547463370135,95.26686030001008,98.42561068094633,50.315828729925656,12.628203429358905,100.0,50.75759908841736,97.52539171762368,60.95218669759064,70.30031237640408,71.8399311124193,59.017242696604285,65.70315054628337
38070,경남,김해시,경남 김해시,2022,23.34,60.0,34663.0,2347.0,29.32,88.0,535129.0,2.3,13.06,68.06833114323258,87.7676468182045,83.10445597641962,85.59912333317466,79.1982858852459,50.54891266345011,10.243023348262795,82.61509735635882,44.04006652089557,85.28924381129383,66.43402301737923,62.05880211370706,62.47827615122925,58.002776213687454,63.37900380531049
34010,충남,천안시,충남 천안시,2022,23.77,77.0,41269.0,2748.0,31.83,113.0,657559.0,2.1,18.19,61.49802890932984,91.34268588475895,91.27175716424108,89.77313287770743,86.90910119867283,20.655898188937826,7.394058251397979,87.857313420633,48.87130054510178,90.28288840141758,62.58848535223854,59.34399112014316,67.45352520627684,58.51722664784643,62.832685025066525
31230,경기,김포시,경기 김포시,2022,24.65,47.0,36568.0,2139.0,32.84,97.0,484267.0,2.2,14.89,64.78318002628123,88.86411633895781,75.14187669507109,83.14358353012152,82.1987106432515,39.88532270470596,1.5636180531630117,80.07393354093831,50.81534292137601,83.48261357077462,65.0960980918131,56.433865969606124,65.24653957519622,60.12040000466759,62.812834237683596
11240,서울,송파구,서울 송파구,2022,22.67,41.0,31536.0,2210.0,39.96,48.0,658801.0,1.7,12.67,48.357424441524316,85.83003896603013,70.705603308931,84.00762199021169,60.60925751214468,52.82148101531362,14.68210849919167,87.90532750192163,64.51987927689323,83.42773839537776,54.52905411928025,57.735132689061885,72.90830085167866,60.78272993430455,61.2481938014085
31040,경기,안양시,경기 안양시,2022,23.76,41.0,26648.0,1627.0,38.9,74.0,548228.0,1.9,17.28,54.92772667542708,82.37846884144972,70.705603308931,75.9045790617223,73.86753166847826,25.958557676619336,7.460313253650625,83.23042885528874,62.479597179021276,80.29948373909768,58.80558146756847,50.88116936354251,70.39459687593805,61.829839277832384,60.94102381467435
22060,대구,수성구,대구 수성구,2022,23.72,34.0,22749.0,1505.0,27.69,45.0,411553.0,2.5,13.06,74.63863337713535,79.13642696290965,64.64838893988001,73.84249857347238,58.64142445491291,50.54891266345011,7.725333262661337,75.9341743584625,40.902651596809456,75.27814357696958,70.0280154686639,51.84136528480333,56.17870881858451,57.75674211600293,60.89441383399687
31150,경기,시흥시,경기 시흥시,2022,23.73,48.0,32896.0,2039.0,37.66,80.0,512912.0,1.8,15.77,51.6425755584757,86.69534069576932,75.82690508622917,81.8767141234719,76.26463698338036,34.757476167167795,7.659078260408663,81.53616649457061,60.09285208339749,82.97390131350167,56.41539355094333,55.557565981136165,70.20325226783098,59.77068284483543,60.64651902081059
33040,충북,청주시,충북 청주시,2022,22.31,94.0,50087.0,3489.0,27.9,131.0,849573.0,1.8,15.3,51.6425755584757,95.31146493706218,97.82221261722009,96.09118398826786,91.47535916478913,37.49621238608022,17.067288580287823,94.37614447283032,41.30685842751994,95.5330183338242,54.45910692669098,68.22124258850295,65.71970805519497,51.54491012125671,60.08006075705535
31070,경기,평택시,경기 평택시,2022,23.47,62.0,34122.0,2212.0,41.56,110.0,578529.0,1.4,14.53,38.501971090670175,87.44525864453037,84.17624892083278,84.0315573612043,86.07846538766944,41.98307810642613,9.381708318978085,84.59926948193606,67.5995503680207,85.93765995101256,47.760936737658774,61.02786621769889,75.77631974569115,58.906758959490304,59.869212912088805
39010,제주,제주시,제주 제주시,2022,24.19,69.0,31636.0,2185.0,32.72,74.0,493389.0,1.9,15.67,54.92772667542708,85.89492350718187,87.67660971522004,83.706589425053,73.86753166847826,35.34018600097896,4.611348156785823,80.5487633204049,50.584367589541436,84.64741269275642,57.37294249571971,57.53240588113195,65.8503623452669,56.2685542559894,59.70885518816698
37050,경북,구미시,경북 구미시,2022,22.22,52.0,27930.0,1893.0,28.4,104.0,408110.0,2.1,14.55,61.49802890932984,83.34144078029492,78.43394401773652,79.91089631903156,84.3476314022521,41.86653613966389,17.66358360056185,75.72041486013337,42.269255643497274,80.07363365173477,60.79805410655146,60.222681541688154,59.11783539077615,54.0609418371162,59.37359208264109
31180,경기,하남시,경기 하남시,2022,24.48,24.0,20999.0,1228.0,47.65,40.0,326059.0,1.5,14.03,41.78712220762156,77.49594663480234,53.46987279353085,68.46179244048858,55.05736038902482,44.89662727548192,2.689953091458392,70.00922091762851,79.32154845862462,70.4447141513959,50.98816858799009,45.5853428005701,74.97441139620138,64.50278796394387,58.5327529426942
21120,부산,강서구,부산 강서구,2022,23.12,18.0,12217.0,768.0,41.51,22.0,143207.0,2.1,13.27,61.49802890932984,66.3955712789054,44.35233982368923,56.04975133949147,37.05197132380608,49.32522201244668,11.70063339782152,49.07399242427132,67.50331064642296,56.790451331471935,62.888575406851366,40.64587258023526,62.20226795732333,64.40078662327223,58.48584588525622
22010,대구,중구,대구 중구,2022,21.99,10.0,4395.0,335.0,26.64,12.0,80199.0,3.6,11.39,100.0,45.44520568963399,26.194682277640744,34.13104050184454,19.281212347148557,60.2801668880964,19.187448652373263,34.32197462198848,38.88161744325706,38.25813168694168,85.37676318545195,32.5574015411555,38.24169515278053,62.033201970783026,58.38363071236576
31050,경기,부천시,경기 부천시,2022,22.77,64.0,36847.0,2380.0,31.23,121.0,790128.0,1.7,15.48,48.357424441524316,89.01988816494888,85.21454279519008,85.9685914200516,89.0215714011813,36.44733468522014,14.019558476664983,92.53043750798236,47.716423885928975,89.31198389390715,52.32752073052748,61.98167075660514,66.44903067596708,52.83186332673394,58.37710316458987
31210,경기,이천시,경기 이천시,2022,22.15,31.0,12783.0,884.0,44.58,45.0,222721.0,1.7,14.47,48.357424441524316,67.32367205983034,61.671231083169296,59.76905218293487,58.64142445491291,42.33270400671282,18.127368616330543,60.3109077381334,73.41242955252379,64.08935456798905,54.01229997000485,48.164737455213185,69.05532993489109,63.058799818619406,58.31704464626302
11150,서울,양천구,서울 양천구,2022,23.55,30.0,22998.0,1492.0,25.42,39.0,440881.0,2.4,13.12,71.35348226018397,79.35952784179474,60.616453606433105,73.61299214051027,54.28825965954663,50.19928676316343,8.851668300956717,77.68569131693752,36.53336823627237,75.10876203726525,66.93106971475831,50.47996871817021,53.6797571564927,54.30417731354839,58.273969527463215
38030,경남,진주시,경남 진주시,2022,21.52,46.0,19971.0,1450.0,19.43,54.0,343782.0,2.6,15.28,77.92378449408673,76.46727595947928,74.44242559914423,72.85761087883125,64.2071370570651,37.61275435284247,22.30143375824875,71.35597351859313,25.003849588863908,74.52891515514642,69.84014340484256,54.71679602031467,47.1932110534744,50.7504007165448,57.92594985625762
31130,경기,남양주시,경기 남양주시,2022,23.75,68.0,45003.0,2772.0,29.77,111.0,737353.0,1.6,14.39,45.07227332457294,93.1178766392033,87.19857700872085,90.00324676575399,86.35781252442726,42.79887187376173,7.526568255903328,90.77151384875589,44.906224015275164,91.23010787597258,49.85192625964132,62.95928699777977,65.65758331442747,50.49177903233108,57.10511187811042
31090,경기,안산시,경기 안산시,2022,22.51,55.0,32026.0,2102.0,36.75,86.0,641660.0,1.4,15.33,38.501971090670175,86.14602851209375,80.26317847236925,82.6818781265523,78.49036911785096,37.32139943593688,15.74218853523439,87.23453910457441,58.341289150318744,85.29601168189305,46.24227454175982,59.109378188023825,70.42841344801715,54.10485049069404,56.75507574863815
24050,광주,광산구,광주 광산구,2022,22.42,45.0,28360.0,1996.0,19.65,86.0,400654.0,2.3,15.2,68.06833114323258,83.65455981897367,73.72793139681906,81.31275011657034,78.49036911785096,38.07892221989139,16.338483555508418,75.25125855931203,25.42730436389393,79.14824375664426,63.2307999939059,57.73081033126401,49.37641128751511,47.92141821744309,56.255701410616986
23040,인천,연수구,인천 연수구,2022,24.19,33.0,26019.0,1583.0,30.28,50.0,385796.0,2.0,16.1,58.21287779237846,81.88892062576946,63.68534470112064,75.17925921025237,61.85530354805149,32.83453371559098,4.611348156785823,74.28973031385237,45.88786917557206,75.96844834726457,58.731730783196596,48.29935564947031,59.12810618890845,54.29583553138479,56.23577936996797
31060,경기,광명시,경기 광명시,2022,23.01,25.0,15648.0,1092.0,33.9,43.0,287945.0,1.9,12.15,54.92772667542708,71.46803259220528,54.77289077699928,65.35723785448799,57.25688554090789,55.85157215113162,12.429438422600896,66.8462667820475,52.855625019247945,66.74247448611675,56.27094201867803,49.53862256490454,58.868429374034484,55.46520417218096,55.59595650064962
26510,울산,울주군,울산 울주군,2022,20.79,31.0,12573.0,929.0,34.3,47.0,221512.0,1.8,12.09,51.6425755584757,66.98420825327995,61.671231083169296,61.08200812550362,59.96702863616387,56.20119805141832,27.13804892269367,60.172411863834874,53.62554279202981,63.87807390242429,53.47418391298924,53.26765193825675,58.083875074164546,54.218613194829736,54.86785447624294
11010,서울,종로구,서울 종로구,2022,20.13,13.0,4961.0,443.0,47.51,16.0,141379.0,1.8,16.23,51.6425755584757,47.92744163685349,34.20673692168918,41.50928620891216,27.636829924170236,32.07701093163648,31.510879071369885,48.74711282543001,79.05207723815096,45.429202050393584,55.382487418264766,34.08177142579269,63.79687142433714,64.92900145613578,54.75079176364895
23080,인천,서구,인천 서구,2022,23.5,48.0,34916.0,2209.0,30.99,82.0,589013.0,1.5,13.95,41.78712220762156,87.91668962483102,75.82690508622917,83.99564618430088,77.02435749987762,45.36279514253083,9.182943312220075,85.05623945551352,47.254473222259854,84.6405976663154,47.22018160153824,58.62709387925288,63.91442462415907,49.736320122183926,54.63156286990685
37010,경북,포항시,경북 포항시,2022,21.33,66.0,27617.0,1954.0,27.0,115.0,496650.0,1.6,12.77,45.07227332457294,83.11047271325295,86.22136832723439,80.75005394280535,87.45080175618332,52.23877118150246,23.560278801049478,80.71638161772704,39.57454343876074,83.01442450739147,48.05143378056911,65.7092174110861,59.1176875093515,46.744460220253536,54.59898603423631
36020,전남,여수시,전남 여수시,2022,19.75,47.0,14116.0,1170.0,29.35,66.0,274765.0,1.8,11.84,51.6425755584757,69.3564821668804,75.14187669507109,67.18203820280623,70.35429075435708,57.65797263594621,34.02856915697134,65.6541167729663,44.097810353854214,69.4028514543443,52.28225143862295,60.71433686145285,55.48739731344796,49.898468940177644,54.59033565566515
24030,광주,남구,광주 남구,2022,22.13,23.0,13862.0,909.0,11.91,40.0,212379.0,3.0,15.15,91.06438896189225,68.98436715745892,52.11365591973106,60.506495926768956,55.05736038902482,38.37027713679697,18.259878620835877,59.101096825785625,10.52939546056481,62.64524381041136,76.7761377562498,45.13399037551875,33.664571050643374,47.123042946919085,54.37850013417149
31200,경기,파주시,경기 파주시,2022,23.46,60.0,30734.0,1993.0,28.93,91.0,495315.0,1.5,13.63,41.78712220762156,85.30209866134037,83.10445597641962,81.27295178507387,80.23087758601972,47.22746661072652,9.447963321230745,80.64789487067543,43.28939669243324,83.46630898715674,46.36396102571519,60.3088467658468,61.27721774134963,47.52485201641168,53.5933113763677
24020,광주,서구,광주 서구,2022,21.42,30.0,15238.0,1108.0,15.74,51.0,287401.0,2.5,12.3,74.63863337713535,70.92390740740973,60.616453606433105,65.7419497079274,62.460118609362205,54.977507400414886,22.963983780775436,66.79815065567128,17.901358134951188,67.62468962169287,65.75656949383516,53.51609417591087,40.1118964146991,45.16054455635536,53.37637199352885
21090,부산,해운대구,부산 해운대구,2022,22.51,32.0,19320.0,1272.0,27.34,36.0,386785.0,1.9,13.79,54.92772667542708,75.78809610886375,62.693548664882556,69.39297622406514,51.8599917637882,46.295130876628676,15.74218853523439,74.35487419308933,40.22897354562532,72.73922004533519,54.80895064930048,50.073416435933645,54.70614066731834,49.69053716571685,53.207411734056436
22070,대구,달서구,대구 달서구,2022,22.49,56.0,28997.0,2101.0,20.55,73.0,536989.0,1.9,15.44,54.92772667542708,84.10979410892068,80.85120621093105,82.66928715436994,73.44944489489504,36.680418618744625,15.874698539739754,82.70338343303997,27.159619352653134,83.03615332655853,53.680717320360344,58.366003196709826,52.25037760179246,44.18378207387764,53.02191476421015
34040,충남,아산시,충남 아산시,2022,22.72,47.0,23432.0,1603.0,37.09,63.0,334539.0,1.3,17.01,35.2168199737188,79.7426737906082,75.14187669507109,75.51141561949525,68.92746127449621,27.531874227909455,14.350833487928341,70.66250695331216,58.995719257183346,76.09846432031196,43.23624024792742,52.62188997823003,66.50974406207641,52.24308347328933,52.94955993733808
25040,대전,유성구,대전 유성구,2022,21.09,38.0,22548.0,1712.0,27.52,75.0,356093.0,1.7,14.91,48.357424441524316,78.95454503712203,68.24353638890105,77.25187014200225,74.28008070589837,39.76878073794373,25.15039885511355,72.25121179800207,40.575436543377165,74.80134333574185,50.249838316362016,57.08752283777699,55.76943451487226,47.69173712559385,52.90545954416009
11140,서울,마포구,서울 마포구,2022,22.3,22.0,13750.0,1018.0,32.56,27.0,364638.0,1.9,18.21,54.92772667542708,68.8181138344002,50.699710621479035,63.50139637278247,43.17890626221364,20.5393562221756,17.133543582540483,72.85457698020798,50.2764004804287,66.40537213555831,55.61906646207463,40.02670711776668,57.41380064029492,54.01834349523159,52.828903113567364
38100,경남,양산시,경남 양산시,2022,23.85,40.0,22875.0,1536.0,25.72,72.0,353792.0,1.8,14.7,51.6425755584757,79.24962489784069,69.90501758417992,74.38188501122877,73.02566969156939,40.99247138894716,6.864018233376598,72.08626224155859,37.110806565858766,75.2316946382239,52.22351514351966,53.10162314784334,54.06430968544224,47.21018632262673,52.32166625414011
26040,울산,북구,울산 북구,2022,22.73,22.0,16396.0,1052.0,24.57,43.0,218670.0,2.1,12.97,61.49802890932984,72.4249752407965,50.699710621479035,64.37026358092996,57.25688554090789,51.07335151388015,14.284578485675652,59.843849290602016,34.8972929691109,64.30558453187467,58.60061315144367,47.89262685057564,47.72505463690851,48.673117310446926,52.13468193081232
22510,대구,달성군,대구 달성군,2022,22.05,32.0,17893.0,1333.0,29.06,45.0,263162.0,1.7,12.04,48.357424441524316,74.21556883253824,62.693548664882556,70.63203907570596,58.64142445491291,56.4925529683239,18.78991863885723,64.55628717361654,43.539619968587346,69.0133803013306,50.22056820968517,54.04942749157617,54.74270269176142,48.56055649761237,52.106297329335234
24040,광주,북구,광주 북구,2022,21.43,46.0,22870.0,1705.0,13.39,93.0,424707.0,2.2,14.65,64.78318002628123,79.24514480887808,74.44242559914423,77.14347126015147,80.90073129482492,41.28382630585274,22.897728778522776,76.7346968373279,13.378091219857719,77.53146657546625,58.518613183577386,59.14577364596556,42.16142621821097,40.26585245147054,51.66528168121245
35020,전북,군산시,전북 군산시,2022,20.94,56.0,15025.0,1215.0,16.33,68.0,262467.0,2.2,14.92,64.78318002628123,70.63542100568834,80.85120621093105,68.18028243334143,71.27044494768734,39.71050975456263,26.144223888903596,64.48900092396336,19.036986849804435,70.83465202221939,58.50647514775042,57.07682532136792,42.35589772821772,42.26956763053942,51.54329515810417
11190,서울,영등포구,서울 영등포구,2022,21.36,23.0,13830.0,1070.0,37.33,39.0,375675.0,1.3,11.68,35.2168199737188,68.93700366323327,52.11365591973106,64.81896107720192,54.28825965954663,58.590308370044056,23.36151379429147,73.61330986610797,59.45766992085245,66.97522597539523,42.224965834740296,51.161074835045795,62.742481261004805,51.33403957881922,51.06005007899749
31120,경기,구리시,경기 구리시,2022,22.85,16.0,9260.0,620.0,27.98,28.0,188701.0,2.1,12.6,61.49802890932984,60.71642542102285,40.6571239257806,50.39098875810506,44.2718954939697,53.22937789898143,13.489518458643616,56.09336318613918,41.46084198207631,55.3176464515093,58.41429052141112,40.71373557030285,47.42646504484547,50.83240971115909,50.79660926313392
21060,부산,동래구,부산 동래구,2022,23.41,23.0,14216.0,886.0,21.38,29.0,273226.0,2.2,13.11,64.78318002628123,69.50115039581307,52.11365591973106,59.828809586446006,45.327827021214254,50.25755774654453,9.779238332494103,65.51119875446346,28.75719873117551,64.82666600819178,59.851079868968554,44.18646684954757,44.75473478645177,46.70376970836347,50.758291761486475
35030,전북,익산시,전북 익산시,2022,19.19,60.0,13701.0,1200.0,15.67,75.0,273697.0,2.1,14.44,61.49802890932984,68.74495176480274,83.10445597641962,67.85169916832632,74.28008070589837,42.50751695685617,37.73884928312087,65.55502310357049,17.76662252471436,70.65987400875645,55.66301023718481,60.775101341245666,41.66433180473098,40.29947277295207,50.72640864243766
31160,경기,군포시,경기 군포시,2022,22.56,27.0,13314.0,908.0,31.47,45.0,266213.0,1.6,12.98,45.07227332457294,68.15775615529328,57.23495769702921,60.47738925147341,58.64142445491291,51.01508053049903,15.410913523971061,64.84958185218002,48.178374549598104,64.9807441727065,47.846736791398754,48.647751331405146,55.58059028086754,49.12288803018885,50.406563463522765
36030,전남,순천시,전남 순천시,2022,21.34,42.0,16438.0,1243.0,17.77,57.0,278737.0,2.0,14.03,58.21287779237846,72.4774050806706,71.48734996319538,68.78293489701382,65.86134862507652,44.89662727548192,23.494023798796803,66.01930617586264,21.80869083181916,70.34196438573316,54.17870247712378,55.05053622550975,43.541891896333595,41.25367681414863,49.68820303622037
25030,대전,서구,대전 서구,2022,21.88,40.0,25798.0,1827.0,16.14,77.0,470374.0,1.9,14.98,54.92772667542708,81.71410303523713,69.90501758417992,78.97195522080531,75.08913910213663,39.36088385427592,19.916253677152625,79.33329221367599,18.671275907733055,78.63804269855734,52.16789669625398,56.842790693643515,45.50251794677,39.44427260784906,49.609488756902984
31250,경기,광주시,경기 광주시,2022,24.67,31.0,20931.0,1276.0,35.97,42.0,391462.0,1.2,15.02,31.931668856767416,77.42947398867989,61.671231083169296,69.47602733065996,56.5408310864731,39.12779992075146,1.4311080486576628,74.66070150149167,56.8399494933941,73.44719366142131,40.21769146545267,46.29615930615164,64.11409535264342,49.61994235831078,49.49999599432694
36010,전남,목포시,전남 목포시,2022,21.48,33.0,14317.0,1014.0,17.34,50.0,216939.0,2.1,13.11,61.49802890932984,69.64623607984711,63.68534470112064,63.39727620506963,61.85530354805149,50.25755774654453,22.566453767259418,59.64162992139131,20.981029226078654,65.45267595656509,56.23529967389389,52.429485826460045,40.78359224863345,41.57854890336949,49.22022437359429
32020,강원,원주시,강원 원주시,2022,21.64,51.0,19336.0,1507.0,18.89,73.0,360807.0,1.8,15.89,51.6425755584757,75.80506134374684,77.80111155233932,73.87763131720149,73.44944489489504,34.0582243665944,21.506373731216698,72.58583671857227,23.96446059560839,75.23850399791297,49.90710689257272,56.15996649356471,47.00945225935376,40.39253249365236,49.13522815337918
39020,제주,서귀포시,제주 서귀포시,2022,21.0,45.0,9992.0,857.0,32.72,45.0,184770.0,1.3,10.74,35.2168199737188,62.27554252227967,73.72793139681906,58.948839700516345,58.64142445491291,64.06778080786891,25.746693875387578,55.55771195442729,50.584367589541436,62.55067112683184,40.227824370948284,56.24190480938114,55.98296061154973,46.2158849335461,48.70647140129859
11250,서울,강동구,서울 강동구,2022,22.55,29.0,22023.0,1550.0,25.43,35.0,460067.0,1.5,12.68,41.78712220762156,78.47172334503057,59.52708716258185,74.6219224454719,51.006595997831475,52.763210031932495,15.477168526223721,78.76954747215987,36.55261618059191,74.77214334667961,44.67040641730801,51.85996315519031,53.566424405413834,43.163582532673246,48.4957601441785
11020,서울,중구,서울 중구,2022,19.43,12.0,4766.0,381.0,55.26,14.0,120437.0,0.9,17.39,22.07621550591327,47.10575953834274,31.74467000165925,37.52771475662636,23.738373890107436,25.317576859427078,36.148729229056784,44.66796298866768,93.96923408579964,43.302202666103526,35.36312269613917,31.584879990701328,70.97889210332443,61.217627093598125,48.1031448838653
21510,부산,기장군,부산 기장군,2022,22.59,22.0,12827.0,838.0,27.46,36.0,178614.0,1.7,13.39,48.357424441524316,67.3940908990123,50.699710621479035,58.356030189174525,51.8599917637882,48.625970211873295,15.212148517213038,54.69553937602396,40.45994887745989,60.24564938660914,49.076469752663456,45.27557218197494,49.00609203095689,46.05013078808622,47.95629087259388
38090,경남,거제시,경남 거제시,2022,23.02,39.0,18685.0,1243.0,17.0,60.0,236662.0,1.9,13.52,54.92772667542708,75.10319195542714,69.0846623260201,68.78293489701382,67.4321182700745,47.868447427918795,12.363183420348236,61.8557093937118,20.326599119214066,69.92524126103112,51.755104069995134,53.17381009962206,42.387090548311946,39.34992530896928,47.82059647891208
31030,경기,의정부시,경기 의정부시,2022,22.96,34.0,22339.0,1404.0,21.08,64.0,463724.0,1.6,15.02,45.07227332457294,78.76369653982997,64.64838893988001,72.00478092875063,69.41037012551939,39.12779992075146,12.76071343386424,78.97100096303113,28.179760401589103,76.00282634680032,45.90753870765107,51.72013120991471,49.56209656728268,40.25099997947412,47.42604365055291
36060,전남,광양시,전남 광양시,2022,20.23,28.0,8978.0,708.0,25.35,36.0,152168.0,1.7,10.84,48.357424441524316,60.08264600233745,58.40078608467294,53.899244571351005,51.8599917637882,63.48507097405776,30.848329048843183,50.61830542333232,36.39863262603554,56.90697184510301,47.73612782528232,51.80064712892076,45.46860156675418,43.42787556676672,47.37496927066714
23050,인천,남동구,인천 남동구,2022,23.48,39.0,27725.0,1766.0,20.36,65.0,506181.0,1.5,13.56,41.78712220762156,83.19046221897807,69.0846623260201,78.07349701073055,69.8859060336823,47.63536349439433,9.31545331672541,81.20004717889198,26.793908410581746,79.77217772836065,43.678474139201235,55.208355985162946,50.46321537905138,38.786587320161935,47.33928082811728
26010,울산,중구,울산 중구,2022,21.6,21.0,11417.0,816.0,17.0,33.0,208132.0,2.1,12.07,61.49802890932984,65.00766167369171,49.22290305298078,57.652612708945874,49.22628305527706,56.317740018180544,21.771393740227367,58.58712437998982,20.326599119214066,59.924548761438956,55.67327771724866,47.25950299780577,37.891520812602636,40.63467667223965,47.02424247636999
31140,경기,오산시,경기 오산시,2022,24.3,25.0,16157.0,1034.0,31.47,46.0,229849.0,1.4,17.35,38.501971090670175,72.12404401452451,54.77289077699928,63.913829540871106,59.311278163718114,25.550660792951533,3.882543132006461,61.11247165682834,48.178374549598104,65.35034165971061,43.3156389018948,41.71636805016695,55.56707463140804,46.85531173801793,46.99713707970394
32030,강원,강릉시,강원 강릉시,2022,20.19,36.0,9313.0,797.0,15.13,37.0,211381.0,2.1,16.13,61.49802890932984,60.83338275951905,66.49456942901078,57.02970118060189,52.69062757479156,32.659720765447645,31.113349057853853,58.981248610786466,16.72723353145884,61.40997984879762,54.71594498766811,48.214547281831656,36.863299228725225,38.74199911415343,46.280286563661456
24010,광주,동구,광주 동구,2022,19.98,11.0,3599.0,311.0,14.15,18.0,105909.0,2.9,23.12,87.77923784494087,41.351087514353374,29.085435144391024,32.16921583694182,31.101174443684737,0.0,32.50470410515993,41.39720169019269,14.840934988143264,38.9117912931127,72.19567738336247,25.025507975698357,25.550855514317476,45.124794264679,45.979460981355366
23010,인천,중구,인천 중구,2022,21.26,15.0,9120.0,618.0,38.94,19.0,152931.0,1.1,11.43,28.64651773981604,60.404232592597054,38.643010307829265,50.30559346304015,32.69880652843981,60.04708295457195,24.024063816818156,50.7455689774639,62.556588956299464,53.15438905110355,36.90879990756665,42.02405076086988,57.963106821886626,49.04367211177113,45.54273723381348
21050,부산,부산진구,부산 부산진구,2022,20.75,32.0,14968.0,1055.0,20.61,42.0,355917.0,1.6,16.69,45.07227332457294,70.55752669055047,62.693548664882556,64.44557662892298,56.5408310864731,29.396545696105164,27.40306893170434,72.23863275507958,27.275107018570417,69.48906290477562,44.95122371527032,48.49115147874012,46.21796397807402,38.9545939108459,45.27712332553278
32010,강원,춘천시,강원 춘천시,2022,21.6,41.0,14885.0,1109.0,19.28,44.0,286664.0,1.6,15.86,45.07227332457294,70.4435695910414,70.705603308931,65.7658095730076,57.956847513988684,34.233037316737764,21.771393740227367,66.73281844111834,24.71513042407071,69.3827509896424,44.55583151614446,50.47698639352943,44.76251874850803,37.64258921877318,44.938438860939506
22050,대구,북구,대구 북구,2022,21.81,40.0,21716.0,1584.0,17.82,68.0,430912.0,1.5,17.01,41.78712220762156,78.1840258700038,69.90501758417992,75.19596638563453,71.27044494768734,27.531874227909455,20.380038692921318,77.10375107785688,21.904930553416893,76.20414177519494,42.44448382572908,53.05294443956387,46.24058139847658,35.82505481633194,44.83774477906231
11160,서울,강서구,서울 강서구,2022,21.57,35.0,24468.0,1732.0,20.84,53.0,569166.0,1.2,12.28,31.931668856767416,80.62932556456146,65.58430153163283,77.55915761452444,63.63561649060592,55.09404936717713,21.97015874698539,84.18410552031847,27.71780973791999,78.68675474470284,36.169355659719706,57.464833806381066,50.556706449979345,35.36941720562875,44.47244232561279
23060,인천,부평구,인천 부평구,2022,21.66,42.0,22017.0,1546.0,16.63,64.0,489118.0,1.4,12.24,38.501971090670175,78.46613911279157,71.48734996319538,74.55356212726653,69.41037012551939,55.32713330070158,21.373863726711363,80.327546571608,19.61442517939084,77.62880352051727,39.66525600619042,58.687615448766216,45.679028653284014,33.5495311138746,44.43525369979121
34080,충남,당진시,충남 당진시,2022,21.57,31.0,10473.0,795.0,26.2,36.0,168253.0,1.4,13.47,38.501971090670175,63.239038956878225,61.671231083169296,56.96327073541705,51.8599917637882,48.15980234482438,21.97015874698539,53.17503514452133,38.034707893197,59.90627623842937,40.90558839767,48.38005488341831,47.710275512629124,40.92148328834832,44.375987621305
36620,전남,무안군,전남 무안군,2022,20.32,19.0,5580.0,479.0,11.72,22.0,90608.0,2.5,15.92,74.63863337713535,50.33682250937815,46.056441550680056,43.57312455887888,37.05197132380608,33.88341141645107,30.252034028569156,37.426955725207954,10.163684518493426,45.60778628238747,62.537209961563335,38.48945423743069,25.877078500896214,38.7074563373888,44.233241826425584
11110,서울,노원구,서울 노원구,2022,21.21,42.0,23991.0,1703.0,16.74,60.0,503734.0,1.4,16.98,38.501971090670175,80.2258480986862,71.48734996319538,77.1124184489493,67.4321182700745,27.706687178052817,24.355338828081514,81.07674482373476,19.82615256690585,78.7334174891026,39.87298601290713,54.10279754661445,46.25980025141521,33.81461644258289,43.802481158137304
11040,서울,성동구,서울 성동구,2022,19.81,21.0,10408.0,873.0,34.25,28.0,281000.0,1.0,16.11,25.361366622864658,63.11145351509687,49.22290305298078,59.437953263439255,44.2718954939697,32.77626273220987,33.631039143455325,66.22504847475108,53.52930307043208,61.26782191056991,33.36156577922299,44.62631362568447,56.91945496826776,43.95395720950289,43.72122896252332
31170,경기,의왕시,경기 의왕시,2022,22.57,14.0,7299.0,489.0,36.3,21.0,160221.0,1.2,14.61,31.931668856767416,55.83987758051475,36.49886638724182,44.11896902110666,35.66743240980107,41.516910239377204,15.344658521718372,51.93043779583172,57.47513165593914,50.79884340645526,38.15400914901791,35.05194414641431,54.218750234968425,47.326113189332915,43.327180236356135
37100,경북,경산시,경북 경산시,2022,21.91,31.0,13605.0,1023.0,22.44,57.0,267725.0,1.5,22.7,41.78712220762156,68.60085229628008,61.671231083169296,63.6309733251491,65.86134862507652,0.0,19.717488670394616,64.99368807347437,30.79748082904746,66.13277878681622,42.82004900970129,42.06468957576154,46.57496123457021,39.17538698020279,43.304451836649875
37020,경북,경주시,경북 경주시,2022,19.91,43.0,11256.0,945.0,19.83,56.0,249607.0,1.4,13.71,38.501971090670175,64.71661333154498,72.2511238283208,61.53357589376305,65.31964806756599,46.76129874367759,32.96848912092862,63.21073824712848,25.77376736164577,65.7717529055752,39.214204755404,55.577523522161066,43.82561783511552,35.20176362954535,43.3027255404631
31260,경기,양주시,경기 양주시,2022,22.47,35.0,13987.0,967.0,24.57,46.0,243432.0,1.3,16.78,35.2168199737188,69.1683390122624,65.58430153163283,62.14216634060311,59.311278163718114,28.87210684567512,16.00720854424509,62.573357602628654,34.8972929691109,66.47303709324636,38.56404282688197,46.52495669401911,48.97161272902106,38.84181586198296,43.19614270947878
11200,서울,동작구,서울 동작구,2022,22.17,21.0,14872.0,1054.0,28.08,31.0,380596.0,1.2,19.21,31.931668856767416,70.42566335530823,49.22290305298078,64.42049607895186,47.338008143389416,14.712257884064044,17.99485861182518,73.94444337732186,41.65332142527178,67.24074530144682,37.23931619189715,39.59182915102038,53.00841626685749,41.14958303482232,42.74833530332088
31220,경기,안성시,경기 안성시,2022,21.17,34.0,10277.0,805.0,27.29,46.0,188842.0,1.2,18.77,31.931668856767416,62.85188092090771,64.64838893988001,57.29376839280218,59.311278163718114,17.276181152833132,24.620358837092184,56.1123683949374,40.132733824027596,61.189328766911075,36.25384980827047,44.529119608719334,49.52507394062533,39.60214283363869,42.150849243755964
22020,대구,동구,대구 동구,2022,21.28,33.0,16524.0,1232.0,17.29,54.0,339530.0,1.3,11.47,35.2168199737188,72.58434473653578,63.68534470112064,68.54781207268034,64.2071370570651,59.81399902104748,23.89155381231282,71.0393079985007,20.88478950448092,70.34103370804223,36.80376787961482,56.24620308362604,43.02793384465884,32.165750343074556,41.91133784563296
11030,서울,용산구,서울 용산구,2022,19.25,15.0,6396.0,574.0,41.88,13.0,218650.0,0.7,13.72,15.505913272010513,53.133602538963196,38.643010307829265,48.35363617174277,21.589453131106815,46.70302776029649,37.34131926960485,59.841521998445266,68.21548458624619,52.24785993058103,27.175117895841133,39.86429848014784,60.98576636077776,46.6108435072234,41.868906067594644
26030,울산,동구,울산 동구,2022,22.51,16.0,10275.0,669.0,18.61,25.0,151711.0,1.8,15.91,51.6425755584757,62.84789239060502,40.6571239257806,52.4014873388382,40.87066547825538,33.941682399832175,15.74218853523439,50.54177480608198,23.42551815466108,54.71790342228322,48.53054863111644,37.29917062861729,37.10059207667496,38.02929448119084,41.72877104203104
35510,전북,완주군,전북 완주군,2022,16.08,29.0,4371.0,491.0,16.42,36.0,92422.0,1.8,13.44,51.6425755584757,45.3330061599898,59.52708716258185,44.22680020284596,51.8599917637882,48.33461529496773,58.34415498370128,37.93132278264345,19.210218348680364,45.95131734730431,46.14676503715781,52.076870303529894,31.274628457426868,34.48815320923106,41.59460967060189
11050,서울,광진구,서울 광진구,2022,23.08,22.0,13476.0,954.0,25.03,29.0,337416.0,1.3,19.98,35.2168199737188,68.40560929454533,50.699710621479035,61.78423812072179,45.327827021214254,10.225392163718155,11.965653406832217,70.88038991433649,35.782698407810045,65.60686374586942,38.62058067091514,36.823384821768464,49.06363553250297,39.193780108066534,41.34887371521711
36040,전남,나주시,전남 나주시,2022,17.92,24.0,6457.0,571.0,16.81,30.0,116456.0,1.7,12.37,48.357424441524316,53.32811179146335,53.46987279353085,48.215157119186955,46.3491315332551,54.56961051674708,46.15323456920996,43.812700536482005,19.960888177142678,50.50184061538245,44.59501273686097,49.84470258568258,33.56300321554653,34.3182677127624,41.202467165124624
33020,충북,충주시,충북 충주시,2022,19.91,35.0,9975.0,859.0,17.44,43.0,208277.0,1.5,16.64,41.78712220762156,62.240646818599274,65.58430153163283,59.01047539428396,57.25688554090789,29.68790061301074,32.96848912092862,58.604844557248214,21.17350866927412,61.81863708280067,40.74043263796721,48.98928993282161,39.44271596857114,33.69735174851522,41.136532551934756
34050,충남,서산시,충남 서산시,2022,21.47,29.0,10408.0,753.0,22.56,40.0,176413.0,1.3,14.56,35.2168199737188,63.11145351509687,59.52708716258185,55.528279746636485,55.05736038902482,41.808265156282786,22.632708769512107,54.38005052761569,31.028456160882012,59.77515934834951,37.37802875593108,46.9342862126882,43.79765788690502,36.11862271731,40.994259334963196
21110,부산,금정구,부산 금정구,2022,21.62,21.0,9359.0,632.0,15.77,22.0,221256.0,1.8,18.6,51.6425755584757,60.93435467770496,49.22290305298078,50.897655296185796,37.05197132380608,18.266787870312086,21.638883735722032,60.14298905962936,17.959101967909824,58.35465466733744,47.51923243181375,36.10792445442034,36.00811568213388,35.446519256995394,40.43026048321376
37590,경북,칠곡군,경북 칠곡군,2022,19.91,21.0,6610.0,551.0,20.65,31.0,112487.0,1.5,12.12,41.78712220762156,53.80800893621589,49.22290305298078,47.272975166011285,47.338008143389416,56.026385101274975,32.96848912092862,42.93040174532469,27.3520987958486,49.6277056023015,40.82395736871505,46.562500468048114,37.16710669205669,35.56027926671304,40.28422236816163
11120,서울,은평구,서울 은평구,2022,21.7,30.0,19405.0,1379.0,17.97,40.0,466746.0,1.1,12.01,28.64651773981604,75.87806347754993,60.616453606433105,71.52949853010672,55.05736038902482,56.66736591846725,21.108843717700694,79.13627891161786,22.193649718210093,73.80320613354695,32.401742110348536,53.81951133940061,45.31420723791153,30.76577954223453,40.20145015601912
11130,서울,서대문구,서울 서대문구,2022,22.07,19.0,12918.0,912.0,25.1,23.0,306337.0,1.2,19.28,31.931668856767416,67.53896668955798,46.056441550680056,60.5936244262031,38.377575505057045,14.304361000396241,18.657408634351896,68.42168501592406,35.917434018046876,63.50727715969222,36.09026341423839,36.70868466939497,48.13127895529399,37.835925456729704,39.91464929644813
38060,경남,사천시,경남 사천시,2022,20.12,18.0,5856.0,464.0,15.09,19.0,109369.0,1.8,10.88,51.6425755584757,51.32611008122441,44.35233982368923,42.73265655493861,32.69880652843981,63.251987040533294,31.577134073622545,42.215161656290086,16.65024175418065,47.19807150223708,46.36207894010631,43.42427730556964,30.19036321185668,33.53717856579488,39.543090769774636
11170,서울,구로구,서울 구로구,2022,21.45,26.0,16900.0,1291.0,21.93,32.0,395315.0,1.0,14.89,25.361366622864658,73.04545098334344,56.02672636819459,69.78516885680442,48.29645290257551,39.88532270470596,22.76521877401744,74.90991522657,29.815835668750573,70.20104533328164,30.79794541579542,48.426213718971034,47.84695973528646,33.011559152253376,39.5151903411659
21070,부산,남구,부산 남구,2022,21.79,21.0,12089.0,795.0,20.74,26.0,256333.0,1.4,20.75,38.501971090670175,66.17972527774303,49.22290305298078,56.96327073541705,42.0461633594991,5.738526443372265,20.512548697426652,63.88729456142763,27.52533029472452,62.10063161789596,39.623250389985614,35.64253782653507,42.88026120715931,35.877529979220284,39.315812438037476
21100,부산,사하구,부산 사하구,2022,21.31,26.0,13312.0,919.0,16.38,40.0,301987.0,1.4,17.51,38.501971090670175,68.15467743170393,56.02672636819459,60.79581594877735,55.05736038902482,24.618325058853685,23.692788805554827,68.05778462991597,19.13322657140217,65.70001937846567,38.561930046883354,44.325126092068686,39.96555043191884,31.972426888220262,39.30516583265593
11080,서울,성북구,서울 성북구,2022,22.0,29.0,19369.0,1340.0,19.93,46.0,430397.0,1.1,20.1,28.64651773981604,75.84000785158383,59.52708716258185,70.77058715240362,59.311278163718114,9.526140363144762,19.12119365012059,77.07332335005006,25.96624680484124,72.94741836332331,32.9638261107466,44.224222747828065,46.963144531745144,32.6145711168295,39.210206315766385
11060,서울,동대문구,서울 동대문구,2022,21.76,21.0,12839.0,926.0,23.68,28.0,336644.0,1.2,21.67,31.931668856767416,67.41325411957219,49.22290305298078,60.99647487334094,44.2718954939697,0.3775959723096207,20.711313704184647,70.82210718502007,33.184225924671246,64.79783982588827,35.667710943233466,35.9522655883257,47.27958146553471,36.540271765081876,39.18467714128436
33550,충북,진천군,충북 진천군,2022,20.13,15.0,5470.0,422.0,26.1,17.0,86147.0,1.3,10.69,35.2168199737188,49.9288363772715,38.643010307829265,40.22662959266172,29.417142866724653,64.35913572477449,31.510879071369885,36.14234935435686,37.84222845000154,43.53572505650866,37.08183288551648,41.37183384896886,40.084646356891604,37.79839335379252,38.92791784794564
38050,경남,통영시,경남 통영시,2022,21.25,20.0,7366.0,570.0,12.33,25.0,122681.0,1.8,11.86,51.6425755584757,56.02712497474528,47.67738253359097,48.168835990107866,40.87066547825538,57.54143066918398,24.09031881907083,45.13768048185481,11.33780912198577,51.09034313864728,46.03531553462917,44.03463522363443,28.979610337678547,31.332832510661387,38.9188301658982
25020,대전,중구,대전 중구,2022,19.72,27.0,10841.0,917.0,12.63,39.0,227108.0,1.4,9.52,38.501971090670175,63.946763913441,57.23495769702921,60.73820435147022,54.28825965954663,71.17684078036501,34.22733416372937,60.80721914630507,11.915247451572172,61.662539240017864,37.05844182708256,55.85561656502427,34.187317522701576,27.827655149996776,38.84817699653479
35040,전북,정읍시,전북 정읍시,2022,15.6,34.0,4587.0,546.0,9.42,38.0,105081.0,1.7,8.98,48.357424441524316,46.321352468434654,64.64838893988001,47.032095264589906,53.499685971029805,74.32347388294525,61.52439509182943,41.19749674790754,5.736657324997689,48.44960304656559,41.76070217673636,59.88222829473288,25.063895428609793,26.64776546640884,38.681050418509884
23070,인천,계양구,인천 계양구,2022,21.79,26.0,12843.0,902.0,16.01,35.0,288856.0,1.3,13.33,35.2168199737188,67.41963788006477,56.02672636819459,60.302073918579005,51.006595997831475,48.97559611215999,20.512548697426652,66.92664038980504,18.42105263157895,64.9931563306128,35.91773666303242,47.82948211487572,39.25717521867159,30.294813035369582,38.567895431827125
21080,부산,북구,부산 북구,2022,20.82,27.0,12338.0,881.0,11.18,40.0,278857.0,1.5,13.16,41.78712220762156,66.5975440508258,57.23495769702921,59.67916239023502,55.05736038902482,49.96620282963895,26.939283915935647,66.0302579338622,9.124295525237903,64.5548409449774,39.36874038958443,50.006483544433245,33.96590580882826,27.972759499949717,38.526374594319996
11180,서울,금천구,서울 금천구,2022,19.82,18.0,7952.0,664.0,25.08,17.0,229642.0,1.0,11.04,25.361366622864658,57.59578938507559,44.35233982368923,52.203190392802924,29.417142866724653,62.31965130643545,33.56478414120265,61.089546426340945,35.87893812940778,55.995226585177925,30.162444625067216,45.510724082474894,44.85123979450946,34.36653662700275,37.98828649055129
21140,부산,수영구,부산 수영구,2022,21.82,10.0,6115.0,401.0,19.2,19.0,174806.0,1.6,12.46,45.07227332457294,52.21294704862529,26.194682277640744,38.87864655607216,32.69880652843981,54.04517166631704,20.313783690668643,54.14720887779492,24.56114686951433,47.58957264317927,42.709671728719385,34.735210145209294,34.69276974739125,35.1551527307984,37.88988346116485
37040,경북,안동시,경북 안동시,2022,19.97,30.0,7929.0,675.0,11.33,40.0,154610.0,1.6,14.41,45.07227332457294,57.53643198709114,60.616453606433105,52.637499468335804,55.05736038902482,42.682329906999506,32.570959107412605,51.02339402668367,9.413014690031103,56.198524922837294,40.96980039564349,48.591927449606715,30.399598941581196,28.33939518056981,37.88101025016438
21130,부산,연제구,부산 연제구,2022,22.65,16.0,9552.0,616.0,17.7,17.0,203536.0,1.5,15.19,41.78712220762156,61.35265790301471,40.6571239257806,50.219921807315416,29.417142866724653,38.13719320327251,14.814618503697034,58.018963822943924,21.673955221582332,56.213442883546655,40.726700729254986,35.68933900838758,36.95976391849287,33.49319927995524,37.758474536391844
11100,서울,도봉구,서울 도봉구,2022,20.83,23.0,13533.0,967.0,19.36,28.0,311694.0,1.0,13.37,25.361366622864658,68.49210889242362,52.11365591973106,62.14216634060311,44.2718954939697,48.742512178635536,26.873028913683,68.8627911464141,24.86911397862708,65.32762297408225,29.600602953184914,47.722165311656155,42.91721873066484,29.94207417871166,37.11120016020404
11210,서울,관악구,서울 관악구,2022,20.45,22.0,12975.0,1010.0,19.64,31.0,486752.0,0.9,11.75,22.07621550591327,67.62919418303821,50.699710621479035,63.2927449003864,47.338008143389416,58.182411486376246,29.390718999284445,80.20416651377114,25.408056419574386,68.01578916994626,27.131289510674932,50.57845566803296,44.60086590658713,29.14859438817657,37.09057564774743
31110,경기,과천시,경기 과천시,2022,24.51,4.0,4231.0,243.0,38.2,6.0,78137.0,1.1,13.47,28.64651773981604,44.66597638932954,0.0,25.66134524024712,0.0,48.15980234482438,2.491188084700383,33.65922377054631,61.13224107665302,32.43075532582866,35.12132210529294,16.545534395966733,47.60481143560702,46.09766714481608,36.43706313585854
32040,강원,동해시,강원 동해시,2022,20.41,14.0,4757.0,366.0,16.58,15.0,89426.0,1.6,11.01,45.07227332457294,47.06702869929706,36.49886638724182,36.46725847625021,25.748555012282594,62.494464256578794,29.65573900829513,37.09284793897783,19.518185457793102,41.96114200879025,41.43863568202838,38.708911801328085,29.36222157121648,31.955015986924245,36.26226819707339
37060,경북,영주시,경북 영주시,2022,19.62,19.0,4448.0,395.0,12.77,25.0,100749.0,1.7,14.91,48.357424441524316,45.69082498511074,46.056441550680056,38.48055606912235,40.87066547825538,39.76878073794373,34.889884186256054,40.12631805635876,12.184718672045824,44.09459621959901,42.66485863046119,39.89376013399487,26.46435213016917,29.56673366997201,35.82261234743425
31280,경기,여주시,경기 여주시,2022,18.76,23.0,5052.0,453.0,21.01,34.0,113150.0,1.1,12.89,28.64651773981604,48.29990335498945,52.11365591973106,42.09889896743877,50.129157778370846,51.539519380929065,40.58781437998567,43.079929856529155,28.045024791352287,47.49666181839969,30.52163235906382,46.89229634474448,36.75809937669413,30.59028976300933,35.60058390299495
34560,충남,홍성군,충남 홍성군,2022,19.71,21.0,5316.0,459.0,15.28,25.0,98068.0,1.5,15.97,41.78712220762156,49.343657640896836,49.22290305298078,42.44646437821235,40.87066547825538,33.59205649954549,34.29358916598201,39.440059946418316,17.015952696252036,46.348427414970075,38.82710032424365,40.163925659993055,30.065804808378815,29.87900432706686,35.47190861939709
34030,충남,보령시,충남 보령시,2022,16.22,29.0,4126.0,480.0,13.68,33.0,97157.0,1.3,9.54,35.2168199737188,44.151059581257826,59.52708716258185,43.62821826974113,49.22628305527706,71.06029881360278,57.41658495216389,39.20259260826829,13.93628160512457,45.741725005625774,32.918163179183566,55.891791211396544,28.32826440656851,25.586019812370658,35.26593905101214
25050,대전,대덕구,대전 대덕구,2022,19.13,21.0,7668.0,717.0,13.43,30.0,172746.0,1.3,15.42,35.2168199737188,56.85052767549617,49.22290305298078,54.23317004539958,46.3491315332551,36.796960585506845,38.1363792966369,53.845580463803145,13.455082997135904,54.42351858748518,34.1159301974091,45.34191082836307,31.76952855839253,26.532673431460996,34.74956846746678
33030,충북,제천시,충북 제천시,2022,19.06,23.0,5933.0,528.0,12.88,32.0,130988.0,1.4,15.2,38.501971090670175,51.593795990330584,52.11365591973106,46.14631498534475,48.29645290257551,38.07892221989139,38.600164312405596,46.80473936261835,12.396446059560839,50.26105098789701,35.89532482596982,44.539595172128124,29.36888102719044,26.691750687909767,34.60242639206292
38080,경남,밀양시,경남 밀양시,2022,18.35,21.0,3831.0,368.0,13.0,25.0,102945.0,1.4,9.63,38.501971090670175,42.63106597755743,49.22290305298078,36.611131213610335,40.87066547825538,70.53585996317274,43.30426947234515,40.674959861445565,12.627421391395396,43.362601557808546,35.03369812446768,47.895989122840625,26.49482924529387,25.910670936016313,34.00486300739783
31270,경기,포천시,경기 포천시,2022,18.27,29.0,5825.0,548.0,22.62,29.0,146701.0,0.8,15.6,18.7910643889619,51.217345476095055,59.52708716258185,47.128710402905874,45.327827021214254,35.74808288464678,43.83430949036652,49.687334796814916,31.14394382679929,52.42029060960837,23.886624413350823,46.40324756142764,40.77844713573904,28.960459616416017,33.87255632205685
11070,서울,중랑구,서울 중랑구,2022,20.39,24.0,13692.0,1059.0,18.21,33.0,385318.0,0.7,14.04,15.505913272010513,68.73148539702053,53.46987279353085,64.54566188430015,49.22628305527706,44.83835629210079,29.788249012800463,74.25818531809729,22.655600381879214,67.33717285264562,21.90092355099182,49.139653549053016,42.69259236650536,25.283810764129438,33.75409850195506
32060,강원,속초시,강원 속초시,2022,22.18,12.0,3973.0,299.0,20.08,9.0,82806.0,1.4,11.95,38.501971090670175,43.37680515710707,31.74467000165925,31.130944781844295,11.109353397333004,57.01699181875394,17.92860360957252,35.13591771901044,26.254965969634437,38.57811189458852,37.15240372915851,30.78719229105817,31.56044697273785,32.499506999861985,33.71598431755788
23090,인천,미추홀구,인천 미추홀구,2022,22.32,23.0,17173.0,1133.0,13.69,41.0,406004.0,0.9,18.25,22.07621550591327,73.37386019179085,52.11365591973106,66.33208824583268,55.80792675498808,20.306272288651144,17.001033578035134,75.58877261484636,13.955529549444117,69.78629306429555,25.987877081030657,42.838403431989846,38.89999477475249,23.713373099033642,32.80236960984492
33570,충북,음성군,충북 음성군,2022,16.89,21.0,4082.0,419.0,21.51,24.0,92058.0,0.9,14.07,22.07621550591327,43.93137836291134,49.22290305298078,40.03821229537496,39.64905804459703,44.663543341957435,52.977499801234984,37.830914350776126,29.00742200732962,43.159544097284666,25.301412766825532,45.32970101976794,35.33728523452806,28.103896871157342,32.54610308539189
35050,전북,남원시,전북 남원시,2022,15.31,27.0,3377.0,415.0,8.83,27.0,77948.0,1.3,7.48,35.2168199737188,40.04657620611153,57.23495769702921,39.78488482617744,43.17890626221364,83.06412139011258,63.445790157156864,33.59760436299521,4.601028610144436,41.54956095136017,31.10742689242192,57.17203099473613,21.30301740095395,20.359526069904604,32.14742274535629
35060,전북,김제시,전북 김제시,2022,13.91,36.0,3139.0,461.0,10.08,39.0,81455.0,1.1,6.97,28.64651773981604,38.54918603744192,66.49456942901078,42.561312794854054,54.28825965954663,86.03594154254947,72.72149047253066,34.71736744836607,7.007021650087769,42.988717139032936,26.39086015611939,63.833967436463695,23.420761175192645,19.16100183186931,32.0949021169199
37030,경북,김천시,경북 김천시,2022,19.23,27.0,6693.0,585.0,12.47,35.0,139324.0,1.0,11.85,25.361366622864658,54.06371916354499,57.23495769702921,48.85528374715525,51.006595997831475,57.599701652565095,37.473829274110194,48.37455673106961,11.607280342459426,52.99121814049922,26.168488934871903,50.326508061204436,30.176427300425047,21.67325668236051,31.59385029949933
34060,충남,논산시,충남 논산시,2022,17.52,31.0,5124.0,517.0,12.33,30.0,112617.0,1.0,10.64,25.361366622864658,48.589875676519995,61.671231083169296,45.590042934643854,46.3491315332551,64.65049064168008,48.80343465931678,42.95979032281553,11.33780912198577,49.517121151738515,25.580683903098357,53.37491174048246,28.564861809135433,21.043304415614514,31.42276417266759
25010,대전,동구,대전 동구,2022,19.54,23.0,10105.0,864.0,10.48,34.0,219751.0,1.1,19.56,28.64651773981604,62.505998416508625,52.11365591973106,59.163939699512326,50.129157778370846,12.672773465725015,35.41992420427742,59.96932379243087,7.776939422869638,59.66652752992978,28.90202905994334,42.35162930958041,30.985280526717762,21.820735406983708,31.31827365749835
21150,부산,사상구,부산 사상구,2022,20.01,21.0,7456.0,569.0,18.72,31.0,203789.0,0.9,21.76,22.07621550591327,56.27598875300913,49.22290305298078,48.12243366707122,47.338008143389416,0.0,32.30593909840192,58.05057201197415,23.637245542176093,55.39774659069296,25.73034733606228,35.43707806855276,37.88555890589288,26.821043443676707,31.305554013050823
31580,경기,양평군,경기 양평군,2022,19.44,22.0,5076.0,437.0,16.82,25.0,122323.0,0.9,10.28,22.07621550591327,48.397017358904,50.699710621479035,41.14911033296532,40.87066547825538,66.74824604340023,36.08247422680411,45.063322284759536,19.980136121462227,47.85744748917567,24.393883783544688,47.12396358331632,32.49794774344686,24.064681695801152,31.229926896442826
38520,경남,함안군,경남 함안군,2022,17.79,16.0,3058.0,318.0,15.22,19.0,61456.0,1.2,9.46,31.931668856767416,38.01355300495089,40.6571239257806,32.756585826922624,32.69880652843981,71.5264666806517,47.014549598494696,27.549036976706297,16.90046503033476,35.40291238064346,30.285176697620866,44.93359547698203,25.096034306758305,24.822156255441346,31.053469746360992
34020,충남,공주시,충남 공주시,2022,16.85,28.0,4039.0,465.0,12.32,34.0,102571.0,1.1,14.51,28.64651773981604,43.714390566146974,58.40078608467294,42.78952557469161,50.129157778370846,42.09962007318836,53.24251981024566,40.58235272567523,11.318561177666224,45.71205831771064,27.554111538126662,48.96534025404992,26.895518278264397,21.772879922986167,30.911096146769026
36570,전남,화순군,전남 화순군,2022,16.59,16.0,2528.0,289.0,13.9,19.0,62024.0,1.2,8.22,31.931668856767416,34.11407836029482,40.6571239257806,30.233485327443532,32.69880652843981,78.75206861991003,54.9651498688151,27.78312003307245,14.359736380154601,33.52339997522527,29.514119935628234,47.338060794028,22.953851078682924,23.226045362670664,30.40890940885897
32510,강원,홍천군,강원 홍천군,2022,14.46,24.0,2392.0,347.0,11.44,25.0,67977.0,1.1,7.1,28.64651773981604,32.981190009845996,53.46987279353085,35.059996115242505,40.87066547825538,85.27841875859497,69.07746534863381,30.115012762550514,9.624742077546115,36.21907339239432,26.226718617478546,56.46075023070086,21.754085338355225,19.745131836633696,30.157771652746845
36640,전남,영광군,전남 영광군,2022,15.59,13.0,1989.0,221.0,12.92,16.0,52197.0,1.3,7.52,35.2168199737188,29.20163048801896,34.20673692168918,23.159934638347142,27.636829924170236,82.83103745658812,61.5906500940821,23.39412999031458,12.473437836839024,28.46040162544169,31.20379370461685,45.661193042684204,19.63051009858136,22.912176609989288,29.73462629897797
11090,서울,강북구,서울 강북구,2022,21.69,14.0,8895.0,674.0,17.09,17.0,293660.0,0.7,12.05,15.505913272010513,59.89231286151539,36.49886638724182,52.59830994450307,29.417142866724653,56.43428198494277,21.17509871995334,67.34632759625092,20.499830618089987,57.449827987081335,20.693640832872923,40.38379833456205,37.005205190414394,23.072541911330116,29.62988666808955
37600,경북,예천군,경북 예천군,2022,16.43,12.0,2298.0,227.0,9.29,15.0,55755.0,1.5,9.58,41.78712220762156,32.15987981273246,31.74467000165925,23.86591030297579,25.748555012282594,70.82721488007832,56.02522990485782,25.07195539905687,5.486434048843581,29.950460526415142,35.37929474431595,41.54818378490541,16.384774999434917,22.067615539168465,29.498949118262402
32050,강원,태백시,강원 태백시,2022,15.99,12.0,1870.0,208.0,12.98,9.0,39428.0,1.4,8.57,38.501971090670175,27.93787229311905,31.74467000165925,21.562500014655914,11.109353397333004,76.71258420157099,58.9404500039753,16.255891596418063,12.588925502756304,25.194637625816796,33.558604372727984,40.53656885470504,18.12433422476841,23.90407624604396,29.324499971578692
37080,경북,상주시,경북 상주시,2022,15.6,28.0,3568.0,460.0,8.2,35.0,94823.0,1.0,7.79,25.361366622864658,41.1738379928535,58.40078608467294,42.50395086880365,51.006595997831475,81.257720905298,61.52439509182943,38.58388711289488,3.388408118012994,43.8422423472298,23.64666998413579,58.51355753323571,21.726053738879372,16.26818589420435,29.12818844834258
38540,경남,고성군,경남 고성군,2022,14.66,19.0,2022.0,273.0,8.42,18.0,50448.0,1.3,7.2,35.2168199737188,29.53871113657017,46.056441550680056,28.731095339456587,31.101174443684737,84.69570892478382,67.7523653035804,22.526952855066348,3.8118628930430223,30.738729734941003,29.938265527902573,51.54885315722571,15.988953901815655,18.70162786178869,28.837018220371917
38590,경남,거창군,경남 거창군,2022,17.43,17.0,2736.0,275.0,8.12,16.0,60387.0,1.4,11.68,38.501971090670175,35.73397661775813,42.5560807562928,28.92362359544628,27.636829924170236,58.590308370044056,49.399729679590806,27.102555576153637,3.2344245634566207,34.50897113298372,32.93503966429694,41.48565414867264,17.24672024550509,20.18657646618405,28.546072262353775
37090,경북,문경시,경북 문경시,2022,16.63,17.0,2646.0,297.0,9.53,22.0,70373.0,1.2,9.27,31.931668856767416,35.0487138026659,42.5560807562928,30.953870419179857,37.05197132380608,72.6336153648929,54.70012985980442,30.9964005545423,5.948384712512701,35.3344932189542,28.345880729719056,47.274228499563904,19.18642251122579,19.132838390922842,28.343149473736926
21010,부산,중구,부산 중구,2022,18.77,4.0,1255.0,91.0,23.39,4.0,39689.0,1.3,9.76,35.2168199737188,19.769749856979104,0.0,0.0,0.0,69.77833717921824,40.52155937773302,16.423765631239714,32.6260355394044,14.812004617861465,33.28349529689767,22.059979311390254,24.361834362754202,31.715135241653503,28.306460409149608
22030,대구,서구,대구 서구,2022,19.81,17.0,5173.0,479.0,12.46,21.0,159827.0,0.8,9.61,18.7910643889619,48.78489765137053,42.5560807562928,43.57312455887888,35.66743240980107,70.65240192993497,33.631039143455325,51.867790714099826,11.588032398139879,48.46400219117377,20.70999291657946,45.6113003671265,28.166174031995293,18.63573390243798,27.574104333488517
34570,충남,예산군,충남 예산군,2022,16.06,24.0,2720.0,359.0,10.63,25.0,77385.0,0.9,7.99,22.07621550591327,35.61381467357671,53.46987279353085,35.95745556964326,40.87066547825538,80.09230123767568,58.476664988206615,33.413160924353676,8.065658587662838,38.524830172800634,21.32839188494205,53.52773151803175,21.917836575936043,16.774851934543424,27.35043644448243
32070,강원,삼척시,강원 삼척시,2022,16.08,18.0,2471.0,282.0,13.15,17.0,63455.0,1.1,16.46,28.64651773981604,33.64686413274522,44.35233982368923,29.586655139321454,29.417142866724653,30.736778313870815,58.34415498370128,28.36348705479827,12.9161405561886,34.20294614754994,26.786995801564846,38.49588983909133,22.52300717304144,21.29259817140465,27.211654543042826
21020,부산,서구,부산 서구,2022,20.37,11.0,3747.0,304.0,12.4,10.0,105192.0,1.1,10.72,28.64651773981604,42.176803243470715,29.085435144391024,31.568517033777542,14.077979278694253,64.18432277463114,29.920759017305798,41.22435993971346,11.472544732222598,39.2727966325276,27.423450339042493,34.641929537514116,23.837457756812693,21.30273448932106,27.085499851160176
37070,경북,영천시,경북 영천시,2022,17.48,18.0,3343.0,345.0,13.46,22.0,101088.0,0.8,9.74,18.7910643889619,39.83924562562257,44.35233982368923,34.907416335416904,37.05197132380608,69.89487914598047,49.068454668327455,40.21178875546249,13.512826830094546,40.853627404187876,20.104146878797863,46.94778451002457,25.866906177364815,18.661598756536744,26.941997889419415
31570,경기,가평군,경기 가평군,2022,17.51,13.0,2311.0,234.0,16.76,14.0,62150.0,0.9,9.34,22.07621550591327,32.27544542695362,34.20673692168918,24.666436223533392,23.738373890107436,72.2257184812251,48.86968966156944,27.834756350700708,19.864648455544952,31.329497003024855,22.76440344046206,40.78779415229621,24.976532880714473,22.081308611778933,26.924227228389952
33590,충북,증평군,충북 증평군,2022,19.63,4.0,2035.0,147.0,13.91,5.0,37262.0,1.5,10.37,41.78712220762156,29.669993092052984,0.0,12.426252057017756,0.0,66.2238071929702,34.823629184003394,14.818264873344011,14.378984324474144,19.280476008029694,36.46418861359259,23.31605028964916,16.06517972787298,25.674515779543192,26.678622135452997
31080,경기,동두천시,경기 동두천시,2022,21.45,11.0,4416.0,309.0,13.1,16.0,91546.0,1.0,12.48,25.361366622864658,45.542878930391986,29.085435144391024,31.998973973609246,27.636829924170236,53.92862969955481,22.76521877401744,37.6890064900884,12.819900834590864,39.89522844110072,25.49829798537632,33.3011247056205,24.721415733055736,20.94432664475332,26.295986112176386
35580,전북,부안군,전북 부안군,2022,12.8,22.0,1758.0,274.0,7.87,24.0,50094.0,1.0,6.08,25.361366622864658,26.672761627131425,50.699710621479035,28.827534493524443,39.64905804459703,91.22205906346875,80.07579572257706,22.34778044598163,2.753225955467955,30.180657071656007,22.101285023181827,57.55375541157564,15.27096472997881,14.304916305501518,26.23228904399975
34070,충남,계룡시,충남 계룡시,2022,22.85,5.0,2793.0,194.0,15.97,8.0,44475.0,1.3,12.42,35.2168199737188,36.15641738591144,6.057214369050993,19.727036059907228,7.827689735617844,54.27825559984151,13.489518458643616,19.320622218259636,18.34406085430076,25.08583823224381,32.779865847025356,20.87091016082671,20.824331716691752,25.934003980021707,26.166284649395415
37620,경북,울진군,경북 울진군,2022,15.56,13.0,1816.0,224.0,10.63,16.0,47030.0,1.1,7.41,28.64651773981604,27.33764859593287,34.20673692168918,23.515275792608673,27.636829924170236,83.47201827378039,61.7894151008401,20.7418762825726,8.065658587662838,26.73273456707605,25.428501952604744,45.91797749603964,16.435597076955943,18.00257104352776,26.014893687944873
32560,강원,철원군,강원 철원군,2022,15.7,16.0,1893.0,225.0,8.59,11.0,42256.0,1.2,7.8,31.931668856767416,28.1882798950121,40.6571239257806,23.632670745591582,16.78812237395022,81.19944992191688,60.86184506930273,18.018385451974744,4.139077946475315,27.631080368254594,27.388441324048067,44.97006982589048,14.682619059938116,17.34529080228111,25.998080480480294
38530,경남,창녕군,경남 창녕군,2022,15.37,17.0,2134.0,257.0,11.9,18.0,58372.0,0.9,7.79,22.07621550591327,30.643089414412493,42.5560807562928,27.1382830409529,31.101174443684737,81.257720905298,63.04826014364085,26.239050053675406,10.510147516245265,31.70447587456743,21.197992698312994,48.822159287837266,20.100664600497986,17.292647669917038,25.911947451839534
35570,전북,고창군,전북 고창군,2022,13.56,21.0,1900.0,312.0,8.52,22.0,52338.0,0.9,6.59,22.07621550591327,28.263887590914077,49.22290305298078,32.253927968475566,37.05197132380608,88.25023891103186,75.04041555137412,23.46276909009196,4.004342336238488,31.015355133080785,19.984201738962135,56.12398919376716,16.296871471925858,13.838151407953418,25.366802260271015
34580,충남,태안군,충남 태안군,2022,14.14,19.0,2074.0,297.0,10.84,19.0,61335.0,0.8,7.09,18.7910643889619,30.058867542548445,46.056441550680056,30.953870419179857,32.69880652843981,85.33668974197609,71.19762542071925,27.498891226091317,8.469865418373317,32.490389449237625,18.369664858732268,53.16143992673601,19.400677327596718,15.059386924936302,25.19562459204916
36600,전남,해남군,전남 해남군,2022,14.72,20.0,2507.0,331.0,7.7,20.0,65831.0,0.9,7.45,22.07621550591327,33.943183456772125,47.67738253359097,33.81400056262857,34.218473623881266,83.23893434025592,67.35483529006439,29.298805187435335,2.426010902035662,35.29670979133486,20.315381610417518,53.24050161702159,17.28550171894844,13.599619878763507,25.180261517567637
34540,충남,서천군,충남 서천군,2022,13.54,18.0,1641.0,264.0,9.66,18.0,49964.0,0.9,6.07,22.07621550591327,25.26207712840251,44.35233982368923,27.84695874317012,31.101174443684737,91.28033004684987,75.17292555587947,22.28166463435374,6.19860798866681,28.186005919245225,20.013160540575225,53.78803493762896,16.23913349696923,14.611963090866379,24.99031439746592
38560,경남,하동군,경남 하동군,2022,11.59,16.0,1208.0,219.0,13.03,15.0,42465.0,0.8,5.53,18.7910643889619,18.98809897424191,40.6571239257806,22.92036269999402,25.748555012282594,94.42696314943011,88.09265099515014,18.143921391449375,12.685165224354037,23.068650689711887,17.894882972798722,54.227721540913066,17.56176126953857,16.021513505354058,24.80815997654483
38580,경남,함양군,경남 함양군,2022,13.41,13.0,1311.0,184.0,9.84,12.0,37708.0,1.1,7.25,28.64651773981604,20.663757258169916,34.20673692168918,18.33342385054818,19.281212347148557,84.40435400787824,76.03424058516418,15.121000212901443,6.54507098641865,21.709526077293226,24.533024678641823,46.40460411765565,13.421364218268376,16.570491817307694,24.7106567089209
34530,충남,부여군,충남 부여군,2022,12.99,24.0,2085.0,332.0,9.36,26.0,62343.0,0.7,7.01,15.505913272010513,30.167229098442387,53.46987279353085,33.89361721967653,42.0461633594991,85.80285760902501,78.81695067977631,27.913647445490895,5.621169659080408,34.15168334157463,15.489333312714184,58.39826502531043,18.659123528359423,12.510944566289147,24.58618906509573
31550,경기,연천군,경기 연천군,2022,14.77,13.0,1679.0,203.0,14.48,13.0,42062.0,0.8,7.48,18.7910643889619,25.730979212357592,34.20673692168918,20.921487618246438,21.589453131106815,83.06412139011258,67.02356027880106,17.901302373218442,15.476117150688307,25.077227702482165,18.98781378556043,45.32767359234819,19.763929323501774,17.87513729404639,24.342870826001057
36610,전남,영암군,전남 영암군,2022,14.86,16.0,2284.0,271.0,10.79,15.0,52395.0,0.9,13.06,22.07621550591327,32.034691430244095,40.6571239257806,28.537156607482082,25.748555012282594,50.54891266345011,66.42726525852702,23.490464340552926,8.373625696775582,31.195909802444046,21.016674626975703,42.52323277326445,18.60171446293639,16.22936347679976,24.02851064534819
32520,강원,횡성군,강원 횡성군,2022,13.88,16.0,1498.0,197.0,11.36,14.0,46532.0,0.9,9.51,22.07621550591327,23.394632747361726,40.6571239257806,20.131204498557338,23.738373890107436,71.23511176374613,72.92025547928867,20.471015019577884,9.470758522989744,25.970045664710348,20.31723868261959,45.55605544191853,17.024208382631446,16.027016081750922,23.866621058325094
23510,인천,강화군,인천 강화군,2022,15.08,20.0,2219.0,299.0,12.51,19.0,69803.0,0.6,7.87,12.220762155059132,31.443227925821027,47.67738253359097,31.130944781844295,32.69880652843981,80.79155303824908,64.96965520896828,30.789472380523215,11.68427211973761,34.493932183785674,14.062535226837092,51.37527533088871,22.101154361457475,14.435936009545332,23.864466200500374
32530,강원,영월군,강원 영월군,2022,12.91,13.0,1198.0,186.0,11.6,14.0,37728.0,0.9,7.78,22.07621550591327,18.81787322078851,34.20673692168918,18.61807732992658,23.738373890107436,81.31599188867911,79.34699069779768,15.13449176999098,9.932709186658863,20.790631525729385,19.928855329512633,47.18921931763096,14.917412154487643,15.678487703260066,23.397190172817613
36660,전남,완도군,전남 완도군,2022,13.24,21.0,2030.0,293.0,6.49,24.0,47597.0,0.8,6.22,18.7910643889619,29.619599501639016,49.22290305298078,30.596128238340615,39.64905804459703,90.40626529613314,77.16057562345956,21.046796514308912,0.0970096393705148,30.96841931570834,17.0698096877909,56.95433956078941,14.056584984426001,10.677345965339029,23.371923321546177
36650,전남,장성군,전남 장성군,2022,15.22,13.0,1787.0,235.0,11.23,15.0,43146.0,0.8,7.26,18.7910643889619,27.007901219975373,34.20673692168918,24.77884623751007,25.748555012282594,84.34608302449712,64.04208517743089,18.54871979560336,9.220535246835638,25.909913933006532,18.177168700744307,46.575975835943346,16.675856291264097,14.817150130454241,23.010364956888175
36550,전남,고흥군,전남 고흥군,2022,12.5,17.0,1654.0,258.0,6.33,19.0,61880.0,0.8,5.92,18.7910643889619,25.42370114928368,42.5560807562928,27.240691364078845,32.69880652843981,92.15439479756661,82.06344579015715,27.72397849892337,0.0,29.54026027557741,16.635668406649792,55.069778089089,13.498945080324521,10.342675965373575,22.609313705252355
32540,강원,평창군,강원 평창군,2022,12.76,18.0,1312.0,213.0,11.04,15.0,40990.0,0.7,6.12,15.505913272010513,20.67937254494104,44.35233982368923,22.18835702489605,25.748555012282594,90.9889751299443,80.34081573158772,17.24443062031892,8.854824304764248,24.383483423304043,15.025595854216625,52.54579864511066,16.027926452025305,13.016175401579595,22.54505424473
38550,경남,남해군,경남 남해군,2022,13.93,13.0,1223.0,184.0,8.95,11.0,41579.0,1.0,8.64,25.361366622864658,19.240815652099837,34.20673692168918,18.33342385054818,16.78812237395022,76.30468731790317,72.58898046802534,17.60743958669663,4.832003941978994,21.743987086396743,21.669907123655324,43.721655260253115,12.567554928681828,14.411288180822584,22.541022237016104
33540,충북,영동군,충북 영동군,2022,13.91,14.0,1518.0,219.0,7.58,13.0,44956.0,1.0,12.82,25.361366622864658,23.666274403068595,36.49886638724182,22.92036269999402,21.589453131106815,51.947416264596875,72.72149047253066,19.594321526788626,2.1950355702011017,25.01120693701925,21.716907742985516,41.2020632695384,12.529559311966802,13.506150217858163,21.93732428580677
21040,부산,영도구,부산 영도구,2022,18.21,14.0,3578.0,323.0,10.18,12.0,108156.0,0.7,14.12,15.505913272010513,41.2311829180536,36.49886638724182,33.16829736820658,19.281212347148557,44.372188425051874,44.23183950388253,41.93138650257438,7.199501093283235,40.49478068724748,16.83247840980573,36.204835057359176,22.14555679902684,14.257898107406023,21.914652520851757
21030,부산,동구,부산 동구,2022,19.71,6.0,2509.0,187.0,16.3,8.0,86462.0,0.7,10.09,15.505913272010513,33.95952069390315,11.178516146349155,18.75926443000297,7.827689735617844,67.85539472764142,34.29358916598201,36.23521707853434,18.9792430168458,30.086028699781707,17.87227347592507,28.529469575837936,23.78362197446089,19.1464150900277,21.88334521611164
36580,전남,장흥군,전남 장흥군,2022,12.76,14.0,1325.0,198.0,6.97,15.0,35650.0,0.9,6.06,22.07621550591327,20.881295980207167,36.49886638724182,20.264567594287023,25.748555012282594,91.33860103023099,80.34081573158772,13.69301979682229,1.0209109667087541,21.848327206598633,18.798427872461986,50.56408178022625,10.441599835978774,11.322772749975872,21.807832878503355
33520,충북,보은군,충북 보은군,2022,11.96,14.0,993.0,182.0,9.95,16.0,31455.0,0.8,5.73,18.7910643889619,14.974927015617428,36.49886638724182,18.045676251011493,27.636829924170236,93.26154348180779,85.64121591180134,10.507699980491688,6.756798373933662,17.939546779404584,16.604310749373216,51.7372687075486,11.937266144584934,12.45762472725113,21.75360164515499
37580,경북,성주군,경북 성주군,2022,12.17,12.0,1021.0,180.0,12.12,15.0,42566.0,0.7,6.12,15.505913272010513,15.544270929205705,31.74467000165925,17.75476652664475,25.748555012282594,90.9889751299443,84.24986086449528,18.204365825015824,10.933602291275289,19.582379212439452,14.823902390619748,49.69767608272334,15.027457319960849,13.492830595250352,21.667792670921795
22040,대구,남구,대구 남구,2022,21.15,11.0,4038.0,361.0,11.08,11.0,141519.0,0.7,15.76,15.505913272010513,43.7093169028222,29.085435144391024,36.10411809720976,16.78812237395022,34.81574715054893,24.752868841597547,48.77229639913351,8.931816082042438,42.30343440002936,17.34013905659647,29.275058107702478,23.87875019999691,15.378017687012624,21.367442894624226
32550,강원,정선군,강원 정선군,2022,11.78,16.0,1231.0,201.0,13.22,15.0,34931.0,0.5,5.71,8.935611038107753,19.3743344493743,40.6571239257806,20.660672518249644,25.748555012282594,93.37808544857003,86.83380595234941,13.174618552825605,13.050876166425427,21.77097757569095,10.59677314848206,53.20125444674481,17.094753956910743,12.43040632602654,21.2011667040227
36590,전남,강진군,전남 강진군,2022,12.39,14.0,1156.0,203.0,7.8,14.0,33177.0,0.8,5.65,18.7910643889619,18.08707199463688,36.49886638724182,20.921487618246438,23.738373890107436,93.72771134885672,82.79225081493652,11.863816906008125,2.618490345231128,19.90245434656924,16.294779042969783,51.39489369828475,10.487043263429896,10.636917631830272,20.926666948939914
38600,경남,합천군,경남 합천군,2022,11.08,17.0,1004.0,202.0,7.98,15.0,42142.0,0.7,5.23,15.505913272010513,15.20048776340383,42.5560807562928,20.79140127040919,25.748555012282594,96.17509265086358,91.4716561100363,17.949649349257676,2.964953342982969,21.496354837737776,13.594226731795713,55.10069947288323,11.61887736933933,9.577678641342795,20.789360853805984
34510,충남,금산군,충남 금산군,2022,14.16,16.0,1842.0,259.0,10.88,16.0,50092.0,0.7,17.2,15.505913272010513,27.628840180210805,40.6571239257806,27.34270504914285,27.636829924170236,26.424725543668288,71.06511541621393,22.34676457975016,8.546857195651505,28.64987424918657,15.674347551376691,38.61059372804382,17.644266573191075,13.475213780145033,20.546120843503275
35560,전북,순창군,전북 순창군,2022,11.39,15.0,897.0,195.0,7.68,15.0,26727.0,0.8,5.53,18.7910643889619,12.89330212691325,38.643010307829265,19.862445657011225,25.748555012282594,94.42696314943011,89.41775104020353,6.363365763427955,2.3875150133965675,16.084262854050863,15.740755756422235,53.325439565587786,8.710599578047884,10.012598069607098,20.501897140336084
36530,전남,구례군,전남 구례군,2022,12.56,10.0,856.0,142.0,7.06,12.0,24655.0,1.0,6.0,25.361366622864658,11.935523779472188,26.194682277640744,11.516453978056926,19.281212347148557,91.68822693051769,81.66591577664113,4.310220710796176,1.194142465584674,12.499764558503095,20.393698714933414,45.68106034354643,6.309884446349509,11.56128188737377,20.294177144279022
32590,강원,인제군,강원 인제군,2022,13.92,13.0,1439.0,198.0,8.03,13.0,32206.0,0.7,6.91,15.505913272010513,22.571651333890593,34.20673692168918,20.264567594287023,21.589453131106815,86.38556744283616,72.655235470278,11.108037129898886,3.0611930645807006,21.459584190252798,14.345779047084047,46.954067835198444,11.284865713951255,9.937036953237957,19.44136743374162
36560,전남,보성군,전남 보성군,2022,11.95,17.0,1157.0,218.0,7.02,17.0,38471.0,0.6,5.44,12.220762155059132,18.10477831357458,42.5560807562928,22.79975876240031,29.417142866724653,94.95140199986015,85.70747091405401,15.63070020477566,1.1171506883064872,22.252815369478547,11.14362205089778,54.75550185465018,10.835601647629113,7.588154013500528,19.308614205867823
23020,인천,동구,인천 동구,2022,19.19,8.0,3317.0,249.0,11.5,12.0,58999.0,0.7,17.15,15.505913272010513,39.67927134139647,19.527859980952787,26.30443399404533,19.281212347148557,26.71608046057385,37.73884928312087,26.510897778350266,9.740229743463397,31.698477000393872,17.05839654966704,26.26484829551312,19.222401292031982,14.821638878850507,19.28526433148238
33530,충북,옥천군,충북 옥천군,2022,15.19,12.0,1919.0,239.0,10.67,17.0,49520.0,0.5,9.62,8.935611038107753,28.467713502741038,31.74467000165925,25.223772988313875,29.417142866724653,70.59413094655386,64.2408501841889,22.054549477014664,8.142650364941023,27.19915559480677,10.769877183596073,44.03444490356757,16.654649822983895,10.733063692974978,19.115926496872753
36670,전남,진도군,전남 진도군,2022,12.59,10.0,1059.0,173.0,8.51,14.0,29507.0,0.7,5.81,15.505913272010513,16.2924927233022,26.194682277640744,16.71064454467749,23.738373890107436,92.79537561475888,81.46715076988312,8.881081860958034,3.985094391918942,16.04950737546666,13.856448385125946,47.82985895214204,9.401930967123638,9.733296874803148,18.855660382249017
32580,강원,양구군,강원 양구군,2022,14.01,10.0,981.0,144.0,9.54,10.0,21383.0,0.8,6.92,18.7910643889619,14.725996065991534,26.194682277640744,11.884133756878523,14.077979278694253,86.32729645945506,72.05894045000397,0.6875155321360601,5.967632656832247,12.808189148164734,16.461042796845415,41.998914168443726,8.949992732040528,11.661691738120073,18.819511561392705
32610,강원,양양군,강원 양양군,2022,12.2,13.0,903.0,148.0,12.72,14.0,27866.0,0.5,6.71,8.935611038107753,13.029784737137822,34.20673692168918,12.604518848614843,23.738373890107436,87.55098711045848,84.05109585773727,7.4251984996480465,12.088478950448092,15.583799302801161,9.81795859486181,47.87364977364682,13.789073837290143,11.208308005681259,18.730160975625864
32570,강원,화천군,강원 화천군,2022,11.86,13.0,1037.0,170.0,6.84,13.0,23388.0,0.7,5.98,15.505913272010513,15.862647240505135,34.20673692168918,16.25024131374017,21.589453131106815,91.80476889727991,86.30376593432804,2.9679152480405335,0.7706876905546476,15.663045579002564,13.331302831641596,49.76403264876049,7.462268657281081,8.054732406107087,18.27110967861899
37550,경북,영덕군,경북 영덕군,2022,13.26,9.0,1042.0,137.0,8.63,11.0,34650.0,0.7,6.36,15.505913272010513,15.96113403692322,23.02822077534004,10.57427202488129,16.78812237395022,89.59047152879752,77.02806561895423,12.969111009654174,4.216069723753503,16.47694447642587,13.857958816263231,43.09113794693121,9.7592538844312,9.86849189411002,18.02389810898419
33580,충북,단양군,충북 단양군,2022,12.33,10.0,823.0,152.0,12.69,11.0,27767.0,0.5,5.69,8.935611038107753,11.130736178557347,26.194682277640744,13.305818629010812,16.78812237395022,93.49462741533226,83.18978082845254,7.334644049860441,12.03073511748945,13.004697759764955,9.619392164059967,46.42049111763035,12.562716385573808,10.904860830987362,17.97601646786459
38510,경남,의령군,경남 의령군,2022,11.1,13.0,685.0,141.0,7.96,10.0,26061.0,0.7,5.33,15.505913272010513,7.374136619978342,34.20673692168918,11.330681155924896,14.077979278694253,95.59238281705242,91.33914610553097,5.721317248698799,2.926457454343875,12.244810868936646,12.805817234157299,49.17202034963988,7.363250203358538,8.531656256602787,17.952374191106614
35530,전북,무주군,전북 무주군,2022,13.42,10.0,861.0,125.0,7.86,9.0,23489.0,0.8,6.22,18.7910643889619,12.054750775949218,26.194682277640744,8.166019942043903,11.109353397333004,90.40626529613314,75.96798558291151,3.0775544693333483,2.733978011148409,12.189578184302762,15.708870070988608,42.22169462644801,6.995739459485546,9.860688258319078,17.77404625221988
36510,전남,담양군,전남 담양군,2022,14.35,14.0,1431.0,211.0,10.73,15.0,45792.0,0.4,8.8,5.650459921156373,22.457472415207498,36.49886638724182,21.9397869496397,25.748555012282594,75.37235158380533,69.80627037341318,20.063128610093845,8.258138030858305,24.547448068080264,7.722312887016775,45.68272765814438,15.692826330251824,9.105428703846567,17.766164361829667
38570,경남,산청군,경남 산청군,2022,12.17,13.0,877.0,170.0,7.82,11.0,34028.0,0.6,5.78,12.220762155059132,12.431682096982783,34.20673692168918,16.25024131374017,16.78812237395022,92.97018856490222,84.24986086449528,12.508224275610338,2.656986233870222,16.809655715512328,10.80728776107316,48.866135954744905,9.244586181535647,7.720276989621505,17.558667329163345
37570,경북,고령군,경북 고령군,2022,13.88,9.0,960.0,139.0,10.7,8.0,30353.0,0.6,6.75,12.220762155059132,14.282956353503948,23.02822077534004,10.955178143480559,7.827689735617844,87.31790317693401,72.92025547928867,9.600315997755683,8.200394197899662,14.627217131146686,11.823926381329693,40.566223882525364,11.109677556742962,10.448552793441172,17.19280101900511
37560,경북,청도군,경북 청도군,2022,15.11,11.0,996.0,150.0,8.91,14.0,41614.0,0.6,7.46,12.220762155059132,15.03669018509884,29.085435144391024,12.957490991418846,23.738373890107436,83.18066335687482,64.77089020221027,17.628848423884687,4.755012164700809,18.624086648593032,11.382492459509354,42.207526572066044,11.175465505627018,9.031820313244014,17.173323304512923
35550,전북,임실군,전북 임실군,2022,9.62,15.0,787.0,168.0,8.31,14.0,26508.0,0.5,7.06,8.935611038107753,10.21517170999776,38.643010307829265,15.938796327205784,23.738373890107436,85.51150269211944,100.0,6.15402431441904,3.60013550552801,14.682395210890444,8.263245775409793,52.376357765307304,8.81051354798574,6.71324734683756,17.02391628247805
37520,경북,의성군,경북 의성군,2022,11.74,16.0,999.0,194.0,8.24,16.0,50186.0,0.3,5.05,2.365308804204992,15.098267786440408,40.6571239257806,19.727036059907228,27.636829924170236,97.22397035172365,87.09882596136008,22.39446650318932,3.465399895291182,22.39889862933312,3.803618366091462,54.07326755137521,12.350505867754691,4.9672750265608485,16.418442339700597
36630,전남,함평군,전남 함평군,2022,12.75,11.0,880.0,153.0,7.58,11.0,30784.0,0.5,5.69,8.935611038107753,12.501591418532165,29.085435144391024,13.478278642959673,16.78812237395022,93.49462741533226,80.4070707338404,9.95906307289402,2.1950355702011017,15.055601660012494,8.281122755964198,46.48521467554519,8.109990822690245,6.125322450956021,15.588255203589265
36680,전남,신안군,전남 신안군,2022,8.61,19.0,874.0,219.0,6.69,21.0,37858.0,0.2,3.77,0.0,12.36153349605696,46.056441550680056,22.92036269999402,35.66743240980107,100.0,100.0,15.22201294943585,0.4819685257614486,19.958658942995246,1.3084486284699135,60.29149384660468,9.62633548586357,2.2668636211309994,15.572775714230508
32600,강원,고성군,강원 고성군,2022,11.46,13.0,1041.0,170.0,7.79,11.0,27274.0,0.4,7.35,5.650459921156373,15.941474502662153,34.20673692168918,16.25024131374017,16.78812237395022,83.82164417406709,88.95396602443483,6.878839482940462,2.599242400911582,16.87573648055105,6.221878751270232,47.977248108565796,9.07037783564379,5.3812308913007385,15.280726013858573
34550,충남,청양군,충남 청양군,2022,12.26,12.0,886.0,150.0,9.71,12.0,30266.0,0.4,9.44,5.650459921156373,12.640698714300184,31.74467000165925,12.957490991418846,19.281212347148557,71.64300864741394,83.65356584422123,9.527283073520849,6.294847710264545,15.527468279538198,6.446141968836979,43.53980349858588,10.59386544469959,7.015347499716018,15.111860770964924
37610,경북,봉화군,경북 봉화군,2022,11.9,14.0,883.0,166.0,6.52,16.0,30139.0,0.4,5.73,5.650459921156373,12.571263087538442,36.49886638724182,15.623643575195365,27.636829924170236,93.26154348180779,86.03874592531736,9.420294024197988,0.15475347232915357,16.411493028476983,5.518184270470497,51.211266541297775,7.662297769642603,3.9626005159968427,15.056408061069998
35540,전북,장수군,전북 장수군,2022,12.23,8.0,805.0,132.0,7.01,8.0,21336.0,0.6,5.31,12.220762155059132,10.678066081573188,19.527859980952787,9.59731545814248,7.827689735617844,95.70892478381465,83.85233085097924,0.6315296070482862,1.0979027439869409,9.434063919091638,10.39806363604971,43.39130544802764,4.786975164659977,6.30134405311928,14.877832867009802
35520,전북,진안군,전북 진안군,2022,10.16,13.0,771.0,162.0,6.42,12.0,24550.0,0.4,4.5,5.650459921156373,9.794745420905876,34.20673692168918,14.981854117994327,19.281212347148557,100.0,97.56711631728196,4.2016318428655035,0.0,12.999209647650424,5.217319482957867,52.992416029365096,6.0098675527799195,3.5101398743959216,14.768161628378664
36520,전남,곡성군,전남 곡성군,2022,13.54,8.0,835.0,130.0,8.29,8.0,27060.0,0.7,13.48,15.505913272010513,11.427055502584233,19.527859980952787,9.19620901920827,7.827689735617844,48.10153136144325,75.17292555587947,6.678415083853355,3.5616396168889133,11.622624272638681,13.306386446799644,32.03366909479985,7.198861150479031,8.979596261882795,14.753489017768489
33560,충북,괴산군,충북 괴산군,2022,11.6,14.0,992.0,180.0,7.52,15.0,37055.0,0.4,13.27,5.650459921156373,14.954297861489604,36.49886638724182,17.75476652664475,25.748555012282594,49.32522201244668,88.02639599289746,14.676524410472142,2.0795479042838205,19.17987953133481,6.045206912658814,43.07107176202077,9.985976219949025,5.248341655821098,14.459169332507221
37530,경북,청송군,경북 청송군,2022,10.75,8.0,582.0,108.0,6.77,8.0,24295.0,0.5,4.54,8.935611038107753,4.039785791468464,19.527859980952787,4.329251289217968,7.827689735617844,100.0,93.65807118437442,3.935970437930166,0.6359520803178204,7.10625602330384,7.201079669775335,44.89365251571262,3.7009123662532977,4.378259917936899,13.362982035559382
37540,경북,영양군,경북 영양군,2022,10.86,6.0,450.0,93.0,6.02,7.0,16022.0,0.5,4.98,8.935611038107753,0.0,11.178516146349155,0.4099128594379581,4.159101881175772,97.63186723539147,92.92926615959504,0.0,0.0,2.235703229269831,6.701708278580815,41.07427340530299,1.1178516146349156,3.5185318814856448,11.560389632739266
23520,인천,옹진군,인천 옹진군,2022,9.65,6.0,557.0,94.0,8.37,9.0,20613.0,0.2,4.66,0.0,3.1415235846154173,11.178516146349155,0.6900479446118143,11.109353397333004,99.49653870358716,100.0,0.0,3.715623171445287,3.80646502157754,0.8714958341783349,43.973925965740165,3.7897490758529075,2.304678388472954,10.506423072400231
37630,경북,울릉군,경북 울릉군,2022,11.06,4.0,253.0,44.0,11.59,6.0,8996.0,0.1,5.53,0.0,0.0,0.0,0.0,0.0,94.42696314943011,91.60416611454164,0.0,9.913461242339316,0.0,1.4870191863508975,37.206225852794354,5.452403683286624,5.0310815804872036,10.214535953103296
37310,경북,(구)군위군,경북 (구)군위군,2022,11.24,7.0,440.0,87.0,6.5,8.0,23340.0,0.3,5.27,2.365308804204992,0.0,15.614789532489231,0.0,7.827689735617844,95.94200871733912,90.41157607399359,2.9156434012016192,0.11625758369006106,3.9976509268583325,1.7914202407072533,41.56782832510707,2.0627671344586997,1.2458153448139528,9.734033957189498
11230,서울,강남구,서울 강남구,2023,24.82,33.0,25205.0,1723.0,60.37,37.0,544873.0,4.8,12.84,100.0,81.25270987333558,62.72017139764715,77.19492942528807,52.17135446902805,48.11261489292924,0.0,83.191124420201,100.0,78.12772654225752,98.12527098733355,49.290992784791506,90.00122777746199,97.56281966028607,85.97119624497634
29000,세종,세종시,세종 세종시,2023,20.31,53.0,32614.0,2503.0,57.19,65.0,386525.0,2.7,13.03,81.91454123882087,86.61124205365427,78.25579915663234,87.0476741902127,69.56793194691394,46.953774465256146,28.904588521125376,74.47773213642053,96.61384725196291,81.30010049907976,84.58910722227552,63.019940768193045,89.45710413543677,89.52796576964029,82.32268069648286
11220,서울,서초구,서울 서초구,2023,24.93,24.0,20641.0,1363.0,57.29,24.0,407664.0,3.0,10.48,91.85160649221604,77.09892650260969,52.394350054297,71.01190757051499,38.97711191531365,62.50663283665839,0.0,75.82898118420103,96.8041874851297,71.77702761742455,91.11922564219245,46.57974025811688,85.27587060040314,92.23245903095209,80.70168542449844
31240,경기,화성시,경기 화성시,2023,24.36,103.0,70104.0,4432.0,61.08,178.0,944342.0,2.1,15.68,62.040410732030516,100.0,100.0,100.0,100.0,30.79100007928909,2.238624167923149,97.14691986435568,100.0,99.1440759593067,71.53030804902289,66.60592484944245,99.57203797965335,85.70095972145944,80.38357479594653
31020,경기,성남시,경기 성남시,2023,23.49,73.0,43296.0,2947.0,59.59,117.0,919747.0,2.2,15.53,65.35276581649558,92.50254519326285,88.83671781354809,91.35677236381163,87.87712701957918,31.70587410113629,7.966868362314742,96.47722302181258,100.0,92.96178306588482,73.26482888169798,61.722654199289614,96.85576427327928,86.16077908184089,79.34866702320572
31190,경기,용인시,경기 용인시,2023,24.7,103.0,64794.0,4163.0,47.91,158.0,1075566.0,2.0,17.42,58.728055647565455,100.0,100.0,100.0,97.2745101639258,20.178461425861656,0.0,100.0,78.9502736140852,100.0,65.88858277778687,63.6268688097612,88.42265048774686,73.84028472698527,72.90743158654591
35010,전북,전주시,전북 전주시,2023,22.5,75.0,37838.0,2703.0,23.95,111.0,642727.0,3.3,15.33,100.0,89.70063519047756,89.73227962568518,89.07614630443139,86.23266919788726,32.92570613026588,14.485215204208615,87.38259794415228,33.34475374732335,89.01155290362149,88.97177658114626,62.632577147822865,58.36035925331471,64.9106059901335,71.89586173412678
31010,경기,수원시,경기 수원시,2023,23.76,100.0,64369.0,4144.0,45.98,178.0,1197257.0,1.9,14.22,55.4157005631004,100.0,99.28244969870991,100.0,100.0,39.69577389193508,6.189137405434579,100.0,75.27670711396624,99.85648993974198,62.85328148942023,69.03347219921592,86.33043388255241,70.72305331698117,71.82198446113357
31230,경기,김포시,경기 김포시,2023,24.7,47.0,36154.0,2189.0,37.16,97.0,486172.0,2.4,14.47,71.97747598542568,88.75396556508184,74.30045899023655,83.51069903972062,82.02487818785656,38.1709838555231,0.0,80.29837862882232,58.48869854865574,83.32658816923492,71.6318083278758,55.67569505726057,69.39438000812403,66.69610565718601,67.20899961665101
26020,울산,남구,울산 남구,2023,22.12,31.0,15660.0,1070.0,26.54,43.0,307232.0,3.3,13.91,100.0,71.35644426555004,60.684300948165294,64.6281797647507,56.79106799570744,41.58651353708594,16.987206921299176,68.65131671946337,38.2745657863431,68.41047733824709,87.87682929450646,48.52730942185387,51.68842763833475,65.08777681822353,66.76863173085235
31100,경기,고양시,경기 고양시,2023,22.73,89.0,52516.0,3397.0,32.65,155.0,1074907.0,2.0,13.27,58.728055647565455,96.5169921343849,95.410129544247,95.1068335830047,96.67427060991788,45.489976030300625,12.970851796495879,100.0,49.90435403283371,97.34052197604186,61.18339405403764,69.05204046144756,71.29180609936023,58.75199185341465,65.35182087823134
38110,경남,창원시,경남 창원시,2023,21.99,112.0,56331.0,3944.0,31.17,193.0,1009038.0,2.0,14.01,58.728055647565455,97.97522165254675,100.0,99.04700806112353,100.0,40.97659752252116,17.843151456093338,98.82851891131928,47.087318581965285,98.63616649966916,60.906661688223565,71.52570181100378,70.31734738728815,57.48149445589285,65.30099763851236
22060,대구,수성구,대구 수성구,2023,23.46,34.0,22341.0,1488.0,28.6,45.0,407331.0,2.8,13.06,85.22689632328591,78.7446108815163,63.693618620166916,73.3265438735455,58.19181521513863,46.77079966088671,8.164394024190301,75.8082434368812,42.1955745895789,74.8535021958559,78.1239695190529,50.78617071170595,56.69708657812053,62.334998852597145,64.54216275034707
21120,부산,강서구,부산 강서구,2023,22.21,19.0,12556.0,816.0,42.73,22.0,142396.0,2.5,12.77,75.28983106989074,66.76304415736509,44.900837542357785,57.48208036004164,36.34962202248973,48.5395561031246,16.39462993567247,49.13658398627581,69.0906495360457,57.10266478303684,73.50727514856142,41.78996810961485,63.2130374284753,70.417320526168,63.872461177764926
31180,경기,하남시,경기 하남시,2023,24.35,24.0,21442.0,1306.0,51.5,38.0,329861.0,1.8,13.69,52.10334547863534,77.89058065942729,52.394350054297,69.88506485571034,52.989884224620084,42.92832876912851,2.304466055214988,70.45482122727532,85.7834879847728,70.56060670875563,59.73409037263515,44.9451778233487,78.5666927130315,71.67626988794278,63.72517788523563
31150,경기,시흥시,경기 시흥시,2023,23.42,49.0,33275.0,2100.0,39.98,80.0,519715.0,1.9,15.49,55.4157005631004,87.02846462209153,75.67132597204372,82.4155072639888,76.02133643479736,31.949840506962204,8.427761573357728,81.99149274226644,63.8562931239591,83.24594532813444,59.843065853128316,55.21686289168954,72.39251065114016,63.13011211762086,62.95649983364041
34010,충남,천안시,충남 천안시,2023,23.13,79.0,40461.0,2773.0,31.16,112.0,655959.0,2.1,17.41,62.040410732030516,91.09434185073718,91.45478937785121,89.75082352224688,86.51277436488795,20.23945302731815,10.337176304821611,87.8997390077324,47.06828455864861,90.20805050325855,62.69998491789389,59.820905777293106,66.43686466634915,57.78942175442633,62.586935382269985
38070,경남,김해시,경남 김해시,2023,22.86,60.0,33926.0,2338.0,28.24,88.0,533659.0,2.3,13.86,68.66512090096063,87.43135210559345,82.3490515403643,85.24824820001835,78.98932852263884,41.89147154436834,12.114907261701745,82.66338966933695,41.510349750178456,84.98450326167067,66.46852834880659,60.4315473976873,60.951376388153825,56.90559304518882,62.490477519042685
33040,충북,청주시,충북 청주시,2023,22.21,94.0,49219.0,3528.0,30.52,130.0,852189.0,1.9,15.05,55.4157005631004,95.16874350794686,97.2257921376244,96.10539385564192,91.17049186457716,34.63347097104729,16.39462993567247,94.54119266982818,45.85010706638117,95.39188798244678,57.95616583307716,67.35270085246589,68.15506570233569,55.248880245122336,62.42490824842572
31070,경기,평택시,경기 평택시,2023,23.09,64.0,34698.0,2280.0,45.83,113.0,591022.0,1.4,13.96,38.85392514077511,87.899221673196,84.481931911108,84.58541351127677,86.79041161288346,41.28155552980354,10.600543853989024,85.2542981328561,74.99119676421606,86.42228665867644,49.17904553753334,61.43772137873184,80.06134046599725,62.845642706141874,62.22526615168234
31040,경기,안양시,경기 안양시,2023,23.74,41.0,25882.0,1657.0,39.62,73.0,544660.0,1.9,17.14,55.4157005631004,81.80385319785988,69.81626415029896,76.16449142361267,73.17318789218716,21.886226266643078,6.320821180018314,83.18120213390591,63.17106828455867,79.81954006916152,59.21782098479509,49.62176335912332,70.56366493119504,62.30333413167234,60.95622594990222
37050,경북,구미시,경북 구미시,2023,21.98,52.0,27361.0,1874.0,27.57,99.0,405506.0,2.3,14.37,68.66512090096063,82.95937711625831,77.62808783906813,79.41132115097447,82.66149830061146,38.78089987008791,17.90899334338519,75.69428869634991,40.235070187961,79.71359273484775,65.83003891554046,59.11565124334358,57.83811611498951,55.673011440805006,60.93544240956317
39010,제주,제주시,제주 제주시,2023,23.61,69.0,30887.0,2175.0,33.32,75.0,491654.0,1.9,15.29,55.4157005631004,85.47992831940581,86.97059453791366,83.34140479813473,74.01354766167695,33.16967253609178,7.176765714812447,80.58292591185796,51.17963359505118,84.30896084084303,57.786713293523555,57.4007899065488,66.02928248172937,56.710620777289094,59.949198616855114
11240,서울,송파구,서울 송파구,2023,22.48,41.0,30806.0,2214.0,37.44,46.0,654166.0,1.7,12.41,48.79099039417029,85.42532573960419,69.81626415029896,83.81033584099494,58.86951066345245,50.735253755557856,14.616898978792321,87.83027809357445,59.021651201522744,83.02499912793422,53.98902304981655,56.81669393669643,69.70314143782441,58.107560661114896,59.5990350726891
31210,경기,이천시,경기 이천시,2023,22.11,31.0,12417.0,874.0,43.87,44.0,222098.0,1.8,14.18,52.10334547863534,66.53157578916262,60.684300948165294,59.29256239754731,57.499224175055495,39.93974029776099,17.053048808591058,60.416848897772965,71.26052819414707,63.52770275354626,56.41974591701483,46.983442236548626,67.63056309409589,63.29564229057327,58.63227451137785
23040,인천,연수구,인천 연수구,2023,23.66,33.0,25849.0,1597.0,30.95,49.0,392416.0,2.2,16.32,65.35276581649558,81.77732399520603,62.72017139764715,75.19149238079139,60.81930510796255,26.8875375860744,6.847556278353167,74.86158515039202,46.66857006899835,75.89117182225004,64.19259227224204,47.21182191380717,59.524433249313816,57.358960647667516,58.631053837243876
31130,경기,남양주시,경기 남양주시,2023,23.9,68.0,43753.0,2761.0,30.63,108.0,732265.0,1.7,14.28,48.79099039417029,92.72088065947702,86.487398032824,89.63638236570353,85.37709744461125,39.329824283196224,5.267350983348592,90.69234586429016,46.059481322864634,90.86562369559036,52.77425306000511,61.43257486799134,66.12948254239687,52.42736737436471,58.309704670048255
31050,경기,부천시,경기 부천시,2023,22.33,64.0,35480.0,2400.0,31.11,120.0,779968.0,1.7,15.1,48.79099039417029,88.36265709666847,84.481931911108,85.93886082115397,88.66825536144357,34.32851296376491,15.604527288170203,92.29390821471205,46.97311444206521,88.76588739496945,52.47547567160434,61.66794794211365,65.80002378578718,52.54833145839307,58.1490296650385
22010,대구,중구,대구 중구,2023,22.11,10.0,4710.0,333.0,28.63,12.0,89064.0,3.1,9.07,95.16396157668109,46.37660108287216,24.824527835543623,33.86937103075775,18.370827080764695,71.106448642022,17.053048808591058,37.22827973637756,42.25267665952892,39.321690029458075,82.34853278972737,33.81977187703548,40.58098712332634,62.04985129419776,58.13670217055649
11150,서울,양천구,서울 양천구,2023,23.28,30.0,21801.0,1495.0,25.3,38.0,436028.0,2.4,12.76,71.97747598542568,78.23584075496714,59.61812956809665,73.45035249671685,52.989884224620084,48.60054770458109,9.349547995443729,77.53592624821745,35.914346895074964,74.30232416556814,67.19384309882722,49.82471581149652,52.992260837326945,54.11578208828889,58.02178605231159
24050,광주,광산구,광주 광산구,2023,21.99,45.0,27234.0,1996.0,20.59,86.0,396741.0,2.4,14.7,71.97747598542568,82.86263544473488,72.87123999075276,81.07536457615701,78.27312442502429,36.76817702202408,17.843151456093338,75.13974809630275,26.949321912919356,78.54749014940882,66.31176882048065,57.506323501566925,49.952740354573315,50.0810581329481,57.83939834699845
38030,경남,진주시,경남 진주시,2023,21.3,46.0,19365.0,1451.0,19.03,51.0,341074.0,2.6,14.71,78.60218615435582,75.77205454589799,73.59345229291647,72.6623023711916,62.05521346606248,36.707185420567576,22.38624167923149,71.30312978694658,23.9800142755175,73.99565666761626,70.12584721168429,54.01123349125038,46.398233458047855,50.415663620980446,57.624217800137494
31060,경기,광명시,경기 광명시,2023,22.71,25.0,15015.0,1086.0,35.96,43.0,280197.0,2.0,11.89,58.728055647565455,70.48188609902112,53.71144348142208,65.0196266969135,56.79106799570744,53.90681703129479,13.1025355710796,66.31382680173702,56.20461575065432,65.87737978631608,59.52492270817436,48.917726090343784,60.32713425106686,58.48314700447622,57.528905258839764
23080,인천,서구,인천 서구,2023,23.35,50.0,37228.0,2337.0,31.96,84.0,624358.0,1.7,14.05,48.79099039417029,89.36267743946827,76.3363294397184,85.23695988735331,77.54026293370816,40.73263111669523,8.888654784400728,86.64675888488334,48.59100642398289,85.94263227314282,52.81816150317198,58.131802480057424,65.22823579778859,53.20016836964829,57.513226441183
31090,경기,안산시,경기 안산시,2023,22.39,55.0,30846.0,2056.0,37.18,84.0,629308.0,1.4,15.25,38.85392514077511,85.45230789608259,79.47708202597443,81.85680453042828,77.54026293370816,33.4136389419177,15.209475964419042,86.84715912896651,58.526766595289104,84.67571809192614,46.46468963448296,57.715279959125525,70.25496527856794,54.25495791737785,56.530980953764846
24030,광주,남구,광주 남구,2023,21.79,23.0,13398.0,888.0,13.98,40.0,209646.0,3.0,14.44,91.85160649221604,68.1126426892168,51.023483072489825,59.71158260443269,54.56579378390728,38.35395865989255,19.159989201930486,58.95263481411017,14.36783250059482,61.94680840333942,77.85514401317293,44.82025090555683,35.47007994253602,49.27682537317505,55.52149340856314
22070,대구,달서구,대구 달서구,2023,22.47,56.0,28582.0,2061.0,21.09,72.0,527781.0,2.1,15.2,62.040410732030516,83.86720019321982,80.0714617500097,81.92089225009522,72.74445170303578,33.71859694920009,14.682740866084188,82.38232187600863,27.901023078753283,82.66258900941443,59.102181530157864,57.086450731037964,52.48349718836054,47.18897342089666,55.31029066024875
21090,부산,해운대구,부산 해운대구,2023,22.37,32.0,18600.0,1244.0,29.55,34.0,380448.0,2.0,13.94,58.728055647565455,74.93396234736728,61.717661795361586,68.60216463648497,49.579898455260654,41.40353873271651,15.341159739002748,74.07557993756302,44.003806804663355,72.03318751402486,58.14000899111033,48.27999798082651,56.47198938220891,52.94213528451868,55.05310066188658
31200,경기,파주시,경기 파주시,2023,23.38,60.0,30659.0,2025.0,30.04,89.0,497753.0,1.6,13.97,45.47863530970523,85.32586446786283,82.3490515403643,81.45594976355976,79.3414173677044,41.220563928347076,8.691129122525169,80.89579424518934,44.9364739471806,83.40148081556107,49.3820340211423,58.71734896429291,62.14950785533673,49.74120907038487,54.972942939395296
24020,광주,서구,광주 서구,2023,21.04,30.0,14763.0,1102.0,17.03,51.0,283991.0,2.5,11.94,75.28983106989074,70.12994978905301,59.61812956809665,65.40535365149786,62.05521346606248,53.6018590240124,24.098130748819784,66.65513900778441,20.173209612181786,66.98514251048117,66.50634972315062,53.1232443009696,41.08133905248791,46.475999083712125,54.03081148564999
11140,서울,마포구,서울 마포구,2023,21.81,22.0,13364.0,1024.0,32.97,27.0,363697.0,2.0,17.69,58.728055647565455,68.05980960161939,49.59426407300603,63.469315189071764,42.54828281258949,18.531688186536712,19.028305427346766,72.93288920559084,50.51344277896742,65.82862437708816,58.429039112681146,39.68042275653426,57.29371523689519,55.48828181451344,53.99676933385391
11010,서울,종로구,서울 종로구,2023,19.68,13.0,4645.0,417.0,46.74,16.0,139417.0,1.8,15.37,52.10334547863534,46.08769174728574,32.92313019048098,39.7914468615493,26.824260905739212,32.681739724439964,33.05262742051238,48.60005164483327,76.72329288603382,44.20848740518905,55.194772216610154,33.70300031833487,61.997670202548846,63.75018914879924,53.934163373931575
37010,경북,포항시,경북 포항시,2023,21.13,66.0,26828.0,1919.0,25.39,114.0,493033.0,1.6,12.63,45.47863530970523,82.5503125036553,85.49963336062095,80.0373833506995,87.0656240504587,49.39343852351532,23.505553763193078,80.65400450031277,36.08565310492507,82.57128427404567,47.77685569838322,64.74891457470954,57.005235719548864,45.069191793847715,53.4829467342458
38100,경남,양산시,경남 양산시,2023,23.32,41.0,22743.0,1559.0,25.16,71.0,355122.0,1.9,13.36,55.4157005631004,79.11543990544693,69.81626415029896,74.55617779475358,72.30980172503322,44.941051617192315,9.086180446276302,72.32739874448548,35.64787056864146,75.21919240612891,54.820499998166206,54.2542139501969,53.260153020544905,47.87602765118935,53.409783658234225
26510,울산,울주군,울산 울주군,2023,20.87,31.0,12098.0,908.0,32.48,45.0,218997.0,1.8,12.06,52.10334547863534,65.99041573907279,60.684300948165294,60.298875320555744,58.19181521513863,52.86995980653464,25.217442832781344,60.06002975290868,49.58077563645017,63.150076985042055,53.11366702835131,51.55783182990599,55.54494430561498,52.24184663277546,53.40746595941358
25040,대전,유성구,대전 유성구,2023,21.01,38.0,22512.0,1706.0,28.69,75.0,366845.0,1.7,14.92,48.79099039417029,78.90316050525998,67.32760152349331,76.93333520117723,74.01354766167695,35.42636178998153,24.295656410695344,73.15159705216094,42.366880799429,74.86257967297692,50.83859096606806,55.745289894379894,56.78791625091142,48.76589120047089,53.29171905012322
36020,전남,여수시,전남 여수시,2023,19.56,48.0,13815.0,1172.0,26.87,68.0,271696.0,1.8,11.65,52.10334547863534,68.74993630757031,74.99288718603682,67.02962718137155,70.96867916634515,55.3706154662503,33.842730068014674,65.53198076641846,38.902688555793496,69.03313982091805,51.787906023102565,60.243955214355026,52.47555180076694,47.38122677619405,53.122520643820934
26040,울산,북구,울산 북구,2023,22.72,22.0,16302.0,1043.0,24.52,43.0,216477.0,2.2,12.99,65.35276581649558,72.19187448070365,49.59426407300603,63.954158839278186,56.79106799570744,47.19774087108206,13.03669368378776,59.76632261964709,34.42969307637403,63.944686840847154,61.39821577189815,46.47293963475084,47.299080888394116,49.8443625959391,52.959457912602815
21060,부산,동래구,부산 동래구,2023,23.48,23.0,14091.0,882.0,22.28,29.0,270815.0,2.3,13.24,68.66512090096063,69.16124926342665,51.023483072489825,59.53281633141364,44.722360223849,45.672950834670075,8.032710249606595,65.44955946424702,30.166071853438037,64.42018908548539,62.93987638007885,42.537386947784064,45.343371598962285,48.829569078587085,52.0608262212752
22510,대구,달성군,대구 달성군,2023,22.01,32.0,17980.0,1311.0,29.27,45.0,262084.0,1.7,12.1,48.79099039417029,74.22903607925349,61.717661795361586,69.9858581005982,58.19181521513863,52.62599340070873,17.711467681509603,64.61793042081221,43.47085415179635,68.84342952494272,50.53677452632252,52.63626138293633,54.61923274199668,48.67607112758948,51.9261623603075
31160,경기,군포시,경기 군포시,2023,22.51,27.0,12715.0,908.0,32.7,42.0,261229.0,1.7,12.8,48.79099039417029,67.02469607337137,56.2001061082277,60.298875320555744,56.06663094604052,48.35658129875515,14.419373316916733,64.53500710707839,49.999524149417105,64.11287139045474,50.79564102537742,47.279925616824926,56.20493917373821,51.32839484104543,51.72958032887531
35030,전북,익산시,전북 익산시,2023,18.72,60.0,13049.0,1209.0,15.27,75.0,270036.0,2.2,13.86,65.35276581649558,67.56383619718649,82.3490515403643,67.8494291901596,74.01354766167695,41.89147154436834,39.37344860053069,65.3764570288055,16.823221508446355,69.86466551530776,58.294441208357284,60.787183783844114,40.806912777440054,41.15638504875087,51.60695482628267
34040,충남,아산시,충남 아산시,2023,22.37,48.0,23740.0,1625.0,34.9,64.0,345796.0,1.3,18.02,35.541570056310064,80.00756712766542,74.99288718603682,75.65002507919723,69.08682910873364,16.518965338472896,15.341159739002748,71.6520533852789,54.18700927908638,76.49797701662375,42.784985646862054,50.646133088811844,64.05146525542611,49.96566585942517,51.38704070879364
31250,경기,광주시,경기 광주시,2023,24.22,33.0,21174.0,1358.0,36.65,45.0,391377.0,1.3,14.41,35.541570056310064,77.62904836970039,62.72017139764715,70.91496394791818,58.19181521513863,38.53693346426197,3.1604105900091497,74.79430504793181,57.51796335950513,73.79684997875917,43.04677688312835,47.341016359634,64.6518524186224,51.35245348018433,51.17559274265192
25030,대전,서구,대전 서구,2023,21.53,40.0,25038.0,1798.0,16.84,75.0,464634.0,2.0,14.93,58.728055647565455,81.11447962691783,69.00703034900249,78.31904414565976,74.01354766167695,35.36537018852505,20.871878271518767,79.14847835955548,19.811563169164888,78.10318939112605,55.12922417374061,55.73064894747575,45.892230457257824,41.38249376466669,50.888639209162314
11190,서울,영등포구,서울 영등포구,2023,21.36,23.0,13752.0,1074.0,37.43,39.0,374794.0,1.3,11.46,35.541570056310064,68.65489811804262,51.023483072489825,64.72658703161265,53.78768946529138,56.529455893923405,21.991190355480356,73.69560936358633,59.002617178206066,66.64082848259517,42.37205993076772,50.15862604207559,62.3391087834088,51.1878122952673,50.78259461786669
31120,경기,구리시,경기 구리시,2023,22.76,16.0,8921.0,601.0,28.39,28.0,187093.0,2.1,12.36,62.040410732030516,59.65636454013805,39.44319547990043,49.42070145921749,43.65406728116889,51.04021176284026,12.773326134620305,56.06435662523762,41.79586009992864,54.5361283536204,58.76532351802599,39.55463213245191,47.27296900476404,51.10215814470262,50.68892269370459
21510,부산,기장군,부산 기장군,2023,22.7,22.0,12819.0,851.0,26.57,36.0,178729.0,2.0,13.11,58.728055647565455,67.19407552918486,49.59426407300603,58.5893968720788,51.330994699538245,46.4658416536043,13.168377458371467,54.90373448197877,38.33166785629314,59.98701092378727,56.51519946703655,44.1926950599468,47.71621900639562,48.831116334180216,50.5992171495031
24040,광주,북구,광주 북구,2023,21.18,46.0,22583.0,1733.0,13.35,91.0,421683.0,2.1,13.99,62.040410732030516,78.96863752711175,73.59345229291647,77.34760607277967,80.03400840778752,41.09858072543412,23.176344326733783,76.6869952558507,13.168689031644067,77.20910779889438,56.40247515648067,58.91567824837992,41.89890099049584,39.09511388789013,50.57770290150631
36030,전남,순천시,전남 순천시,2023,21.02,42.0,15935.0,1231.0,19.69,55.0,278137.0,2.0,13.77,58.728055647565455,71.71841684458914,70.60645537795024,68.32507663098374,64.3904760052384,42.44039595747666,24.229814523403505,66.12656599456241,25.236259814418283,69.81846929625334,55.00332239229576,54.19517373029778,45.20325670382727,43.11484063676837,50.54589562516555
35020,전북,군산시,전북 군산시,2023,20.29,56.0,14384.0,1205.0,15.86,67.0,259980.0,2.1,14.52,62.040410732030516,69.58917319355614,80.0714617500097,67.76201944550849,70.508647291037,37.8660258482407,29.036272295709082,64.41338205819851,17.946228884130388,70.13289356423955,56.18115970099806,56.911553933824564,41.457414008713684,40.59037206125172,50.13902709495888
39020,제주,서귀포시,제주 서귀포시,2023,20.22,45.0,9644.0,893.0,33.32,45.0,183598.0,1.4,10.28,38.85392514077511,61.27665948701948,72.87123999075276,59.859635257049035,58.19181521513863,63.72646486578799,29.497165506752083,55.585815799177205,51.17963359505118,61.888322481413454,42.94505484354095,56.91265516919162,56.0291267436339,47.78976819158348,50.101763079991414
31140,경기,오산시,경기 오산시,2023,23.85,25.0,15666.0,1053.0,33.9,46.0,229656.0,1.5,17.1,42.16628022524017,71.36440946120146,53.71144348142208,64.20580725374438,58.86951066345245,22.130192672468993,5.596560419807858,61.26606225007383,52.28360694741853,64.8043121019073,46.60369215716305,41.16951772769376,57.58991939897377,50.23959642002407,49.16559363363631
31030,경기,의정부시,경기 의정부시,2023,22.89,34.0,21646.0,1379.0,22.6,63.0,464213.0,1.7,14.85,48.79099039417029,78.08747570147261,63.693618620166916,71.31975617623215,68.59826701526909,35.85330300017688,11.917381599826172,79.12547398984705,30.77516059957175,75.5201037717238,49.01826445571074,50.41253974038239,50.78201643055273,42.89774090228839,49.05061720864531
32020,강원,원주시,강원 원주시,2023,21.43,51.0,18863.0,1495.0,18.97,72.0,361503.0,1.8,15.58,52.10334547863534,75.22591673602004,76.9884193991688,73.45035249671685,72.74445170303578,31.400916093853894,21.530297144437355,72.77933833396953,23.865810135617423,74.84444374803464,50.17997230292113,55.2581824071266,46.78712161180591,40.461087940697546,49.004244983683535
36010,전남,목포시,전남 목포시,2023,21.26,33.0,13707.0,1008.0,18.7,48.0,214156.0,2.0,12.99,58.728055647565455,68.58674677531809,62.72017139764715,63.05400327927029,60.18268499520766,47.19774087108206,22.649609228398916,59.49276844151623,23.3518915060671,64.68523819964334,54.40750013911597,51.30440786852434,41.75682208939267,41.64043541009037,48.57304746185784
11250,서울,강동구,서울 강동구,2023,22.75,29.0,21736.0,1550.0,25.56,33.0,459167.0,1.5,12.57,42.16628022524017,78.17375197991983,58.51699558442904,74.40344225526614,48.66645409838811,49.75938813225419,12.839168021912172,78.84811420235347,36.409231501308604,74.44470936755177,44.903470092118404,50.12393902629383,53.33874441049962,43.19577773309216,48.17760928277447
23010,인천,중구,인천 중구,2023,21.35,15.0,9466.0,642.0,39.47,19.0,158958.0,1.3,11.47,35.541570056310064,60.8893088401396,37.407325030418576,51.159975318566765,31.945496272642483,56.46846429246693,22.057032242772195,51.92876835184011,62.88555793480849,53.50474993170555,42.17794211646778,40.768382583669606,58.29496638799046,51.84316129361543,47.77948999454273
23050,인천,남동구,인천 남동구,2023,22.92,39.0,26416.0,1722.0,19.57,61.0,492415.0,1.6,13.39,45.47863530970523,82.22850456155217,68.1778134601045,77.17961308092747,67.5978139778031,44.758076812822864,11.719855937950584,80.62217518700886,25.00785153461814,78.93646752889964,46.08300466862687,54.36572460907792,49.11112688041219,39.16091940349161,47.759814551957945
11020,서울,중구,서울 중구,2023,19.21,12.0,4728.0,383.0,55.83,13.0,121312.0,0.9,17.45,22.292149718449835,46.455902125902746,30.434467563675362,37.55189396863948,20.70608961994059,19.995486621492233,36.14719612322966,45.07001930858416,94.02522008089463,42.835850368261696,35.468485513561845,29.80931699683041,70.80900112232776,61.26441995344321,47.744877726229845
38090,경남,거제시,경남 거제시,2023,22.15,39.0,17972.0,1246.0,16.45,57.0,234038.0,1.9,13.08,55.4157005631004,74.21978226788582,68.1778134601045,68.6445365858151,65.49626047381777,46.64881645797375,16.78968125942363,61.74571317182909,19.069236259814424,69.26916777751254,51.844139088086045,53.308835453026816,41.41167471825991,38.80805344271705,47.53263444646091
21050,부산,부산진구,부산 부산진구,2023,20.71,32.0,15128.0,1047.0,21.33,42.0,359508.0,1.7,14.38,48.79099039417029,70.63778499937752,61.717661795361586,64.05510626158917,56.06663094604052,38.71990826863142,26.270913029451066,72.63890369436845,28.357839638353568,69.45409596707161,47.91069724131851,49.76546782599219,46.791970534661395,40.899388074282214,47.08761953843145
26010,울산,중구,울산 중구,2023,21.54,21.0,11020.0,794.0,16.94,33.0,208668.0,2.1,12.17,62.040410732030516,64.04987032531372,48.101503753290345,56.76150235344033,48.66645409838811,52.19905219051337,20.80603638422693,58.83397367832537,20.001903402331678,59.29542801681254,55.93558059190401,45.71166216872443,37.44626736342301,40.585396591281544,46.68033709405463
32030,강원,강릉시,강원 강릉시,2023,19.93,36.0,9042.0,803.0,15.12,37.0,209439.0,2.1,15.16,62.040410732030516,59.93648354736521,65.55974189580135,57.058665552675045,52.17135446902805,33.962563355026006,31.406580238215938,58.9275656691054,16.537711158696176,60.75845985357449,55.00461307756383,48.27614665633163,36.478146886701886,38.76222747733086,46.29492652341874
36620,전남,무안군,전남 무안군,2023,19.98,19.0,5489.0,481.0,13.17,22.0,90296.0,2.6,15.37,78.60218615435582,49.558738478989625,44.900837542357785,43.55213666296707,36.34962202248973,32.681739724439964,31.077370801756658,37.57690626457572,12.826076611943854,45.03260862733909,65.83142495545741,38.07246708282611,27.092709526289184,41.46874572085243,46.1200814797685
36060,전남,광양시,전남 광양시,2023,19.89,29.0,8685.0,726.0,22.59,36.0,152666.0,1.7,10.4,48.79099039417029,59.09891463812554,58.51699558442904,54.4011335115376,51.330994699538245,62.99456564831023,31.669947787383364,50.90385444362673,30.756126576255067,56.5240127690366,47.116553245878535,51.936234386839665,42.22293026955231,40.65636046506139,45.87876116953459
11040,서울,성동구,서울 성동구,2023,19.35,21.0,10101.0,873.0,34.54,28.0,277361.0,1.2,15.88,32.229214971845,62.239314082711374,48.101503753290345,59.26237632362914,43.65406728116889,29.5711680501595,35.22540970114366,66.05566517237791,53.50178443968596,60.55665734372713,38.42111030310778,43.943320474001325,56.59234440955528,46.42503136687727,45.75919112441543
31260,경기,양주시,경기 양주시,2023,22.44,36.0,14770.0,1048.0,26.71,47.0,268026.0,1.4,16.71,38.85392514077511,70.1398066569325,65.55974189580135,64.08028291468018,59.532937773826724,24.508865129271697,14.880266527959733,65.18685740441109,38.59814418272664,67.73790892894985,41.94414614868358,45.93978610535061,51.59094343212796,42.220065053115306,45.56275754287647
11160,서울,강서구,서울 강서구,2023,21.39,35.0,23699.0,1705.0,21.12,51.0,563058.0,1.3,11.68,35.541570056310064,79.97162465158597,64.63964111456107,76.91786627675864,62.05521346606248,55.18764066188086,21.793664693604768,84.02425321052029,27.95812514870332,78.12101651186128,38.847058779696646,56.861937883108375,50.43889585513817,36.774707570165205,45.53080268544402
32010,강원,춘천시,강원 춘천시,2023,21.33,41.0,14664.0,1124.0,20.12,43.0,286426.0,1.6,15.2,45.47863530970523,69.99004287085154,69.81626415029896,65.92668999687719,56.79106799570744,33.71859694920009,22.18871601735593,66.87180011167473,26.054722817035465,69.01981429898798,45.0161891919194,50.14504812194641,45.340502555320924,38.428322965220254,45.31442936977872
22050,대구,북구,대구 북구,2023,21.51,39.0,21001.0,1501.0,17.7,67.0,419624.0,1.6,17.72,45.47863530970523,77.45845949063029,68.1778134601045,73.556013953724,70.508647291037,18.348713382167276,21.003562046102473,76.56277997953606,21.448489174399246,75.33362643119686,45.072095807501846,50.4713183597614,45.5905592869865,36.881603007838635,45.28563853116224
24010,광주,동구,광주 동구,2023,19.99,11.0,3752.0,325.0,15.55,18.0,107176.0,2.7,22.58,81.91454123882087,41.64908884432565,27.74650715474311,33.22939498963083,30.329161276379157,0.0,31.01152891446482,41.925982059280074,17.356174161313355,38.95164047089547,68.20424093774523,24.608330152706166,26.939261581953797,44.21767066262536,44.63671077149025
23060,인천,부평구,인천 부평구,2023,21.14,42.0,21763.0,1561.0,16.92,64.0,494138.0,1.4,12.1,38.85392514077511,78.19956521530797,70.60645537795024,74.5899993480861,69.08682910873364,52.62599340070873,23.43971187590121,80.71081681994791,19.963835355698322,77.43431872922841,39.95497568046688,58.344956334243605,45.78729054948289,33.832923797150286,44.545170629017726
11110,서울,노원구,서울 노원구,2023,20.91,42.0,22748.0,1656.0,16.49,58.0,498213.0,1.5,16.64,42.16628022524017,79.1200108219858,70.60645537795024,76.14856519763036,66.03493382693027,24.93580633946705,24.954075283613932,80.91923576732944,19.145372353081136,77.95706721678178,42.408517104090876,53.04164877365338,45.55248786148623,34.73801205484677,44.483015042473994
37100,경북,경산시,경북 경산시,2023,21.71,31.0,13511.0,1010.0,21.86,57.0,266205.0,1.6,23.92,45.47863530970523,68.28727677787208,60.684300948165294,63.10627600677684,65.49626047381777,0.0,19.68672430026534,65.01385416010179,29.366642874137533,65.78465482659963,45.34270059118676,41.675213122453,45.629617155181855,39.794117874818795,44.00976347889953
11200,서울,동작구,서울 동작구,2023,21.66,21.0,14265.0,1039.0,27.42,30.0,378769.0,1.3,18.95,35.541570056310064,69.41643533294173,48.101503753290345,63.85282390192014,45.755620785154214,10.846746403020319,20.01593373672462,73.96333735079816,39.94955983821082,66.51751962236838,39.590255051258346,38.61938587186023,51.76019595555306,41.54150286233592,43.153309922901705
35510,전북,완주군,전북 완주군,2023,15.33,29.0,4324.0,508.0,16.35,36.0,97827.0,1.9,12.0,55.4157005631004,44.598922152691706,58.51699558442904,44.99091535275148,51.330994699538245,53.23590941527352,61.693848392470315,39.60978568837501,18.87889602664764,45.88579589974417,48.85350204159162,53.63672872155319,31.096344656893706,35.69881632865654,43.051782748906355
31220,경기,안성시,경기 안성시,2023,21.14,33.0,10035.0,772.0,29.64,45.0,189034.0,1.2,17.99,32.229214971845,62.10301058001328,62.72017139764715,56.02070142772425,58.19181521513863,16.701940142842346,23.43971187590121,56.32627496075984,44.175113014513464,60.49342205776402,37.0084792390621,43.30631232248,51.43787265786375,41.681210073290316,43.00852125976949
31110,경기,과천시,경기 과천시,2023,23.27,5.0,4579.0,276.0,45.34,9.0,81000.0,1.2,12.7,32.229214971845,45.79017202756249,4.469531236996387,28.92973785217807,10.103303079993603,48.966497313319955,9.415389882735596,34.81986012984009,74.05852962169882,34.23495030013255,39.85970787489482,21.318213611653945,55.5601578406225,54.18436298113537,42.522635170239845
33020,충북,충주시,충북 충주시,2023,19.95,35.0,9665.0,838.0,18.17,41.0,207778.0,1.6,15.93,45.47863530970523,61.32188594377382,64.63964111456107,58.18351029037967,55.325146763796006,29.26621004287709,31.274896463632246,58.725505282311765,22.343088270283143,61.20652277949266,43.59262831719878,47.88079911137841,39.82586564121337,35.590274899380496,42.36523677240611
11050,서울,광진구,서울 광진구,2023,23.1,21.0,12921.0,914.0,26.1,29.0,335554.0,1.4,20.33,38.85392514077511,67.35886824881014,48.101503753290345,60.47254514936451,44.722360223849,2.429905402026151,10.534701966697156,70.88906262059517,37.43706876040925,64.5664536612417,41.491890994523736,34.03971254532121,49.505671236405426,41.27477024886592,42.29211425060404
31170,경기,의왕시,경기 의왕시,2023,22.57,14.0,7181.0,492.0,35.69,19.0,158870.0,1.2,15.39,32.229214971845,55.145165505768524,35.24001966668232,44.147802770552154,31.945496272642483,32.55975652152698,14.024321993165614,51.91471560811451,55.690697121103995,50.195001368655085,38.0400323476262,32.193594769809394,52.97012582564631,46.457279040046444,42.24318131254337
34080,충남,당진시,충남 당진시,2023,21.1,31.0,10274.0,806.0,22.72,36.0,170302.0,1.4,13.82,38.85392514077511,62.59241118618763,60.684300948165294,57.15698119244719,51.330994699538245,42.13543795019425,23.703079425068623,53.67809076522049,31.00356887937189,59.53649301229303,40.050220306105885,47.29345816772817,43.69058883049167,37.42994758540686,42.23315497618786
26030,울산,동구,울산 동구,2023,22.17,16.0,10023.0,685.0,19.15,24.0,152287.0,1.8,14.12,52.10334547863534,62.07813184859935,39.44319547990043,52.8687762996877,38.97711191531365,40.305689906499886,16.657997484839896,50.84077657560711,24.20842255531764,54.1799379929619,48.91658567713409,38.34513743646701,37.30069480947568,38.52634495434957,42.20600779780794
37020,경북,경주시,경북 경주시,2023,19.5,43.0,11032.0,972.0,17.77,55.0,247489.0,1.4,13.22,38.85392514077511,64.07249965976033,71.37847967103706,62.09494939105563,64.3904760052384,45.79493403758303,34.23778139176581,63.16385104300917,21.581727337615998,65.26110107699031,38.784952922199764,55.46454776862684,41.29687559119594,33.140612367944875,42.12816553329767
34050,충남,서산시,충남 서산시,2023,20.66,29.0,10091.0,779.0,23.51,40.0,176011.0,1.3,13.11,35.541570056310064,62.21871937911019,58.51699558442904,56.25867345962428,54.56579378390728,46.4658416536043,26.60012246591036,54.51485173868066,32.507256721389496,59.167214328045105,37.75413798835199,48.56612937328091,44.35166239183126,36.907358205437006,41.72278480796982
22020,대구,동구,대구 동구,2023,21.17,33.0,16245.0,1216.0,17.32,52.0,342813.0,1.3,11.42,35.541570056310064,72.11904360837865,62.72017139764715,68.00170322703309,62.655453020070404,56.77342229974933,23.242186214025622,71.4321887675933,20.725196288365463,70.03321271399675,36.97686134632523,54.94589974205325,42.80951213518044,32.163676194367596,41.6544286665954
36040,전남,나주시,전남 나주시,2023,17.77,24.0,6489.0,607.0,15.24,30.0,117377.0,1.8,11.76,52.10334547863534,53.03836613257785,52.394350054297,49.68249916296718,45.755620785154214,54.69970785022903,45.628427893257125,44.23321988480167,16.766119438496318,50.268019042588826,46.89626363800874,49.828465068071566,31.703456905838497,34.07179215835386,41.525029240528305
11030,서울,용산구,서울 용산구,2023,18.9,15.0,6148.0,561.0,41.67,13.0,213151.0,0.7,13.82,15.667439549519719,51.916024849320365,37.407325030418576,47.60571058793321,20.70608961994059,42.13543795019425,38.188294629277266,59.37339762805281,67.07304306447777,51.25149671915974,27.00313860674349,38.55355261195241,59.920120802576626,45.96515249632545,41.15179080965565
11120,서울,은평구,서울 은평구,2023,21.26,30.0,18644.0,1369.0,18.05,38.0,466770.0,1.2,11.71,32.229214971845,74.983092838093,59.61812956809665,71.12777192081806,52.989884224620084,55.00466585751142,22.649609228398916,79.26487389147745,22.114679990482998,73.19463450010906,34.9874225112655,53.18490654469892,45.01123660291553,31.985534742739127,41.14028570058395
21110,부산,금정구,부산 금정구,2023,21.19,21.0,8930.0,625.0,17.07,20.0,215590.0,1.8,19.55,52.10334547863534,59.67733023224486,48.101503753290345,50.452665519954124,33.482953571147114,7.18725031563153,23.110502439441916,59.66212820166022,20.249345705448498,57.35760432727856,48.08264398801826,33.31546071733336,36.832075790023715,36.65340435941966,40.47659823256553
11170,서울,구로구,서울 구로구,2023,21.53,26.0,16334.0,1275.0,22.09,31.0,392405.0,1.1,14.62,28.916859887379953,72.2326504639174,54.97882323888561,69.25140742245205,46.7560738226202,37.25610983367592,20.871878271518767,74.86087378244271,29.804425410421135,69.57035201446863,33.381573773489876,46.9476251978221,47.565977459770075,34.25723239935785,40.294581111107675
38060,경남,사천시,경남 사천시,2023,19.9,18.0,5537.0,455.0,14.65,17.0,109030.0,1.9,10.58,55.4157005631004,49.73975786391462,43.17832779019174,42.08834872067132,28.62541533973544,61.8967168220936,31.604105900091525,42.36121518926835,15.643112062812284,46.21390904677616,48.8822180181386,42.15172958360352,29.223678264739107,34.299749970764466,40.07918350544129
33550,충북,진천군,충북 진천군,2023,19.86,15.0,5295.0,427.0,26.43,17.0,86254.0,1.4,11.15,38.85392514077511,48.81062752250395,37.407325030418576,40.415535473836286,28.62541533973544,58.42019553907427,31.867473449258952,36.41472761503868,38.06519152985964,42.811197051847294,39.73128533731067,39.93669497316975,39.90092249122125,39.17359807778939,39.784502245439526
25020,대전,중구,대전 중구,2023,19.46,27.0,10418.0,907.0,12.63,39.0,223256.0,1.5,9.37,42.16628022524017,62.8818141134264,56.2001061082277,60.269818940335426,53.78768946529138,69.27670059832762,34.501148940933234,60.54881900251499,11.798239352843213,60.84557397911323,39.682627483199255,55.131199284375285,33.76772792794907,29.035856704287113,39.74922300126899
37590,경북,칠곡군,경북 칠곡군,2023,19.64,21.0,6451.0,543.0,19.97,31.0,110581.0,1.5,11.59,42.16628022524017,52.91625329827212,48.101503753290345,46.746396127876146,46.7560738226202,55.73656507498918,33.31599496967981,42.719669910457355,25.76921246728528,48.894328372931334,40.78171736885013,46.130822864953934,35.974418378558966,34.80624580475876,39.74343270050387
11060,서울,동대문구,서울 동대문구,2023,21.67,21.0,12701.0,929.0,23.81,27.0,341149.0,1.2,18.45,32.229214971845,67.00178926584843,48.101503753290345,60.90178580630913,42.54828281258949,13.896326475844276,19.950091849432766,71.30870943705807,33.078277420889854,64.51380821469971,35.83383176860207,37.997273289179184,47.09986722554686,36.55929306544451,39.60806260261682
11130,서울,서대문구,서울 서대문구,2023,22.05,19.0,12865.0,907.0,25.2,21.0,306231.0,1.2,19.27,32.229214971845,67.26855553127308,44.900837542357785,60.269818940335426,34.94887480305856,8.895015156412967,17.448100132342176,68.56850000369398,35.72400666190818,63.184995275216295,36.25736778129728,34.558576521765225,47.87727352509399,37.8136772510806,39.473869606591315
21140,부산,수영구,부산 수영구,2023,21.31,10.0,6191.0,415.0,20.01,19.0,174518.0,1.7,12.18,48.79099039417029,52.06093463802206,24.824527835543623,39.664838854989426,31.945496272642483,52.13806058905689,22.320399791939636,54.29867481461545,25.845348560552,47.28497533050439,45.67613854351272,34.56463179795176,35.2543826416547,37.17209866419776,39.41980368467692
21070,부산,남구,부산 남구,2023,21.49,21.0,11605.0,783.0,19.59,25.0,254185.0,1.5,20.75,42.16628022524017,65.1253533136347,48.101503753290345,56.39370044848001,40.21302027341359,0.0,21.135245820686208,63.841322874775585,25.045919581251496,61.335374269908094,41.89413343748133,33.97772806792735,41.18667523896064,35.89113985802278,39.375897601576206
11080,서울,성북구,서울 성북구,2023,21.76,29.0,18764.0,1362.0,20.72,46.0,425602.0,1.1,19.75,28.916859887379953,75.11649807849216,58.51699558442904,70.9925473065266,58.86951066345245,5.967418286501953,19.357514863806045,76.9217536599383,27.196764216036172,72.33817425411337,33.278809355789605,43.346949173096924,47.37148254195198,33.26399453480026,39.354862095794815
21100,부산,사하구,부산 사하구,2023,21.27,26.0,12904.0,901.0,16.43,40.0,297831.0,1.4,16.21,38.85392514077511,67.33149332721626,54.97882323888561,60.09480579918033,54.56579378390728,27.55844520209567,22.583767341107063,67.86267399315416,19.03116821318107,65.0203135093315,38.728268420280116,44.23277767379884,39.61072460555452,31.96665177558661,39.24765595981954
21130,부산,연제구,부산 연제구,2023,22.49,16.0,9329.0,596.0,18.75,17.0,205766.0,1.6,15.06,45.47863530970523,60.586186755985494,39.44319547990043,49.20053572288694,28.62541533973544,34.57247936959081,14.551057091500468,58.47857127204418,23.447061622650498,55.725303855586084,43.684654401275054,34.30729261988039,37.72922648245154,35.708182740932926,39.124958831785506
35040,전북,정읍시,전북 정읍시,2023,15.05,34.0,4342.0,558.0,9.57,38.0,103620.0,1.7,8.41,48.79099039417029,44.68528602152103,63.693618620166916,47.464420052063886,52.989884224620084,75.13189433814964,63.537421236642324,41.06971389369189,5.9738282179395705,47.40228090290147,41.95784563047076,60.28717448570077,24.752481670241448,26.782634942050446,38.7625653645778
23070,인천,계양구,인천 계양구,2023,21.17,26.0,11935.0,866.0,16.62,35.0,280266.0,1.3,13.12,35.541570056310064,65.70836450869476,54.97882323888561,59.05010173765039,50.46760853238433,46.404850052147836,23.242186214025622,66.32007527516015,19.392814656197963,63.74596948467254,36.13593619153172,47.25783861528206,39.25361457781042,30.74349541210671,38.59073786505313
38050,경남,통영시,경남 통영시,2023,20.66,20.0,6815.0,542.0,12.34,25.0,120551.0,1.8,12.09,52.10334547863534,54.057508514914296,46.53928823255224,46.69782625444097,40.21302027341359,52.68698500216521,26.60012246591036,44.91032611939038,11.246252676659534,49.809709739784715,46.17019786196687,42.87168874474784,28.387418416309384,31.279400130260676,38.55781539605348
21080,부산,북구,부산 북구,2023,20.7,27.0,12130.0,865.0,11.09,40.0,273596.0,1.5,12.84,42.16628022524017,66.04534132254113,56.2001061082277,59.01963696939326,54.56579378390728,48.11261489292924,26.336754916742933,65.70882787776937,8.866999762074713,63.97534024624692,39.55929426549545,49.06967349351438,33.56225292613749,27.917434988394497,38.29005842610283
37040,경북,안동시,경북 안동시,2023,19.61,30.0,7683.0,662.0,11.25,40.0,152935.0,1.6,14.07,45.47863530970523,56.55008878287248,59.61812956809665,51.96854446476367,54.56579378390728,40.61064791378227,33.51352063155538,50.94852980867248,9.17154413514157,55.48322924765732,41.13971698083741,47.92546480646387,29.9584594590129,28.27366785657019,37.67703879374985
11100,서울,도봉구,서울 도봉구,2023,20.64,23.0,12864.0,945.0,20.01,28.0,306948.0,1.0,13.12,25.60450480291489,67.2669392341578,51.023483072489825,61.352077641721216,43.65406728116889,46.404850052147836,26.731806240494066,68.62784771769887,25.845348560552,64.42652054688652,29.806874809684746,46.71815737563199,43.064855020038976,30.409037654041416,37.08945949459442
11180,서울,금천구,서울 금천구,2023,19.94,18.0,7631.0,645.0,23.63,16.0,227481.0,1.0,10.9,25.60450480291489,56.40888786590188,43.17832779019174,51.28285087990798,26.824260905739212,59.94498557548626,31.340738350924084,61.02457867578703,32.73566500118964,55.1474830937254,29.7546171389548,43.73716219915829,42.75791290422191,32.74847825552706,36.66942214849578
34030,충남,보령시,충남 보령시,2023,15.68,28.0,3908.0,484.0,14.48,32.0,95772.0,1.4,9.17,38.85392514077511,42.49596583709987,57.37852799188744,43.71592861822619,47.72573875426506,70.4965326274572,59.38938233725531,39.071027514294435,15.319533666428747,44.44499677121575,35.687970489255626,55.540731559016294,28.523443610288695,27.484338569421176,36.56060540951039
11210,서울,관악구,서울 관악구,2023,20.29,22.0,12197.0,974.0,19.87,31.0,481956.0,0.9,12.75,22.292149718449835,66.15987402404065,49.59426407300603,62.149154171425714,46.7560738226202,48.66153930603756,29.036272295709082,80.07735281392931,25.5788722341185,67.02199567080032,27.17193052635922,48.0091147512,44.271383862963305,29.179278124565577,36.49899290850195
37060,경북,영주시,경북 영주시,2023,19.19,19.0,4252.0,392.0,11.49,24.0,100199.0,1.8,13.31,52.10334547863534,44.249834477326466,44.900837542357785,38.16345148416401,38.97711191531365,45.246009624474716,36.278879897813376,40.21775573876717,9.628360694741856,43.17041146876495,44.946746660920425,40.672575071267225,24.66831239262417,29.543546432513487,36.34037037461549
34560,충남,홍성군,충남 홍성군,2023,19.24,21.0,5134.0,442.0,14.12,25.0,97524.0,1.6,14.06,45.47863530970523,48.168661142989315,48.101503753290345,41.324846458934914,40.21302027341359,40.67163951523875,35.94967046135412,39.531063669612365,14.634308827028317,45.56395042303644,41.12098892063211,41.30772740172242,28.42241200923433,29.945864351161113,36.123160784419426
31270,경기,포천시,경기 포천시,2023,17.98,29.0,5436.0,547.0,24.63,28.0,143323.0,0.9,14.94,22.292149718449835,49.357015118364,58.51699558442904,46.93978687388734,43.65406728116889,35.30437858706857,44.245748260128124,49.301253205937265,34.63906733285749,51.17228263784898,26.8506739006024,45.89648129697232,42.169777596077914,31.874477156213008,35.68092234774322
32040,강원,동해시,강원 동해시,2023,20.25,14.0,4662.0,358.0,15.63,15.0,88625.0,1.6,10.91,45.47863530970523,46.16364112786939,35.24001966668232,35.774795209532954,24.913880629971313,59.88399397402978,29.29963984487651,37.10288673337249,17.508446347846785,41.26069051728291,41.351607547242885,37.56551159399666,27.951808693563716,30.996531299402374,35.473349802691615
25050,대전,대덕구,대전 대덕구,2023,18.82,21.0,7251.0,711.0,14.42,29.0,169853.0,1.3,14.85,35.541570056310064,55.34685933265353,48.101503753290345,53.850778926408935,44.722360223849,35.85330300017688,38.715029727612105,53.61109605521902,15.205329526528677,53.37705923355054,34.4716629044772,44.70501606139545,32.28411788973337,27.40031446998364,35.01406706975488
11070,서울,중랑구,서울 중랑구,2023,20.78,24.0,13366.0,1025.0,21.57,32.0,382155.0,0.7,14.05,15.667439549519719,68.06292114891332,52.394350054297,63.495056506338166,47.72573875426506,40.73263111669523,25.810019818408065,74.1891876797794,28.814656197953852,66.76708688924987,22.879070206724197,46.82002513760436,45.82845829605389,28.398933517054033,34.96002923352492
33030,충북,제천시,충북 제천시,2023,19.03,23.0,5708.0,506.0,13.92,31.0,130194.0,1.4,15.04,38.85392514077511,50.372127116575285,51.023483072489825,44.88698719187694,46.7560738226202,34.69446257250377,37.332350094483104,46.863154099067685,14.253628360694748,49.44970640250591,36.31570082134307,42.8452170192576,30.045742443806304,27.653481703485642,34.73914484799638
31280,경기,여주시,경기 여주시,2023,18.7,23.0,4919.0,451.0,21.46,33.0,114412.0,1.0,12.22,25.60450480291489,47.27925433800797,51.023483072489825,41.8557681961798,48.66645409838811,51.89409418323097,39.50513237511441,43.58395016550837,28.60528194147039,46.91950883315447,28.222096327207524,46.24845208997021,36.82869676748555,29.64720135824123,34.48075968040922
38080,경남,밀양시,경남 밀양시,2023,17.9,21.0,3711.0,375.0,14.79,25.0,102084.0,1.4,10.93,38.85392514077511,41.420667715201574,48.101503753290345,36.996131993592,40.21302027341359,59.76201077111683,44.77248335846299,40.69072571920457,15.909588389245782,42.53785232402023,35.668948885488355,45.80818561598407,27.948166390335217,27.595055337530482,34.459955964853755
33570,충북,음성군,충북 음성군,2023,16.81,20.0,3949.0,412.0,22.96,23.0,91183.0,1.0,13.6,25.60450480291489,42.71293517834193,46.53928823255224,39.47378094908378,37.690744581177825,43.47725318223682,51.949249073275446,37.82497340781909,31.460385438972178,42.01181725802714,28.193729935866187,43.91521502206052,36.17347386153117,30.534020950803033,33.92798021254391
23090,인천,미추홀구,인천 미추홀구,2023,21.87,23.0,16561.0,1110.0,14.21,41.0,405995.0,1.0,18.75,25.60450480291489,72.51963223918965,51.023483072489825,65.5961239037296,55.325146763796006,12.066578432149896,18.63325410359562,75.72487254338732,14.805615036878429,69.18197449710898,28.676184081636897,41.04246611214887,39.108093906878146,25.38627138975762,33.752542674735295
31580,경기,양평군,경기 양평군,2023,18.91,22.0,4875.0,447.0,20.54,25.0,125238.0,0.9,9.7,22.292149718449835,47.092450978220704,49.59426407300603,41.62112026214303,40.21302027341359,67.26397775026379,38.12245274198539,45.878280649836206,26.854151796335962,47.22856249866242,25.45648015610984,47.433372019598835,36.02944218840496,27.53160953503325,33.148945764456556
34060,충남,논산시,충남 논산시,2023,16.67,31.0,4880.0,516.0,12.14,30.0,110423.0,1.1,10.08,28.916859887379953,47.11376334098244,60.684300948165294,45.40258402730341,45.755620785154214,64.94629689491757,52.871035495361426,42.683384968931406,10.865572210325963,48.4987573508037,28.028857081182103,53.914315792287844,27.86975522403201,21.99784209780994,32.39627406330017
37030,경북,김천시,경북 김천시,2023,19.04,27.0,6576.0,586.0,11.97,35.0,137515.0,1.1,11.73,28.916859887379953,53.31526912003889,56.2001061082277,48.754617708076395,50.46760853238433,54.88268265459846,37.26650820719125,48.251462070814526,10.541993813942428,52.373094402909345,28.600470899630217,49.428655100880235,29.318880343121066,22.387765336163117,32.19868866252767
35060,전북,김제시,전북 김제시,2023,13.41,36.0,2973.0,471.0,10.13,39.0,81430.0,1.1,6.47,28.916859887379953,36.811303683498565,65.55974189580135,42.99870509787607,53.78768946529138,86.96426502070665,74.33549075250693,34.954220505454764,7.03973352367357,42.003866372545986,26.424735312435857,64.18972922806572,23.033221440118524,19.13125760552146,32.059920255645416
32060,강원,속초시,강원 속초시,2023,21.79,12.0,3875.0,304.0,17.49,8.0,82054.0,1.4,11.73,38.85392514077511,42.319672545512496,30.434467563675362,31.471686921401798,6.783222147086558,54.88268265459846,19.159989201930486,35.147942736246264,21.048774684748995,37.7911126063652,36.52972731284493,29.780832936454296,28.35639875251892,29.885394608962454,32.023718607029174
35050,전북,남원시,전북 남원시,2023,14.77,27.0,3164.0,407.0,8.56,27.0,76781.0,1.3,7.26,35.541570056310064,38.105659817476116,56.2001061082277,39.15224568558028,42.54828281258949,82.14592850564478,65.38099408081433,33.462402808375344,4.051391862955035,40.3315719728962,31.074452303423413,56.915709582220856,20.488768520199564,20.028528581775902,31.80393005867871
34020,충남,공주시,충남 공주시,2023,16.3,28.0,3795.0,461.0,13.24,33.0,102104.0,1.1,11.45,28.916859887379953,41.88598695094018,57.37852799188744,42.43342185355858,48.66645409838811,56.59044749537989,55.307185325160155,40.69569700646207,12.959314775160605,44.6274081757862,27.820140826903074,51.76355574063336,27.34702786668442,22.547884764760415,31.796543414417695
25010,대전,동구,대전 동구,2023,19.24,23.0,9669.0,834.0,11.05,33.0,217628.0,1.1,19.2,28.916859887379953,61.33048936571134,51.023483072489825,58.057356077688446,48.66645409838811,9.321956366608333,35.94967046135412,59.90089405458939,8.790863668807999,58.84020951373044,29.1393234024273,41.073329114270784,31.188555306424057,22.32474728126006,31.274180799610498
36640,전남,영광군,전남 영광군,2023,15.36,13.0,1931.0,221.0,11.72,16.0,51750.0,1.5,7.44,42.16628022524017,27.841564898868747,32.92313019048098,23.086863499113313,26.824260905739212,81.04807967942814,61.496322730594756,23.450433832012298,10.066143231025464,27.540538637134258,35.91878814347083,44.88886153073999,17.9145698506877,24.16972968019748,31.068540062708355
38520,경남,함안군,경남 함안군,2023,17.0,16.0,2853.0,321.0,15.13,19.0,60203.0,1.2,9.02,32.229214971845,35.95485577936472,39.44319547990043,32.90349308767571,31.945496272642483,71.4114066493044,50.698253214730144,27.289875066650442,16.556745182012854,34.053029505657584,30.25090858412215,45.3282687816023,24.334981813967627,24.570562377860718,30.86499379229334
36570,전남,화순군,전남 화순군,2023,15.92,16.0,2372.0,291.0,14.37,19.0,61254.0,1.2,7.99,32.229214971845,32.1168922698845,39.44319547990043,30.32185576482717,31.945496272642483,77.69354159932178,57.80917704225074,27.729069862760507,15.11015940994528,32.26580618975049,29.650124367363993,47.36147120639776,22.837646156850926,23.539264900690483,30.468048254711057
21150,부산,사상구,부산 사상구,2023,19.57,21.0,7086.0,564.0,19.15,28.0,202932.0,0.8,20.67,18.979794633984778,54.8682709947043,48.101503753290345,47.74624890798123,43.65406728116889,0.3561909525058269,33.77688818072281,58.126625704520926,24.20842255531764,54.4924239593665,23.352936458256657,34.93158889647444,37.81743083537274,25.822030748795413,30.136043764684743
32510,강원,홍천군,강원 홍천군,2023,14.13,24.0,2282.0,329.0,11.74,25.0,67309.0,1.1,6.92,28.916859887379953,31.312882178780455,52.394350054297,33.55132237902303,40.21302027341359,84.21964295516507,69.59487486749319,30.121207352454665,10.10421127765882,35.171673305986026,26.334564825061832,55.66155721115885,21.577508746766345,19.940382671726454,30.010005668582508
11090,서울,강북구,서울 강북구,2023,21.75,14.0,8513.0,658.0,17.18,17.0,288113.0,0.8,13.2,18.979794633984778,58.68301136378553,35.24001966668232,51.808799839515984,28.62541533973544,45.91691724049599,19.423356751097913,67.02082837333933,20.458719961931962,56.495758127231035,23.17195510615693,37.36207099249456,36.56602447448882,24.231433210927975,30.003122271159256
38590,경남,거창군,경남 거창군,2023,17.1,17.0,2626.0,280.0,8.51,16.0,60047.0,1.5,11.16,42.16628022524017,34.23143068294835,41.362665196814355,29.308206252803913,26.824260905739212,58.35920393761779,50.03983434181156,27.22403263452366,3.956221746371641,33.55545817119414,35.64128649918071,41.3030313943106,17.242079511954056,21.791632787613537,29.75456690025321
31570,경기,가평군,경기 가평군,2023,17.42,13.0,2226.0,233.0,20.51,14.0,62302.0,1.0,9.05,25.60450480291489,30.796451934276437,32.92313019048098,24.4765379703977,22.880167031200106,71.22843184493496,47.93289394847212,28.15957085685795,26.79704972638593,30.4307232622918,26.3025812545717,39.96805074405705,28.413916383944343,26.792345489112574,29.70571179262293
37600,경북,예천군,경북 예천군,2023,16.16,12.0,2310.0,236.0,9.49,15.0,55325.0,1.5,9.3,42.16628022524017,31.56636602058501,30.434467563675362,24.812819190209556,24.913880629971313,69.70364180852296,56.228971747246156,25.14560918798533,5.821556031406142,29.41375927942318,35.65458017569955,41.21370311593699,16.330417155955715,22.314397272235283,29.553684394932365
32560,강원,철원군,강원 철원군,2023,15.08,16.0,1803.0,230.0,9.93,11.0,41448.0,1.4,7.48,38.85392514077511,26.416118206174477,39.44319547990043,24.135917518429284,15.848551388528936,80.80411327360223,63.33989557476675,17.817207743543637,6.659053057339998,26.441860522130415,32.78091363479978,45.12870295354054,15.562603532293485,21.05551591731291,28.833153012292456
38540,경남,고성군,경남 고성군,2023,14.21,18.0,1795.0,268.0,9.36,18.0,49468.0,1.3,7.05,35.541570056310064,26.323698185036392,43.17832779019174,28.156122964484464,30.329161276379157,83.42675213623085,69.06813976915834,22.305985383935568,5.574113728289318,28.489310265737213,30.124664419979588,50.723048871694175,15.994232774175913,19.41240693101744,28.82933160905119
37080,경북,상주시,경북 상주시,2023,15.56,28.0,3400.0,458.0,8.57,35.0,93858.0,1.0,10.44,25.60450480291489,39.6011243262829,57.37852799188744,42.261449136117854,50.46760853238433,62.75059924248432,60.1794849847576,38.558734554946426,4.070425886271713,42.84388812800287,23.774054917755212,54.197226007712985,21.68062208513673,16.563769831843214,28.335080345592775
22030,대구,서구,대구 서구,2023,19.37,17.0,5084.0,481.0,13.91,18.0,164088.0,0.8,9.69,18.979794633984778,47.965191119155485,41.362665196814355,43.55213666296707,30.329161276379157,67.32496935172028,35.093725926559955,52.73481494981673,14.23459433737807,48.07557308388563,21.16655423801084,44.19368045221756,29.46855387154298,19.985668217819192,28.00846456211825
32050,강원,태백시,강원 태백시,2023,15.46,12.0,1688.0,202.0,13.06,9.0,38702.0,1.3,8.06,35.541570056310064,25.04639092805855,30.434467563675362,20.72502256968974,10.103303079993603,77.26660038912641,60.83790385767617,16.077687436050915,12.61670235546039,23.433395207579622,31.053321988357464,40.404545466517064,17.403564352890097,22.553041471523382,27.94502254458016
21010,부산,중구,부산 중구,2023,19.21,4.0,1175.0,90.0,23.67,3.0,38619.0,1.3,9.7,35.541570056310064,17.518422698201437,0.0,0.0,0.0,67.26397775026379,36.14719612322966,16.02320670901404,32.81180109445636,13.566173361804932,33.32978997622114,20.682234774698692,23.953656147943388,31.742073793361804,27.929363176096377
37090,경북,문경시,경북 문경시,2023,15.96,17.0,2537.0,305.0,8.41,22.0,68755.0,1.2,8.96,32.229214971845,33.51472552121459,41.362665196814355,31.558095243284424,36.34962202248973,71.77735625804326,57.545809493083304,30.660604140749747,3.7658815132048558,34.22807704219509,28.088266007985936,47.479133303782746,17.509537077299488,17.988622095209593,27.656727505419884
33590,충북,증평군,충북 증평군,2023,19.4,4.0,1989.0,148.0,15.73,5.0,37484.0,1.5,10.08,42.16628022524017,28.456642524383874,0.0,12.561272693957036,0.0,64.94629689491757,34.896200264684396,15.266220089077937,17.69878658101357,18.808187288915317,37.125192408520554,23.108817605409655,17.715594137795932,27.414510628284418,27.58142291723858
34070,충남,계룡시,충남 계룡시,2023,22.52,5.0,2804.0,198.0,18.67,8.0,46667.0,1.3,12.32,35.541570056310064,35.594737553014845,4.469531236996387,20.199677494924213,6.783222147086558,51.28417816866618,14.353531429624894,20.82681294216101,23.29478943611707,24.939318906555002,33.709869712951594,20.08885086285153,23.50205676549115,28.533419673940443,27.463031448789344
31080,경기,동두천시,경기 동두천시,2023,20.87,11.0,4105.0,309.0,13.94,16.0,88626.0,1.1,13.91,28.916859887379953,43.51838278657176,27.74650715474311,31.900927578346415,26.824260905739212,41.58651353708594,25.217442832781344,37.10317307186657,14.291696407328104,38.439444745794475,28.183237655291357,30.908963735369568,24.904236257599106,22.829348008850378,27.14317612224602
32070,강원,삼척시,강원 삼척시,2023,16.33,18.0,2291.0,266.0,13.48,16.0,62651.0,1.1,16.26,28.916859887379953,31.394696594586947,43.17832779019174,27.959124148983783,26.824260905739212,27.25348719481326,55.109659663284596,28.301328423064433,13.416131334760891,32.82341238225115,26.839534275207793,36.121715102764746,22.22084359551472,21.448539644097416,26.685062354784275
21020,부산,서구,부산 서구,2023,20.42,11.0,3757.0,286.0,13.62,10.0,104089.0,1.1,14.21,28.916859887379953,41.676774203928964,27.74650715474311,29.865925281547305,13.106681610409666,39.756765493391555,28.18032776091492,41.18431463187986,13.68260766119439,38.74298292247706,27.907713485107017,28.569203643758193,24.813086964699,22.464732468676395,26.484686705715365
34570,충남,예산군,충남 예산군,2023,16.02,24.0,2733.0,354.0,12.11,24.0,78354.0,0.8,9.28,18.979794633984778,35.06161306256071,52.394350054297,35.47901935591753,38.97711191531365,69.82562501143593,57.150758169332164,33.97704045008249,10.808470140375926,38.202788677164506,19.362277802801042,50.59046827328945,23.292972262660978,16.958049289931242,26.418277055734947
38530,경남,창녕군,경남 창녕군,2023,14.94,17.0,2047.0,263.0,13.08,18.0,57083.0,0.9,7.42,22.292149718449835,29.054048291328005,41.362665196814355,27.660841667221597,30.329161276379157,81.1700628823411,64.26168199685276,25.939430336139708,12.654770402093748,30.58138628586879,21.522732678284235,48.823466623463915,20.798114449519552,18.310253147302863,26.36337555409029
37070,경북,영천시,경북 영천시,2023,17.04,18.0,3178.0,353.0,12.83,22.0,100212.0,0.8,9.64,18.979794633984778,38.19743884016235,43.17832779019174,35.40455465558021,36.34962202248973,67.62992735900266,50.434885665562724,40.221047973518075,12.178919819176784,39.80069937017495,19.881427832381334,46.55221013021994,24.68888364362659,17.90666839944653,26.34023841064509
35580,전북,부안군,전북 부안군,2023,12.58,21.0,1661.0,260.0,8.8,22.0,49187.0,1.0,5.87,25.60450480291489,24.711289254239656,48.101503753290345,27.359150169019625,36.34962202248973,90.62376110809541,79.8003673977311,22.161423792662475,4.508208422555321,28.62437251557664,22.35073879099343,55.997357297451735,15.556136427481764,15.08666280751334,26.19533102894347
36600,전남,해남군,전남 해남군,2023,14.3,20.0,2337.0,316.0,7.73,20.0,64575.0,0.9,7.3,22.292149718449835,31.807904853367457,46.53928823255224,32.490374816471416,33.482953571147114,81.90196209981886,68.47556278353163,29.068917538600154,2.471567927670714,33.93248533477422,20.27063796332473,52.528399362970475,16.73520978493763,13.51064922408776,24.846971763297198
34540,충남,서천군,충남 서천군,2023,13.04,18.0,1524.0,258.0,9.75,18.0,49116.0,0.9,5.77,22.292149718449835,22.922397383272614,43.17832779019174,27.15608979261686,30.329161276379157,91.23367712266021,76.77164058230565,22.1247668578151,6.316440637639784,26.734294307019184,19.958818122810605,53.57512573864261,15.695069635047844,14.544423729836405,24.75697286413076
35570,전북,고창군,전북 고창군,2023,13.2,21.0,1744.0,295.0,7.89,21.0,51750.0,0.9,6.27,22.292149718449835,25.724663258980257,48.101503753290345,30.681013941409173,34.94887480305856,88.18409704983624,75.71817038563594,23.450433832012298,2.7761123007375694,29.517762529751884,19.70799545984604,55.31333894356358,14.999509867332595,13.075563515281058,24.62355008783833
37620,경북,울진군,경북 울진군,2023,15.81,13.0,1766.0,220.0,10.89,15.0,46669.0,1.0,7.3,25.60450480291489,25.985189646018743,32.92313019048098,22.967686236800937,24.913880629971313,81.90196209981886,58.533437802461165,20.827900481150504,8.486319295741142,25.82559100545072,23.07484546114921,44.150709672248134,16.281011633082052,16.94978622904631,24.570962736743127
36610,전남,영암군,전남 영암군,2023,14.26,16.0,2184.0,277.0,11.12,15.0,52350.0,0.9,10.61,22.292149718449835,30.4005343706838,39.44319547990043,29.02486486958935,24.913880629971313,61.713742017724165,68.73893033269906,23.74296376863728,8.924101832024746,30.21179541191317,21.097781000709467,44.972471877957766,18.494126995036005,16.446445190818796,24.54247105290109
38580,경남,함양군,경남 함양군,2023,13.09,13.0,1206.0,186.0,9.86,12.0,36945.0,1.1,6.72,28.916859887379953,18.059475953205702,32.92313019048098,18.55783949132899,18.370827080764695,85.43947498429466,76.44243114584637,14.898670591028635,6.525814894123247,20.08396519200764,24.472464744974022,46.35609119907136,12.728206990111321,16.429498633946846,24.455236561607613
31550,경기,연천군,경기 연천군,2023,14.15,13.0,1536.0,204.0,15.05,13.0,41584.0,0.8,6.96,18.979794633984778,23.085385576496464,32.92313019048098,20.98382580701175,20.70608961994059,83.97567654933916,69.46319109290948,17.90033753058363,16.404472995479427,23.49742008551952,19.004055482460146,45.624269461289956,19.61690091144862,18.186128426365165,24.39931520589885
34530,충남,부여군,충남 부여군,2023,12.6,24.0,1960.0,326.0,9.35,26.0,61046.0,0.7,6.68,15.667439549519719,28.151377793900938,52.394350054297,33.31024564629437,41.40227929094195,85.68344139012058,79.66868362314737,27.642751434168723,5.55507970497264,32.847384338060486,15.39897939727578,58.08719831872788,18.071417117070148,12.354480162938836,24.296559316273505
36660,전남,완도군,전남 완도군,2023,12.69,21.0,1929.0,292.0,6.17,24.0,46641.0,0.9,5.97,22.292149718449835,27.82002738215688,48.101503753290345,30.412104463893286,38.97711191531365,90.01384509353062,79.07610663752067,20.81267069247112,0.0,29.774115649477842,19.501115027053064,56.88788400013869,13.496056455631077,11.774965981871194,24.27351535352357
34580,충남,태안군,충남 태안군,2023,14.0,19.0,2038.0,284.0,12.08,18.0,60784.0,0.7,9.97,15.667439549519719,28.96246496015502,44.900837542357785,29.681325097343453,30.329161276379157,65.61720451093885,70.45081940228735,27.533603902671157,10.751368070425892,31.721481159350418,16.259531368719173,48.16347775690953,20.325869770401695,14.941624974568903,23.627996977896107
23510,인천,강화군,인천 강화군,2023,14.8,20.0,2084.0,310.0,12.35,18.0,69005.0,0.6,7.57,12.355084465054663,29.42637636521313,46.53928823255224,31.985944459448334,30.329161276379157,80.25518886049392,65.18346841893876,30.752709388946105,11.265286699976212,33.24685864580084,13.898743990308743,50.94144940871594,21.348018189626682,14.094425068590047,23.45078626014687
32520,강원,횡성군,강원 횡성군,2023,13.81,16.0,1447.0,200.0,10.87,14.0,46359.0,0.9,9.0,22.292149718449835,21.84501265667804,39.44319547990043,20.463656882416466,22.880167031200106,71.53338985221735,71.70181526083263,20.658773221824255,8.448251249107782,25.00877739086638,20.170851241871347,45.083619393874216,16.05867624960857,15.451114995564682,23.36255405699026
32530,강원,영월군,강원 영월군,2023,12.37,13.0,1133.0,189.0,11.52,14.0,37332.0,0.9,7.22,22.292149718449835,16.762176793375914,32.92313019048098,18.97797120451002,22.880167031200106,82.38989491147069,81.1830470308601,15.163107564124923,9.685462764691891,19.51464670402163,19.84814938287875,47.475732282369876,14.24621903292256,15.450919514019919,23.197532315683038
21030,부산,동구,부산 동구,2023,19.49,6.0,2482.0,178.0,17.27,7.0,87792.0,0.8,10.1,18.979794633984778,33.059142320156795,9.646154272734266,17.403657022573437,3.0716874373224194,64.82431369200461,34.30362327905769,36.86323741183985,20.630026171782067,29.517773238177206,20.635264133271573,26.56648562000104,24.4524438975609,21.206007811393647,23.009433953942768
38560,경남,하동군,경남 하동군,2023,11.08,15.0,1081.0,207.0,10.37,14.0,41606.0,0.8,5.16,18.979794633984778,15.78608382947429,37.407325030418576,21.367334519860133,22.880167031200106,94.95416481150545,89.67665049150969,17.91375944473492,7.496550083273854,20.748634754241337,16.93793687092709,53.181486751331796,13.708115731447576,13.14897832432653,22.75602100627165
36650,전남,장성군,전남 장성군,2023,14.56,13.0,1675.0,235.0,10.98,15.0,42543.0,0.8,7.02,18.979794633984778,24.88571962835906,32.92313019048098,24.7012007627468,24.913880629971313,83.60972694060028,66.76367371394333,18.47891967038029,8.657625505591248,24.571161753389813,18.022061764163176,46.571688454187324,15.802988923352139,14.411648147541344,22.643457090521135
36550,전남,고흥군,전남 고흥군,2023,12.12,17.0,1572.0,260.0,6.76,19.0,61113.0,0.8,5.71,18.979794633984778,23.566822475250778,41.362665196814355,27.359150169019625,31.945496272642483,91.59962673139908,82.82909421315654,27.670587996297307,0.6252676659528911,28.357120675877454,16.685318372906593,54.789889211425276,13.344116430450278,10.56312033410435,22.551982952749754
33540,충북,영동군,충북 영동군,2023,13.87,14.0,1403.0,215.0,8.24,13.0,44195.0,1.0,11.08,25.60450480291489,21.20333712722429,35.24001966668232,22.363593084047757,20.70608961994059,58.84713674926963,71.3067639370815,19.445674776631133,3.44230311682132,23.48337492993795,21.840057782431792,41.77559578460972,12.574787322859486,14.011053080532282,22.170839260736987
36580,전남,장흥군,전남 장흥군,2023,12.27,14.0,1248.0,199.0,7.49,15.0,35046.0,0.9,5.79,22.292149718449835,18.770756827746077,35.24001966668232,20.331997164279603,24.913880629971313,91.11169391974725,81.84146590377867,13.55958363810361,2.014751368070428,20.501257438640586,18.898400676822547,50.45871728360724,10.420204130371724,11.717393936791682,21.8645753322935
21040,부산,영도구,부산 영도구,2023,18.21,14.0,3436.0,322.0,10.72,12.0,106548.0,0.7,15.08,15.667439549519719,39.820079534062536,35.24001966668232,32.98534654477869,18.370827080764695,34.45049616667785,42.7313848524154,41.77684799049183,8.162740899357606,39.491098097515284,16.95699875044968,33.486340835464496,22.2440525667012,14.672066575005182,21.4971505546103
32540,강원,평창군,강원 평창군,2023,12.05,18.0,1199.0,219.0,11.48,15.0,40659.0,0.6,5.7,12.355084465054663,17.93852730006889,43.17832779019174,22.84796848618961,24.913880629971313,91.66061833285556,83.28998742419952,17.32948507786635,9.609326671425178,22.803774731432696,12.501565079511664,53.074860925492466,15.790090669996754,11.982560475254157,21.468912188599386
32550,강원,정선군,강원 정선군,2023,11.4,16.0,1101.0,198.0,12.34,15.0,34202.0,0.6,5.49,12.355084465054663,16.166945584606623,39.44319547990043,20.199677494924213,24.913880629971313,92.94144196344163,87.56971009817025,12.940972828406933,11.246252676659534,19.854403736805477,12.569945808750589,52.777870976529215,15.304293561335152,12.516805375406403,21.369963771593486
22040,대구,남구,대구 남구,2023,21.12,11.0,4056.0,371.0,10.63,11.0,139187.0,0.7,14.16,15.667439549519719,43.26873405591064,27.74650715474311,36.7138007593784,15.848551388528936,40.06172350067395,23.571395650484916,48.558151955726586,7.9914346895075,41.75111404562192,17.27616827115698,29.831658159304336,23.107409399244553,14.901197686792797,21.173208531413582
34510,충남,금산군,충남 금산군,2023,14.27,16.0,1719.0,253.0,11.2,16.0,50093.0,0.7,12.78,15.667439549519719,25.424593542305008,39.44319547990043,26.641498082966415,26.824260905739212,48.47856450166813,68.6730884454072,22.62459661367639,9.076374018558175,27.388314851235506,15.654495119154017,42.00298334199764,17.414933458709502,13.616218484878795,21.163466510977567
38550,경남,남해군,경남 남해군,2023,13.77,13.0,1164.0,181.0,8.93,11.0,40780.0,0.9,8.29,22.292149718449835,17.323001203738492,32.92313019048098,17.842410371067817,15.848551388528936,75.8637935556274,71.96518281000007,17.40489281754333,4.75565072567214,20.467594485228442,19.164760018062047,42.988306612267984,11.983255081546973,13.044346025248318,21.081261121940173
38600,경남,합천군,경남 합천군,2023,10.5,17.0,987.0,201.0,8.11,15.0,41203.0,0.7,5.04,15.667439549519719,13.896204126337894,41.362665196814355,20.594663199759612,24.913880629971313,95.68606402898321,93.49547995443741,17.66676125149405,3.194860813704498,20.520663477980033,13.619429196829252,54.994589730482595,11.322694980210596,9.626320130242789,20.697080165148723
33520,충북,보은군,충북 보은군,2023,11.66,14.0,957.0,185.0,10.4,16.0,31010.0,0.7,5.56,15.667439549519719,13.255008295851287,35.24001966668232,18.416296424249133,26.824260905739212,92.51450075324628,85.85782102858197,10.454735644352265,7.553652153223892,16.811928774567786,14.2091283147085,51.35018153162528,11.89772265676447,11.533000809497283,20.617929880829855
35560,전북,순창군,전북 순창군,2023,11.32,15.0,852.0,194.0,8.13,15.0,26764.0,0.8,5.12,18.979794633984778,10.84101500869112,37.407325030418576,19.663664789365694,24.913880629971313,95.19813121733138,88.09644519650512,6.718024356225784,3.232928860337857,14.917379817297011,15.803886805408373,52.79337858068813,8.69475003139977,10.337681008532403,20.451227555894675
36590,전남,강진군,전남 강진군,2023,12.08,14.0,1062.0,197.0,7.61,14.0,32722.0,0.8,5.53,18.979794633984778,15.417687303935843,35.24001966668232,20.066691224925734,22.880167031200106,92.69747555761572,83.09246176232395,11.818409149526406,2.2431596478705704,18.302370330162308,16.113088653062754,50.65468925823585,9.614038606213175,10.283755994218051,20.407215553271502
37580,경북,성주군,경북 성주군,2023,11.97,12.0,967.0,179.0,11.64,15.0,42086.0,0.6,5.99,12.355084465054663,13.470944509645927,30.434467563675362,17.55071990301575,24.913880629971313,89.89186189061766,83.81672252253438,18.204847916047104,9.913871044492033,18.283820142372168,12.100488456429396,48.95337246561512,13.920991920174407,11.608247881813071,19.905635189740533
32580,강원,양구군,강원 양구군,2023,13.79,10.0,977.0,136.0,9.63,10.0,21056.0,0.9,6.63,22.292149718449835,13.684661401394713,24.824527835543623,10.344778203628756,13.106681610409666,85.98839939740299,71.83349903541635,0.6310031134225274,6.0880323578396425,11.99653720183284,19.000783282652794,41.08148204614123,8.662453327658488,12.930570965719044,19.694897542980215
23020,인천,동구,인천 동구,2023,19.29,8.0,3295.0,237.0,12.97,12.0,59482.0,0.7,16.61,15.667439549519719,38.949011935250134,18.085689279067648,24.923967643954562,18.370827080764695,25.1187811438365,35.62046102489482,26.984124783602937,12.445396145610285,31.186881258519477,17.512290277506345,24.751602262663138,20.490957912582893,16.185677476604205,19.6926985285792
33530,충북,옥천군,충북 옥천군,2023,15.05,12.0,1768.0,222.0,10.68,16.0,48891.0,0.6,9.13,12.355084465054663,26.00871280523127,30.434467563675362,23.205505131473156,26.824260905739212,70.74049903328311,63.537421236642324,22.008249493005135,8.08660480609089,25.69372476325225,13.080175350227758,42.76749298544934,15.99405938471455,11.769508264952872,19.692198827513856
36560,전남,보성군,전남 보성군,2023,11.56,17.0,1084.0,215.0,8.12,17.0,37686.0,0.6,5.29,12.355084465054663,15.843659696048624,41.362665196814355,22.363593084047757,28.62541533973544,94.16127399257122,86.51623990150054,15.402606041426672,3.2138948370211757,20.815144699815185,11.332763543949037,54.292746390149475,11.383031525466809,8.49869969375195,19.556200213150973
36530,전남,구례군,전남 구례군,2023,11.8,10.0,805.0,135.0,7.72,12.0,24314.0,0.9,5.76,22.292149718449835,9.66247165237001,24.824527835543623,10.15138745761758,18.370827080764695,91.29466872411669,84.93603460649595,4.281774105002547,2.4525339043540337,11.080673624794494,18.053239539727482,45.50451715975035,6.406106877173466,10.845922667963672,19.28560180707316
36670,전남,진도군,전남 진도군,2023,12.18,10.0,1003.0,163.0,7.81,14.0,28979.0,0.8,5.89,18.979794633984778,14.23025902962147,24.824527835543623,15.093345095210323,22.880167031200106,90.50177790518246,82.43404288940539,8.735785977927552,2.6238401142041403,14.700770875297724,16.05144789558135,46.75743105450889,8.081984548980067,10.156365670109135,19.16116650672082
32590,강원,인제군,강원 인제군,2023,13.69,13.0,1391.0,195.0,8.14,12.0,32020.0,0.7,6.85,15.667439549519719,21.024842722027568,32.92313019048098,19.79869177822142,18.370827080764695,84.64658416536044,72.49191790833493,11.268073133347874,3.2519628836545356,20.477469339114343,14.340858366890725,45.71762345950533,10.976072119465787,9.955027010644319,19.102574590037165
32570,강원,화천군,강원 화천군,2023,11.94,13.0,978.0,155.0,7.02,13.0,23007.0,0.8,5.93,18.979794633984778,13.705912778335172,32.92313019048098,13.773184077564268,20.70608961994059,90.25781149935654,84.01424818440996,2.879647880829389,1.1201522721865336,14.301476791512599,15.77346009415008,47.98824743723165,7.081526506542135,9.341012318321647,18.9092940267448
36510,전남,담양군,전남 담양군,2023,14.06,14.0,1361.0,216.0,11.06,15.0,45373.0,0.5,8.24,9.042729380589606,20.57178622758147,35.24001966668232,22.48552271775268,24.913880629971313,76.16875156290979,70.0557680785362,20.113220608762173,8.809897692124677,23.36786322975585,10.160710312019054,45.65137063555954,15.500786034167426,10.488937253378277,18.818679463344015
35530,전북,무주군,전북 무주군,2023,12.74,10.0,807.0,131.0,7.17,9.0,23251.0,0.9,5.57,22.292149718449835,9.714006921687925,24.824527835543623,9.363337332092302,10.103303079993603,92.4535091517898,78.74689720106137,3.147356008306786,1.4056626219367128,10.766115830444724,17.901362374296674,43.06131663270108,5.670472011203158,10.29323390650666,18.459518803983926
32610,강원,양양군,강원 양양군,2023,11.79,13.0,871.0,150.0,11.07,14.0,27710.0,0.5,6.17,9.042729380589606,11.299114624550699,32.92313019048098,12.91324749199276,22.880167031200106,88.79401306440103,85.00187649378782,7.59948498093435,8.828931715441355,14.51402884465185,9.236298255213477,48.00414087741217,11.547971134591137,9.440470898199882,17.661756033927702
37520,경북,의성군,경북 의성군,2023,11.75,16.0,979.0,189.0,9.26,16.0,50086.0,0.4,5.1,5.730374296124549,13.727142459123895,39.44319547990043,18.97797120451002,26.824260905739212,95.32011442024434,85.26524404295525,22.621050227632868,5.383773495122533,21.538525393831893,6.478060992274181,52.77384272560839,13.043980996277146,7.079948368871548,17.65569477259856
37560,경북,청도군,경북 청도군,2023,14.98,11.0,931.0,148.0,8.23,14.0,41316.0,0.7,7.36,15.667439549519719,12.682849202781032,27.74650715474311,12.561272693957036,22.880167031200106,81.53601249107999,63.998314447685324,17.736261693033143,3.4232690935046417,17.211604540249084,13.532354946443588,41.228510046870966,9.854457811413042,9.442490327660375,17.476904490329794
38510,경남,의령군,경남 의령군,2023,10.5,12.0,642.0,144.0,7.72,10.0,25475.0,0.7,4.98,15.667439549519719,4.964189396213483,30.434467563675362,11.842923095154184,13.106681610409666,96.05201363772208,93.49547995443741,5.465451706870024,2.4525339043540337,10.208623722902821,12.614878687414242,48.92312524651697,6.204996039035455,8.096575616086351,17.43924193235403
37550,경북,영덕군,경북 영덕군,2023,12.73,9.0,974.0,145.0,7.57,9.0,34055.0,0.7,6.04,15.667439549519719,13.620776649069224,21.62386162461108,12.024351429697878,10.103303079993603,89.58690388333527,78.81273908835323,12.831669996153346,2.167023554603856,14.984661648302833,13.437710860237289,42.52628423868343,8.003154946730076,8.677786916239505,17.089612505104377
33580,충북,단양군,충북 단양군,2023,12.06,10.0,788.0,148.0,11.38,11.0,27701.0,0.5,5.74,9.042729380589606,9.21918715594682,24.824527835543623,12.561272693957036,15.848551388528936,91.41665192702965,83.22414553690767,7.5912416225554,9.418986438258392,11.851871631848756,9.116813716775646,45.41066594166479,10.645418999169154,9.451864961653634,16.842143223329554
37570,경북,고령군,경북 고령군,2023,13.81,9.0,884.0,132.0,10.69,8.0,30139.0,0.6,6.51,12.355084465054663,11.606835797035819,21.62386162461108,9.562566343916282,6.783222147086558,86.72029861488073,71.70181526083263,9.731770608657994,8.10563882940757,13.047721406037525,11.642842752905715,39.41732000810694,10.401620269341134,10.218638007146676,16.654537340340152
35550,전북,임실군,전북 임실군,2023,9.45,15.0,748.0,168.0,7.68,14.0,25956.0,0.5,6.38,9.042729380589606,8.13730622329953,37.407325030418576,15.886128963914214,22.880167031200106,87.51318943381497,100.0,5.9401188954431685,2.3763978110873194,13.332153786366431,7.952237329435255,52.38766018850528,7.5662303781162645,5.942792455315629,16.447583219162084
38570,경남,산청군,경남 산청군,2023,11.92,13.0,799.0,167.0,8.16,11.0,33752.0,0.5,5.47,9.042729380589606,9.507095060033892,32.92313019048098,15.729465484717874,15.848551388528936,93.06342516635459,84.14593195899367,12.60487602257346,3.290030930287892,15.11963637488518,8.226261180988777,48.33614654262466,8.893980446099237,6.598738483010036,16.204808093383722
32600,강원,고성군,강원 고성군,2023,11.75,13.0,1031.0,170.0,8.32,10.0,27305.0,0.5,7.68,9.042729380589606,14.802245164778036,32.92313019048098,16.196693943246167,13.106681610409666,79.58428124447263,85.26524404295525,7.2258570853146535,3.5945753033547487,16.15350574607961,8.80145784742322,45.569706822954764,9.313657031646015,7.055878834632675,16.075866211258603
37610,경북,봉화군,경북 봉화군,2023,11.37,14.0,809.0,169.0,6.24,16.0,29603.0,0.5,5.37,9.042729380589606,9.765414786007383,35.24001966668232,16.041868169419004,26.824260905739212,93.67334118091938,87.76723576004584,9.276409981184567,0.0,14.713634320695526,7.758588514042943,51.370225499745146,6.8685464210473945,4.909576220178581,15.840458199407372
36680,전남,신안군,전남 신안군,2023,8.04,19.0,799.0,225.0,6.94,21.0,38037.0,0.2,3.55,0.0,9.507095060033892,44.900837542357785,23.55826386105051,34.94887480305856,100.0,100.0,15.637863973745562,0.9678800856531065,18.425074230612175,1.0958915188513552,60.112064694192966,9.269516409413601,2.2771312508163053,15.34600094268154
36520,전남,곡성군,전남 곡성군,2023,12.81,8.0,775.0,131.0,8.67,8.0,26905.0,0.7,12.93,15.667439549519719,8.873711967735915,18.085689279067648,9.363337332092302,6.783222147086558,47.56369047982093,78.28600399001837,6.851362300627087,4.2607661194384985,10.109402529869612,13.277065776829154,32.14539440486745,6.954437032239185,9.172966585053928,14.712724270867774
35540,전북,장수군,전북 장수군,2023,11.41,8.0,724.0,128.0,7.04,8.0,20983.0,0.6,4.99,12.355084465054663,7.460085867302972,18.085689279067648,8.756466495455353,6.783222147086558,95.9910220362656,87.5038682108784,0.5428731500181078,1.1582203188198916,7.510042734470448,10.18605498334428,43.52271585116915,4.0190382492210155,6.101260340642255,14.569095641536466
34550,충남,청양군,충남 청양군,2023,11.91,12.0,814.0,150.0,9.42,12.0,30168.0,0.4,9.04,5.730374296124549,9.893381162317171,30.434467563675362,12.91324749199276,18.370827080764695,71.28942344639144,84.21177384628552,9.75617619437715,5.688317868189391,13.960436952206804,6.140366518553538,43.17106890638336,9.614124245491709,6.503213149966812,14.567428166266874
36630,전남,함평군,전남 함평군,2023,12.31,11.0,789.0,157.0,7.58,11.0,30601.0,0.4,5.31,5.730374296124549,9.245525944175462,27.74650715474311,14.109465297376122,15.848551388528936,94.03929078965827,81.57809835461123,10.117812641528293,2.1860575779205345,13.20740819549484,5.550241953199039,46.57742829242589,7.343759468394942,4.641805049130948,14.13503408921816
33560,충북,괴산군,충북 괴산군,2023,11.14,14.0,930.0,173.0,9.28,15.0,36590.0,0.3,12.58,2.418019211659491,12.660525560780508,35.24001966668232,16.65579627618619,24.913880629971313,49.698396530797716,89.28159916775854,14.65365193733294,5.42184154175589,17.7743622949266,3.892843196086053,42.74503423658996,11.236167717390014,5.529491295266089,13.949850467078468
35520,전북,진안군,전북 진안군,2023,9.68,13.0,688.0,158.0,6.96,12.0,24465.0,0.3,4.24,2.418019211659491,6.401015501623205,32.92313019048098,14.276012971380316,18.370827080764695,100.0,98.89451471236971,4.4388830695477495,1.0059481322864627,11.116798709772123,2.6045081787499083,52.68815628552993,5.791620052562457,2.5230789435595846,13.500490337171808
37530,경북,청송군,경북 청송군,2023,10.68,8.0,562.0,109.0,6.93,8.0,24019.0,0.4,4.34,5.730374296124549,2.2013300714190565,18.085689279067648,4.550464151060318,6.783222147086558,99.95547613093677,92.31032598318399,3.972004346999091,0.9488460623364265,5.909404195622786,4.6602406385857815,44.22539763846574,3.3665009285254746,3.1671915803894612,11.993754542445684
37540,경북,영양군,경북 영양군,2023,10.71,6.0,420.0,96.0,6.31,7.0,15661.0,0.4,4.83,5.730374296124549,0.0,9.646154272734266,1.2304392361661718,3.0716874373224194,96.96688765956928,92.1128003213084,0.0,0.0,1.9292308545468533,4.297780722093412,40.5135313753623,0.9646154272734266,2.29358267513772,10.321269151060156
37630,경북,울릉군,경북 울릉군,2023,10.34,4.0,233.0,44.0,11.46,6.0,9077.0,0.1,5.06,0.0,0.0,0.0,0.0,0.0,95.56408082607025,94.54895015110714,0.0,9.571258624791822,0.0,1.4356887937187732,38.02260619543548,5.264192243635502,4.8574137520818494,10.28208083937261
23520,인천,옹진군,인천 옹진군,2023,8.99,6.0,486.0,89.0,8.69,10.0,20377.0,0.2,4.33,0.0,0.0,9.646154272734266,0.0,13.106681610409666,100.0,100.0,0.0,4.298834166071855,1.9292308545468533,0.6448251249107783,43.8952330961083,3.3289742186129474,2.3263506533724803,10.26620702822592
11230,서울,강남구,서울 강남구,2024,25.01,34.0,26239.0,1780.0,56.08,37.0,557345.0,4.6,13.09,100.0,83.86950327199223,63.677638891591116,77.627284546112,53.98840456070422,45.76321011244213,0.0,83.97582901352557,100.0,79.86302811837201,98.38695032719923,49.393251621440285,90.7380388955864,97.80418099793758,86.33984696208566
29000,세종,세종시,세종 세종시,2024,20.5,53.0,32131.0,2437.0,57.53,66.0,390685.0,2.9,13.19,90.5292479108635,87.90656083243563,78.25017407575788,85.89192492741113,71.3325354498592,45.15078023566302,24.543031226199545,74.98660756219196,100.0,82.09929750002698,91.68759201639119,61.76165865685575,91.65432070839172,94.59194411445435,86.0893055518849
11220,서울,서초구,서울 서초구,2024,24.74,24.0,19725.0,1316.0,53.16,23.0,408376.0,2.9,10.39,90.5292479108635,78.18268705019102,52.37033581845839,69.68334189473026,39.93427286689142,62.29881678547806,0.0,76.10713146994888,95.3913438131782,72.39755012977184,90.02390621014347,46.344806924503565,84.75487980962438,91.11215541112776,79.94288934921433
31020,경기,성남시,경기 성남시,2024,22.95,73.0,41571.0,3031.0,57.21,116.0,913009.0,2.2,15.28,66.15598885793872,93.03987736722436,88.83861644691235,91.63091055212038,88.382295222288,32.350995810979654,7.882711348057896,96.4637252499699,100.0,93.22677954798561,73.92097938017648,61.97953664256328,96.9613959056316,86.50469907593298,79.72915922858952
31240,경기,화성시,경기 화성시,2024,23.93,103.0,68660.0,4636.0,50.19,177.0,968821.0,2.2,14.99,66.15598885793872,100.0,100.0,100.0,100.0,34.12704245363906,1.218583396801236,97.96497488460739,89.26434789784214,99.38949246538222,73.00664382813036,67.06912517008806,93.79013757650429,81.81436431478558,78.89812273663715
31190,경기,용인시,경기 용인시,2024,23.99,104.0,61324.0,4301.0,49.73,158.0,1085864.0,2.0,16.84,59.19220055710306,100.0,100.0,100.0,97.76319684169022,22.797089733225548,0.8105755630508327,100.0,88.31538556752074,100.0,67.6414582529554,64.38601258550881,93.5734620621364,78.76713338443042,75.83579931763798
35010,전북,전주시,전북 전주시,2024,21.89,75.0,35945.0,2768.0,21.73,105.0,635651.0,3.2,14.9,100.0,90.14195522809587,89.7348150611435,89.24270982266506,85.36263291552231,34.678229342740266,15.090849744315094,87.30211036801805,30.552461113174072,89.20857373668204,88.5970646897857,63.01585122263438,56.90104271918197,63.52705014238107,71.2359897888883
31010,경기,수원시,경기 수원시,2024,23.17,100.0,61885.0,4291.0,39.84,175.0,1193005.0,2.0,13.84,59.19220055710306,100.0,99.29177591981646,100.0,100.0,41.169986036598814,6.386682624306388,100.0,67.91269546561044,99.8583551839633,64.58105473766886,69.36968891614434,82.28116009806739,68.4021447965082,71.10398941739025
21120,부산,강서구,부산 강서구,2024,22.21,19.0,12396.0,834.0,41.59,21.0,142789.0,2.8,12.51,87.04735376044567,68.92579613130184,44.87149493678002,57.68972776643605,37.273155742169656,49.31530339776097,12.914807964312914,49.519762086596884,71.5228782440071,58.29312567898599,82.9065266700655,41.433726562705246,65.03785606713181,76.24194913050502,68.70162274673127
31100,경기,고양시,경기 고양시,2024,21.98,90.0,49869.0,3563.0,33.68,150.0,1070120.0,2.1,12.66,62.67409470752089,96.66689254421382,95.78803708451905,95.88587072941613,96.18434028768658,48.3966585825923,14.478837993689481,100.0,55.20485208565417,97.49105368901073,64.95298809791018,70.13182545766719,74.27485086440446,62.939419908594715,68.40986780759611
31230,경기,김포시,경기 김포시,2024,24.14,47.0,34578.0,2243.0,33.78,92.0,486853.0,2.5,14.06,76.6016713091922,89.36926559571083,74.29202140790603,83.70950071035782,81.36109294742423,39.82264030768478,0.0,80.55449097110231,55.41114824441969,83.70938437076731,74.69985227812818,55.954471462821246,67.86236044002895,66.92318209061531,68.04262788773
26020,울산,남구,울산 남구,2024,21.9,31.0,15072.0,1078.0,26.35,43.0,304885.0,3.3,13.75,100.0,72.82101783736698,60.66618140102064,64.43714255306215,58.47205979307919,41.72117292570001,15.022848438690033,68.7126534277977,40.08334364814127,69.15754122722693,88.29460333095788,48.36213516030955,52.98355872822282,66.12400575156181,67.40342062741259
38110,경남,창원시,경남 창원시,2024,21.59,112.0,53251.0,3861.0,30.6,190.0,999858.0,2.1,13.71,62.67409470752089,97.97457808732706,100.0,97.9994314418062,100.0,41.96614487641165,17.13088891306714,98.76282105250938,48.85093039567604,98.61613535941635,64.13066839872478,71.3192646183473,71.27735049296365,59.854762411793544,67.08189150874033
31180,경기,하남시,경기 하남시,2024,24.03,24.0,21170.0,1346.0,47.75,38.0,329120.0,2.0,13.35,59.19220055710306,79.5915945618652,52.37033581845839,70.27616553782215,54.78282724521054,44.17089243281646,0.5385703405505353,70.64791388211563,84.23072162396336,71.46423860925896,64.98791811760832,45.202425189602195,78.07943646971607,73.68662709764874,65.92797600341792
22060,대구,수성구,대구 수성구,2024,23.86,34.0,22267.0,1469.0,24.12,45.0,409107.0,3.0,13.31,94.01114206128133,80.59839738763222,63.677638891591116,72.57609548875048,59.8315526627922,44.41586438352809,1.6945925361767138,76.15238125207976,35.482939307670094,75.88044084775827,83.89063718087472,49.076375933865634,53.42591717371607,62.37823492417931,65.50384643673465
31070,경기,평택시,경기 평택시,2024,22.62,65.0,34399.0,2440.0,43.55,112.0,598556.0,1.6,13.51,45.26462395543175,89.26583181984803,84.99380438021375,85.92429253598957,87.31841217135671,43.191004629969875,10.126754433685122,85.78073534343731,75.56628295581136,87.36589738899796,54.20999359193032,62.241147648474644,80.78111272920283,65.67036273987956,64.89779820806821
31150,경기,시흥시,경기 시흥시,2024,23.01,50.0,32621.0,2189.0,38.5,80.0,518132.0,2.0,15.08,59.19220055710306,88.20818284667034,76.32933949232259,83.06838020714953,77.1359646453951,33.575855564537875,7.474703514307464,82.12996591123581,65.14832693815241,84.00894909517044,62.98721774321719,55.813469462830234,73.42564522123553,65.30937008314726,64.86596447841923
34010,충남,천안시,충남 천안시,2024,23.1,79.0,38680.0,2749.0,33.41,111.0,659920.0,2.1,17.18,62.67409470752089,91.60339582661469,91.458549628618,89.0614861010584,87.04655657027128,20.714828152176594,6.862691763681866,88.25013493268202,54.647852456987245,90.56844831883555,64.36308848185023,59.12956891970059,70.76037321943002,61.922348583785144,64.85402330248701
38070,경남,김해시,경남 김해시,2024,22.67,60.0,32504.0,2303.0,27.97,87.0,531676.0,2.3,13.71,69.63788300835652,88.13657666388889,82.34633702540957,84.40400688946033,79.67096384398874,41.96614487641165,9.786747905559778,82.78285457709106,43.42534142014276,85.37241211015368,67.55587113567769,59.871492260439595,62.163315002960914,58.30130231533295,63.32456834334294
39010,제주,제주시,제주 제주시,2024,23.35,69.0,29541.0,2198.0,34.01,75.0,488348.0,2.0,14.67,59.19220055710306,86.23170120292723,86.97116623751013,83.17632399641795,75.18730861161376,36.08681805933222,5.162659123055164,80.63206659848925,55.885629409580396,84.69970382851241,61.40016494955708,57.71630597482605,68.77536302937906,60.57635722253854,62.68750749242638
37050,경북,구미시,경북 구미시,2024,21.68,52.0,26048.0,1908.0,27.17,95.0,404820.0,2.3,14.13,69.63788300835652,83.72390700846006,77.6220164150423,79.45402989142816,82.33208096871049,39.39393939393939,16.518877162441527,75.88584899968805,41.77497215001857,80.15211148714491,66.86704877961618,58.92028621244826,58.86609507565967,56.88467890366354,61.747095383179754
33040,충북,청주시,충북 청주시,2024,21.81,94.0,47482.0,3573.0,27.56,128.0,854537.0,1.9,14.95,55.71030640668523,95.68939561949674,97.23365594282187,95.95961764529733,91.36842660392476,34.37201440435072,15.634860189315646,94.78911393109361,42.57952716920411,95.72816317764082,57.73859844234421,67.14327450921068,66.49835175090784,53.74688649302973,61.63546130397254
31040,경기,안양시,경기 안양시,2024,22.98,41.0,24997.0,1777.0,35.1,72.0,556492.0,2.0,16.62,59.19220055710306,82.90314142627683,69.80463801679815,77.58291208762506,73.95558965274631,24.144435462139597,7.678707431182687,83.93707599926202,58.1342575401246,80.59362111627667,61.40460319147367,50.8146226518423,68.12549513389301,61.26811600486439,61.21324561516765
31130,경기,남양주시,경기 남양주시,2024,23.16,68.0,41272.0,2835.0,28.98,108.0,732482.0,1.9,13.77,55.71030640668523,92.89602002284683,86.48762614860293,89.87198412165867,86.2161828369014,41.5986869503442,6.454683929931463,90.88960281332817,45.50893262367455,91.01241608514245,57.89867170084979,62.308622861725595,65.8913199844499,54.76116026637847,60.693992964438195
38030,경남,진주시,경남 진주시,2024,20.98,46.0,18287.0,1406.0,19.7,51.0,338785.0,2.7,14.45,83.56545961002786,76.67417818920732,73.5845119833155,71.42319920053797,63.581167369952205,37.43416378824625,21.27896855619629,71.38022389409302,26.36464909023394,74.46805865949467,74.29620988997672,53.85250377117893,47.90087741991564,53.56086373955759,60.03615738905816
31060,경기,광명시,경기 광명시,2024,22.09,25.0,14023.0,1082.0,34.75,43.0,278167.0,2.1,11.48,62.67409470752089,71.38340877052974,53.68836578378896,64.5345349197236,58.47205979307919,55.62333112858578,13.730823631813735,66.39217133375429,57.41222098444527,66.34702894214895,62.75574505536043,49.51294680773048,61.18106557399289,60.649309708335,59.41861707386111
31050,경기,부천시,경기 부천시,2024,21.89,64.0,33653.0,2467.0,28.47,113.0,769918.0,1.8,14.69,52.2284122562674,88.828885753276,84.48073401138633,86.21382364483836,87.58787253778165,35.96433208397639,15.090849744315094,92.15076802760449,44.45682221397037,88.95582008719661,54.7227210996237,61.7988199598124,64.48771797361822,52.594406020744216,58.67585082847542
11240,서울,송파구,서울 송파구,2024,22.46,41.0,29492.0,2195.0,31.9,46.0,650110.0,1.8,12.26,52.2284122562674,86.19861767011358,69.80463801679815,83.14039189928963,60.489288846051394,50.846378089708736,11.214775323686226,87.87119182409113,51.53278045962784,83.42159398564377,55.52108802815608,56.23164958776874,65.74389536211152,55.65860147926451,58.63290077337884
24030,광주,남구,광주 남구,2024,21.54,23.0,12956.0,873.0,14.7,39.0,207597.0,3.1,14.25,97.49303621169916,69.8063125248148,50.99849406198705,58.89121198999637,55.55713578644236,38.65902354180447,17.470895441192482,58.98835953277942,16.04984115195775,62.79936293463864,82.50788458404952,44.48205597446225,36.736778474655345,52.381903466408275,58.01383252796003
23040,인천,연수구,인천 연수구,2024,23.66,33.0,25598.0,1641.0,29.84,49.0,400213.0,2.1,16.32,62.67409470752089,83.37661462231823,62.703499485437185,75.48850063446856,62.381658581251656,25.98172509247692,3.0546186486780584,75.59625671758667,47.283079589058055,76.90788422352254,62.4356944312312,46.577342591123326,60.29080515462729,56.81054584498001,57.978355585458246
24050,광주,광산구,광주 광산구,2024,21.37,45.0,25558.0,1959.0,18.81,81.0,391611.0,2.4,14.4,73.11977715877437,83.34544928804529,72.86178614171752,80.14796158685023,77.51122768165173,37.740378726635804,18.626917636818632,75.04650631254036,24.528613277220774,78.75903376612825,66.85366978946843,57.50949104999471,48.70298172113329,49.317296799931476,57.596587133295316
23080,인천,서구,인천 서구,2024,23.66,52.0,37878.0,2412.0,28.36,85.0,634064.0,1.8,14.28,52.2284122562674,91.18584091440654,77.6220164150423,85.62063560481067,78.96786267775686,38.47529457877074,3.0546186486780584,87.23886204559314,44.2298964393283,87.28898235388968,54.92437774954044,57.080724231364414,63.41164217285508,52.454398954463386,57.50597330109678
31090,경기,안산시,경기 안산시,2024,21.66,55.0,29228.0,2084.0,34.61,84.0,620579.0,1.5,14.84,41.78272980501392,86.01942044457475,79.47232535583176,81.77519521380269,78.61015621703778,35.04568726880774,16.65487977369166,86.69495384459522,57.12340636217353,84.91266144683229,48.50750035254394,58.46990071567257,69.57323320038286,54.68292738309013,57.33272651622377
31200,경기,파주시,경기 파주시,2024,22.92,60.0,30067.0,2125.0,29.71,89.0,511308.0,1.7,13.52,48.746518105849574,86.58342614091671,82.34633702540957,82.28774075690305,80.35826363877814,43.12976164229197,8.08671526493309,81.79452016512528,47.014894582662876,84.29933652507785,52.270465380878285,59.33823752156941,63.678688975957684,52.142249140764804,56.95823203345436
22510,대구,달성군,대구 달성군,2024,21.79,33.0,17647.0,1297.0,29.99,46.0,257580.0,2.0,11.94,59.19220055710306,75.96423854460305,62.703499485437185,69.30086106531027,60.489288846051394,52.80615369540189,15.770862800565794,64.4467020213648,47.59252382720634,69.8568297757984,59.129452846368544,52.654711789516256,57.306091065632536,54.81802342255138,56.80394038721403
11150,서울,양천구,서울 양천구,2024,23.43,30.0,21032.0,1468.0,21.59,38.0,430976.0,2.4,12.86,73.11977715877437,79.46126219356465,59.59925190447333,72.55818445909796,54.78282724521054,47.17179882903408,4.618648678054626,77.46997831074903,30.26364649090234,74.8914749709017,67.3255060620726,48.63491008386848,50.1176799457689,51.77268129471746,56.718663964221136
22010,대구,중구,대구 중구,2024,22.48,10.0,5100.0,366.0,25.33,12.0,97711.0,2.9,9.36,90.5292479108635,51.228089327797434,24.78090968149036,36.05263728897453,21.183359268133117,68.60684451630289,11.078772712436077,39.92156593267595,37.979122828732926,42.546696379999574,78.71661329023732,33.083968594509464,39.600461279413025,58.591068827087135,55.876502365011156
24020,광주,서구,광주 서구,2024,20.71,30.0,13960.0,1069.0,18.59,50.0,279050.0,2.5,11.97,76.6016713091922,71.29367803266167,59.59925190447333,64.21668308497561,62.987293297486836,52.622424732368145,23.115003808073112,66.47236017593772,24.07476172793663,67.50839745000681,68.19183554435081,52.569600854849845,43.43063377373548,49.03667944301355,55.57248960573993
31210,경기,이천시,경기 이천시,2024,21.33,31.0,11746.0,916.0,34.56,44.0,222443.0,1.8,13.57,52.2284122562674,67.85246343927676,60.66618140102064,60.155297518314065,59.1593595878686,42.8235467039024,18.898922859318915,60.73599155189826,57.02025828279078,64.28026546541199,54.509594278546835,48.3904585106072,60.108651616277086,56.22818528069175,55.12973658560518
31120,경기,구리시,경기 구리시,2024,22.17,16.0,8344.0,621.0,31.51,27.0,186882.0,2.2,11.7,66.15598885793872,61.03788100132505,39.409972139518196,49.93863230763157,44.64874846845222,54.27598539967175,13.186813186813183,56.32863102420128,50.72822544044231,55.299524235826546,63.33001355965289,40.556524492376354,52.49839206009029,57.29464449299479,54.93843733507445
26040,울산,북구,울산 북구,2024,22.58,22.0,15625.0,1039.0,23.92,41.0,216522.0,2.3,12.87,69.63788300835652,73.5390983666499,49.568258795798506,63.46818931712155,57.049312394620124,47.110555841356174,10.398759656185419,60.053388349889836,35.07034699013904,64.6992174474516,64.84287414145324,45.83995904714143,47.96134464996979,51.89026021477075,54.617094686163526
36020,전남,여수시,전남 여수시,2024,19.34,48.0,12990.0,1199.0,25.87,65.0,267816.0,1.9,11.36,55.71030640668523,69.8585401818422,74.98494196472383,67.2346403070556,70.87262371924707,56.358246980720715,32.431182678707444,65.43269906028289,39.09312208606677,69.55606820195074,54.63255213610816,60.19442795948136,52.78632423921999,48.91681743406045,54.499448508927394
26510,울산,울주군,울산 울주군,2024,20.47,31.0,11287.0,898.0,32.53,44.0,218806.0,1.8,11.88,52.2284122562674,67.05812198918422,60.66618140102064,59.63351321977349,59.1593595878686,53.17361162146934,24.747035143074754,60.31888575454934,52.83244625985064,63.757963001161045,53.80198833009656,51.49964787623661,57.58392084403916,54.02993848260188,54.47499389572078
21090,부산,해운대구,부산 해운대구,2024,22.09,32.0,17591.0,1237.0,26.22,33.0,376404.0,2.0,13.62,59.19220055710306,75.90089858821733,61.70027703429476,68.05519057278774,50.58672937131895,42.51733176551286,13.730823631813735,74.04441275448663,39.81515864174609,72.5038285273136,57.95651407291094,48.19149353521905,54.35520658720628,51.06684354914754,54.123778408107974
37010,경북,포항시,경북 포항시,2024,20.81,68.0,25573.0,1984.0,23.24,113.0,491581.0,1.7,12.32,48.746518105849574,83.35714200037076,86.48762614860293,80.48155612932692,87.58787253778165,50.47892016364127,22.434990751822454,80.7990181948124,33.66753311053349,83.21580168834969,49.945732746004275,65.13887732581232,55.95718695494973,45.150081004931316,54.11088771810308
22070,대구,달서구,대구 달서구,2024,22.59,56.0,26896.0,2015.0,18.29,69.0,522021.0,2.1,15.26,62.67409470752089,84.36235438047967,80.06712772210992,80.88942631018166,72.67217531417107,32.47348178633548,10.330758350560345,82.31916572219141,23.455873251640057,82.89035245131925,58.96018745643464,55.69745644647223,50.127788795037674,45.20881768554699,54.053878773710544
25040,대전,유성구,대전 유성구,2024,20.89,39.0,22230.0,1746.0,25.82,74.0,369468.0,1.8,14.7,52.2284122562674,80.56525553057344,68.165022282699,77.11996229785764,74.78222250741953,35.90308909629849,21.890980306821888,73.57383117061818,38.989974006683994,75.98778157301197,53.07633084626049,55.68914228774122,55.410113713653516,48.496173382517675,53.72048586188032
21510,부산,기장군,부산 기장군,2024,22.95,22.0,12214.0,876.0,27.76,35.0,175626.0,2.1,12.87,62.67409470752089,68.63104351748953,49.568258795798506,58.981401422820056,52.3348367930593,47.110555841356174,7.882711348057896,54.756884482083336,42.99211948673517,60.65623886252946,60.31749330539989,43.50788107170643,50.5422329730946,52.78732341902144,53.247168120758346
31250,경기,광주시,경기 광주시,2024,23.69,34.0,20678.0,1413.0,36.1,44.0,397605.0,1.4,14.2,38.30083565459609,79.12298093133899,63.677638891591116,71.55382109175079,59.1593595878686,38.96523848019403,2.8506147318028496,75.43083862558562,60.197219127779846,74.9262698316634,45.66750770324795,47.861057631835585,66.61545638954367,53.895099004778466,53.17962548878976
34040,충남,아산시,충남 아산시,2024,22.1,50.0,23933.0,1762.0,31.57,66.0,355014.0,1.5,17.26,41.78272980501392,82.03629454700965,76.32933949232259,77.35992071941222,71.3325354498592,20.22488425075329,13.66282232618866,72.56412345452816,50.852003135701615,78.05325220832779,47.168477278816646,52.08326971118484,62.893413101449305,50.816451702121284,53.148807212152136
38100,경남,양산시,경남 양산시,2024,23.01,41.0,22038.0,1543.0,25.09,69.0,359531.0,1.8,13.19,52.2284122562674,80.39238550473964,69.80463801679815,73.86878993131297,72.67217531417107,45.15078023566302,7.474703514307464,72.88401581441595,37.48401204769568,76.02232510005423,52.83314954982886,53.854048133307636,54.607749901022764,47.72714147676133,52.93117567479471
39020,제주,서귀포시,제주 서귀포시,2024,19.6,45.0,9130.0,911.0,34.01,45.0,182020.0,1.5,9.79,41.78272980501392,62.83178364506732,72.86178614171752,60.01139198181665,59.8315526627922,65.97339604615273,30.663148732455653,55.661662206243925,55.885629409580396,62.686747712750346,46.003070129704234,57.87724707893817,58.93888084939102,51.402337485613906,52.77224121342924
21060,부산,동래구,부산 동래구,2024,23.48,23.0,13659.0,888.0,19.2,28.0,274370.0,2.4,13.12,73.11977715877437,70.85929829628894,50.99849406198705,59.3391001157999,45.72196573393681,45.57948114940841,4.278642149929283,66.04442441664197,25.33316829640632,65.44267528553448,65.72573794317061,41.864393361305446,43.11161529097627,48.19622016897396,52.28834216382762
11140,서울,마포구,서울 마포구,2024,21.35,22.0,12609.0,1002.0,27.98,27.0,361417.0,2.0,17.66,59.19220055710306,69.26530707633668,49.568258795798506,62.51473263127294,44.64874846845222,17.775164743636864,18.762920248068752,73.01639396983765,43.445971036019316,66.45122348827934,57.837576780863856,39.54726418558689,53.65763046013346,52.17352282205871,52.28398846142813
31160,경기,군포시,경기 군포시,2024,21.79,27.0,11712.0,922.0,29.65,41.0,255931.0,1.8,12.35,52.2284122562674,67.79469688267922,56.17879800991273,60.32695197711446,57.049312394620124,50.29519120060753,15.770862800565794,64.28420346831672,46.891116887403555,64.41836908381717,52.984446413579,48.08810525568885,54.609563985846584,51.095548715257735,52.25397264185664
25030,대전,서구,대전 서구,2024,21.35,40.0,23730.0,1792.0,15.86,74.0,457951.0,2.1,14.81,62.67409470752089,81.86653885963217,68.99482879818012,77.80403008141306,74.78222250741953,35.229416231841455,18.762920248068752,79.00603247814514,18.442876593637827,78.43404493289566,57.958656405649556,55.26577395208427,45.26727764996703,42.22442665809307,51.819873603679476
36030,전남,순천시,전남 순천시,2024,20.78,42.0,15318.0,1244.0,19.61,53.0,276329.0,2.0,13.33,59.19220055710306,73.14365216866489,70.5953911212754,68.20359354299619,64.7354007192272,44.293378408172266,22.638994668697634,66.22443547907488,26.17898254734497,70.55823495230999,55.63536301679553,54.26676133326219,46.020375268761484,43.88338169028273,51.13994371670564
24040,광주,북구,광주 북구,2024,20.83,46.0,21917.0,1748.0,13.3,86.0,423961.0,2.1,13.88,62.67409470752089,80.28266603764041,73.5845119833155,77.15007701173639,79.32143371101425,40.92501408588717,22.29898814057232,77.05475561316389,13.161694929240419,77.97466209943248,57.008091873790775,58.54743715154124,42.21212995891645,39.442458655966995,50.875205188044674
35020,전북,군산시,전북 군산시,2024,19.87,55.0,13566.0,1177.0,16.11,63.0,258047.0,2.1,14.27,62.67409470752089,70.72315065762375,79.47232535583176,66.74762417899872,69.9315170425426,38.53653756644865,28.82711348057883,64.49253292885265,18.958616990551636,70.60380027863403,56.92167864498579,56.54382888170292,42.192981951239226,41.425302561871845,50.67199744501546
35030,전북,익산시,전북 익산시,2024,18.4,60.0,12107.0,1199.0,14.73,74.0,268001.0,2.1,13.57,62.67409470752089,68.45569798446137,82.34633702540957,67.2346403070556,74.78222250741953,42.8235467039024,38.823305407463835,65.45017065023416,16.11172999958741,70.33216759238285,56.26790032902491,60.82463128023199,40.60475039674144,39.86376822387927,50.611747761048015
11010,서울,종로구,서울 종로구,2024,19.77,13.0,4362.0,403.0,42.04,16.0,138336.0,1.6,15.53,45.26462395543175,48.113580854500206,32.88527066399374,38.58077772737914,29.387825320409405,30.819921119031875,29.507126536829517,48.7181481579877,72.45121095845195,45.249289007445164,49.627507695791635,32.69583189387722,60.06713148814615,59.18174740657592,50.454477083079894
32020,강원,원주시,강원 원주시,2024,21.23,51.0,18183.0,1517.0,18.03,72.0,362164.0,1.9,15.21,55.71030640668523,76.56052013824998,76.98189312970796,73.42179899014499,73.95558965274631,32.77969672472503,19.578935915569588,73.06863493518229,22.919503238849696,75.59722917562127,52.876707304666375,55.31689334944872,46.576315362265476,41.4466270902704,50.12668775149166
31030,경기,의정부시,경기 의정부시,2024,22.33,34.0,20923.0,1430.0,23.23,63.0,461271.0,1.7,14.57,48.746518105849574,79.35771262009712,63.677638891591116,71.86837272303191,69.9315170425426,36.69924793611132,12.098792296812121,79.18879932092722,33.64690349465694,76.17102388464495,49.542695365595435,50.951956562042284,52.62342323337894,44.44127739093449,50.08764781860653
11190,서울,영등포구,서울 영등포구,2024,20.99,23.0,13146.0,1082.0,35.17,39.0,373773.0,1.2,11.18,31.33704735376044,70.0964337326247,50.99849406198705,64.5345349197236,55.55713578644236,57.460620758923106,21.210967250571215,73.86693802681798,58.27866485126047,67.40799708675516,39.25422861627187,50.40122051219353,62.2524425249396,49.36251338481804,49.37353293584437
31140,경기,오산시,경기 오산시,2024,23.04,26.0,15162.0,1102.0,31.4,49.0,242065.0,1.5,16.44,41.78272980501392,72.93966154843099,54.95664672983887,65.01616330926764,62.381658581251656,25.24680924034199,7.270699597432284,62.87486710488882,50.50129966580022,66.32362025164991,46.20620845847357,43.10612072802729,57.29054186459353,49.372140391955895,49.20449109300582
36620,전남,무안군,전남 무안군,2024,19.56,19.0,5283.0,501.0,14.08,21.0,92687.0,2.7,14.35,83.56545961002786,51.93053835338445,44.87149493678002,44.297149119075804,37.273155742169656,38.04659366502536,30.93515395495595,38.58600931995785,14.770804967611504,46.51537096003558,70.08276928800106,39.43590915244667,28.785101294534897,44.52893157684479,48.9142258321251
38090,경남,거제시,경남 거제시,2024,21.76,40.0,16794.0,1218.0,16.86,56.0,232972.0,1.9,12.88,55.71030640668523,74.97690898558062,68.99482879818012,67.64811295558594,66.38896848687212,47.04931285367826,15.974866717440975,61.90612144971305,20.505838181293065,69.85925668734025,52.356296430765944,53.27417518578718,42.45899389410228,39.724040662950884,48.140748083754836
11020,서울,중구,서울 중구,2024,19.36,12.0,4549.0,379.0,53.63,13.0,120544.0,0.9,17.96,20.891364902506965,48.94996675429757,30.39483843786997,36.968829767839004,23.449844417542675,15.93787511329954,32.29518006745731,45.23488024725986,96.36093575937616,44.12441513890074,35.017660716216405,28.48526282831652,72.61322389939238,62.12714145879872,47.93869756002174
32030,강원,강릉시,강원 강릉시,2024,19.62,36.0,8496.0,803.0,16.7,36.0,207731.0,2.1,15.06,62.67409470752089,61.39761955465616,65.54508910099334,56.69396780799148,53.17279479274124,33.69834153989369,30.527146121205533,59.00468592793372,20.175764327268226,61.50923337590687,56.171697635196516,48.10352652332757,38.781406090218155,40.96457724567486,47.654260351255
36010,전남,목포시,전남 목포시,2024,21.12,33.0,12701.0,1013.0,16.37,46.0,209890.0,2.0,12.77,59.19220055710306,69.4101804404873,62.703499485437185,62.80181810281318,60.489288846051394,47.72298571813528,20.32695027744532,59.26629385220926,19.494987003342,65.02567827299386,54.25941651237732,50.92453494881456,39.764572966310666,39.91763965230496,47.653993697763894
23010,인천,중구,인천 중구,2024,21.6,15.0,9669.0,679.0,38.05,19.0,167113.0,1.2,11.58,31.33704735376044,63.97479911053174,37.372654055101634,52.28515443205002,34.35823173553281,55.01090125180667,17.06288760744205,53.499741430518654,64.21999422370756,55.5118527954418,39.53326455992964,40.1143119512125,59.878183265233474,51.225357748047486,47.007769212192756
36060,전남,광양시,전남 광양시,2024,19.6,29.0,8350.0,749.0,22.93,36.0,154692.0,1.7,10.06,48.746518105849574,61.05220499432754,58.497334943665436,54.86402396680335,53.17279479274124,64.31983537884912,30.663148732455653,51.545601430695406,33.02801501836036,57.68924991510548,47.61931133157398,52.387989021606074,43.95742296793456,41.9630743674033,46.83038945495986
26010,울산,중구,울산 중구,2024,21.68,21.0,10693.0,792.0,14.05,34.0,207000.0,2.2,12.25,66.15598885793872,65.98078828089994,48.07443702740935,56.33137869537791,51.47327126326151,50.90762107738664,16.518877162441527,58.915493491854534,14.708916119981849,60.279929593488205,58.421407889541314,44.90402241678122,34.93082924868912,39.59844897406767,46.640382409416716
11250,서울,강동구,서울 강동구,2024,23.2,29.0,21390.0,1517.0,21.95,33.0,476942.0,1.5,12.82,41.78272980501392,79.79762424207696,58.497334943665436,73.42179899014499,50.58672937131895,47.41677077974572,6.182678707431194,80.03410448802622,31.006312662458225,75.60851045617943,43.96775667733687,48.36281603940256,50.8678459803379,40.466264667579495,46.413372031215076
31110,경기,과천시,경기 과천시,2024,23.09,6.0,5173.0,322.0,41.71,9.0,85512.0,1.5,12.8,41.78272980501392,51.511276517720574,9.591743318074748,32.69128976655885,13.159327684623287,47.53925675510155,6.93069306930694,36.54744033907877,71.77043363452573,38.63821902419887,47.25374005071136,22.959060222829855,56.21728418520256,57.179114425220064,46.286171966335715
24010,광주,동구,광주 동구,2024,19.63,11.0,3716.0,329.0,16.3,17.0,106203.0,2.7,22.14,83.56545961002786,44.92002625063158,27.704966716068057,33.25560479616246,31.135932742149762,0.0,30.459144815580473,42.03013933951471,19.350579692206136,40.610048270383814,70.06868428641496,24.61711341669278,28.701841653373705,46.112321283485684,46.113503015834
31260,경기,양주시,경기 양주시,2024,22.68,36.0,15843.0,1144.0,26.2,44.0,289005.0,1.4,16.76,38.30083565459609,73.81521461554212,65.54508910099334,65.99977491784131,59.1593595878686,23.287033634648836,9.718746599934718,67.3592559916438,39.77389940999299,70.22440192546287,42.07323311400023,45.08402153475599,53.297084907450476,42.95204408661523,46.03017029952655
22050,대구,북구,대구 북구,2024,21.87,39.0,19350.0,1422.0,16.71,62.0,413010.0,1.7,17.38,48.746518105849574,77.80017189002548,68.165022282699,71.72081658571352,69.44987632078801,19.489968398618373,15.226852355565228,76.39262158506858,20.196393943144784,75.45087687707311,47.36936485986144,48.924054201923106,44.94344651276492,37.49493728694613,45.758162305195285
23050,인천,남동구,인천 남동구,2024,22.67,39.0,24192.0,1683.0,17.22,61.0,486225.0,1.5,13.19,41.78272980501392,82.25080103535485,68.165022282699,76.15326886104486,68.96052902125633,45.15078023566302,9.786747905559778,80.52183294363952,21.248504352848947,78.91495485730908,42.74940311022327,54.00290665323403,47.03161477095372,35.866420294251824,45.385818310497854
31220,경기,안성시,경기 안성시,2024,20.4,33.0,9500.0,809.0,29.91,45.0,193949.0,1.3,17.17,34.81894150417827,63.62341796461381,62.703499485437185,56.88965835300858,59.8315526627922,20.776071139854494,25.223044282450232,57.26776849110451,47.42748690019393,61.53273942672569,39.59067095962417,44.937670469219356,53.67031661023882,44.44550338641578,45.32557086052796
21050,부산,부산진구,부산 부산진구,2024,20.68,32.0,14836.0,1090.0,19.04,42.0,359281.0,1.6,14.1,45.26462395543175,72.50651116033605,61.70027703429476,64.72824513766857,57.76895862684732,39.57766835697314,23.31900772494832,72.86641623491799,25.003094442381485,70.45323585750236,44.94958324896464,49.766795701687485,45.3529943140442,38.02882382642247,45.17249220293538
32010,강원,춘천시,강원 춘천시,2024,20.89,41.0,13825.0,1138.0,18.91,44.0,286069.0,1.6,15.07,45.26462395543175,71.10002656552017,69.80463801679815,65.86148953638401,59.1593595878686,33.63709855221579,21.890980306821888,67.1009030721236,24.734909435986303,69.6412118077568,44.76870703852378,50.40581969744346,44.86980476539486,37.772042536666326,45.05592011724279
11160,서울,강서구,서울 강서구,2024,21.32,35.0,22090.0,1658.0,19.43,48.0,556171.0,1.3,11.54,34.81894150417827,80.43935272791799,64.62433406887246,75.75959928685965,61.763787996180916,55.25587320251832,18.96692416494396,83.92247712360049,25.807649461567028,78.32128631481362,38.02928882016056,55.973894308409,49.332882724872775,35.44725413035965,44.55373847130947
11110,서울,노원구,서울 노원구,2024,20.93,42.0,21541.0,1603.0,16.59,59.0,491247.0,1.5,16.72,41.78272980501392,79.93781286470684,70.5953911212754,74.87222493382686,67.95769971261024,23.532005585360494,21.61897508432162,80.78182142526265,19.948838552626153,78.32253108418729,42.32315442312505,52.060985548539755,46.13623610280269,35.06410612040208,44.464937242395855
23060,인천,부평구,인천 부평구,2024,21.25,42.0,21225.0,1561.0,16.36,64.0,493200.0,1.4,12.18,38.30083565459609,79.6433020062075,70.5953911212754,74.17385749790549,70.40569016476148,51.336321991132024,19.442933304319453,80.88221094653537,19.474357387465446,78.20539251131945,39.61111054968764,57.37924718253596,45.831427718455345,33.49629451822503,44.19305474021527
11200,서울,동작구,서울 동작구,2024,21.16,21.0,13279.0,1019.0,28.41,28.0,375799.0,1.3,19.14,34.81894150417827,70.29703455546853,48.07443702740935,62.95710030577545,45.72196573393681,8.71120256730606,20.054945054945065,74.00371241378242,44.33304451871107,66.96451840735085,39.79386626148721,37.965686866466484,54.35058196119309,43.566086006471444,44.1019362682274
33020,충북,충주시,충북 충주시,2024,19.31,35.0,9185.0,860.0,17.72,41.0,207241.0,1.7,15.77,48.746518105849574,62.95146732015077,64.62433406887246,58.496780007032534,57.049312394620124,29.350089414762024,32.63518659558264,58.94493368843611,22.279985146676566,62.08408058038071,46.19703308340374,48.50351387679458,40.14845875485493,36.918780156266905,43.76191958950738
37100,경북,경산시,경북 경산시,2024,21.27,31.0,12771.0,1007.0,20.59,54.0,266398.0,1.6,24.01,45.26462395543175,69.51970896969077,60.66618140102064,62.64561433835648,65.2965825878885,0.0,19.30693069306932,65.2983795338471,28.200684903247105,66.48260462520363,45.13054159902996,41.45051339159039,45.27569356090319,39.226864549786946,43.712808788358814
31170,경기,의왕시,경기 의왕시,2024,21.68,14.0,6708.0,497.0,35.51,18.0,154488.0,1.2,14.85,31.33704735376044,56.68902335354223,35.20380759774643,44.08658593959809,32.78950050979467,34.984444281129825,16.518877162441527,51.512213091213155,58.980071791063246,50.838937123684346,38.01869861933404,33.28149736963228,55.02405687924986,47.905982968426635,43.22925933832635
35510,전북,완주군,전북 완주군,2024,15.32,29.0,4295.0,511.0,17.67,36.0,99279.0,1.8,12.06,52.2284122562674,47.80516194475615,58.497334943665436,44.81630317018431,53.17279479274124,52.07123784326695,59.76770753998476,40.32436219629113,22.17683706729381,47.699356619998504,47.27835094677023,53.2472510768407,33.65668059977305,36.449570536903906,43.20129658143627
37020,경북,경주시,경북 경주시,2024,19.23,43.0,10481.0,966.0,19.0,54.0,244769.0,1.4,13.03,38.30083565459609,65.58173424292136,71.36796437332833,61.55266689636206,65.2965825878885,46.130668038509604,33.179197040583176,63.15593242346902,24.920575978875277,66.01123972316705,39.0218865620705,55.318220002758025,43.43284993781886,34.748072364314424,43.01012115529826
36040,전남,나주시,전남 나주시,2024,17.67,24.0,6333.0,625.0,16.79,29.0,116654.0,1.8,11.48,52.2284122562674,55.542722147211535,52.37033581845839,50.10735248190854,46.75879566170072,55.62333112858578,43.787400718093785,44.40492887401181,20.361430870157196,51.566906899500985,47.77979603744528,49.89687100275984,34.205104320976375,36.14716447142411,42.86657334633429
11040,서울,성동구,서울 성동구,2024,19.21,21.0,9449.0,847.0,30.16,28.0,273669.0,1.1,15.97,27.855153203342613,63.516151402910424,48.07443702740935,58.09634707368083,45.72196573393681,28.125229661203804,33.31519965183331,65.9796976374478,47.94322729710774,61.16687239817143,34.434464137364166,43.28535489660002,53.77640364234945,42.06382216902221,42.7313610374969
34080,충남,당진시,충남 당진시,2024,20.54,32.0,10005.0,853.0,21.33,37.0,171931.0,1.4,13.11,38.30083565459609,64.65552136833972,61.70027703429476,58.28191957256011,53.98840456070422,45.640724137086316,24.271026003699276,54.218885989499846,29.727276478111975,60.93348188787876,39.65027034949784,48.99114601226173,43.58396693848398,36.76727698286071,42.30776253732644
22020,대구,동구,대구 동구,2024,21.42,33.0,15697.0,1199.0,15.97,50.0,342339.0,1.4,11.36,38.30083565459609,73.63071647342578,62.703499485437185,67.2346403070556,62.987293297486836,56.358246980720715,18.28691110869329,71.6442657025706,18.669802368279907,70.84933784457151,38.889168743531634,53.72648558635716,42.011524401168415,32.280743860839046,41.94046645098648
34050,충남,서산시,충남 서산시,2024,20.33,29.0,9616.0,776.0,20.69,40.0,174445.0,1.4,12.82,38.30083565459609,63.865267985256494,58.497334943665436,55.79489628403156,56.31232363074219,47.41677077974572,25.69905342182571,54.586169466825375,28.406981062012633,60.007951821408945,39.37320069877462,48.7182044446666,42.4345520955486,35.99422653542402,41.71944946459565
33550,충북,진천군,충북 진천군,2024,19.39,15.0,5179.0,445.0,27.88,17.0,86537.0,1.4,11.13,38.30083565459609,51.534374200127786,37.372654055101634,41.18395838075878,31.135932742149762,57.76683569731266,32.091176150582086,36.84891484678868,43.23967487725379,44.29639236512082,40.36501539254792,40.41251268711143,43.35329865504361,41.81938870156932,41.455638182170034
37590,경북,칠곡군,경북 칠곡군,2024,18.55,21.0,5926.0,590.0,19.54,30.0,107383.0,1.6,10.9,45.26462395543175,54.21913246012723,48.07443702740935,48.593033502978436,47.76162497034679,59.17542441390461,37.803285823087805,42.309707924998904,26.0345752362091,49.41736601304516,43.2755674980179,48.32313157417698,36.31674276343122,36.197396496196816,41.424895228266756
21110,부산,금정구,부산 금정구,2024,21.07,21.0,8414.0,624.0,15.93,20.0,209932.0,1.9,19.33,55.71030640668523,61.20435707257078,48.07443702740935,50.06527372465086,35.850408343710576,7.547585801425754,20.666956805570663,59.27135630308502,18.587283904773695,57.99847283269277,50.69125809798705,33.15167560960045,36.162024710343374,37.27548212221583,41.34458453616709
11030,서울,용산구,서울 용산구,2024,18.85,15.0,5615.0,540.0,39.39,13.0,203854.0,0.7,13.68,13.927576601671307,53.14496478266248,37.372654055101634,46.26640862094189,23.449844417542675,42.1498738394454,35.76324665433576,58.52800718029126,66.98436275116558,51.60541535643895,25.807833342194563,38.14123372764343,59.98685895222742,45.34647247683935,40.55283810189493
26030,울산,동구,울산 동구,2024,22.56,16.0,9668.0,673.0,15.68,24.0,150836.0,1.8,14.09,52.2284122562674,63.97273804759257,39.409972139518196,52.051886225193,41.18275453034211,39.63891134465105,10.534762267435553,50.90691892932762,18.071543507859886,55.140439130498216,48.27931452313879,37.107113886170524,34.31093159219241,35.61133722814922,40.49227999797427
38060,경남,사천시,경남 사천시,2024,19.79,18.0,5284.0,441.0,14.85,12.0,108504.0,1.9,10.5,55.71030640668523,51.93430965589793,43.14776036930549,40.94683734401623,21.183359268133117,61.62514392102105,29.371123925579383,42.57246704180602,16.359285390106038,47.368447014351865,49.430053579119615,40.243018869405205,30.085114988939363,34.953543924437824,40.244872624006774
21100,부산,사하구,부산 사하구,2024,20.89,26.0,12080.0,886.0,17.68,39.0,292491.0,1.4,16.26,38.30083565459609,68.41120707359751,54.95664672983887,59.27982023250086,55.55713578644236,26.34918301854438,21.890980306821888,67.6626193702207,22.19746668317036,65.49571869383273,38.89636745078238,43.7928874371326,41.53590566898019,33.447682914847846,39.96696438215425
11120,서울,은평구,서울 은평구,2024,21.17,30.0,17774.0,1332.0,15.96,38.0,460919.0,1.2,11.68,31.33704735376044,76.10714291464298,59.59925190447333,70.00117527609306,54.78282724521054,54.39847137502757,19.98694374931999,79.16948408013992,18.649172752403352,73.72426706225812,33.910875719645134,52.514651311569025,43.31382139921877,29.979721533046554,39.85339600111703
11050,서울,광진구,서울 광진구,2024,22.84,21.0,12164.0,909.0,23.21,24.0,331963.0,1.3,20.03,34.81894150417827,68.54929833285362,48.07443702740935,59.95360873784287,41.18275453034211,3.2605766639719747,8.630725709933643,70.8655349946741,33.60564426290383,65.1491970703109,38.00998260085464,33.15896324427503,47.63023796310988,37.911502486910145,39.810233723166476
11170,서울,구로구,서울 구로구,2024,21.37,26.0,15331.0,1231.0,19.94,30.0,388169.0,1.1,14.54,27.855153203342613,73.16055751207828,54.95664672983887,67.92731862706094,47.76162497034679,36.882976899145056,18.626917636818632,74.8231391779778,26.859759871271198,70.01854985540025,32.23638463440547,46.23938165547777,46.12411498129537,32.43772551934196,39.0696541171841
21070,부산,남구,부산 남구,2024,21.33,21.0,11048.0,785.0,18.43,25.0,254498.0,1.5,20.75,41.78272980501392,66.63162605238385,48.07443702740935,56.098011999493,42.382263319042664,0.0,18.898922859318915,64.14213781880929,23.744687873911786,62.17334177731659,41.56191314008559,33.77651447507531,40.81466791669058,35.21379751341551,39.01888336743481
35040,전북,정읍시,전북 정읍시,2024,14.68,34.0,3992.0,534.0,9.69,38.0,102127.0,1.7,8.33,48.746518105849574,46.34749163807962,63.677638891591116,45.97287111315044,54.78282724521054,74.9148722471277,64.11979109998913,41.03996331195503,5.714403597805008,48.22126259094454,42.05179828286589,60.25310231281078,24.936178692361043,26.766367204518854,38.84756004217896
38050,경남,통영시,경남 통영시,2024,20.34,20.0,6111.0,508.0,12.54,25.0,118481.0,1.8,11.94,52.2284122562674,54.831681366503524,46.511110670879155,44.6616293241211,42.382263319042664,52.80615369540189,25.631052116200635,44.7981212667083,11.593844122622436,50.15749919744009,46.39355394724426,42.51241012538301,28.713779797837205,31.561689386215562,38.70399695466213
25020,대전,중구,대전 중구,2024,19.22,27.0,9857.0,916.0,12.6,38.0,225008.0,1.4,9.23,38.30083565459609,64.3585406096179,56.17879800991273,60.155297518314065,54.78282724521054,69.40300335611573,33.247198346208265,61.02607536449528,11.717621817881751,61.72285251614008,36.919124074591124,55.02204840880744,34.08819122742411,27.673958357667793,38.58170572135978
21140,부산,수영구,부산 수영구,2024,21.38,10.0,5989.0,419.0,17.58,19.0,171918.0,1.7,12.12,48.746518105849574,54.42985108485575,24.78090968149036,39.60305212437881,34.35823173553281,51.70377991719949,18.558916331193572,54.216972827028556,21.991170524404836,48.43619932683451,45.30154926653348,34.063218977401306,33.59175089759714,35.386446951448,38.479615261856
11060,서울,동대문구,서울 동대문구,2024,21.92,21.0,12482.0,919.0,21.56,26.0,338735.0,1.2,18.68,31.33704735376044,69.06357260721441,48.07443702740935,60.241264683662386,43.53649666831766,11.52838000048996,14.88684582743987,71.37648945487179,30.201757643272682,65.55962054555062,34.93940642253267,36.48872324223108,45.937598346214564,34.930958138343954,38.427474795918926
11080,서울,성북구,서울 성북구,2024,21.3,29.0,17550.0,1337.0,18.65,45.0,421560.0,1.1,19.84,27.855153203342613,75.854396710648,58.497334943665436,70.09971622630935,59.8315526627922,4.424193429852295,19.10292677619411,76.9110589464947,24.19853942319594,72.6999830280055,32.10658548705115,42.90455298593853,45.866468361228115,31.402751795828365,38.14868118763605
21080,부산,북구,부산 북구,2024,20.24,27.0,11503.0,872.0,10.69,38.0,267692.0,1.5,12.85,41.78272980501392,67.4358764351473,56.17879800991273,58.86108003815516,54.78282724521054,47.233041816711996,26.311065172451336,65.42098161591913,7.777365185460246,64.57999230433194,39.24723977509421,48.87727509613558,33.19575318241174,27.32506067981995,37.955507748279715
21130,부산,연제구,부산 연제구,2024,22.22,16.0,9676.0,661.0,17.19,17.0,212589.0,1.5,14.54,41.78272980501392,63.98922058596438,39.409972139518196,51.57905452029866,31.135932742149762,36.882976899145056,12.846806658687854,59.58957501739931,21.186615505219297,57.75347722610562,40.913961738139776,35.39310468086735,37.32991611162521,33.47178371264042,37.881505849456595
23070,인천,계양구,인천 계양구,2024,20.99,26.0,10758.0,839.0,15.39,35.0,280227.0,1.3,12.7,34.81894150417827,66.10155629365325,54.95664672983887,57.84686409620399,52.3348367930593,48.151686631880665,21.210967250571215,66.57885472618106,17.47328464743987,64.01576391064872,35.345354454615006,47.17580166546804,38.313110696733624,29.5352934584215,37.84710950704704
11130,서울,서대문구,서울 서대문구,2024,21.79,19.0,12413.0,919.0,20.29,21.0,302853.0,1.2,19.31,31.33704735376044,68.95310665246241,44.87149493678002,60.241264683662386,37.273155742169656,7.670071776781569,15.770862800565794,68.54345890774708,27.58179642695053,64.01388998591133,34.53536564460915,34.31377543506652,43.72927769515534,33.48070322601056,37.027661901768084
32040,강원,동해시,강원 동해시,2024,20.14,14.0,4378.0,352.0,17.77,15.0,87675.0,1.6,10.71,45.26462395543175,48.18653247317276,35.20380759774643,35.02894270867666,27.53370894072352,60.339041179784914,26.991078228701994,37.179470188130885,22.383133226059332,42.287868812574935,42.124591197799994,37.394077419524365,31.045331056961462,33.55319188656498,36.953343508387334
37040,경북,안동시,경북 안동시,2024,19.28,30.0,7234.0,675.0,10.69,40.0,153159.0,1.5,13.52,41.78272980501392,58.19330709228202,59.59925190447333,52.12987222908776,56.31232363074219,43.12976164229197,32.83919051245783,51.293612683803715,7.777365185460246,56.404587732176786,38.32298284080768,48.5929574137279,29.57017936347743,26.31909613983654,36.366971468069295
34560,충남,홍성군,충남 홍성군,2024,18.56,21.0,5054.0,463.0,12.77,25.0,99198.0,1.6,13.45,45.26462395543175,51.04755351045105,48.07443702740935,42.225335148866016,42.382263319042664,43.55846255603735,37.735284517462745,40.303710807062224,12.068325287783141,47.229777402826066,40.8634721107864,42.787310105254804,27.70008993417121,28.81066339624298,35.97620503342676
31280,경기,여주시,경기 여주시,2024,18.17,23.0,4562.0,461.0,20.95,33.0,114610.0,1.1,11.12,27.855153203342613,49.00682684443074,50.99849406198705,42.11164055713602,50.58672937131895,57.82807868499058,40.387335436840374,43.95766975528354,28.943351074802987,47.89041316119784,30.133550248170486,47.958701181745454,37.41370832951903,30.809004249694144,35.88108349319622
37060,경북,영주시,경북 영주시,2024,18.95,19.0,3953.0,385.0,10.42,23.0,98870.0,1.8,13.42,52.2284122562674,46.15188204588153,44.87149493678002,37.38116598766263,39.93427286689142,43.74219151907107,35.0832335980851,40.21991267624566,7.220365556793333,44.11621381317046,44.8695522303077,40.074816437736615,23.721713860527494,28.520161139110638,35.79594506811048
11100,서울,도봉구,서울 도봉구,2024,20.79,23.0,12004.0,910.0,17.27,28.0,303228.0,1.0,13.25,24.373259052924787,68.2854374912429,50.99849406198705,59.982516216925156,45.72196573393681,44.78332230959556,22.570993363072574,68.57476854332879,21.351652432231713,64.9148481210175,28.311235903652634,45.52448586125285,40.78656102367405,27.746680456658524,35.2859986399459
33030,충북,제천시,충북 제천시,2024,18.46,23.0,5361.0,495.0,14.49,31.0,128569.0,1.4,14.53,38.30083565459609,52.22257757298876,50.99849406198705,43.980669269266635,48.73261299163306,36.94421988682297,38.41529757371342,46.86558092356275,15.61661921855015,50.37066187596062,36.29037738102847,43.57666157056631,31.16334262953346,28.285506811436804,35.28113206008089
11210,서울,관악구,서울 관악구,2024,19.87,22.0,11218.0,942.0,17.72,30.0,477812.0,0.9,12.58,20.891364902506965,66.93592567469048,49.568258795798506,60.89118059449093,47.76162497034679,48.88660248401558,28.82711348057883,80.08021561841734,22.279985146676566,67.40567928203015,25.704114016350758,47.84343384625333,42.61003518795266,27.041557087705076,35.15417734276182
31270,경기,포천시,경기 포천시,2024,17.07,29.0,4974.0,552.0,22.77,27.0,141463.0,0.9,14.65,20.891364902506965,50.72962935155134,58.497334943665436,46.84384144130908,44.64874846845222,36.20930403468804,47.86747905559787,49.283704000377774,32.69794116433552,51.84939286462208,25.646177786685683,46.92309623738537,41.37208260511802,30.473180691627974,35.01870882496998
34030,충남,보령시,충남 보령시,2024,15.35,28.0,3629.0,466.0,13.73,32.0,93780.0,1.3,9.6,34.81894150417827,44.44801235885345,57.358057827384535,42.394961452783726,49.67371966833754,67.13701281203302,59.56370362310957,38.88262717252306,14.048768411932173,45.360405896660545,32.666322625808874,54.86155316595199,28.184624956950298,25.477924000623243,34.91129865949561
11180,서울,금천구,서울 금천구,2024,19.74,18.0,7203.0,627.0,22.02,16.0,225159.0,0.9,10.83,20.891364902506965,58.10773138211914,43.14776036930549,50.19130871596147,29.387825320409405,59.60412532764999,29.711130453704726,61.04304920711302,31.150719973594093,55.99633252705458,26.151904811131253,43.44860420718382,42.22567567989808,30.31255574830827,34.762726987606065
38080,경남,밀양시,경남 밀양시,2024,17.41,21.0,3567.0,381.0,13.02,25.0,100691.0,1.4,10.64,38.30083565459609,44.104679116310606,48.07443702740935,37.10699416415471,42.382263319042664,60.767742093530295,45.555434664345555,40.68167741718932,12.584065684696952,43.87173018879397,35.02370450528267,46.513610795952125,26.65186726516478,25.914055332059988,33.77541670960764
33570,충북,음성군,충북 음성군,2024,16.61,20.0,3679.0,423.0,23.93,23.0,91236.0,0.9,13.64,20.891364902506965,44.72064927924126,46.511110670879155,39.85253510185566,39.93427286689142,42.394845790157035,50.995539114351004,38.18678733456286,35.090976606015595,43.11858297416532,25.40423509570669,43.93357382057506,38.62329615642918,30.77745378342318,33.59064500002661
23090,인천,미추홀구,인천 미추홀구,2024,21.72,23.0,15980.0,1088.0,14.34,40.0,412274.0,1.0,18.81,24.373259052924787,73.98679992593696,50.99849406198705,64.67995107447027,56.31232363074219,10.732221160677128,16.246871939941272,76.34749294526108,15.307174980401866,70.09734665894422,27.974700529347565,40.21235374574998,39.76827957239629,25.310103443673878,33.49802120986308
25050,대전,대덕구,대전 대덕구,2024,18.54,21.0,6651.0,678.0,14.16,29.0,168217.0,1.2,15.2,31.33704735376044,56.51897838208229,48.07443702740935,52.24641968325082,46.75879566170072,32.84093971240294,37.87128712871288,53.66634121515721,14.935841894623925,53.974278961070176,31.395059637722145,43.83275704377286,32.375903603474136,25.781460022500568,33.474606795396014
32060,강원,속초시,강원 속초시,2024,21.25,12.0,3635.0,323.0,18.35,8.0,80933.0,1.4,11.22,38.30083565459609,44.48092640113707,30.39483843786997,32.77265074961047,9.937028691240235,57.21564880821146,19.442933304319453,35.154979276062356,23.579650946899374,38.865924670961235,36.71066702309568,31.09440110116883,30.177724036218418,31.134869948395384,33.04249615066191
31580,경기,양평군,경기 양평군,2024,18.36,22.0,4746.0,471.0,17.46,25.0,126804.0,1.0,9.35,24.373259052924787,49.794688500195356,49.568258795798506,42.67526502915497,42.382263319042664,68.6680875039808,39.0953106299641,46.515835502263734,21.74361513388621,48.7657466599365,26.520955409796056,48.49248714109383,33.8521272285959,25.948562086047584,32.95545909425807
37030,경북,김천시,경북 김천시,2024,19.02,27.0,6272.0,598.0,11.76,34.0,135446.0,1.1,11.39,27.855153203342613,55.3498601150356,56.17879800991273,48.94692464355155,51.47327126326151,56.17451801768698,34.607224458709624,48.183971751832395,9.98473408425135,53.36588118505007,27.92406102664822,49.34982994763899,29.407051333111497,21.86774514277881,31.886859599575132
34060,충남,논산시,충남 논산시,2024,16.19,31.0,4666.0,527.0,10.94,30.0,108529.0,1.1,9.44,27.855153203342613,49.45596017500657,60.66618140102064,45.6262211364147,47.76162497034679,68.1169006148796,53.85159395060384,42.57829597432064,8.293105582374057,49.634705160003605,27.080926757363727,55.097734222956504,26.905762641557207,20.478914728746364,31.80509894465809
35050,전북,남원시,전북 남원시,2024,14.44,27.0,2944.0,410.0,8.68,26.0,75647.0,1.3,7.0,34.81894150417827,40.280289824687344,56.17879800991273,39.03291596082277,43.53649666831766,83.06018960828985,65.75182243499074,33.44602997964083,3.6308123942732182,41.409713508218466,30.686856969743417,57.28686550109201,20.687789079725135,19.717381184826102,31.752298583958954
38520,경남,함안군,경남 함안군,2024,16.58,16.0,2582.0,295.0,14.57,18.0,58842.0,1.3,8.75,34.81894150417827,37.66639716537353,39.409972139518196,30.393719017759647,32.78950050979467,72.34266676465545,51.19954303122621,27.08979766818861,15.781656145562572,34.84213231104699,32.24809426650544,45.107291217989086,24.217657177314234,25.280275360796754,31.65472432393796
35060,전북,김제시,전북 김제시,2024,13.15,34.0,2710.0,461.0,10.02,36.0,80635.0,1.1,6.43,27.855153203342613,38.630305974943134,63.677638891591116,42.11164055713602,53.17279479274124,86.55103990593078,74.52399086062452,35.06164636238293,6.395180921731238,42.569174674504666,25.71367263826096,63.45436328982447,22.870421545457358,18.525712873555015,31.521710277053522
36570,전남,화순군,전남 화순군,2024,15.23,16.0,2172.0,299.0,15.63,19.0,60735.0,1.2,7.54,31.33704735376044,34.221735302121715,39.409972139518196,30.74701636340525,34.35823173553281,79.75306827368266,60.37971929061038,27.89094201399167,17.968395428477123,33.360144683162,29.62021835980407,48.749040791943486,24.851603062137333,24.82678803918963,31.479657771565503
32560,강원,철원군,강원 철원군,2024,14.56,16.0,1644.0,224.0,12.1,11.0,40497.0,1.5,7.06,41.78272980501392,28.674008382202903,39.409972139518196,23.175150265305504,18.73536881598188,82.69273168222239,64.93580676748994,17.636588884035735,10.686141024054132,27.50997528421581,35.80736934558885,46.01179500656977,18.198664786227535,24.373633749147505,31.361958411879783
11070,서울,중랑구,서울 중랑구,2024,20.5,24.0,12644.0,980.0,15.43,31.0,379274.0,0.7,14.04,13.927576601671307,69.32054612833545,52.37033581845839,61.93099332674371,48.73261299163306,39.9451262830406,24.543031226199545,74.23660012681674,17.555803110946076,67.40532026590444,20.01110753072894,46.16433894597059,39.89232453755578,22.133933534828962,31.230494802790076
37600,경북,예천군,경북 예천군,2024,15.96,12.0,2217.0,252.0,9.16,15.0,54609.0,1.6,8.74,45.26462395543175,34.63023293910965,30.39483843786997,26.262229172769253,27.53370894072352,72.40390975233336,55.41562397998041,25.200881331957746,4.621033956347734,30.95434855671614,38.10464635393694,42.33848806833759,16.287231307393842,23.112769757799253,30.82372457113326
21150,부산,사상구,부산 사상구,2024,19.27,21.0,6756.0,575.0,17.97,28.0,198635.0,0.9,20.08,20.891364902506965,56.83110230186723,48.07443702740935,47.916382945809985,45.72196573393681,2.9543617255824444,32.90719181808292,57.87181015456806,22.79572554359038,55.39198160278591,24.770992738605504,35.624588710757955,37.392084735274295,25.972813019850527,30.726471260118842
38590,경남,거창군,경남 거창군,2024,16.91,17.0,2437.0,270.0,7.94,16.0,59588.0,1.6,11.1,45.26462395543175,36.51500353484757,41.33080672295346,28.071202862484874,29.387825320409405,57.9505646603464,48.95549994559896,27.408550682457232,2.1042208194083436,34.74622831675165,37.91560144296982,41.07334877946239,16.704685432308032,22.199980823124037,30.492358666404424
36640,전남,영광군,전남 영광군,2024,14.61,13.0,1800.0,238.0,11.72,16.0,52098.0,1.4,7.02,38.30083565459609,30.47964989846791,32.88527066399374,24.76392388299309,29.387825320409405,82.93770363293403,64.59580023936459,24.009900879010708,9.902215620745144,29.019849345735913,33.25892407390563,46.682909676068164,18.43216076935439,22.860061619616776,30.38809422596031
32510,강원,홍천군,강원 홍천군,2024,13.79,24.0,2184.0,333.0,12.08,25.0,66717.0,1.1,6.69,27.855153203342613,34.33148930914486,52.37033581845839,33.57272016303798,42.382263319042664,84.95872222630508,70.17190730062018,30.267732672507226,10.644881792301028,36.720131620016275,25.9212461022666,56.250712607692634,22.49817633031646,20.06105812798613,30.25556682116263
37090,경북,문경시,경북 문경시,2024,15.56,17.0,2350.0,312.0,12.57,21.0,67257.0,1.2,8.52,31.33704735376044,35.790821968650164,41.33080672295346,31.86354051008337,37.273155742169656,73.7512554812474,58.135676204983135,30.47169403133218,11.655732970252096,35.30308053831543,28.83022765772316,48.20040617068309,22.27265230436386,21.83551821410439,29.945856868255227
34020,충남,공주시,충남 공주시,2024,15.9,28.0,3528.0,448.0,12.15,33.0,101285.0,1.0,11.38,24.373259052924787,43.885641128768675,57.358057827384535,41.360407692271586,50.58672937131895,56.235761005364886,55.82363181373082,40.830497801570935,10.789289103436897,45.663581470332524,24.28690176808599,51.81160145806179,26.571617685618122,19.905444723088625,29.888945965324083
25010,대전,동구,대전 동구,2024,18.75,23.0,8898.0,796.0,10.24,33.0,218513.0,1.0,19.05,24.373259052924787,62.31887325591684,50.99849406198705,56.46380794108683,50.58672937131895,9.262389456407249,36.44325971058645,60.2849821288155,6.849032471015391,59.44463007900049,25.539186485937584,41.044790036765704,30.37333923576287,19.72275549318861,29.315772990405453
38540,경남,고성군,경남 고성군,2024,13.9,18.0,1639.0,267.0,10.3,18.0,48005.0,1.3,6.84,34.81894150417827,28.613340304689782,43.14776036930549,27.77820996244088,32.78950050979467,84.04007741113642,69.42389293874442,21.939726385054843,6.972810166274707,29.51814014172244,30.021461683543887,51.18532371091669,17.16344864707782,20.025731697029762,29.301647060503228
37080,경북,상주시,경북 상주시,2024,15.36,28.0,3175.0,451.0,8.24,35.0,91850.0,1.1,9.96,27.855153203342613,41.785236711400216,57.358057827384535,41.5356819719085,52.3348367930593,64.93226525562824,59.4957023174845,38.3564900966601,2.723109295704915,43.87117695017504,25.47835496800272,54.591351092035474,21.344036752155215,16.89387125032136,29.02510244423635
31570,경기,가평군,경기 가평군,2024,16.58,13.0,2100.0,242.0,18.29,14.0,62527.0,1.0,8.64,24.373259052924787,33.550206980790804,32.88527066399374,25.200784651510723,25.559891610791176,73.01633962911247,51.19954303122621,28.626659604463445,23.455873251640057,31.940155504533184,25.15334597551868,41.554410569362844,27.193297691629084,24.865223279577723,28.99245531937251
11090,서울,강북구,서울 강북구,2024,21.34,14.0,7856.0,631.0,15.35,17.0,283597.0,0.8,12.96,17.409470752089135,59.83697823998819,35.20380759774643,50.35842202058775,31.135932742149762,46.559368952254964,18.83092155369384,66.8813152960919,17.390766183933657,57.023645228370945,21.64941581565572,37.378815037208454,35.08489510334958,22.174210337707077,28.736767380371514
22030,대구,서구,대구 서구,2024,20.76,17.0,5452.0,488.0,13.13,17.0,163135.0,0.9,10.1,20.891364902506965,52.55796778594946,41.33080672295346,43.606567947158,31.135932742149762,64.07486342813749,22.77499727994777,52.89017400559304,12.81099145933903,50.412197439243336,22.845969174376023,41.20816538431971,29.624245632960662,20.35046844290077,28.16481107895325
21010,부산,중구,부산 중구,2024,18.63,4.0,1066.0,97.0,22.05,3.0,37537.0,1.3,9.17,34.81894150417827,20.04676132649212,0.0,1.2995180679766347,0.0,69.77046128218319,37.25927537808727,15.716223284688036,31.212608821223753,14.738247648652472,32.800773583966475,21.73082684904825,23.533720609674695,30.854857970862753,27.709825310142246
34570,충남,예산군,충남 예산군,2024,15.73,24.0,2583.0,358.0,12.41,24.0,78772.0,0.9,9.13,20.891364902506965,37.67411129284468,52.37033581845839,35.47255304775572,41.18275453034211,70.01543323289482,56.97965400935698,34.47022285350094,11.325659116227257,39.652189666164304,21.13478367359878,50.918636053632284,24.17150178236491,18.157097794833664,27.579626401919143
33590,충북,증평군,충북 증평군,2024,19.37,4.0,1908.0,144.0,16.17,5.0,37171.0,1.5,12.15,41.78272980501392,31.64029070312086,0.0,11.610906836788605,0.0,51.520050954165754,32.22717876183222,15.46831866741416,19.082394685810954,20.46064095178468,37.36343562694417,19.65217265239675,19.143623017932324,28.232099406195765,27.50367054070041
34070,충남,계룡시,충남 계룡시,2024,22.77,5.0,2860.0,196.0,16.27,7.0,46540.0,1.4,12.33,38.30083565459609,39.703579367636486,4.411439370149061,19.67727565742784,6.334804889813979,50.41767717596336,9.10673484930912,21.15556866119592,19.288690844576475,27.080748156206834,35.58928830439719,18.656709926913365,22.163975074238653,27.87028220893616,27.44784680832882
32050,강원,태백시,강원 태백시,2024,15.77,12.0,1527.0,190.0,13.97,9.0,37936.0,1.2,7.3,31.33704735376044,27.20359988285229,30.39483843786997,18.863182192329546,13.159327684623287,81.22289997795252,56.707648786856716,15.983741040288935,14.543879192969431,24.47588994108682,28.404727382550973,40.35477214131173,18.876898532533986,22.124256188694886,27.284978776570544
31080,경기,동두천시,경기 동두천시,2024,20.21,11.0,3654.0,310.0,14.05,16.0,86838.0,1.1,13.14,27.855153203342613,44.58479702808687,27.704966716068057,31.6948203358064,29.387825320409405,45.45699517405257,26.515069089326516,36.936767370191745,14.708916119981849,38.91442206831457,27.556182023312928,32.26728507790244,25.317875048742962,22.723892910961553,27.280881856590007
37070,경북,영천시,경북 영천시,2024,17.01,18.0,3078.0,341.0,12.74,22.0,98143.0,0.9,9.76,20.891364902506965,41.16707157925669,43.14776036930549,34.19571391189174,38.63264861188265,66.15712500918644,48.275486889348265,40.0331819091045,12.006436440153486,41.223042436220794,21.586196300828917,45.85990022332337,25.156707681231982,18.768857056652976,27.113154325905082
35580,전북,부안군,전북 부안군,2024,12.41,19.0,1540.0,259.0,8.23,19.0,48066.0,1.1,5.75,27.855153203342613,27.37243948828126,44.87149493678002,26.980565373471205,34.35823173553281,90.71556306802871,79.55608747687955,21.97185613409813,2.702479679828363,29.25207557172607,24.03398080330934,54.927505200035384,14.743779635354572,15.174425234897784,26.422193575358705
35570,전북,고창군,전북 고창군,2024,13.14,21.0,1571.0,271.0,9.39,20.0,50982.0,1.0,6.37,24.373259052924787,27.769377049216526,48.07443702740935,28.168146828651942,35.850408343710576,86.91849783199824,74.59199216624958,23.46203138455088,5.0955151215084395,30.538185345455396,21.82120926284151,54.33658336385101,16.683157137096515,15.196508494513186,26.00201483781386
38580,경남,함양군,경남 함양군,2024,12.43,13.0,1147.0,186.0,10.18,12.0,36131.0,1.2,6.31,31.33704735376044,21.50500553056903,32.88527066399374,18.306118921156905,21.183359268133117,87.28595575806571,79.42008486562942,14.750336596148323,6.725254775756076,21.75465787692776,26.662074284740644,47.67229587804697,13.50096878860127,17.71002163217514,25.95896616282071
21020,부산,서구,부산 서구,2024,20.0,11.0,3569.0,295.0,12.43,10.0,103188.0,1.1,14.15,27.855153203342613,44.11584720182161,27.704966716068057,30.393719017759647,16.074251691260116,39.271453418583576,27.94309650745295,41.301464178419636,11.366918347980361,39.98935619765031,27.007987374886177,28.993470836549847,24.040690830123275,21.088518733754704,25.83321743430324
36600,전남,해남군,전남 해남군,2024,13.63,19.0,2158.0,318.0,7.81,20.0,63120.0,1.0,6.96,24.373259052924787,34.09292032317965,44.87149493678002,32.36330724137098,35.850408343710576,83.3051615590015,71.25992819062125,28.865483442621088,1.836035813013161,34.68040418173216,21.964641693963525,53.35570499917989,16.645375771864334,14.121739747316019,25.7278820070861
36610,전남,영암군,전남 영암군,2024,13.83,16.0,2050.0,297.0,12.15,15.0,51391.0,0.9,9.98,20.891364902506965,33.07018743501775,39.409972139518196,30.57096047581394,27.53370894072352,64.80977928027241,69.8999020781199,23.664198491445894,10.789289103436897,31.51634769284628,20.593935785897532,46.59672715964411,20.03877348156255,17.07903510138606,25.202870104990595
38530,경남,창녕군,경남 창녕군,2024,14.87,16.0,1886.0,258.0,13.44,18.0,56085.0,0.8,7.38,17.409470752089135,31.409282923002905,39.409972139518196,26.879138438480965,32.78950050979467,80.73295607652923,62.82776629311283,25.875656297525257,13.450509551512152,31.349332778662667,18.215607789093966,48.23234858792149,21.501982496512873,17.040779612053168,25.0161499513385
37620,경북,울진군,경북 울진군,2024,15.7,13.0,1639.0,214.0,11.7,14.0,46124.0,1.0,7.11,24.373259052924787,28.613340304689782,32.88527066399374,21.97856889310815,25.559891610791176,82.38651674383283,57.183657926232186,20.92839675421033,9.860956388992035,27.162243311406737,22.62042177851137,43.81971503170746,17.5739806544145,17.39764272356507,24.763571620696936
31550,경기,연천군,경기 연천군,2024,13.52,13.0,1441.0,214.0,15.26,13.0,40866.0,0.8,6.54,17.409470752089135,26.049113823247154,32.88527066399374,21.97856889310815,23.449844417542675,85.87736704147375,72.00794255249701,17.866082446260805,17.205099641044686,24.961435778300565,18.24277939254827,47.166234937501336,20.641067000562504,18.23933462072415,24.722113030481395
32070,강원,삼척시,강원 삼척시,2024,15.64,18.0,2154.0,269.0,13.56,16.0,61735.0,0.9,15.95,20.891364902506965,34.05596259710796,43.14776036930549,27.973900507457998,29.387825320409405,28.24771563655962,57.59166575998258,28.304133756733002,13.698064942030783,34.148773499434974,21.128829677895638,37.199077278095444,22.90552433797902,18.794566219355445,24.560101550463013
34580,충남,태안군,충남 태안군,2024,13.96,19.0,1849.0,276.0,14.22,18.0,60133.0,0.7,10.05,13.927576601671307,31.014627490597295,44.87149493678002,28.647581889028658,32.78950050979467,64.38107836652703,69.015885104994,27.638907305731315,15.059619589883239,32.773284924374046,15.806088138795696,47.73401223038658,23.11870186209294,16.641716205170923,24.387613274799946
36660,전남,완도군,전남 완도군,2024,12.42,21.0,1821.0,295.0,7.24,24.0,45631.0,0.9,5.86,20.891364902506965,30.71068666171812,48.07443702740935,30.393719017759647,41.18275453034211,90.0418902035717,79.48808617125448,20.656508350524593,0.6601477080496768,31.167183241498307,18.83861449925949,57.29672561443834,14.411138527090571,11.812029726510717,24.37456833175723
32530,강원,영월군,강원 영월군,2024,12.29,13.0,1101.0,181.0,13.48,14.0,36721.0,0.9,7.0,20.891364902506965,20.689998979169786,32.88527066399374,17.5927891626196,25.559891610791176,83.06018960828985,80.37210314438038,15.160150696616872,13.533028015018362,21.470098831368702,19.767477777049955,47.495693715606365,17.14371487498596,17.191855925029298,24.232001026561374
34530,충남,부여군,충남 부여군,2024,12.36,24.0,1807.0,320.0,9.98,25.0,59550.0,0.7,6.61,13.927576601671307,30.556960129253497,52.37033581845839,32.527809383477766,42.382263319042664,85.44866612772837,79.8960940050049,27.392410634979164,6.31266245822503,33.97027041881218,14.448277832912584,58.03231103396418,18.92925155496718,12.27295851008013,24.160734363876333
34540,충남,서천군,충남 서천군,2024,12.64,18.0,1369.0,256.0,8.93,18.0,48204.0,0.9,5.59,20.891364902506965,25.028321533596916,43.14776036930549,26.675104416278543,32.78950050979467,91.69545087087529,77.99205744750299,22.04439289894302,4.146552791187029,27.757030710342462,18.793338748917968,54.154254918075594,14.907703313644252,13.084118348421082,24.018095145380595
32520,강원,횡성군,강원 횡성군,2024,13.54,16.0,1366.0,205.0,11.87,14.0,46111.0,0.9,8.91,20.891364902506965,24.984632554304127,39.409972139518196,20.85306576302347,25.559891610791176,71.36277896180887,71.87193994124688,20.92126466152554,10.211659858893427,26.650690103513366,19.69873591114465,45.57618839088933,17.692526346432864,16.077327858149953,23.834470266106848
32550,강원,정선군,강원 정선군,2024,11.11,16.0,1011.0,194.0,15.42,15.0,33515.0,0.6,5.29,10.44568245125348,18.992047074816227,39.409972139518196,19.408699275371458,27.53370894072352,93.53274050121261,88.3962572081384,12.848766942987181,17.53517349506952,21.232648048207906,12.363742570182161,53.250025129725245,19.31106709265138,15.21584207226312,22.882172884986737
36650,전남,장성군,전남 장성군,2024,14.14,13.0,1513.0,241.0,10.79,15.0,42026.0,0.8,6.56,17.409470752089135,27.02015856600487,32.88527066399374,25.092247355194264,27.53370894072352,85.75488106611793,67.79186160374279,18.574259801989445,7.983661344225769,25.659411356398014,16.956668122301203,47.689520846677986,15.869711489222938,13.653072255013061,22.38425357373322
36550,전남,고흥군,전남 고흥군,2024,11.82,17.0,1460.0,263.0,7.1,18.0,60190.0,0.8,5.58,17.409470752089135,26.30999217001189,41.33080672295346,27.38240916458953,32.78950050979467,91.75669385855319,83.56816450875857,27.662878949219845,0.3713330857779423,29.720021114362588,15.743802243934732,55.09516038566963,13.74874414585857,10.064179323868432,22.30973922507179
22040,대구,남구,대구 남구,2024,21.17,11.0,3789.0,335.0,11.08,11.0,136263.0,0.8,14.25,17.409470752089135,45.307636632770155,27.704966716068057,33.72985649280589,18.73536881598188,38.65902354180447,19.98694374931999,48.336129802893154,8.58192020464579,42.695650600466635,18.875154758040736,28.51295624703726,23.802499581149995,16.011624387818895,21.873782460361173
38560,경남,하동군,경남 하동군,2024,10.65,15.0,975.0,200.0,8.94,14.0,40765.0,0.8,4.91,17.409470752089135,18.270177286068225,37.372654055101634,20.206343864341136,25.559891610791176,95.85997403297323,91.52431726689152,17.803473754270104,4.16718240706358,21.95066158033547,15.50919815373321,53.83695877869724,12.353772249749293,11.066178756801252,21.690603745378954
23510,인천,강화군,인천 강화군,2024,14.69,20.0,1936.0,310.0,11.92,18.0,69402.0,0.5,7.46,6.963788300835653,31.930480201445665,46.511110670879155,31.6948203358064,32.78950050979467,80.24301217510595,64.05178979436405,31.266017075795283,10.31480793827619,34.64726735763725,9.963110436512736,51.00331268849064,21.400254034798245,11.80177610187277,21.67252997231538
33540,충북,영동군,충북 영동군,2024,13.46,14.0,1242.0,196.0,9.66,13.0,43551.0,0.9,9.84,20.891364902506965,23.089526485366406,35.20380759774643,19.67727565742784,23.449844417542675,65.66718110776317,72.4159503862474,19.476095462615586,5.652514750175353,24.428353401017162,18.825353537943165,43.09418339533976,14.168583488836706,13.516344454858462,21.668051270284803
21030,부산,동구,부산 동구,2024,19.58,6.0,2477.0,188.0,16.56,7.0,85911.0,0.7,10.17,13.927576601671307,36.83933043322933,9.591743318074748,18.58612429660639,6.334804889813979,63.64616251439211,30.799151343705816,36.6652221735255,19.886949704996493,31.337580532287262,17.11265795032589,26.404163242858232,24.76464608223024,19.23145828424625,21.465643457892185
33520,충북,보은군,충북 보은군,2024,11.45,14.0,891.0,173.0,10.32,16.0,30527.0,0.8,5.61,17.409470752089135,16.476597632659377,35.20380759774643,16.4096570789411,29.387825320409405,91.57296489551946,86.08421281688608,10.486133495039146,7.01406939802781,18.424900384390718,15.756873237036961,51.08278512982708,12.246358479477685,12.170314679749866,21.352912192142654
38550,경남,남해군,경남 남해군,2024,13.7,13.0,1097.0,176.0,9.25,11.0,39832.0,0.9,8.09,20.891364902506965,20.617528179047113,32.88527066399374,16.85958695923005,18.73536881598188,76.38470395139757,70.78391905124579,17.21767265520054,4.806700499236705,22.051120018882465,18.451281569670442,43.03598079553221,12.638368875069064,12.803741290828427,20.982014349460588
36670,전남,진도군,전남 진도군,2024,11.79,10.0,937.0,164.0,9.3,14.0,28478.0,0.9,5.72,20.891364902506965,17.47872634103135,24.78090968149036,15.011792824337286,25.559891610791176,90.89929203106244,83.77216842563378,8.728242809256667,4.909848578619468,16.31401794959075,18.152873597776278,47.47740597534032,9.983489375984513,12.292407207802631,20.94228974061895
34510,충남,금산군,충남 금산군,2024,13.59,16.0,1556.0,242.0,10.97,16.0,49615.0,0.7,12.4,13.927576601671307,27.578297463961892,39.409972139518196,25.200784651510723,29.387825320409405,49.988976262217975,71.53193341312152,22.774360912955792,8.354994430003714,28.50345143377132,14.456761362150228,42.89454632391063,17.46805778018961,12.772837398604855,20.79317013172566
36580,전남,장흥군,전남 장흥군,2024,11.89,14.0,1152.0,192.0,8.04,15.0,34451.0,0.8,5.67,17.409470752089135,21.59161778367865,35.20380759774643,19.137354015837452,27.53370894072352,91.205506969452,83.09215536938308,13.545678403799025,2.310516978173865,21.90027393252832,15.562842389160796,50.81468883238419,11.141340415075852,10.26130319920263,20.67639620187366
32580,강원,양구군,강원 양구군,2024,13.34,10.0,953.0,138.0,8.54,10.0,20621.0,1.0,6.41,24.373259052924787,17.815807494159365,24.78090968149036,10.49861779302882,16.074251691260116,86.6735258812866,73.23196605374824,0.5606558477980271,3.341997772001484,14.032282437717164,20.562824704909747,41.97307252525127,7.96344961875143,12.645629015468106,20.253282185862183
38600,경남,합천군,경남 합천군,2024,10.22,17.0,834.0,201.0,8.1,15.0,40225.0,0.7,4.75,13.927576601671307,15.160568332798471,41.33080672295346,20.336965755553972,27.53370894072352,96.8398618358198,94.44837340876944,17.46608013574198,2.4342946734331803,21.086269551712522,12.326883485548304,55.73810617350556,11.123968429604588,8.684040142916453,20.173807065266857
35560,전북,순창군,전북 순창군,2024,11.09,15.0,814.0,183.0,8.14,15.0,26822.0,0.8,5.11,17.409470752089135,14.677406534118303,37.372654055101634,17.880445108439115,27.53370894072352,94.635114279415,88.53225981938853,7.212490824580548,2.516813136939392,16.976981325453643,14.90236568801959,52.708173248999344,9.138867561337571,9.702897576139218,20.142892829520825
36590,전남,강진군,전남 강진군,2024,11.7,13.0,977.0,206.0,7.83,13.0,32189.0,0.8,5.29,17.409470752089135,18.31097453280823,32.88527066399374,20.98052488406477,23.449844417542675,93.53274050121261,84.38418017625938,11.827413034680056,1.8772950447662669,19.28076530960688,15.169794774062613,50.92304615194074,9.757346202784476,9.70555258311717,20.074853633440096
32540,강원,평창군,강원 평창군,2024,12.01,18.0,1112.0,211.0,11.74,15.0,40396.0,0.5,5.65,6.963788300835653,20.8879454631743,43.14776036930549,21.608723130030484,27.53370894072352,91.32799294480782,82.27613970188227,17.57340901629268,9.943474852498248,24.345547510336054,8.803156999818908,52.882615726815274,16.59728765088335,10.371387845916344,20.035757122232937
21040,부산,영도구,부산 영도구,2024,18.3,14.0,3237.0,324.0,9.25,10.0,103737.0,0.7,14.93,13.927576601671307,42.170538946401024,35.20380759774643,32.853761005044134,16.074251691260116,34.49450037970654,39.5033184637145,41.43572057738854,4.806700499236705,40.55674716596636,15.383741420779089,32.464903293183546,20.813531910243317,12.496245671658889,20.006843931202916
33530,충북,옥천군,충북 옥천군,2024,14.84,12.0,1604.0,221.0,11.26,16.0,48204.0,0.6,8.73,10.44568245125348,28.1834125800149,30.39483843786997,22.8218529196599,29.387825320409405,72.46515274001126,63.03177020998803,22.04439289894302,8.953253290423731,26.783991847264346,11.99559109000516,43.29198930555024,16.907114604364484,11.66750138730556,19.632592387321154
37580,경북,성주군,경북 성주군,2024,12.1,12.0,914.0,186.0,11.41,14.0,41452.0,0.6,5.9,10.44568245125348,16.983960180357187,30.39483843786997,18.306118921156905,25.559891610791176,89.79691825286005,81.66412795125666,18.226311205787226,9.26269752857202,20.038841139488753,10.922062485761632,48.78169040030524,14.264706201441129,10.842681308097191,19.427409205409305
23020,인천,동구,인천 동구,2024,19.97,8.0,3109.0,226.0,13.1,12.0,58296.0,0.7,16.19,13.927576601671307,41.36672194509767,18.03727937703448,23.40807441426596,21.183359268133117,26.777883932289754,28.14710042432816,26.853929485721515,12.74910261170937,32.34699569367219,16.494720037519652,23.62197524051694,21.117168186021363,15.87712116076131,19.220872420174487
32590,강원,인제군,강원 인제군,2024,13.46,13.0,1394.0,191.0,8.84,12.0,31535.0,0.7,6.8,13.927576601671307,25.3887192041114,32.88527066399374,19.00062510025939,21.183359268133117,84.28504936184807,72.4159503862474,11.308069022002014,3.9608862482980567,22.66383444145505,13.578687308909329,45.84491424770266,12.240968697085886,10.011799145921868,19.215465812625524
36530,전남,구례군,전남 구례군,2024,11.36,10.0,730.0,146.0,7.83,11.0,24025.0,0.9,5.37,20.891364902506965,12.509587725723314,24.78090968149036,11.971463941702035,18.73536881598188,93.04279659978933,86.69622456751169,4.4261937003515035,1.8772950447662669,12.53883390926518,17.201076706167495,46.70715747758106,6.676449842967871,10.25905909519712,19.207881407834037
36560,전남,보성군,전남 보성군,2024,11.18,17.0,979.0,221.0,7.61,15.0,37045.0,0.6,5.01,10.44568245125348,18.351688434757303,41.33080672295346,22.8218529196599,27.53370894072352,95.24754415619412,87.92024806876292,15.382409302654452,1.423443495482115,22.05672835276568,9.882947206238157,54.735239360605604,10.893673677160137,7.073729878111839,18.770938466638423
32570,강원,화천군,강원 화천군,2024,12.02,11.0,940.0,152.0,7.56,13.0,22922.0,0.8,5.92,17.409470752089135,17.54236486686539,27.704966716068057,13.024414632452425,23.449844417542675,89.67443227750422,82.20813839625721,3.2371224459781587,1.3202954160993516,15.283312510439753,15.009383863168292,46.691087798710406,7.4907004907312515,9.090400400828607,18.455923538072827
36510,전남,담양군,전남 담양군,2024,13.88,14.0,1289.0,215.0,11.97,15.0,44623.0,0.4,7.93,3.481894150417828,23.82919610940988,35.20380759774643,22.100704875885068,27.53370894072352,77.36459175424415,69.55989554999455,20.091335489315853,10.417956017658954,24.982760221048984,6.557033626403202,46.08089154047682,17.029796114766423,9.479270836597198,17.830677075262894
32610,강원,양양군,강원 양양군,2024,11.94,13.0,811.0,144.0,10.06,14.0,27489.0,0.6,6.28,10.44568245125348,14.603911252032162,32.88527066399374,11.610906836788605,25.559891610791176,87.46968472109944,82.75214884125775,7.833964401410371,6.4776993852374485,16.22919907923794,10.266307871428943,47.358131296086015,10.94713863889796,9.042419516382273,17.71777522535716
37560,경북,청도군,경북 청도군,2024,14.99,11.0,862.0,144.0,9.6,13.0,40582.0,0.7,7.36,13.927576601671307,15.817900645619751,27.704966716068057,11.610906836788605,23.449844417542675,80.85544205188506,62.01175062561201,17.689638076928677,5.5287370549160375,18.75683508910209,12.856783074052862,40.534635250541584,11.628327892473878,10.107698690118125,17.678362517685798
35530,전북,무주군,전북 무주군,2024,12.28,10.0,736.0,128.0,8.14,9.0,23032.0,0.8,5.41,17.409470752089135,12.672499652552673,24.78090968149036,8.533507163435473,13.159327684623287,92.79782464907768,80.44010445000544,3.3582464129559404,2.516813136939392,12.29990568646119,14.701874999863026,43.71104369966706,6.900575085919628,9.266908360748245,17.582925295327797
33580,충북,단양군,충북 단양군,2024,12.32,10.0,734.0,137.0,13.5,11.0,27352.0,0.5,5.84,6.963788300835653,12.618343510333938,24.78090968149036,10.308579010339368,18.73536881598188,90.16437617892751,80.16809922750517,7.707555091778683,13.574287246771465,13.577620218998646,8.520818663675854,44.41012709256673,13.623750919706934,11.05497250616398,17.47720641837127
38510,경남,의령군,경남 의령군,2024,10.21,12.0,610.0,137.0,8.04,10.0,25150.0,0.7,4.79,13.927576601671307,8.935908838841678,30.39483843786997,10.308579010339368,16.074251691260116,96.59488988510816,94.5163747143945,5.584024401643436,2.310516978173865,12.222129427487864,11.685850881863727,49.28950311374839,6.935053609797475,7.691864424762337,17.322579727581513
37550,경북,영덕군,경북 영덕군,2024,12.69,9.0,930.0,146.0,7.81,9.0,33210.0,0.7,6.08,13.927576601671307,17.329441387774192,21.577967590861032,11.971463941702035,13.159327684623287,88.69454447465765,77.65205091937764,12.617464586924651,1.836035813013161,16.765553588136697,12.454031961982874,42.55167773509827,8.526124421836878,8.148547178821575,16.808305631943355
37570,경북,고령군,경북 고령군,2024,12.94,9.0,833.0,132.0,10.76,8.0,30062.0,0.6,6.22,10.44568245125348,15.136686426917448,21.577967590861032,9.337241585162229,9.937028691240235,87.8371426471669,75.95201827875096,10.097775588445982,7.921772496596113,14.913269408164727,10.536196355621271,40.89829040333237,11.056775255864354,9.699234839998928,16.654467198140424
32600,강원,고성군,강원 고성군,2024,11.5,13.0,955.0,170.0,10.15,10.0,26999.0,0.5,7.88,6.963788300835653,17.85754457344067,32.88527066399374,15.951901940066584,16.074251691260116,77.6708066926337,85.74420628876074,7.378903239649913,6.663365928126419,17.719497391414055,8.00810057218977,45.659169967783306,11.631722727504526,8.08098677006481,16.589293474929416
38570,경남,산청군,경남 산청군,2024,11.33,13.0,705.0,154.0,9.31,11.0,33259.0,0.5,5.15,6.963788300835653,11.81607836223349,32.88527066399374,13.366240957189218,18.73536881598188,94.39014232870336,86.9002284843869,12.654767499173117,4.93047819449602,16.281523563667427,7.144020791024492,48.986993857111386,10.26172087069485,6.836935894190081,16.345020085774248
37520,경북,의성군,경북 의성군,2024,11.02,16.0,912.0,191.0,9.35,16.0,48690.0,0.3,5.02,0.0,16.940350867392258,39.409972139518196,19.00062510025939,29.387825320409405,95.18630116851621,89.008268958764,22.29820530983379,5.012996658002228,23.041631454549904,2.44598458543956,53.87923852648594,13.430946345806566,4.992183074891544,16.174021527995002
35550,전북,임실군,전북 임실군,2024,9.37,15.0,700.0,167.0,8.07,14.0,25577.0,0.5,6.36,6.963788300835653,11.6744327903321,37.372654055101634,15.486044520980712,25.559891610791176,86.97974081967615,100.0,6.00997636364594,2.3724058258035243,15.11474011528016,6.746145378530479,52.57597384681941,8.278471622315413,5.445185471643786,16.17010177352748
36680,전남,신안군,전남 신안군,2024,7.72,19.0,708.0,232.0,7.87,21.0,38173.0,0.2,3.39,0.0,11.900584982447919,44.87149493678002,24.09472875826316,37.273155742169656,100.0,100.0,16.14131379010071,1.9598135082724764,19.766985615610174,1.4840305244856633,60.58895453824724,10.366360988232554,2.9829041383730814,16.001174735522465
37610,경북,봉화군,경북 봉화군,2024,11.42,14.0,724.0,173.0,6.85,15.0,28836.0,0.5,5.29,6.963788300835653,12.345333103039625,35.20380759774643,16.4096570789411,27.53370894072352,93.53274050121261,86.28821673376129,9.044318861817107,0.0,15.926723729614231,6.457374535930703,51.23742357738787,7.346095209655135,4.330601549413622,15.382128009009854
35540,전북,장수군,전북 장수군,2024,11.11,8.0,633.0,125.0,7.97,8.0,20663.0,0.6,4.82,10.44568245125348,9.672341709676987,18.03727937703448,7.9141784228809655,9.937028691240235,96.41116092207442,88.3962572081384,0.6121342933371342,2.1661096670379996,8.62726701824653,9.126412459463507,44.038038410855734,5.021376740510315,6.074551124271601,14.552466619280551
33560,충북,괴산군,충북 괴산군,2024,10.48,14.0,902.0,184.0,9.17,15.0,36252.0,0.3,11.91,0.0,16.720861335289126,35.20380759774643,18.023102677507403,27.53370894072352,52.98988265843562,92.68033946251768,14.83492600470997,4.641663572224285,19.851669988606844,2.3683356693625552,44.81063795422533,11.642706892262321,4.555156118799125,13.77816466056326
36520,전남,곡성군,전남 곡성군,2024,12.56,8.0,690.0,132.0,9.26,8.0,26566.0,0.6,12.15,10.44568245125348,11.38808521954631,18.03727937703448,9.337241585162229,9.937028691240235,51.520050954165754,78.53606789250352,6.969850954293198,4.827330115113257,11.39245377146801,9.69716987766173,33.443544344717345,7.781854188068982,7.705428607330852,13.64638923122499
36630,전남,함평군,전남 함평군,2024,12.15,11.0,727.0,152.0,7.16,11.0,30010.0,0.4,5.4,3.481894150417828,12.427629633221693,27.704966716068057,13.024414632452425,18.73536881598188,92.8590676367556,81.32412142313132,10.053973411603302,0.49511078103725753,14.77100018330545,3.928450193291129,46.444040135701385,7.036429539562132,3.192978300942924,13.219251015510086
35520,전북,진안군,전북 진안군,2024,9.49,13.0,667.0,158.0,6.69,11.0,24161.0,0.3,4.22,0.0,10.713440514086146,32.88527066399374,14.036857031930735,18.73536881598188,100.0,99.4124687193994,4.5690107154944,0.0,13.304477604490142,1.0713440514086148,52.779067457058595,6.116566776540763,1.4531570421854219,12.895872716195552
34550,충남,청양군,충남 청양군,2024,11.69,12.0,740.0,154.0,9.26,12.0,29658.0,0.3,8.64,0.0,12.780372435935956,30.39483843786997,13.366240957189218,21.183359268133117,73.01633962911247,84.45218148188445,9.755455457993484,4.827330115113257,15.395790542940018,2.002136760860584,44.09173603929065,9.713908212985503,4.147720152667757,12.890180041011458
23520,인천,옹진군,인천 옹진군,2024,8.52,6.0,387.0,80.0,9.64,10.0,19996.0,0.3,4.07,0.0,0.0,9.591743318074748,0.0,16.074251691260116,100.0,100.0,0.0,5.611255518422249,1.9183486636149496,0.8416883277633374,44.32948641730397,4.045364866939712,2.9915883253704125,10.718602442622624
37530,경북,청송군,경북 청송군,2024,10.56,8.0,527.0,110.0,7.45,8.0,23716.0,0.3,4.27,0.0,6.0261959585513685,18.03727937703448,4.578040947834727,9.937028691240235,99.77952524435952,92.13632901751713,4.098676863563862,1.0933696414572767,7.850156913751739,0.7666250420737284,44.62569126842695,4.225121961749803,1.3997601898093812,10.60132996320038
22520,대구,군위군,대구 군위군,2024,10.55,7.0,364.0,93.0,8.66,8.0,22463.0,0.3,4.3,0.0,0.0,14.07912670918264,0.20268198638605733,9.937028691240235,99.59579628132579,92.20433032314219,2.725352466483164,3.5895531625201142,3.6334310817814774,0.5384329743780171,42.71707546301268,3.7909697802768014,2.0942055611125685,10.083523674380306
37540,경북,영양군,경북 영양군,2024,10.49,6.0,395.0,92.0,6.82,7.0,15328.0,0.4,4.65,3.481894150417828,0.29285103412800373,9.591743318074748,0.0,6.334804889813979,97.4522917125989,92.6123381568926,0.0,0.0,2.0647741806789517,2.6407057162261713,40.88149537098535,1.0177445386330755,1.473014538908047,9.666315540566245
37630,경북,울릉군,경북 울릉군,2024,10.26,4.0,209.0,43.0,10.23,5.0,9099.0,0.1,5.02,0.0,0.0,0.0,0.0,0.0,95.18630116851621,94.17636818626917,0.0,6.828402855138839,0.0,1.0242604282708259,37.87253387095708,3.755621570326362,3.465414448982961,9.484752472916506
