"시도별","성별","연령계층별","항목","단위","2016.1/4","2016.2/4","2016.3/4","2016.4/4","2017.1/4","2017.2/4","2017.3/4","2017.4/4","2018.1/4","2018.2/4","2018.3/4","2018.4/4","2019.1/4","2019.2/4","2019.3/4","2019.4/4","2020.1/4","2020.2/4","2020.3/4","2020.4/4","2021.1/4","2021.2/4","2021.3/4","2021.4/4","2022.1/4","2022.2/4","2022.3/4","2022.4/4","2023.1/4","2023.2/4","2023.3/4","2023.4/4","2024.1/4","2024.2/4","2024.3/4","2024.4/4","2025.1/4","2025.2/4","2025.3/4","2025.4/4","2026.1/4",
"계","계","계","취업자[천명]","천명","25747.2","26551.9","26719.1","26618.2","26100","26918.7","26997.8","26882.8","26283.3","27019.2","27015.2","26970.6","26460.7","27256.1","27381.6","27392.5","26748.9","26849.2","27067.5","26951.7","26368.5","27466.8","27644.6","27611.2","27369.4","28347","28424.6","28215.5","27766.7","28693","28687.2","28518.3","28060.4","28838.5","28833.4","28569.8","28215.3","29045.8","29049.7","28764.9","28398",
"계","계","15 - 29세","취업자[천명]","천명","3834.8","3931","3972.4","3891.7","3850.3","3962.1","3965.1","3850","3876.7","3893.6","3937.9","3908","3899","3923.6","3976.7","3981.7","3827.9","3724.2","3781.6","3716.9","3725","3899.7","3963.3","3921.5","3978.8","4061.9","4026.2","3918.7","3890.7","3944.3","3916.2","3844.4","3798.4","3807.3","3763.6","3651.6","3578.6","3641.6","3589.1","3500.7","3422.5",
"계","계","15 - 19세","취업자[천명]","천명","254.2","233.1","261.2","227.4","260","265.3","256.1","205.5","225.9","200.9","209.4","182.7","208.3","208","193.7","182.8","183.2","156.2","166.1","142.3","157.3","189.3","179.4","159.1","189.4","187.3","182.1","155.2","175.6","163.8","173.6","138","141.1","153.5","154.7","124.9","132.9","139.4","135","135.6","153",
"계","계","20 - 29세","취업자[천명]","천명","3580.6","3697.9","3711.2","3664.3","3590.3","3696.8","3709","3644.5","3650.8","3692.8","3728.6","3725.3","3690.7","3715.7","3782.9","3798.9","3644.8","3568","3615.4","3574.5","3567.7","3710.4","3783.9","3762.5","3789.4","3874.7","3844.1","3763.5","3715.1","3780.5","3742.6","3706.4","3657.3","3653.8","3608.8","3526.7","3445.7","3502.3","3454.1","3365.1","3269.6",
"계","계","30 - 39세","취업자[천명]","천명","5687.9","5675","5657.9","5665.2","5635.1","5648.4","5639.9","5648.7","5606.6","5615.7","5549","5557.2","5499.1","5550.9","5534.2","5532.8","5475.5","5367.3","5306.5","5306.3","5248.6","5274.2","5232.3","5271.8","5275.2","5293.2","5315.9","5327.8","5296.7","5344.9","5373.1","5412.2","5379.1","5444","5468.7","5496.2","5486.7","5557.5","5576.3","5575.9","5586.3",
"계","계","40 - 49세","취업자[천명]","천명","6801.6","6842.2","6852.9","6832.8","6761","6794.4","6797.7","6778.4","6675.7","6693.3","6655.1","6639.6","6521.7","6511.3","6493.4","6488.7","6419","6325.8","6319.3","6318.5","6265.2","6324","6332.7","6320.9","6292.5","6341.5","6324.2","6296","6225","6306.6","6261.5","6246.1","6164.2","6203.2","6187.9","6159.6","6098.1","6155","6129.6","6133.1","6095.4",
"계","계","50 - 59세","취업자[천명]","천명","6006.1","6160","6190.3","6242.9","6183","6319.1","6328.9","6376.8","6250.4","6381.3","6354.5","6398.2","6331.4","6481.3","6475.8","6487","6346.2","6338.3","6364.8","6375.6","6247.7","6434","6467.7","6538.1","6506.2","6664.3","6648.4","6654.3","6584.3","6722.7","6708.1","6694.7","6655.5","6737.8","6724.8","6702.4","6639.4","6692.8","6692","6692.7","6658",
"계","계","60세이상","취업자[천명]","천명","3416.7","3943.6","4045.7","3985.6","3670.7","4194.7","4266.3","4229","3873.9","4435.4","4518.7","4467.6","4209.4","4789","4901.5","4902.3","4680.3","5093.6","5295.3","5234.5","4882.1","5534.8","5648.7","5558.9","5316.7","5986.2","6109.8","6018.7","5770","6374.4","6428.2","6320.9","6063.2","6646.1","6688.4","6560","6412.4","6998.8","7062.7","6862.4","6635.8",
"계","계","15 - 64세","취업자[천명]","천명","23976.9","24383.5","24506.3","24499.3","24247.6","24665.5","24688","24635.6","24316.1","24606.5","24550.2","24571.3","24284.8","24640.2","24690.6","24723.9","24269.5","24051.3","24123.1","24077.3","23748.8","24367","24465.2","24540.7","24495.8","24981.4","24960.6","24857.9","24582.8","25056.8","24999.9","24926.2","24618.4","24898.5","24837.6","24723.9","24428.8","24785.3","24704.5","24567.3","24307.2",
"계","계","15 - 24세","취업자[천명]","천명","1617","1654.8","1689.4","1622.5","1607.1","1656.9","1657.2","1538.5","1526.4","1496.1","1501.7","1461","1469.6","1467.3","1480","1462.2","1379.5","1326.5","1376.7","1289.3","1306.7","1428.5","1452.2","1370.8","1424.5","1478.7","1469.6","1362.9","1367.5","1387.6","1385.5","1318.5","1280.6","1302.7","1276.5","1187.8","1158.6","1187.7","1172.7","1109.2","1072.1",
"계","남자","계","취업자[천명]","천명","14935.4","15289.5","15385","15354.9","15106.3","15463.8","15477.1","15426.5","15180.8","15449.8","15429.5","15427.8","15212","15504.9","15557.7","15576.6","15313.9","15349.8","15453.5","15407.7","15168.6","15608.8","15681.7","15731.3","15640","16051.7","16066.5","15955","15691.3","16056","16067","15994.1","15752.6","16032.7","16006.3","15902.8","15721","16062.2","16040.9","15949.1","15761.7",
"계","남자","15 - 29세","취업자[천명]","천명","1838.7","1899.6","1904.1","1849.6","1823.9","1888.8","1886.7","1848.7","1860.3","1850.2","1878.7","1854.3","1869","1911.9","1949.1","1954.3","1872.1","1811.8","1827.2","1791.4","1791.1","1868.2","1861","1857.3","1873.2","1921.3","1924.4","1865.3","1842.9","1864.2","1884.4","1822.3","1797.6","1816.1","1798.9","1723.4","1697.2","1737.5","1702.4","1677.6","1623.7",
"계","남자","15 - 19세","취업자[천명]","천명","120","114","116.8","101.3","122.6","128","114.1","92.3","98.7","86.6","96.1","81.3","96.8","103.7","83.2","80.4","80.6","70.9","74.4","62.2","70.3","84.7","74.2","60.4","73.4","79.3","76.6","63.9","74.2","67.1","74.6","52.9","54.2","62.7","63.1","44","53.7","59.5","57.7","54","60.5",
"계","남자","20 - 29세","취업자[천명]","천명","1718.6","1785.6","1787.3","1748.4","1701.3","1760.9","1772.6","1756.4","1761.7","1763.6","1782.6","1773","1772.2","1808.3","1865.9","1873.9","1791.5","1740.9","1752.8","1729.2","1720.8","1783.5","1786.8","1797","1799.8","1842","1847.8","1801.4","1768.7","1797.1","1809.8","1769.5","1743.4","1753.4","1735.9","1679.4","1643.5","1678","1644.6","1623.5","1563.2",
"계","남자","30 - 39세","취업자[천명]","천명","3549.8","3531.6","3519","3518.7","3492.4","3488.6","3487.7","3482.7","3453","3429.8","3396.5","3409.7","3370.5","3374","3355.3","3347.5","3330","3276","3253.8","3230.7","3212.7","3219.8","3200.4","3213.3","3211.4","3205.9","3189","3178.7","3134.8","3158","3170.3","3167.6","3129.8","3152.6","3156.8","3161.4","3161.9","3185.7","3195.3","3182.3","3194.2",
"계","남자","40 - 49세","취업자[천명]","천명","4006.4","4023.1","4036.7","4037.1","3991.5","4015.5","4005.6","3979.7","3939","3949.2","3915.5","3919.1","3863.3","3835.6","3830","3826","3798.6","3758.5","3744.3","3746.5","3732","3749.7","3757.2","3746.8","3748.1","3753.5","3745.9","3725","3684.8","3708","3663.9","3649.8","3625.5","3623.2","3619.9","3595","3560.5","3568","3554.2","3542.2","3523.8",
"계","남자","50 - 59세","취업자[천명]","천명","3517.6","3598","3620.1","3651.1","3621.2","3679.8","3681.3","3703.4","3625.5","3691","3669.3","3672.9","3629.2","3690.8","3679.5","3699.8","3637.1","3655","3674.3","3684.7","3621","3688.8","3695.7","3740.1","3726.6","3790.2","3766.5","3766.7","3734.6","3783.8","3775.3","3797","3771.8","3800.9","3796.6","3788","3758","3772.5","3766.1","3763.2","3751.7",
"계","남자","60세이상","취업자[천명]","천명","2022.9","2237.2","2305.2","2298.4","2177.2","2391","2415.6","2412","2303","2529.6","2569.5","2571.8","2480","2692.6","2743.9","2749","2676","2848.6","2953.9","2954.4","2811.7","3082.3","3167.4","3173.8","3080.7","3380.9","3440.7","3419.4","3294.2","3542","3573.2","3557.4","3427.8","3639.8","3634.1","3635","3543.4","3798.5","3823.1","3784","3668.3",
"계","남자","15 - 64세","취업자[천명]","천명","13884.7","14086.3","14154.1","14163.3","14015.2","14228.8","14219.9","14178.3","14017.4","14123.2","14080.8","14089.3","13936.8","14072.1","14096.8","14127.4","13916.5","13819.6","13858.6","13819.9","13664.7","13928.2","13937.7","14004.4","13964.3","14180.5","14139.4","14058.3","13877.6","14070.5","14055.2","13999.7","13836.7","13930.2","13882.8","13798.3","13653.5","13785.2","13725.9","13654.1","13515.9",
"계","남자","15 - 24세","취업자[천명]","천명","662.2","691.5","700","668","660.3","688.9","686.3","624.9","617","591.4","595.5","577","600.4","616.3","624","623.2","579.7","553.3","569.8","522.1","537.2","586.3","570.9","541.7","567.2","597.4","612.4","555.9","560.8","564.3","580","532.6","516.5","530.9","526.9","471","455.6","476.9","487","456.9","431.3",
"계","여자","계","취업자[천명]","천명","10811.8","11262.5","11334.2","11263.3","10993.8","11454.9","11520.7","11456.3","11102.5","11569.4","11585.7","11542.8","11248.6","11751.2","11823.9","11815.9","11435.1","11499.4","11613.9","11544","11200","11857.9","11962.9","11879.9","11729.4","12295.3","12358.1","12260.4","12075.4","12637","12620.2","12524.2","12307.9","12805.8","12827","12667","12494.3","12983.5","13008.7","12815.7","12636.4",
"계","여자","15 - 29세","취업자[천명]","천명","1996.1","2031.4","2068.4","2042","2026.4","2073.2","2078.3","2001.3","2016.3","2043.5","2059.2","2053.7","2030","2011.7","2027.6","2027.4","1955.8","1912.5","1954.4","1925.4","1933.9","2031.5","2102.3","2064.2","2105.7","2140.6","2101.8","2053.4","2047.7","2080.1","2031.9","2022","2000.8","1991.2","1964.6","1928.2","1881.4","1904.1","1886.7","1823.2","1798.9",
"계","여자","15 - 19세","취업자[천명]","천명","134.2","119.1","144.4","126.1","137.4","137.3","142","113.2","127.2","114.3","113.3","101.4","111.5","104.3","110.5","102.4","102.5","85.3","91.8","80.1","87","104.6","105.1","98.7","116","108","105.6","91.3","101.4","96.7","99.1","85.1","86.9","90.8","91.7","80.9","79.2","79.9","77.3","81.5","92.5",
"계","여자","20 - 29세","취업자[천명]","천명","1861.9","1912.3","1923.9","1915.9","1888.9","1935.9","1936.4","1888.1","1889.1","1929.2","1946","1952.3","1918.5","1907.4","1917.1","1925","1853.3","1827.1","1862.6","1845.3","1846.9","1926.8","1997.1","1965.5","1989.6","2032.7","1996.3","1962.1","1946.3","1983.4","1932.8","1936.9","1913.9","1900.3","1873","1847.3","1802.3","1824.3","1809.4","1741.6","1706.4",
"계","여자","30 - 39세","취업자[천명]","천명","2138.1","2143.4","2138.9","2146.6","2142.7","2159.7","2152.1","2166","2153.6","2185.9","2152.5","2147.5","2128.7","2176.9","2178.9","2185.3","2145.5","2091.3","2052.7","2075.6","2035.9","2054.5","2032","2058.5","2063.8","2087.3","2126.9","2149.1","2161.9","2187","2202.9","2244.6","2249.3","2291.4","2311.9","2334.8","2324.8","2371.8","2381","2393.6","2392.1",
"계","여자","40 - 49세","취업자[천명]","천명","2795.2","2819.2","2816.2","2795.7","2769.4","2778.9","2792.1","2798.7","2736.7","2744.1","2739.6","2720.6","2658.4","2675.6","2663.4","2662.7","2620.4","2567.3","2575","2572","2533.2","2574.3","2575.5","2574.1","2544.4","2588","2578.3","2571.1","2540.2","2598.5","2597.7","2596.3","2538.7","2580.1","2568","2564.6","2537.6","2587","2575.4","2591","2571.6",
"계","여자","50 - 59세","취업자[천명]","천명","2488.6","2562","2570.2","2591.8","2561.7","2639.4","2647.6","2673.4","2624.9","2690.3","2685.2","2725.2","2702.1","2790.5","2796.3","2787.2","2709.1","2683.3","2690.5","2690.9","2626.7","2745.2","2771.9","2798","2779.6","2874.1","2882","2887.6","2849.7","2938.9","2932.8","2897.7","2883.7","2936.9","2928.2","2914.5","2881.5","2920.3","2925.9","2929.5","2906.4",
"계","여자","60세이상","취업자[천명]","천명","1393.8","1706.5","1740.6","1687.2","1493.5","1803.7","1850.6","1816.9","1570.9","1905.7","1949.2","1895.8","1729.4","2096.4","2157.6","2153.2","2004.3","2245","2341.4","2280.1","2070.3","2452.5","2481.3","2385.1","2236","2605.3","2669.1","2599.3","2475.8","2832.4","2855","2763.5","2635.4","3006.2","3054.3","2925","2869.1","3200.2","3239.7","3078.5","2967.5",
"계","여자","15 - 64세","취업자[천명]","천명","10092.1","10297.2","10352.2","10336","10232.4","10436.7","10468.1","10457.3","10298.7","10483.4","10469.5","10482","10347.9","10568.1","10593.8","10596.5","10353","10231.7","10264.5","10257.4","10084","10438.8","10527.5","10536.3","10531.5","10800.8","10821.2","10799.6","10705.2","10986.3","10944.7","10926.5","10781.7","10968.3","10954.7","10925.6","10775.3","11000.1","10978.7","10913.1","10791.3",
"계","여자","15 - 24세","취업자[천명]","천명","954.7","963.3","989.4","954.4","946.8","968","970.9","913.6","909.4","904.7","906.2","884","869.3","851","856","839.1","799.8","773.2","806.9","767.3","769.4","842.2","881.3","829.2","857.3","881.4","857.2","807","806.6","823.3","805.5","785.9","764.1","771.8","749.6","716.8","703","710.8","685.7","652.3","640.7",
"서울특별시","계","계","취업자[천명]","천명","5096.2","5148.9","5162.6","5177","5104.6","5171.9","5189.5","5143.6","5082.4","5105.9","5072.8","5059.7","4972.1","5097.9","5145.3","5129.5","5069.5","5022.6","5059.4","5054.2","4960.2","5081","5076.6","5102.1","5059.8","5134","5132.9","5126.9","5096.3","5195.6","5187.5","5214.8","5212.7","5248.1","5237.5","5214.5","5112.8","5218.5","5259.5","5200.5","5137.8",
"서울특별시","계","15 - 29세","취업자[천명]","천명","836.1","857","860.4","847.5","839.5","862.6","863.3","843.8","855.6","856.5","848","849.9","865.8","857.5","883.2","871.5","843.1","842.4","849.6","853.2","873.2","921.2","918.3","902.4","910.5","907.6","898.1","868.8","877.1","885.6","900.8","900","906.9","860.1","848.9","831.9","798.7","821.8","808","777.6","741",
"서울특별시","계","15 - 19세","취업자[천명]","천명","42.1","40.3","47","51.4","58","50.4","44","39.5","39.5","32.1","27.7","26.8","32.6","32.9","35.8","32.4","30.6","25.9","25.5","25.9","36.9","43","33.9","31","33.9","33.2","31.6","28.9","19.9","21.1","33.2","23","23.4","25.6","26.6","24.7","26.1","25.6","17.7","19.1","25.2",
"서울특별시","계","20 - 29세","취업자[천명]","천명","794","816.7","813.4","796.1","781.5","812.2","819.3","804.4","816","824.4","820.4","823.1","833.2","824.6","847.4","839","812.5","816.5","824.2","827.3","836.3","878.2","884.3","871.4","876.7","874.4","866.5","839.9","857.2","864.5","867.6","877","883.6","834.5","822.3","807.2","772.6","796.2","790.3","758.5","715.9",
"서울특별시","계","30 - 39세","취업자[천명]","천명","1233.1","1226.7","1204.1","1215","1217.1","1229","1237.8","1224","1205.9","1200.8","1191","1174.6","1153.6","1184.4","1197.2","1175","1168.6","1138.8","1139.8","1139.2","1138.4","1131.8","1140.3","1162.6","1157.4","1157.5","1155.5","1170.4","1171.8","1184.8","1183.7","1199.6","1205.8","1239.1","1249.7","1234","1219.6","1223.1","1254","1242.1","1246.2",
"서울특별시","계","40 - 49세","취업자[천명]","천명","1273.5","1283.5","1273.1","1268.7","1235.7","1235.8","1232","1215.3","1212.6","1224.4","1221.1","1212","1164.5","1169","1154.4","1165","1174","1155.6","1153","1138.2","1122.1","1129.8","1119.5","1116.7","1112.8","1116.6","1111.7","1114.6","1097.7","1121.3","1098.1","1091.2","1074.2","1084.1","1078.6","1075","1056.1","1060.8","1069.4","1065.4","1049.7",
"서울특별시","계","50 - 59세","취업자[천명]","천명","1141.2","1136.6","1141.2","1157.8","1148.7","1137.2","1139.4","1145.8","1117.4","1119.1","1102.2","1102.3","1086.3","1110.3","1117.9","1111.4","1100.1","1091","1095.9","1101.4","1068.7","1089.7","1089.6","1100.2","1091.9","1119.9","1115.2","1106.6","1085.7","1102.4","1105.1","1102.3","1110.6","1100.4","1094.9","1094.3","1073.2","1089.3","1092.4","1083.5","1097.5",
"서울특별시","계","60세이상","취업자[천명]","천명","612.3","645","683.8","688","663.6","707.3","717.1","714.7","690.9","705.2","710.5","721","702","776.8","792.6","806.6","783.7","794.8","821","822.1","757.9","808.5","809","820.3","787.1","832.4","852.3","866.4","863.9","901.5","899.8","921.7","915.3","964.3","965.3","979.3","965.2","1023.5","1035.7","1031.9","1003.2",
"서울특별시","계","15 - 64세","취업자[천명]","천명","4801.2","4834","4830.2","4843.4","4789.7","4839.1","4847.7","4805.3","4761.7","4763","4725.9","4700.2","4631.3","4699.1","4732.9","4711.4","4678","4620.9","4633.9","4626.2","4576.9","4661.2","4658.3","4678.5","4656.7","4706.5","4689.5","4675.3","4655.3","4724.2","4718.1","4741.2","4742.4","4737.7","4718.4","4681.2","4583","4638.2","4656.8","4593.7","4540.8",
"서울특별시","계","15 - 24세","취업자[천명]","천명","328.6","330.9","335.4","338.2","328.6","329.2","325.9","305.5","288.1","277.2","278.9","269.6","268.2","266.3","270.8","252.6","247.1","260","270.7","270.9","284.9","309.6","301.9","283.5","273.6","291.6","303","270.4","258.6","263.8","281.2","263.3","277.4","250.9","235.2","233.2","231.8","234.5","219.6","207.9","193.3",
"서울특별시","남자","계","취업자[천명]","천명","2847.7","2869.3","2884.7","2887.2","2842.7","2860","2849.9","2842.9","2808.4","2804.1","2765.9","2764","2737.5","2783.2","2807","2766.9","2742.6","2740.7","2755.7","2748.2","2711.6","2753.4","2730.5","2748.2","2738.5","2772.8","2760.9","2761.8","2730.1","2783.7","2785.4","2788.4","2766.8","2771","2780.5","2757","2713.5","2743","2743.9","2714.7","2663.7",
"서울특별시","남자","15 - 29세","취업자[천명]","천명","365.8","371.8","362.9","347.5","342.9","353.9","353.3","348.5","356.8","352.5","342.5","343.8","363","361.4","380","370.2","350","342.8","343.3","341","354.8","375.4","360.9","358.1","354.3","359.1","360.2","350.2","353.3","358.4","382.2","371","371.6","355.1","360.5","342.7","333.2","341.9","324.3","306.2","282.5",
"서울특별시","남자","15 - 19세","취업자[천명]","천명","24.3","21.3","18.7","19","22.8","24.7","19.2","15.7","18.1","12.8","14.3","12.7","14","16.5","17.1","15.6","13.8","13.5","12.9","12.2","17.8","18","12.8","10.4","8","11.7","13.8","10.5","5.4","3.8","6.7","2.6","5.6","4.5","9.3","6.2","9.8","8.4","7","8","9.8",
"서울특별시","남자","20 - 29세","취업자[천명]","천명","341.5","350.5","344.2","328.5","320.2","329.2","334.1","332.8","338.7","339.7","328.1","331.1","349","344.9","363","354.6","336.1","329.3","330.4","328.8","337","357.4","348.1","347.7","346.3","347.4","346.4","339.7","347.8","354.7","375.4","368.3","365.9","350.6","351.2","336.6","323.4","333.5","317.3","298.2","272.7",
"서울특별시","남자","30 - 39세","취업자[천명]","천명","726.6","723.6","713.5","720.7","713.7","708.3","707.1","699.4","693.4","680.3","671.8","669.1","654.2","665.1","671.8","658.9","662.2","653.9","657.8","653.8","651.4","645.7","648.7","655","654.6","641","634.9","643.8","632.8","638","637.8","642.7","634.9","646.5","660.5","655.2","651.5","645.3","655","644.5","643.2",
"서울특별시","남자","40 - 49세","취업자[천명]","천명","739.8","748","743.9","747.7","734.4","734.1","727.9","722.3","718.7","722.2","708.3","701.7","688.1","687.3","680.5","675.1","673.3","667.3","663.6","661.7","652.6","658.3","650.4","647.1","653.9","659.8","651.6","649.2","634.3","645.4","625.8","624.8","616.8","616.8","612","605","595","585.6","586.3","583.7","577.2",
"서울특별시","남자","50 - 59세","취업자[천명]","천명","656.2","654.8","660","659.5","657.7","649","650","659.9","638.3","637.8","630.8","629.2","625.8","632.3","627.1","618.1","608.2","618.1","622.4","623.3","612.3","614.8","601.7","608.8","606.4","626.5","625.3","623.6","619.6","625.7","624.5","624.3","625.7","615.2","617.1","616.9","604.4","606.5","611","608.1","615.1",
"서울특별시","남자","60세이상","취업자[천명]","천명","359.3","371.1","404.4","411.8","393.9","414.7","411.6","412.7","401.2","411.3","412.5","420.2","406.5","437.1","447.5","444.6","448.9","458.6","468.6","468.5","440.4","459.2","468.9","479.2","469.4","486.4","489.1","495","490","516.2","515.2","525.6","517.9","537.4","530.4","537.3","529.3","563.8","567.3","572.3","545.7",
"서울특별시","남자","15 - 64세","취업자[천명]","천명","2672.9","2688.4","2689.5","2688.6","2658.8","2671.7","2660.7","2652.1","2622.9","2609.7","2568.4","2553.1","2530.6","2556.9","2572.9","2543.4","2519","2509.8","2515.7","2507.1","2485.8","2513.8","2483.8","2493.7","2482.4","2514.6","2497.1","2494.4","2471.2","2507.1","2510.9","2514.2","2495.2","2483.9","2488.1","2457.6","2413.7","2415.5","2407.8","2374.7","2333.3",
"서울특별시","남자","15 - 24세","취업자[천명]","천명","132.3","129.5","124.3","121.7","115.5","112.9","113.4","99.8","94.5","84.5","78.2","80.1","86.1","88.4","93","85.4","83.1","89.6","89","89.1","99","107.4","94.6","89.1","82.4","93.9","106.4","93.6","87.3","90.2","105.2","90.2","96.2","83.4","80.7","78.2","80.6","83.2","76.6","65.5","53.3",
"서울특별시","여자","계","취업자[천명]","천명","2248.5","2279.6","2277.9","2289.9","2261.9","2311.9","2339.6","2300.8","2274","2301.8","2307","2295.8","2234.6","2314.7","2338.2","2362.6","2326.9","2282","2303.7","2306","2248.7","2327.6","2346.1","2353.9","2321.2","2361.2","2371.9","2365.1","2366.2","2411.9","2402.2","2426.4","2445.9","2477.1","2457","2457.5","2399.3","2475.5","2515.6","2485.8","2474.1",
"서울특별시","여자","15 - 29세","취업자[천명]","천명","470.4","485.2","497.6","500","496.5","508.7","510","495.3","498.8","503.9","505.6","506.2","502.8","496.1","503.2","501.3","493.1","499.6","506.3","512.2","518.4","545.8","557.3","544.3","556.2","548.5","538","518.6","523.8","527.2","518.6","529","535.3","505","488.4","489.1","465.4","479.9","483.7","471.4","458.5",
"서울특별시","여자","15 - 19세","취업자[천명]","천명","17.9","19.1","28.3","32.4","35.2","25.6","24.8","23.8","21.4","19.2","13.4","14.1","18.6","16.4","18.8","16.9","16.8","12.4","12.6","13.7","19.1","25","21.1","20.6","25.9","21.6","17.8","18.5","14.5","17.3","26.5","20.4","17.7","21.1","17.3","18.5","16.3","17.2","10.7","11","15.3",
"서울특별시","여자","20 - 29세","취업자[천명]","천명","452.5","466.2","469.2","467.7","461.3","483","485.2","471.6","477.4","484.7","492.2","492","484.2","479.7","484.4","484.4","476.3","487.2","493.7","498.5","499.2","520.8","536.2","523.7","530.4","526.9","520.1","500.1","509.4","509.9","492.1","508.6","517.6","483.9","471.1","470.6","449.2","462.7","473","460.4","443.2",
"서울특별시","여자","30 - 39세","취업자[천명]","천명","506.5","503.1","490.6","494.3","503.4","520.7","530.8","524.6","512.6","520.5","519.2","505.5","499.4","519.3","525.4","516.1","506.4","485","482","485.5","486.9","486.1","491.6","507.6","502.9","516.6","520.6","526.6","539","546.9","546","556.9","570.9","592.6","589.2","578.9","568.1","577.8","599","597.6","603",
"서울특별시","여자","40 - 49세","취업자[천명]","천명","533.7","535.6","529.2","521","501.3","501.7","504","492.9","493.9","502.2","512.8","510.2","476.4","481.7","473.8","489.9","500.7","488.4","489.4","476.5","469.6","471.5","469.1","469.6","458.8","456.8","460.1","465.4","463.4","475.9","472.3","466.3","457.4","467.3","466.6","470.1","461","475.2","483.2","481.8","472.5",
"서울특별시","여자","50 - 59세","취업자[천명]","천명","485","481.8","481.2","498.3","491","488.2","489.4","485.9","479.1","481.3","471.4","473.1","460.5","477.9","490.8","493.3","491.9","472.9","473.5","478.1","456.4","474.9","487.9","491.4","485.5","493.4","490","483","466.1","476.6","480.7","478","484.9","485.3","477.8","477.4","468.8","482.8","481.4","475.4","482.5",
"서울특별시","여자","60세이상","취업자[천명]","천명","253","273.9","279.3","276.2","269.7","292.6","305.5","302.1","289.7","293.9","298","300.8","295.5","339.7","345.1","362","334.8","336.1","352.5","353.7","317.4","349.2","340.1","341.1","317.8","345.9","363.2","371.4","373.9","385.3","384.7","396.1","397.4","426.9","434.9","442","436","459.7","468.4","459.6","457.5",
"서울특별시","여자","15 - 64세","취업자[천명]","천명","2128.2","2145.6","2140.8","2154.8","2130.9","2167.4","2187","2153.1","2138.8","2153.3","2157.5","2147","2100.7","2142.3","2160","2168","2158.9","2111.1","2118.2","2119.1","2091.1","2147.4","2174.4","2184.8","2174.2","2191.9","2192.3","2180.9","2184.1","2217.1","2207.3","2227","2247.2","2253.8","2230.3","2223.6","2169.3","2222.7","2249","2219","2207.5",
"서울특별시","여자","15 - 24세","취업자[천명]","천명","196.2","201.4","211.1","216.5","213.1","216.3","212.5","205.7","193.6","192.8","200.7","189.5","182.1","177.9","177.8","167.2","164","170.4","181.7","181.8","185.9","202.2","207.3","194.4","191.2","197.7","196.6","176.8","171.3","173.7","176","173.1","181.2","167.6","154.4","155","151.2","151.3","143","142.4","139.9",
"부산광역시","계","계","취업자[천명]","천명","1677.3","1691.6","1687.2","1687.6","1673.6","1699.6","1687.7","1677.6","1647.5","1662.7","1645.7","1672.3","1643.1","1672.2","1691.6","1695.4","1651.4","1615.2","1643","1649.2","1618","1670.1","1681.8","1659.1","1645.8","1680.6","1696.3","1692.1","1679.5","1696.5","1705.3","1684.1","1675.2","1691.9","1701.6","1682.8","1671.8","1713.8","1705.4","1699.3","1681.9",
"부산광역시","계","15 - 29세","취업자[천명]","천명","250.5","246.4","250.3","248.8","248.2","254","250.5","244.4","243.2","233.7","232.5","241.2","233.2","241.2","255","255.3","238.1","211.6","225.2","226.8","218.4","228.2","231.1","217.4","213.3","221.1","228.3","221.9","222","221.9","231.4","222.8","225.8","229.6","227.7","222.3","209.7","208.5","207","207","208.1",
"부산광역시","계","15 - 19세","취업자[천명]","천명","14.5","10.6","12","10.2","14.8","19.1","17.9","16.5","12.9","8.9","8.2","5.3","7.2","11.4","9.1","9.8","8.8","5.6","7.7","7.7","9.2","9.2","7.8","5.8","7","8.5","9.3","8.5","6.5","7.7","9.3","6.8","7.2","10","7","5.5","5.7","6.8","9.4","8","8.7",
"부산광역시","계","20 - 29세","취업자[천명]","천명","236.1","235.8","238.3","238.6","233.4","234.9","232.6","227.9","230.4","224.7","224.3","235.9","226","229.7","245.9","245.4","229.3","206","217.5","219","209.2","219.1","223.3","211.6","206.3","212.6","219.1","213.4","215.5","214.1","222.1","216","218.6","219.6","220.7","216.9","204.1","201.7","197.5","199","199.4",
"부산광역시","계","30 - 39세","취업자[천명]","천명","356.3","352.2","348.3","347.9","345.9","354.5","347.9","350.7","347.2","337.4","316.3","324.5","326.7","327.3","323.6","321.8","312.9","298.6","289.2","285.2","289.7","295.5","292.9","296.5","299.5","295.6","294.6","303.2","305.5","302","303.1","308.2","313.4","303.5","301.6","298","298.8","307.8","306.2","310.1","317.8",
"부산광역시","계","40 - 49세","취업자[천명]","천명","403.2","403.9","401.4","397.5","398.6","403.9","401","395.1","392.9","394.5","391.2","400.8","392.3","385.6","388.2","388.1","386","379.2","374.1","372.5","367.2","377.6","373.3","373.7","375.7","371.1","369","366.9","364.1","367.8","370","369.8","365.5","360","358.3","358.8","356.7","359.2","364.9","364.3","360.8",
"부산광역시","계","50 - 59세","취업자[천명]","천명","417.1","412.4","405.1","406.7","405.2","399.8","397","396.5","386.2","392.8","392.2","396.7","397.5","403","406.8","407.9","400.6","397.9","404.2","406.6","403.1","404.4","406.9","400.9","397.6","402.4","402.1","400","394.3","392.2","393.6","389.3","381.6","383.2","397.9","398.4","399","398.2","393.7","394.9","389.5",
"부산광역시","계","60세이상","취업자[천명]","천명","250.1","276.7","282.1","286.6","275.7","287.4","291.3","290.9","277.9","304.4","313.4","309","293.4","315.2","318","322.3","313.8","327.9","350.3","358.1","339.7","364.3","377.6","370.5","359.8","390.4","402.3","400","393.5","412.6","407.1","394","388.9","415.6","416.1","405.3","407.6","440","433.7","422.9","405.7",
"부산광역시","계","15 - 64세","취업자[천명]","천명","1566.1","1554.8","1549.4","1551.8","1549.5","1566.1","1551.3","1540.4","1520.6","1515.3","1497.1","1522.5","1506","1515.5","1527","1528.3","1489.3","1438.6","1454.4","1456.2","1437.4","1472.9","1476.1","1454.4","1452.9","1466.9","1477.2","1474.1","1465.9","1467.6","1476.9","1459.6","1450.8","1442.4","1447.9","1440.2","1426.9","1448.1","1439.8","1438.7","1431.4",
"부산광역시","계","15 - 24세","취업자[천명]","천명","107.4","101.7","100.8","96.9","103.2","109.4","108.8","102.5","99","89","83.2","94.5","91.7","96.3","101","105.4","93.7","81.1","80.8","76.2","73.2","74.4","73.3","67.2","71.3","79.1","82.4","74","76.7","75.2","78.5","73.3","69.5","75.1","72","65.5","58.8","64.6","68","63.7","63.7",
"부산광역시","남자","계","취업자[천명]","천명","947.7","957.7","958.3","962.9","953.5","963.1","967.3","960.3","945.2","941.4","918.2","935.7","921.2","927.8","932.5","927","908.1","891","918.6","920.3","903.7","927.1","935.2","921","914.8","934.6","945.5","943.1","937.1","946.8","958.4","945.6","931.3","931","930","922.6","914.3","931.5","929.4","924.8","907.9",
"부산광역시","남자","15 - 29세","취업자[천명]","천명","115.1","112.9","114.4","115.3","115.2","115.2","115.6","116.2","116.9","107.2","105.2","106.1","104.9","109.5","117.2","117.2","108.6","96.6","112.3","112.1","111.5","114.3","112.9","100.8","97.7","101.7","110.4","113.1","112.4","111.6","121.7","116.7","113.6","114.3","114.4","109.2","100.1","99","97.7","97.4","97.8",
"부산광역시","남자","15 - 19세","취업자[천명]","천명","5.1","3.8","3.5","2.1","5","6.5","7","8.9","7","4.1","2.7","1.6","4.2","6.2","4","3.5","4.4",".9","3","3.6","4.6","6","3.9","2.6","3.2","3.6","4.4","3.6","3.5","4.5","5.6","4.4","3.6","5.9","3.8","2.8","2.8","3","3.7","2.6","3.8",
"부산광역시","남자","20 - 29세","취업자[천명]","천명","110","109.1","111","113.2","110.2","108.7","108.6","107.3","109.9","103.1","102.5","104.5","100.7","103.3","113.3","113.6","104.2","95.7","109.3","108.5","106.9","108.3","109","98.2","94.5","98.1","106.1","109.5","108.9","107.1","116.1","112.3","109.9","108.3","110.6","106.4","97.3","96","93.9","94.8","94",
"부산광역시","남자","30 - 39세","취업자[천명]","천명","219.4","215.1","210.1","208.5","209.5","213.2","211.7","209.8","209.9","205","188","189.4","190.9","192.7","189.4","182.9","177.9","175.1","173.8","173.7","174.5","177.2","173.8","176.1","177.3","176.6","174","174.2","176.8","178.7","181.3","179.8","179.9","177.5","176.8","173.3","174","178.3","180","176.5","179.1",
"부산광역시","남자","40 - 49세","취업자[천명]","천명","231.3","234.7","237.4","236.6","231.8","229.9","229.8","225.8","221.7","220.1","218.1","231.4","225.2","218.3","221.6","223.8","223.5","222.2","221.1","219.5","216","222.6","221.1","220.3","221.8","220.9","222.3","219.9","217.6","217.8","216.1","215.6","210.9","207.6","205.4","206.8","209.5","209.1","210.8","207.9","203.7",
"부산광역시","남자","50 - 59세","취업자[천명]","천명","236.3","236","231","233.3","233.6","238.7","238.1","233.9","225.3","228.5","222.9","224.4","220.7","222.7","222.1","217.7","217","213.3","215.3","216.8","210.7","211.4","215.6","214","216.1","218.2","218.9","221","217.2","215.7","220.6","219.2","213.7","210.2","217.1","218.3","218","218.7","216","216.1","212.8",
"부산광역시","남자","60세이상","취업자[천명]","천명","145.5","158.9","165.4","169.3","163.3","166.1","172.2","174.5","171.5","180.7","184.1","184.5","179.5","184.5","182.2","185.4","181.1","183.7","196.1","198.2","191","201.7","211.9","209.7","201.8","217.2","219.8","214.9","213.1","222.9","218.7","214.2","213.2","221.4","216.3","215","212.8","226.4","225","227","214.5",
"부산광역시","남자","15 - 64세","취업자[천명]","천명","881.4","880.8","878","883.2","881.5","889.3","890.5","882.1","870.2","861.3","838.6","854.5","840.5","841.2","842.9","836","816.1","792.6","813.9","812.8","800.2","816.4","819","802","801.5","814.3","826.9","827.8","823.6","825.5","840.3","826.1","810.8","802.8","803.1","796.5","792.2","801.3","796.3","787","774.4",
"부산광역시","남자","15 - 24세","취업자[천명]","천명","42.6","37.6","37","35.3","37.2","40.2","41","38.3","37.6","32","27.7","30.3","31.1","34.7","37.6","40","32.3","28.1","34","29.2","28","31.2","30.3","25.9","26","31.6","35.5","35.1","35.9","32.1","37.7","33.8","30","34.4","34.2","29.1","25.7","28","29.8","26.8","28.4",
"부산광역시","여자","계","취업자[천명]","천명","729.7","733.9","728.9","724.7","720.2","736.5","720.3","717.3","702.3","721.3","727.5","736.5","722","744.4","759.1","768.5","743.3","724.2","724.4","728.9","714.3","743","746.6","738.1","731","746","750.8","749","742.4","749.7","746.9","738.5","743.9","760.9","771.6","760.2","757.4","782.3","776","774.4","774.1",
"부산광역시","여자","15 - 29세","취업자[천명]","천명","135.5","133.4","135.9","133.5","133","138.8","134.9","128.2","126.3","126.5","127.3","135.2","128.3","131.7","137.8","138.1","129.5","115","112.9","114.7","106.8","114","118.2","116.6","115.6","119.4","117.9","108.8","109.6","110.3","109.7","106.1","112.2","115.4","113.2","113.2","109.7","109.5","109.3","109.6","110.3",
"부산광역시","여자","15 - 19세","취업자[천명]","천명","9.4","6.8","8.5","8.1","9.8","12.6","10.8","7.6","5.8","4.9","5.5","3.7","3","5.2","5.2","6.3","4.5","4.7","4.7","4.2","4.6","3.2","3.9","3.2","3.8","4.9","4.9","4.9","3.1","3.3","3.7","2.4","3.6","4.1","3.2","2.7","2.9","3.8","5.7","5.5","4.9",
"부산광역시","여자","20 - 29세","취업자[천명]","천명","126.1","126.6","127.4","125.4","123.2","126.1","124.1","120.6","120.5","121.6","121.8","131.4","125.3","126.4","132.6","131.8","125","110.3","108.2","110.5","102.2","110.8","114.2","113.4","111.8","114.5","113","103.9","106.5","107","106","103.7","108.6","111.3","110.1","110.5","106.8","105.7","103.6","104.2","105.4",
"부산광역시","여자","30 - 39세","취업자[천명]","천명","136.9","137","138.2","139.4","136.4","141.3","136.2","140.8","137.4","132.4","128.3","135.2","135.8","134.6","134.2","138.9","135","123.5","115.4","111.6","115.2","118.4","119.1","120.4","122.2","119","120.6","129.1","128.8","123.3","121.8","128.5","133.5","126","124.8","124.7","124.7","129.5","126.2","133.6","138.7",
"부산광역시","여자","40 - 49세","취업자[천명]","천명","171.9","169.2","164.1","161","166.7","174.1","171.2","169.3","171.2","174.4","173.2","169.4","167.1","167.3","166.6","164.3","162.6","156.9","153","152.9","151.2","155.1","152.2","153.4","153.9","150.2","146.7","146.9","146.5","150","153.9","154.1","154.6","152.4","152.9","152","147.3","150.1","154.1","156.5","157.1",
"부산광역시","여자","50 - 59세","취업자[천명]","천명","180.8","176.4","174.1","173.4","171.6","161.1","159","162.6","161","164.3","169.4","172.3","176.8","180.3","184.7","190.2","183.5","184.5","188.9","189.8","192.3","193","191.4","186.9","181.4","184.2","183.1","179","177.1","176.4","173","170.1","167.9","172.9","180.8","180.1","181","179.5","177.7","178.8","176.7",
"부산광역시","여자","60세이상","취업자[천명]","천명","104.6","117.8","116.7","117.3","112.4","121.3","119.1","116.4","106.5","123.7","129.4","124.5","113.9","130.6","135.8","137","132.7","144.3","154.2","159.9","148.7","162.7","165.7","160.9","157.9","173.2","182.5","185.1","180.5","189.6","188.4","179.8","175.6","194.2","199.8","190.3","194.7","213.7","208.7","196","191.2",
"부산광역시","여자","15 - 64세","취업자[천명]","천명","684.7","674","671.4","668.6","668","676.8","660.8","658.3","650.3","653.9","658.5","667.9","665.4","674.3","684.1","692.3","673.1","646","640.5","643.5","637.2","656.5","657.1","652.5","651.4","652.5","650.3","646.2","642.3","642.1","636.6","633.6","640","639.6","644.7","643.6","634.7","646.9","643.5","651.8","657.1",
"부산광역시","여자","15 - 24세","취업자[천명]","천명","64.8","64.1","63.8","61.6","66.1","69.2","67.8","64.2","61.5","57","55.5","64.1","60.6","61.6","63.4","65.4","61.4","53","46.8","47","45.2","43.1","43","41.3","45.3","47.5","46.9","38.9","40.8","43.1","40.7","39.6","39.5","40.8","37.9","36.4","33.1","36.5","38.2","36.9","35.3",
"대구광역시","계","계","취업자[천명]","천명","1220.5","1252.8","1263.4","1251","1235.3","1250.2","1241.5","1228.6","1195.4","1234.7","1238.4","1236.3","1203.9","1227.5","1227.1","1218.4","1168.7","1162.8","1199.6","1206","1183.7","1229.1","1231.2","1224.8","1215.1","1232.5","1238.8","1225.5","1219.6","1265.4","1264.4","1237.3","1211.7","1226.8","1214.9","1207.9","1201","1224.8","1216.1","1214.3","1202.8",
"대구광역시","계","15 - 29세","취업자[천명]","천명","174.4","174.3","176.7","171.3","171.6","162.1","153.3","145.8","146.1","161.9","166.6","163.7","166.6","179.5","174.5","163.7","151.3","150.5","162","161","160","178.6","179.2","170.6","167.4","157.6","161.3","158.4","161.3","171.1","161.6","152.6","142.3","144.8","132.8","127.7","135.3","143.3","137.4","136.1","127.5",
"대구광역시","계","15 - 19세","취업자[천명]","천명","12.1","11.2","11.5","8.3","10.6","9","7.2","5.9","5.8","8.8","9.1","8.1","9.7","9.9","8","5.1","6.6","5","6.4","5.6","6.1","9.5","9.3","7.4","8.1","7.8","5.1","6.7","8.8","7.8","8.2","4.1","2.7","5.5","4.6","4.7","6.1","5.2","5.1","6.8","3",
"대구광역시","계","20 - 29세","취업자[천명]","천명","162.3","163.1","165.2","163","161","153.1","146.1","139.9","140.3","153.1","157.5","155.7","156.9","169.7","166.4","158.6","144.7","145.6","155.6","155.5","153.9","169.1","169.9","163.2","159.3","149.8","156.1","151.7","152.4","163.3","153.4","148.5","139.7","139.3","128.2","122.9","129.2","138.1","132.4","129.4","124.6",
"대구광역시","계","30 - 39세","취업자[천명]","천명","262.1","261.7","261.2","251.6","245.8","241.1","239.8","238.5","228.3","225.5","222.5","223.5","211.3","212.8","221.1","224.1","219.4","212.6","214.3","213","219.1","220.9","224.4","229.6","223.4","220.9","215.8","213.4","209.3","213.3","216.1","217.6","209","205.2","213.4","216.8","211.2","210.7","210.4","214.5","222.3",
"대구광역시","계","40 - 49세","취업자[천명]","천명","328.7","333.2","336.8","337.4","333.1","337.6","337.4","336.2","330.7","329.8","323.7","322.3","313.7","311.2","304.6","298.8","289.4","279.2","285.6","287","276","276.9","281.8","280","279.1","282.2","283.7","282.3","278.9","287.1","291","282.3","275.7","269.2","267.3","265.7","260.9","258.9","263.6","266.1","263.5",
"대구광역시","계","50 - 59세","취업자[천명]","천명","304.3","310.4","312","317.1","316","324.7","322.9","322.3","313.5","318.2","321.7","323.8","316.9","313.2","313.1","315.7","303","304.1","308.8","315.9","308.7","322.1","312.2","315.4","319.8","326.5","320.7","314.5","316.5","320.5","319.4","317","315.2","319.1","316.6","314.8","314","314.2","307.4","310.7","308.3",
"대구광역시","계","60세이상","취업자[천명]","천명","151","173.2","176.6","173.6","168.8","184.6","188.1","185.8","176.9","199.3","203.8","203","195.4","210.7","213.9","216","205.6","216.4","228.9","229.1","219.9","230.6","233.6","229.2","225.4","245.3","257.4","256.8","253.7","273.5","276.2","267.9","269.4","288.5","284.9","283","279.5","297.7","297.2","286.9","281.2",
"대구광역시","계","15 - 64세","취업자[천명]","천명","1146.5","1163.7","1174.4","1167.6","1158.9","1159","1148.8","1136.1","1106.5","1129.7","1131.6","1132.7","1108.6","1119.7","1117.3","1107.6","1065.4","1049.4","1081.1","1091.3","1073.7","1111.9","1111.5","1107.7","1103.2","1106","1107.2","1094.9","1094.4","1121.9","1117.7","1098.7","1071.8","1069.7","1052.8","1047.8","1043","1050.3","1036.1","1042.2","1032.4",
"대구광역시","계","15 - 24세","취업자[천명]","천명","79.1","77.4","75.5","69.1","69.7","65.5","62.8","54.5","56.6","67.1","69.4","66.3","64","66.6","62.2","53.7","45.5","44.9","53.6","55.7","53.2","68","71.1","62.2","64.6","60.4","61.8","59.6","62.9","68","68.1","59","49","47","37.9","38.5","43.9","46.7","42.1","43.3","37",
"대구광역시","남자","계","취업자[천명]","천명","709.5","714.3","709.7","701.5","694.7","696","688.7","685.4","667.6","680.9","684.3","686.4","682.1","691.1","691.3","695.4","671.9","670.3","690.2","685.3","675.2","694.9","694.8","692.4","691.6","696.1","694.4","686.6","681.8","702.9","705.2","700.6","687.9","686","675.3","667.5","654.7","663","652.9","653.7","653.1",
"대구광역시","남자","15 - 29세","취업자[천명]","천명","81","82.2","82.4","79.9","77.1","69.3","66.9","65.8","62.1","72.5","78.4","75.8","81.5","88.9","85.6","79.4","71.4","70.6","77.8","75.1","74.8","85.3","83.9","79.3","81.8","75.3","77.7","76.7","77.5","82.4","76.8","71.8","66.7","67.2","60","55.3","56","59.6","59.2","60.8","56.5",
"대구광역시","남자","15 - 19세","취업자[천명]","천명","6.1","5.3","5.9","4.5","5.3","4.3","4.1","3.9","2.8","3.7","2.7","2.4","2.9","2.2","1.5","2.3","3.1","2","2.2",".8","1.7","4.4","3.4","2.9","4.8","4","3.2","5.7","6.1","4.3","3.9","1.7",".9","2.3","1.4","1.3","1.4","1.6","1.5","2.3",".8",
"대구광역시","남자","20 - 29세","취업자[천명]","천명","74.9","76.9","76.6","75.5","71.8","65","62.8","61.9","59.4","68.8","75.7","73.4","78.6","86.7","84.2","77.1","68.3","68.6","75.7","74.3","73.1","80.9","80.5","76.4","77","71.3","74.5","71","71.4","78.1","72.9","70.2","65.8","65","58.6","54.1","54.6","58","57.7","58.5","55.7",
"대구광역시","남자","30 - 39세","취업자[천명]","천명","160.9","157.3","157.1","151.2","148.8","151","144.5","144","140.7","136","135.6","137.2","131.9","134.4","138.7","143.5","140.1","135.2","137.5","131.4","135.1","133.6","133.1","137.2","135.5","131.4","128.7","127.6","126.8","129.1","131.4","130.4","128.3","129.4","130.4","131.7","127","126.4","121.5","121","127.6",
"대구광역시","남자","40 - 49세","취업자[천명]","천명","193.3","191.4","191.8","189.3","187.9","187.1","186.1","183","178.8","178.4","176.2","175.2","171.8","169.2","170.5","169.2","167.2","161.7","167.4","168.7","162","158.9","161.4","161.7","162.4","163.3","161.7","160","159.2","164","165.4","162.7","158.3","152.9","153.3","153","147.4","145.2","145.9","147.1","146.8",
"대구광역시","남자","50 - 59세","취업자[천명]","천명","178.8","181.2","177.7","180.8","180.1","182.5","182.2","181.4","175.8","176.9","178.7","180.7","179.9","177.5","176.2","179.4","173.1","176.5","177.7","179.8","176.8","179.9","176.9","174.9","175.1","177.2","171.9","169","170.6","169.3","172.3","179.2","179.1","176.2","171.5","167.6","167.3","166.1","163.9","162.7","165.7",
"대구광역시","남자","60세이상","취업자[천명]","천명","95.6","102.3","100.7","100.3","100.8","106.2","109","111.2","110.2","117.2","115.5","117.4","117","121.1","120.3","123.8","120.1","126.3","129.8","130.2","126.4","137.3","139.6","139.2","136.8","149","154.5","153.3","147.7","158.1","159.2","156.4","155.5","160.2","160.1","159.9","157.1","165.6","162.3","162.1","156.5",
"대구광역시","남자","15 - 64세","취업자[천명]","천명","659","660.1","658.1","651.9","648.5","646.7","637.3","631.8","612.6","620.7","625.5","628.2","623.3","629.4","630.3","632.5","611.3","605.6","625.6","621.7","612.8","626.8","623.3","621.6","623.3","621.1","615.7","607.8","609.3","623.2","624.4","619.1","605","598.5","585.5","577.5","565.7","566.6","555.6","556.3","558.7",
"대구광역시","남자","15 - 24세","취업자[천명]","천명","33.7","32.4","30.8","26.8","28.1","24.3","23.3","19.9","19.1","24.1","25.2","24.3","26.5","28.6","26.7","25.4","19.8","16.1","20.5","20.2","20.7","28.6","29.8","27.5","31.2","26.2","26.7","26.2","26.3","28.6","28.7","23.3","19","18.7","14.7","15.5","16.1","15.7","13.7","15.1","11.1",
"대구광역시","여자","계","취업자[천명]","천명","511","538.5","553.7","549.5","540.6","554.2","552.9","543.2","527.8","553.8","554","549.9","521.9","536.4","535.8","523","496.8","492.5","509.4","520.7","508.5","534.2","536.4","532.5","523.5","536.4","544.4","538.9","537.8","562.5","559.1","536.8","523.9","540.9","539.6","540.5","546.3","561.8","563.3","560.6","549.7",
"대구광역시","여자","15 - 29세","취업자[천명]","천명","93.5","92.1","94.3","91.4","94.4","92.8","86.4","80","84","89.5","88.2","87.9","85.1","90.6","88.8","84.3","80","80","84.2","85.9","85.1","93.3","95.3","91.3","85.7","82.3","83.6","81.7","83.8","88.7","84.8","80.7","75.7","77.6","72.8","72.4","79.3","83.7","78.2","75.4","71",
"대구광역시","여자","15 - 19세","취업자[천명]","천명","6.1","5.9","5.6","3.9","5.2","4.7","3.1","1.9","3","5.2","6.4","5.6","6.8","7.6","6.6","2.8","3.5","3","4.2","4.7","4.4","5.1","5.9","4.6","3.3","3.8","1.9","1.1","2.8","3.5","4.3","2.4","1.8","3.2","3.2","3.5","4.7","3.6","3.5","4.5","2.2",
"대구광역시","여자","20 - 29세","취업자[천명]","천명","87.4","86.2","88.7","87.5","89.2","88.1","83.3","78.1","80.9","84.3","81.8","82.2","78.3","83","82.2","81.4","76.5","77","80","81.1","80.8","88.2","89.4","86.7","82.3","78.5","81.6","80.7","81","85.2","80.5","78.3","73.9","74.4","69.6","68.9","74.6","80","74.7","70.8","68.9",
"대구광역시","여자","30 - 39세","취업자[천명]","천명","101.2","104.4","104.1","100.5","97","90.2","95.3","94.5","87.5","89.6","87","86.3","79.4","78.5","82.4","80.6","79.2","77.3","76.8","81.6","83.9","87.3","91.3","92.4","87.9","89.5","87.1","85.9","82.5","84.2","84.7","87.1","80.7","75.8","82.9","85.1","84.2","84.2","88.9","93.6","94.7",
"대구광역시","여자","40 - 49세","취업자[천명]","천명","135.4","141.8","145","148.1","145.2","150.6","151.3","153.2","151.9","151.4","147.5","147","142","142","134.1","129.6","122.2","117.5","118.2","118.3","114.1","118","120.4","118.3","116.7","118.9","122","122.3","119.7","123.1","125.6","119.6","117.4","116.3","114.1","112.7","113.5","113.7","117.7","118.9","116.7",
"대구광역시","여자","50 - 59세","취업자[천명]","천명","125.5","129.2","134.4","136.3","135.9","142.2","140.7","140.9","137.7","141.3","143","143.1","137.1","135.7","136.9","136.3","129.9","127.6","131.1","136.1","131.9","142.2","135.3","140.5","144.7","149.3","148.8","145.5","145.9","151.3","147","137.7","136.1","142.8","145","147.2","146.8","148.1","143.5","148","142.6",
"대구광역시","여자","60세이상","취업자[천명]","천명","55.4","70.9","75.9","73.3","68","78.4","79.1","74.6","66.7","82.1","88.3","85.6","78.3","89.6","93.5","92.2","85.5","90.1","99.1","98.8","93.5","93.3","94","90","88.5","96.3","102.8","103.5","106","115.4","117","111.5","113.9","128.3","124.8","123.1","122.4","132.1","134.9","124.8","124.7",
"대구광역시","여자","15 - 64세","취업자[천명]","천명","487.6","503.6","516.4","515.6","510.3","512.3","511.5","504.4","493.9","509","506.1","504.6","485.3","490.3","486.9","475.1","454.1","443.8","455.5","469.6","460.9","485.1","488.2","486.1","479.9","484.9","491.5","487.1","485.1","498.7","493.3","479.5","466.7","471.2","467.4","470.3","477.3","483.7","480.5","485.9","473.7",
"대구광역시","여자","15 - 24세","취업자[천명]","천명","45.4","45","44.7","42.2","41.6","41.2","39.5","34.6","37.5","43","44.2","42","37.5","38","35.5","28.3","25.7","28.8","33.1","35.5","32.6","39.5","41.3","34.7","33.4","34.2","35.1","33.4","36.5","39.4","39.4","35.7","30.1","28.3","23.2","23","27.7","31.1","28.4","28.1","25.9",
"인천광역시","계","계","취업자[천명]","천명","1494.5","1530.2","1535.9","1520.8","1504.3","1540","1536.1","1549.5","1550.9","1581.3","1579.6","1586.2","1558","1592.2","1585.6","1587.7","1552.7","1560.7","1569.6","1555.8","1531.3","1574.9","1574.9","1570.4","1561.3","1614","1638.7","1640.7","1612.6","1663.4","1683.7","1659.9","1653.5","1688.9","1723.9","1718.2","1695.2","1724.6","1730.5","1711","1709.8",
"인천광역시","계","15 - 29세","취업자[천명]","천명","231.4","240.6","244.2","232.1","230.9","242.9","241.1","241","246.1","246.8","252.7","255.3","249.9","253.4","250","256","243.6","238","236.9","230.7","226.2","235.1","232.3","234.3","234.9","246.2","252.8","245.6","237","242.5","240.9","221.8","213.8","222.7","230.1","224","214","208.4","204.5","200.7","195.9",
"인천광역시","계","15 - 19세","취업자[천명]","천명","12.8","11.7","16.3","12.3","14.4","17.3","14.7","11.4","14.4","13.7","13.9","12.6","13.8","15.5","13.8","13","10.1","9.1","8.1","7.7","6.9","7.9","10.6","11.7","9.6","8.7","9.8","9.3","12.2","12.3","15.2","8.5","8","9.4","9.1","9.5","8.5","9.2","7.4","9.7","9.3",
"인천광역시","계","20 - 29세","취업자[천명]","천명","218.6","228.9","227.8","219.8","216.5","225.6","226.4","229.6","231.7","233.1","238.8","242.7","236.1","237.9","236.1","243","233.6","228.9","228.8","223","219.3","227.3","221.8","222.6","225.3","237.5","243.1","236.3","224.8","230.1","225.7","213.3","205.8","213.2","221","214.6","205.5","199.2","197","191","186.6",
"인천광역시","계","30 - 39세","취업자[천명]","천명","340.5","338.8","340","340.6","335.1","336.4","334.8","334.7","341.5","339.4","331.8","331.3","334.2","339.9","344.8","339","329.8","321.1","319.7","319.6","318","311.8","300.6","305.8","304.1","310","315.9","314.3","310.3","315.8","322.9","328.7","331.2","330.9","334.8","337","346.1","350.6","348.9","352.6","356.8",
"인천광역시","계","40 - 49세","취업자[천명]","천명","405.4","407.2","404.5","397.4","398.7","394.1","390.6","394.1","390.6","395.1","390.5","389.9","380.7","378.2","376.3","376.8","378.4","375.8","373.2","375","375","373.5","374.6","367.3","366.2","373.1","376.2","381.9","380.6","390.2","387.5","383.9","378.1","387.1","397.7","391.5","389.8","389.9","389","387.2","382",
"인천광역시","계","50 - 59세","취업자[천명]","천명","355.6","361.1","364.4","369.6","365.3","374.1","375.1","378.4","379.6","384.8","390.4","395.4","391.6","393.2","381.2","382.2","371.8","374.6","379.1","373.3","366.8","381.6","384.6","391","392","394.8","391.2","389.7","384.7","391.2","392.5","391","392.8","396.2","401.2","398.2","390.7","388.2","389.5","392.5","391.6",
"인천광역시","계","60세이상","취업자[천명]","천명","161.5","182.5","182.8","181.1","174.3","192.6","194.5","201.3","193.1","215.3","214.3","214.3","201.6","227.5","233.3","233.8","229.1","251.1","260.8","257.1","245.2","272.8","282.7","272.1","264.2","289.8","302.6","309.2","299.9","323.6","340","334.4","337.6","352","360.1","367.5","354.7","387.6","398.5","378","383.4",
"인천광역시","계","15 - 64세","취업자[천명]","천명","1427.2","1444.7","1450.8","1441.3","1434.2","1455.7","1447.2","1457.6","1467.5","1476.2","1475.7","1484.7","1468.1","1481.6","1469.9","1472","1440.6","1432.9","1435.7","1430.4","1418.3","1438.7","1431.8","1441","1440.9","1473.7","1487.7","1490.8","1463.6","1495.2","1500.9","1482.6","1473.5","1496.4","1526.4","1523.3","1504.5","1504.8","1500.6","1492.5","1488.6",
"인천광역시","계","15 - 24세","취업자[천명]","천명","101","105.3","109.2","97.9","90.6","104.5","100.3","99.6","101.8","105.5","106","99.7","99.8","102.5","100","101.6","90.6","89.8","89.9","86.2","81.8","91.1","92.8","87.8","83.6","87.4","92.3","81.5","83.3","82.9","83.5","71.3","66.3","71.8","78.6","73.4","64.6","65.8","65.6","64.9","60",
"인천광역시","남자","계","취업자[천명]","천명","869.4","880.5","891.8","891.7","871.8","899.4","891.7","887","892.3","909.5","900.8","906.5","887.9","903.5","902.8","903","891.2","894.6","893.4","882.1","874","896","902.6","911.1","904.8","925","936","922.1","913.2","941.2","955.3","944","941.5","946.2","956.6","960.6","953.6","972.5","979.4","974.2","973.6",
"인천광역시","남자","15 - 29세","취업자[천명]","천명","114.6","117","118.7","114.2","111","120.3","114.4","107.4","114.6","120.4","118.6","123.9","115.2","120.5","121.2","124.2","120.7","120.9","115.5","115.6","110.2","111","110.9","112.5","112","115.8","119.8","114.6","114.5","117.9","117.2","105.5","105.1","105.5","106.9","105.7","103.2","98.3","96.6","97.9","94.1",
"인천광역시","남자","15 - 19세","취업자[천명]","천명","5.8","4.4","7.7","6.7","9.2","10","7.3","5.2","6.8","8","7.6","7.7","5.4","6.2","5.3","4.4","1.6","2.5","2.2","3.7","3","3.3","4.5","5","5.4","4.5","4.8","3.3","7.8","7.9","9.4","4.1","4.1","4.5","4.5","4.2","4.2","4.6","4","4.1","4.9",
"인천광역시","남자","20 - 29세","취업자[천명]","천명","108.8","112.6","110.9","107.5","101.8","110.3","107.1","102.3","107.8","112.4","110.9","116.2","109.8","114.3","115.9","119.8","119.1","118.5","113.2","111.9","107.2","107.8","106.4","107.5","106.6","111.4","114.9","111.3","106.6","110","107.7","101.4","101","100.9","102.4","101.5","99","93.7","92.6","93.8","89.2",
"인천광역시","남자","30 - 39세","취업자[천명]","천명","215.8","217.4","215.2","212.5","208.7","212.2","210.6","209.1","210.8","206.6","206.1","206.4","207.8","206.1","204.7","201.5","200","197.3","195.5","191.8","193.7","193.4","190.4","194.4","191.6","191.6","194.4","190.3","188.7","188.7","191.4","194.2","191.7","189.6","189.8","189.5","193.5","198.9","203.1","204.4","208.3",
"인천광역시","남자","40 - 49세","취업자[천명]","천명","237.3","236.1","238.5","238","234.4","234.8","234.7","235.7","233.5","234.9","229.3","227.8","224.9","225.4","225.1","224.7","225","222.5","217.9","217","220.3","223.2","219.1","217.5","218.7","222","225.1","223.4","225.8","232.2","235.6","230.1","229.3","234.4","238.4","233.8","231.7","231.7","229","227.6","225.9",
"인천광역시","남자","50 - 59세","취업자[천명]","천명","206.1","205.5","212.3","216.8","211","216.3","215.8","217.8","218.7","222","222.3","222.4","218.6","220","214.7","213.7","207","205.9","209.9","205.8","203.6","210.2","214.3","221.9","222.1","221.1","215.7","214","214.4","218.7","218","221.3","219.3","220.1","220.6","221.5","222.5","221.8","223.7","224.6","224.1",
"인천광역시","남자","60세이상","취업자[천명]","천명","95.5","104.5","107.1","110.1","106.7","115.8","116.2","117","114.7","125.5","124.6","126","121.4","131.5","137.1","139","138.5","148","154.7","152","146.2","158.1","167.8","164.7","160.5","174.4","181","179.8","169.8","183.7","193.1","192.8","196.1","196.6","201","210.1","202.8","221.7","227.1","219.7","221.2",
"인천광역시","남자","15 - 64세","취업자[천명]","천명","829.4","834.3","845.1","846.1","827.8","847.7","838.6","833.6","840.4","847.4","839.4","844.8","829.6","839","835.6","835.5","824.3","823.4","816.7","809.2","806.2","817.9","817.8","832.8","829.6","838.5","845.1","833.5","828.8","842.6","848","838.5","836.1","838.7","848.2","849.6","844.3","846.8","850.6","847.4","847.6",
"인천광역시","남자","15 - 24세","취업자[천명]","천명","41.4","40.1","44.7","42.3","38.7","45.9","41","36.9","37.8","45.5","44.8","46.2","43.6","43.7","43.1","40.4","33","36.8","35.9","35","31","34.3","37.2","35.2","30.6","31.1","37.9","30.3","36","35.9","37","27","29.1","27.9","32.8","30.1","28.1","29.7","29.5","27.5","24.9",
"인천광역시","여자","계","취업자[천명]","천명","625.1","649.7","644.2","629.1","632.5","640.6","644.4","662.4","658.6","671.9","678.9","679.7","670.1","688.7","682.8","684.7","661.5","666.1","676.3","673.7","657.3","678.9","672.3","659.3","656.5","689","702.7","718.6","699.4","722.1","728.4","715.9","712","742.7","767.3","757.6","741.6","752.1","751.1","736.8","736.1",
"인천광역시","여자","15 - 29세","취업자[천명]","천명","116.8","123.6","125.5","117.9","119.9","122.6","126.7","133.6","131.5","126.4","134.2","131.4","134.7","132.9","128.7","131.8","122.9","117.1","121.4","115.1","116","124.1","121.5","121.8","122.9","130.4","133.1","131","122.5","124.6","123.7","116.3","108.6","117.2","123.2","118.3","110.8","110.1","107.9","102.8","101.8",
"인천광역시","여자","15 - 19세","취업자[천명]","천명","7","7.3","8.6","5.6","5.2","7.3","7.4","6.2","7.6","5.8","6.3","4.8","8.4","9.3","8.5","8.6","8.5","6.7","5.9","4","3.9","4.6","6.1","6.7","4.2","4.3","4.9","5.9","4.3","4.4","5.7","4.3","3.9","4.9","4.6","5.3","4.3","4.6","3.4","5.5","4.4",
"인천광역시","여자","20 - 29세","취업자[천명]","천명","109.8","116.3","116.9","112.3","114.7","115.4","119.3","127.4","123.8","120.7","127.9","126.6","126.3","123.6","120.2","123.2","114.5","110.5","115.5","111.1","112.1","119.5","115.4","115","118.7","126.1","128.1","125","118.2","120.2","118","112","104.8","112.3","118.6","113","106.5","105.5","104.5","97.3","97.4",
"인천광역시","여자","30 - 39세","취업자[천명]","천명","124.8","121.4","124.8","128.1","126.4","124.1","124.2","125.6","130.7","132.8","125.7","124.9","126.5","133.9","140.1","137.5","129.9","123.8","124.3","127.7","124.4","118.4","110.2","111.4","112.6","118.4","121.4","124","121.6","127.1","131.6","134.5","139.4","141.3","145","147.5","152.7","151.7","145.9","148.2","148.6",
"인천광역시","여자","40 - 49세","취업자[천명]","천명","168.1","171.1","166","159.4","164.3","159.4","155.9","158.5","157.1","160.1","161.3","162.1","155.8","152.8","151.3","152.1","153.4","153.3","155.2","158.1","154.7","150.3","155.5","149.8","147.5","151","151.1","158.5","154.8","158","151.8","153.8","148.8","152.7","159.3","157.7","158.1","158.2","160","159.6","156.1",
"인천광역시","여자","50 - 59세","취업자[천명]","천명","149.5","155.6","152.2","152.8","154.3","157.7","159.3","160.6","160.9","162.7","168.1","172.9","173","173.2","166.5","168.5","164.8","168.7","169.2","167.6","163.3","171.4","170.3","169","169.9","173.8","175.5","175.7","170.4","172.5","174.5","169.7","173.5","176.1","180.7","176.7","168.1","166.3","165.8","167.9","167.5",
"인천광역시","여자","60세이상","취업자[천명]","천명","66","78","75.7","71","67.6","76.8","78.3","84.3","78.4","89.8","89.7","88.3","80.2","96","96.2","94.8","90.5","103.2","106.1","105.2","99","114.7","114.8","107.3","103.7","115.4","121.6","129.4","130.1","139.9","146.9","141.6","141.6","155.4","159.1","157.4","151.9","165.9","171.5","158.3","162.2",
"인천광역시","여자","15 - 64세","취업자[천명]","천명","597.7","610.5","605.7","595.2","606.4","608","608.6","624.1","627.1","628.8","636.3","640","638.5","642.7","634.3","636.5","616.4","609.5","618.9","621.3","612.1","620.7","614","608.2","611.3","635.2","642.6","657.4","634.8","652.6","652.9","644.1","637.4","657.7","678.2","673.7","660.2","658.1","650.1","645.1","641",
"인천광역시","여자","15 - 24세","취업자[천명]","천명","59.6","65.2","64.5","55.6","52","58.5","59.3","62.7","64","60","61.2","53.5","56.2","58.9","56.8","61.1","57.6","52.9","54","51.3","50.8","56.8","55.7","52.6","53","56.2","54.4","51.2","47.3","47","46.6","44.3","37.2","43.8","45.8","43.3","36.5","36.1","36.1","37.4","35.1",
"광주광역시","계","계","취업자[천명]","천명","721","734.7","733.6","730.7","733.7","746.3","747.3","748.4","741.8","751.3","751","752.2","739","748.6","751.1","759.3","746.5","746.3","749.1","747.9","735.6","751.5","751.1","740.4","740","749","754.3","756.7","759.1","769.9","773.2","772.6","781.6","785.5","773.1","757.1","765","778.4","785.5","775.6","769.4",
"광주광역시","계","15 - 29세","취업자[천명]","천명","102.6","102.8","106.5","99.9","106.8","108.4","111.8","105.8","113.3","119.5","116.6","111.4","114.3","111","113.6","118","116.7","111.5","115.1","108.2","109.6","102.7","104.1","103.8","107.6","107.7","104.7","104.3","107.5","104.7","101.8","100.8","99.2","100.5","98.6","91.5","92.9","91.5","91.6","89.7","92.7",
"광주광역시","계","15 - 19세","취업자[천명]","천명","7","4.9","6.9","6.3","7.2","7.9","7.6","5.7","6.9","7.1","7.3","6.4","8.9","6.5","5.8","4.7","7.5","5.5","4.9","4.5","4.2","4.3","3.6","3.7","6.5","6.6","5","4.8","6.1","6.4","5.2","4.7","2.9","5.1","4.8","4.4","5.3","3.8","5.1","4.8","5.1",
"광주광역시","계","20 - 29세","취업자[천명]","천명","95.6","97.9","99.6","93.6","99.5","100.5","104.3","100.2","106.4","112.5","109.3","105","105.5","104.6","107.8","113.3","109.2","106","110.2","103.7","105.4","98.4","100.4","100.1","101.1","101.2","99.7","99.5","101.4","98.3","96.6","96.1","96.3","95.4","93.9","87.1","87.6","87.7","86.6","84.8","87.6",
"광주광역시","계","30 - 39세","취업자[천명]","천명","169.8","165.6","162.1","162.5","159.5","158.9","156.2","155.2","155","150.6","156","156.8","154.5","154.8","150.7","148.2","142.9","142.6","140.8","141.3","139.9","140","138.3","135.3","133.2","132","138","138.9","137.3","146.1","143.8","143.2","145.1","142.5","140.3","142.1","141.2","139.3","142.8","144.2","139.5",
"광주광역시","계","40 - 49세","취업자[천명]","천명","207.6","206.4","205.8","206","209.3","209.7","202.8","204.5","201","200.8","201.5","201.9","199.3","195.5","192.9","192.6","193","192.4","193","194.2","190.6","192.6","193.5","191.5","188.7","184.2","185","187.2","185.9","178.5","179.5","178.5","174.9","172.8","173.5","172.6","174.7","176.5","174.2","172.3","172.1",
"광주광역시","계","50 - 59세","취업자[천명]","천명","161","165.2","164","166.2","168.7","171","175.3","179.4","178.4","175.9","174.3","177.7","174.8","176.5","178.7","179.9","177.7","177.2","179.3","180.5","178.2","182.9","186.4","185","186.3","188.2","187.4","190.8","191.8","192.6","196.2","199.8","204.1","206","200.3","196.2","192.5","196","196.7","196.5","191.7",
"광주광역시","계","60세이상","취업자[천명]","천명","79.9","94.7","95.2","96.1","89.4","98.3","101.1","103.4","94.1","104.5","102.5","104.4","96.1","110.8","115.2","120.5","116.1","122.7","121","123.8","117.2","133.2","128.8","124.8","124.3","136.9","139.1","135.6","136.7","148.1","151.9","150.3","158.2","163.7","160.4","154.7","163.7","175.2","180.2","172.9","173.5",
"광주광역시","계","15 - 64세","취업자[천명]","천명","677.4","681.1","678.6","676.7","685.8","688.4","689.8","690.4","692.9","693.1","691.6","695.4","690.9","686","685.3","693.5","686.1","680.4","681.7","679","672.8","675.4","677.4","672.7","671.5","673.4","679.2","684.4","684.1","685.2","684.1","684.7","686.4","686.5","675.8","666.4","663.3","670.1","673.1","671.5","665.2",
"광주광역시","계","15 - 24세","취업자[천명]","천명","43.6","41.8","48.2","44.7","49.3","49.6","53.1","47.8","53.9","53.8","53.4","48","50.7","46.1","50","49.5","47.1","43.9","43.4","37.6","38.4","35.2","35.6","34.3","37.2","38.7","35.5","36.2","36.9","37.1","34","33.2","30.7","32.9","33","28.9","31.1","28.7","28.9","28.1","29.9",
"광주광역시","남자","계","취업자[천명]","천명","413.2","422.3","422.3","421","417.6","420.7","416.6","416.3","415.4","418.8","419.3","420.9","417.5","421.8","420","426.7","420.5","411.9","412.1","417.7","416.9","417.9","420.2","417.2","417.9","422.4","422.8","423.3","420.5","421.1","429","431.2","434.1","432.6","427.3","422.7","427.3","434","436","430.3","425.5",
"광주광역시","남자","15 - 29세","취업자[천명]","천명","48.3","51.2","51.6","48.1","51.8","52.6","50.5","48","50.3","52.8","53.2","51","50.1","51","51","52.9","50.6","48.3","49.3","48.1","51.4","45.7","48.1","48.7","49.6","49.4","47.7","45.4","47.4","44.9","48.1","49.8","46.8","45.4","47.6","48.1","50","49.6","48.9","47.5","48.7",
"광주광역시","남자","15 - 19세","취업자[천명]","천명","3.5","2.5","3.2","3.6","3.8","3.9","2.8","2.4","2.2","2","3.2","2.6","4","2.2","1.2","2.1","3.3","2.4","1.9","2","2.4","1.6","1.5","1.5","2.6","2.9","2.2","2.1","2.4","2.4","2.8","2.8","1.5","1.7","1.1","1.5","1.9","1.5","2.7","2.4","2.5",
"광주광역시","남자","20 - 29세","취업자[천명]","천명","44.8","48.8","48.3","44.6","48","48.7","47.7","45.7","48.1","50.8","50","48.4","46.1","48.9","49.8","50.8","47.3","45.8","47.5","46","49","44.1","46.6","47.2","47","46.5","45.5","43.3","45","42.4","45.3","46.9","45.3","43.7","46.5","46.6","48.1","48.2","46.2","45.1","46.2",
"광주광역시","남자","30 - 39세","취업자[천명]","천명","105.1","103.2","101.5","101.5","98.2","97.9","96.2","95.6","93.8","91.6","94.2","94.5","94.6","92.9","90.5","90.1","88.3","86.3","85.2","85.3","84.1","84.4","84.6","83.2","82.6","82.6","84.6","85.5","84.6","87.4","87","85.1","85.4","84.2","82.6","83.1","83","81.9","83.8","84.7","81.2",
"광주광역시","남자","40 - 49세","취업자[천명]","천명","119.7","118.3","119.8","121.5","121.5","119.8","116.9","117.2","115.2","116.1","116","117.5","115.9","114","112.9","111.3","112.3","110.1","109.5","110.9","109.5","109.9","110.6","110.6","109.1","107.5","107.8","107.6","107.3","102.6","103.6","103.4","103.3","101.2","99.1","97.6","100","102.5","101","98.2","98.6",
"광주광역시","남자","50 - 59세","취업자[천명]","천명","93.9","94.2","93.8","95.2","95.6","96.4","96.8","99.2","101.2","99.7","100.1","101.2","102.2","103.2","102.8","105.2","104.6","103","104.3","106.2","106.2","108.3","109.7","109.1","110.4","111.2","109.8","110.9","107.7","108.6","111.2","113.1","115.5","115.6","112.6","108.7","105.9","107.3","107.7","107.1","105.1",
"광주광역시","남자","60세이상","취업자[천명]","천명","46.3","55.3","55.6","54.6","50.6","53.9","56.2","56.3","54.9","58.6","55.7","56.7","54.8","60.7","62.8","67.2","64.8","64.2","63.8","67.3","65.8","69.6","67.2","65.7","66.2","71.8","72.9","73.9","73.6","77.6","79","79.8","83.2","86.3","85.3","85.2","88.3","92.7","94.6","92.8","92",
"광주광역시","남자","15 - 64세","취업자[천명]","천명","388.2","392.5","391.5","391.1","391","390.9","385.9","385.4","386.5","387.2","388.5","391.3","389.8","388.8","386.3","392","387.3","378.9","378.7","382.3","383.4","381.7","384.8","383.7","382.8","384.6","385.2","385.6","381.7","379.3","385.7","386.6","386.6","383.9","379","374.2","374.9","378.6","378.7","375.4","371.2",
"광주광역시","남자","15 - 24세","취업자[천명]","천명","19.7","19.5","21.3","19.7","21.9","23.8","22.6","20.2","20.9","19.4","19.4","18.3","18.4","17.7","18.7","20.1","19.3","17.9","17.4","15.6","18","14.6","15.3","15.3","15.3","17.4","15.5","14","14.4","13.7","15.1","14.7","13.1","11.3","12.9","12.4","14.9","14.8","14.9","13.9","13.8",
"광주광역시","여자","계","취업자[천명]","천명","307.7","312.4","311.3","309.7","316.1","325.6","330.7","332.1","326.4","332.4","331.7","331.2","321.5","326.8","331.1","332.6","325.9","334.5","337","330.2","318.7","333.6","331","323.2","322.1","326.6","331.5","333.4","338.6","348.8","344.3","341.4","347.5","352.9","345.8","334.4","337.7","344.4","349.5","345.3","343.9",
"광주광역시","여자","15 - 29세","취업자[천명]","천명","54.3","51.6","54.9","51.8","55","55.8","61.3","57.8","63","66.7","63.4","60.3","64.2","60","62.7","65.2","66.1","63.2","65.8","60.2","58.2","57","55.9","55.1","58","58.4","57.1","58.9","60.1","59.8","53.7","51","52.5","55.1","51.1","43.4","42.9","41.8","42.8","42.2","44.1",
"광주광역시","여자","15 - 19세","취업자[천명]","천명","3.5","2.5","3.7","2.8","3.4","3.9","4.7","3.3","4.8","5.1","4.1","3.7","4.8","4.3","4.7","2.7","4.2","3","3.1","2.5","1.8","2.7","2.1","2.2","3.9","3.7","2.8","2.8","3.7","3.9","2.4","1.9","1.4","3.4","3.7","2.9","3.4","2.3","2.4","2.4","2.6",
"광주광역시","여자","20 - 29세","취업자[천명]","천명","50.8","49.1","51.2","49","51.5","51.8","56.6","54.5","58.2","61.7","59.3","56.6","59.3","55.7","58","62.5","61.9","60.2","62.7","57.7","56.4","54.3","53.8","52.9","54.1","54.7","54.3","56.2","56.3","55.9","51.3","49.2","51","51.7","47.4","40.5","39.5","39.5","40.4","39.7","41.4",
"광주광역시","여자","30 - 39세","취업자[천명]","천명","64.7","62.4","60.6","61","61.3","61","60","59.6","61.2","59","61.8","62.4","59.9","61.9","60.2","58.1","54.6","56.3","55.6","56","55.8","55.6","53.8","52.1","50.6","49.4","53.4","53.4","52.7","58.7","56.8","58","59.7","58.4","57.6","59","58.2","57.5","58.9","59.5","58.3",
"광주광역시","여자","40 - 49세","취업자[천명]","천명","87.9","88.1","86.1","84.4","87.7","89.8","86","87.4","85.8","84.7","85.5","84.4","83.4","81.5","79.9","81.3","80.7","82.3","83.5","83.3","81.1","82.7","82.9","80.9","79.5","76.7","77.3","79.6","78.6","75.8","75.9","75","71.6","71.6","74.4","75","74.7","74","73.2","74.1","73.5",
"광주광역시","여자","50 - 59세","취업자[천명]","천명","67.1","70.9","70.1","71","73.1","74.6","78.6","80.2","77.1","76.2","74.2","76.5","72.6","73.3","75.9","74.7","73.2","74.1","75","74.3","72.1","74.6","76.7","75.9","75.9","77.1","77.6","79.8","84.1","84","85","86.7","88.6","90.4","87.7","87.5","86.6","88.7","89","89.4","86.6",
"광주광역시","여자","60세이상","취업자[천명]","천명","33.7","39.4","39.6","41.5","38.9","44.4","44.9","47.1","39.2","45.9","46.7","47.7","41.2","50.1","52.4","53.3","51.4","58.5","57.2","56.5","51.4","63.7","61.6","59.1","58.1","65.1","66.2","61.7","63.1","70.5","72.9","70.5","75","77.4","75.1","69.5","75.4","82.4","85.6","80.1","81.4",
"광주광역시","여자","15 - 64세","취업자[천명]","천명","289.2","288.6","287.1","285.6","294.8","297.5","303.8","305","306.3","305.9","303","304.1","301.1","297.2","299.1","301.5","298.8","301.5","302.9","296.7","289.4","293.7","292.6","288.9","288.7","288.9","294.1","298.8","302.5","305.9","298.4","298.1","299.8","302.6","296.8","292.3","288.4","291.4","294.4","296","294",
"광주광역시","여자","15 - 24세","취업자[천명]","천명","23.9","22.3","26.9","25","27.5","25.8","30.4","27.7","33","34.4","34","29.8","32.3","28.4","31.3","29.4","27.8","26","26","22","20.5","20.6","20.2","19","21.9","21.3","20","22.2","22.4","23.5","18.9","18.4","17.6","21.6","20.1","16.5","16.2","14","14","14.2","16.2",
"대전광역시","계","계","취업자[천명]","천명","764.3","777","775.8","778.1","760.1","766","762.3","766.5","759.5","759.5","756.7","758.4","753.8","763.6","785.3","784.8","775.6","773.4","783.9","788.1","758.6","787.2","797.1","795.6","783.3","788.9","797.4","804.6","794.2","799.7","797.5","796.6","785.7","797.8","787.5","785.2","796.5","815.6","820.2","811.1","797",
"대전광역시","계","15 - 29세","취업자[천명]","천명","130.2","130.3","136.2","137.5","134.1","129.7","128.2","124.1","121","116.6","121.5","120.1","121.2","120.7","131.6","129.3","133.9","133.9","137.5","134.8","129.6","132.2","132.8","136.9","137.2","135.6","141.2","137.8","132","125.7","120.1","119.7","119","120","120.6","115.9","120.1","122.6","122.3","113.1","107.2",
"대전광역시","계","15 - 19세","취업자[천명]","천명","6.7","7.3","8.2","7","5.9","5.4","4","3.9","4.8","3.5","5.6","7.9","6.8","4.5","5.6","5.8","6.8","4.6","7.3","4.7","4.9","6.8","8.1","6.6","5","5.6","6.8","5.5","6.3","4.9","5.2","4","5.8","4.9","6.7","4.5","6.7","5.2","4.9","3","4.6",
"대전광역시","계","20 - 29세","취업자[천명]","천명","123.5","123","128","130.5","128.2","124.3","124.2","120.2","116.2","113.2","115.8","112.2","114.5","116.3","126","123.5","127.1","129.3","130.2","130.1","124.7","125.4","124.7","130.3","132.2","129.9","134.5","132.2","125.7","120.8","114.9","115.7","113.2","115.2","113.9","111.4","113.3","117.3","117.4","110.1","102.7",
"대전광역시","계","30 - 39세","취업자[천명]","천명","168.2","165.1","160.6","160.4","159.4","161.2","160.1","160.2","160.8","159.3","155.8","155.5","155","155.5","156.8","157","154.3","153.8","151.8","154.3","148.9","151","154.5","153.9","153.6","150.8","152.1","158.1","158.6","156.6","162.5","161.7","160","161.2","159.6","163.1","165.4","170.6","171.1","172.6","169",
"대전광역시","계","40 - 49세","취업자[천명]","천명","205.3","205.2","206.4","206.5","203.3","202.6","201.1","205.1","205.3","206.4","201.2","199.1","196.5","193.6","193.6","191.1","184.1","178.9","180.5","184.4","181.5","183.2","181.9","180.8","176.6","175.6","176.1","177","177.2","178.4","177.4","179.2","173.6","173.4","168.6","166.1","164.2","164.5","161.7","161.9","163.8",
"대전광역시","계","50 - 59세","취업자[천명]","천명","176.4","183.1","176.6","176.5","173.1","171.8","173.2","177.1","174.9","171.6","172.5","177","176.6","179.8","182.4","182.2","181.5","181.5","183","180.5","174.1","181.5","185.8","186.8","182.2","182.8","180.7","182","177.8","182.4","178.9","182.2","183.9","185.9","182.7","180.4","180.9","183.7","189.3","188.5","187.1",
"대전광역시","계","60세이상","취업자[천명]","천명","84.2","93.4","96","97.2","90.3","100.8","99.6","100.1","97.4","105.6","105.7","106.7","104.5","114","121","125.2","121.8","125.3","131.1","134.2","124.6","139.4","142.2","137.3","133.6","144.1","147.2","149.8","148.6","156.6","158.6","153.8","149.2","157.3","156","159.7","165.9","174.1","175.8","175","169.9",
"대전광역시","계","15 - 64세","취업자[천명]","천명","723.4","729.5","729.4","729.7","718.4","715.9","711.9","717.3","714.2","705.9","702.9","705.2","704.8","706.3","725.4","724","718.3","708.7","715.5","717","695","712.3","721.5","725.5","716.7","712.7","719","726.9","714.7","715.3","711.1","713.5","704.2","712.4","701.7","696.1","702.7","712.7","714.7","704.3","691.8",
"대전광역시","계","15 - 24세","취업자[천명]","천명","56.2","55.9","59.1","59.3","56","53.3","50.6","46.5","47.4","46.2","49.3","46.1","42.7","45.3","51.2","46.5","48.7","47.7","54.6","52.1","52.8","55","56.5","51.4","52.7","50.4","51.5","48.5","46","40.9","35.6","35.9","35.6","36.6","37","33.1","39.6","41.6","38.4","35.3","34.8",
"대전광역시","남자","계","취업자[천명]","천명","435.2","441.2","443.7","441.6","434","443","441.8","434.4","430.5","433.7","428.5","429.9","432.4","436.6","447.3","448.5","440.9","441.3","444.7","445.4","432.4","444.1","451.9","456.9","449.3","454.5","457.8","456.7","448","450.6","448.8","447.7","441.9","449.7","442.3","441","442.7","446.4","447.4","447.3","441.1",
"대전광역시","남자","15 - 29세","취업자[천명]","천명","64.3","60.7","63.7","62.9","61.3","64.7","64.1","61.1","59.7","58.1","57.9","59.1","62.6","62.7","70.3","69.3","68","69.1","71","65.8","61.5","60.5","59.3","62.9","64.6","64","68.2","61.6","59.4","58","54.5","54","55.2","59.1","59.4","56","59.9","58.8","58.8","53.3","51.7",
"대전광역시","남자","15 - 19세","취업자[천명]","천명","3.9","3.5","3.7","2.8","2.1","1.4",".6","1.7","2.5","2.3","2.8","4.2","4","2.5","2.9","2.8","2.7","1.5","2.8","2.3","2.8","3.9","3.9","3.3","2.1","1.9","2.3","1.5","1.8","2.5","2.3","1.7","1.5","2","3.1","2","4","2.4","2.8","1.8","2.2",
"대전광역시","남자","20 - 29세","취업자[천명]","천명","60.4","57.2","60","60.1","59.2","63.3","63.4","59.4","57.2","55.8","55.2","54.9","58.6","60.2","67.4","66.5","65.3","67.6","68.2","63.6","58.7","56.6","55.4","59.6","62.5","62.1","65.9","60.1","57.6","55.5","52.2","52.3","53.7","57","56.3","54.1","55.9","56.4","56","51.5","49.4",
"대전광역시","남자","30 - 39세","취업자[천명]","천명","100.8","99.6","98.4","98.9","99.7","100.3","100.1","97.4","97.9","96.2","94.1","93.9","93.7","94.1","94.1","93.1","90.7","91.7","89.2","93","90","91.7","94","94.1","91.8","92.5","92.8","94.8","93.7","94.2","98.3","98.1","95.2","95.9","95.2","95.8","95.6","97.8","95.6","99.4","98.3",
"대전광역시","남자","40 - 49세","취업자[천명]","천명","120.7","119.6","119.3","117.2","116.2","116.5","116.7","116","115.7","116.8","114.9","112.8","112.8","112.4","111.7","110","107.7","104.5","104.9","105.8","105.7","107","107.5","106.3","104.1","104.2","104.9","106","106.1","104.3","101.5","102.2","100.1","98.5","95.6","94.7","94.4","94.3","93.8","94.3","93.7",
"대전광역시","남자","50 - 59세","취업자[천명]","천명","101.8","106.6","105.4","105.7","103.9","102.7","102.7","103.4","101.2","100.1","101.3","103.7","101.5","101.7","100.9","103.2","101.5","101.9","103.7","103.2","99.2","102.3","105.9","108.9","107","107.6","105.8","107.5","105.4","107","106.8","107","108.1","108.5","105.7","104.8","103.9","102.7","106.2","106.5","105.2",
"대전광역시","남자","60세이상","취업자[천명]","천명","47.7","54.7","57","56.9","52.9","58.9","58.2","56.5","55.9","62.6","60.4","60.4","61.9","65.7","70.2","72.8","73","74.1","75.9","77.5","76","82.7","85.3","84.6","81.7","86.3","86.1","86.9","83.4","86.9","87.8","86.3","83.3","87.7","86.4","89.7","89","92.8","93","93.8","92.2",
"대전광역시","남자","15 - 64세","취업자[천명]","천명","411.9","413.3","416.2","414","410.8","416.1","414.2","407.6","404.4","402","398.5","399.7","402.6","403.6","412.3","412.7","406.3","403.3","405.4","404.8","393.1","400.8","407","413.5","407.4","408","411.9","412","403.1","403.2","401.4","401.6","396.6","401.9","395.1","391.6","393.5","393.8","393.4","392.3","385.1",
"대전광역시","남자","15 - 24세","취업자[천명]","천명","23.5","21.1","23.1","21.6","19","20.9","19.9","18.8","19.3","19","17.4","17.8","18.5","19.3","22.4","22.8","20.1","18.8","22.4","20.4","22.5","24.5","23.3","18.5","18.4","18.5","19.6","16","17.4","16.7","12.6","13.2","15.1","16.2","16.2","16.6","20.5","17.2","15.4","14.8","16.7",
"대전광역시","여자","계","취업자[천명]","천명","329.1","335.8","332.1","336.4","326.2","323","320.5","332.1","329","325.9","328.1","328.4","321.4","327","338","336.3","334.7","332","339.2","342.8","326.2","343.1","345.3","338.7","334","334.3","339.6","347.9","346.2","349.1","348.7","348.9","343.8","348","345.2","344.2","353.9","369.2","372.8","363.8","355.9",
"대전광역시","여자","15 - 29세","취업자[천명]","천명","65.9","69.6","72.4","74.6","72.8","65","64.1","63","61.3","58.6","63.5","61.1","58.7","58","61.3","60","65.9","64.8","66.5","68.9","68.1","71.7","73.5","74","72.6","71.6","73","76.2","72.6","67.7","65.6","65.7","63.8","61","61.2","59.8","60.2","63.7","63.5","59.8","55.6",
"대전광역시","여자","15 - 19세","취업자[천명]","천명","2.8","3.8","4.5","4.2","3.8","4","3.3","2.2","2.3","1.2","2.9","3.7","2.8","2","2.7","3","4.1","3.2","4.5","2.4","2.1","2.8","4.2","3.3","2.9","3.8","4.5","4.1","4.5","2.4","2.9","2.3","4.3","2.8","3.6","2.5","2.8","2.8","2.1","1.2","2.4",
"대전광역시","여자","20 - 29세","취업자[천명]","천명","63.1","65.8","67.9","70.4","69.1","61","60.8","60.8","59","57.4","60.6","57.3","55.9","56","58.5","57.1","61.8","61.6","62","66.5","66","68.9","69.3","70.7","69.7","67.8","68.5","72.1","68.1","65.3","62.7","63.4","59.4","58.1","57.6","57.4","57.4","60.9","61.4","58.6","53.2",
"대전광역시","여자","30 - 39세","취업자[천명]","천명","67.4","65.5","62.2","61.5","59.7","60.9","60","62.8","62.9","63.1","61.8","61.6","61.2","61.4","62.7","63.9","63.6","62.1","62.6","61.3","58.8","59.3","60.4","59.8","61.8","58.3","59.3","63.3","64.9","62.4","64.2","63.6","64.7","65.2","64.3","67.3","69.9","72.9","75.5","73.1","70.7",
"대전광역시","여자","40 - 49세","취업자[천명]","천명","84.6","85.6","87.2","89.3","87.1","86.1","84.5","89.1","89.7","89.6","86.3","86.2","83.7","81.2","81.9","81","76.4","74.3","75.6","78.6","75.8","76.2","74.4","74.5","72.5","71.4","71.2","71.1","71.1","74.1","75.9","77","73.5","74.9","73","71.4","69.8","70.2","67.8","67.7","70.1",
"대전광역시","여자","50 - 59세","취업자[천명]","천명","74.6","76.5","71.3","70.7","69.2","69.1","70.5","73.7","73.7","71.5","71.2","73.3","75.1","78.1","81.4","79","80","79.5","79.4","77.3","74.8","79.2","79.9","77.8","75.2","75.2","74.9","74.5","72.3","75.3","72.1","75.1","75.9","77.3","77","75.6","77","81","83.1","82","81.8",
"대전광역시","여자","60세이상","취업자[천명]","천명","36.5","38.7","39","40.3","37.4","41.9","41.4","43.6","41.4","43","45.3","46.3","42.6","48.3","50.7","52.3","48.8","51.3","55.2","56.7","48.6","56.7","56.9","52.6","51.9","57.8","61.2","62.9","65.3","69.7","70.8","67.5","65.9","69.6","69.6","70","76.9","81.3","82.8","81.1","77.7",
"대전광역시","여자","15 - 64세","취업자[천명]","천명","311.5","316.2","313.2","315.7","307.6","299.8","297.7","309.7","309.7","304","304.4","305.5","302.2","302.7","313.1","311.2","312.1","305.4","310.1","312.2","301.9","311.5","314.4","312","309.3","304.7","307.1","314.9","311.6","312.1","309.6","311.9","307.6","310.6","306.7","304.4","309.2","318.9","321.4","312","306.7",
"대전광역시","여자","15 - 24세","취업자[천명]","천명","32.6","34.8","36","37.7","37","32.4","30.6","27.7","28.2","27.2","31.9","28.3","24.3","26.1","28.9","23.7","28.5","28.9","32.2","31.7","30.2","30.4","33.1","32.9","34.3","31.8","31.9","32.5","28.6","24.3","23","22.7","20.5","20.4","20.8","16.5","19.1","24.3","23","20.5","18.1",
"울산광역시","계","계","취업자[천명]","천명","565.4","575.1","579.6","582.5","576","587.1","583.1","587.7","579","576.5","569.7","571","558.3","573.5","576","577.3","564.2","555.4","562.8","558.8","548.5","552.3","558.4","559.7","550.6","568.8","572.4","571","564","574.4","572.7","574.9","560.3","577.6","575.6","575.3","569.2","582.5","579","569.1","574.2",
"울산광역시","계","15 - 29세","취업자[천명]","천명","82.3","82.1","83","81.7","85.1","86","83.5","84.3","87.4","79.4","77","76.6","73.3","73","75.1","74.7","72.3","65.2","67.1","66.7","64.4","59.5","63.7","66.4","66.7","69.1","67.3","68.2","67.1","67.7","66.5","61.8","59","65.8","63.8","63.8","64.5","67.8","66.8","63.1","60.2",
"울산광역시","계","15 - 19세","취업자[천명]","천명","4.6","4","4.7","3.8","4.8","4.2","4.3","3.6","3.7","2.6","3.1","2.8","2.8","2.9","3.5","2.4","3.3","2.7","3.1","1.9","2","2.2",".9","1.3","3.2","2.7","1","2.1","2","2","1.7","2.5","2","3.3","3.9","3.2","2.6","3.1","1.8","1.8","3.3",
"울산광역시","계","20 - 29세","취업자[천명]","천명","77.7","78.1","78.3","77.8","80.3","81.8","79.1","80.7","83.7","76.7","73.9","73.8","70.5","70.2","71.5","72.3","69","62.5","64.1","64.8","62.4","57.3","62.8","65.1","63.5","66.4","66.3","66.1","65.1","65.7","64.8","59.3","57","62.5","59.8","60.6","61.9","64.7","64.9","61.3","56.9",
"울산광역시","계","30 - 39세","취업자[천명]","천명","127.8","126.5","130.1","130.7","130","131.7","130.6","134.4","130.9","129.5","127","126.5","122","122.9","122.4","122.1","122.4","117.8","113.9","113.2","111.9","111","110","111.9","109.1","107.7","105.9","105.5","107","105.7","105.1","103.6","99.3","101.5","102.9","105.9","103.5","108.4","109.4","107.4","106.7",
"울산광역시","계","40 - 49세","취업자[천명]","천명","157.3","156.9","153.8","153.8","154.7","154.3","152.1","152.5","150.4","148.4","147.6","146.6","147.1","150.2","149.2","148.2","143.4","140.9","142.5","142.2","141.8","144","142.9","140.5","135.9","137.5","139.3","140.9","139.3","138.2","136.5","139.1","136.7","137.9","136.5","136.9","135.6","133.5","132.3","133","136.9",
"울산광역시","계","50 - 59세","취업자[천명]","천명","140.3","142.4","144.6","148.2","144.6","147.7","148","148.2","148.6","148.7","147.6","149.6","148.9","152.8","150.3","149.2","146.1","148","150.1","149.2","147.8","148.8","150.4","151","150.1","151.9","153.5","151.9","151.4","154.8","154.9","155.7","153.8","155.2","157.1","156.3","153.3","153.5","150.1","151.3","150.9",
"울산광역시","계","60세이상","취업자[천명]","천명","57.7","67.2","68.1","68.1","61.6","67.4","68.9","68.4","61.7","70.5","70.6","71.6","67.1","74.6","79","83","80","83.5","89","87.4","82.7","89.1","91.4","89.8","88.6","102.5","106.4","104.5","99.1","108","109.7","114.6","111.5","117.2","115.3","112.4","112.3","119.2","120.5","114.3","119.5",
"울산광역시","계","15 - 64세","취업자[천명]","천명","539","541.2","544.9","550.3","549.3","554.8","549.8","555.9","552.4","543.7","536.4","537.1","527.1","538","536.9","536.1","526.7","516.2","519.9","517","508","507.2","513.1","517.6","508.2","517.5","519.4","520.4","513.2","518.7","515.5","515.6","499.5","513.5","511.9","516.1","508.6","515.3","511.9","507.5","509.3",
"울산광역시","계","15 - 24세","취업자[천명]","천명","31.5","32.2","31.3","29.2","33.4","32.6","31.7","31.4","31.8","27.8","27.8","29.1","26","27","27.8","25.2","24.3","22.6","25.9","23.6","20.7","18.3","21.3","22.3","23.5","26","24.3","25.1","26.7","27.8","23.8","20.3","20.4","26.4","23.7","23.4","22.2","24.2","22.2","17","16.7",
"울산광역시","남자","계","취업자[천명]","천명","364.2","366.1","365.1","367.9","363.6","367.2","362","363.2","357.9","356.8","349.7","349.6","341.1","351.2","352.6","353.2","349.9","346.3","351.1","349.7","339","336.8","339.7","343.8","340.8","346.6","349.1","347.6","344.1","346.1","344.9","350.2","340.3","347.7","347.6","351.8","354.2","360.8","357.6","352.1","352",
"울산광역시","남자","15 - 29세","취업자[천명]","천명","43.7","42","42.2","43.5","47.2","47.6","43.4","42.4","44.7","41.5","41.1","38.6","38","37.2","38.6","38.1","38.3","33.9","35.6","36.1","33.9","31.5","33.5","36.2","38.3","38.8","38.1","38.8","38.4","36.8","36.7","35","32.1","36","35.6","35.3","38.4","40.7","40.4","37.8","35.2",
"울산광역시","남자","15 - 19세","취업자[천명]","천명","2.9","2.9","2.7","1.7","2","3","2.5","1.9","2.1","1.2",".9","1","1","1.4","1.4",".9","1.4","1.4","2",".9",".5","1.3",".5",".3","1.5","2.3",".6","1.2","1.2",".5",".6",".5",".5","1.1","1.1",".6",".7","1.5","1",".6","1.8",
"울산광역시","남자","20 - 29세","취업자[천명]","천명","40.8","39.1","39.5","41.8","45.2","44.6","40.9","40.5","42.6","40.3","40.2","37.7","37","35.8","37.3","37.2","36.9","32.6","33.6","35.2","33.4","30.2","32.9","35.9","36.8","36.5","37.4","37.7","37.2","36.3","36.1","34.5","31.6","35","34.5","34.7","37.7","39.1","39.3","37.2","33.4",
"울산광역시","남자","30 - 39세","취업자[천명]","천명","89.8","88.7","88.2","88.3","87.6","87.3","86.5","88.4","85.8","84.8","82.9","82.3","80.7","82.3","81.8","82.1","81.9","79.2","78","76.9","74.4","74.6","74","74.8","72.4","71.4","70.5","68.7","69.3","69.7","68.6","68.8","67.8","67.3","67.6","70.8","69.3","70.8","70.3","70","69.3",
"울산광역시","남자","40 - 49세","취업자[천명]","천명","99","99.2","96.9","96","95.4","94.6","93.9","93.8","94","92.5","91.2","92.6","90.7","92.2","91.2","92.6","91.9","89.9","91.4","90.7","88.8","88.9","87.9","87.8","86.7","85.3","84.8","85.1","85.5","85.4","85.5","86.7","85.8","85.9","87","86.6","86.7","85.2","85.7","85.6","86.8",
"울산광역시","남자","50 - 59세","취업자[천명]","천명","92.5","93.2","93.5","94.4","90.9","93.6","94.6","95.3","94.5","94.2","92","92.3","91.8","94.1","93.7","92.7","91.5","94.2","94.7","94.9","93.3","91.6","93","93.2","92.4","92.7","93.8","92.9","92","93.2","91.7","91.5","89.7","90.8","91.2","91.8","92.4","93.1","90.9","91.2","90.4",
"울산광역시","남자","60세이상","취업자[천명]","천명","39.2","43","44.3","45.7","42.6","44.2","43.6","43.2","38.9","43.8","42.5","43.7","39.9","45.5","47.2","47.8","46.4","49","51.3","51.1","48.7","50.1","51.3","51.9","51","58.4","61.8","62.1","58.8","61","62.3","68.1","64.9","67.7","66.2","67.3","67.5","71.1","70.3","67.6","70.3",
"울산광역시","남자","15 - 64세","취업자[천명]","천명","345.5","344.5","342.5","345.8","344.1","345.3","340.1","342.5","340.4","336.6","330.3","330.1","323.3","330.5","330.6","330.7","328.9","324.3","327.9","327.1","316.5","313.2","316.2","321.4","319.1","321.5","321.4","320.6","316.5","317.3","315.7","317.2","308","314","314.1","319.2","319.9","323.4","321.1","317.8","316.4",
"울산광역시","남자","15 - 24세","취업자[천명]","천명","12.1","12.3","11.2","12","15.8","15.7","14.7","13","12.7","11.4","12.7","12.2","11.2","11.5","12.6","11.2","12.4","11.4","13.2","12.5","9.2","8.5","10.1","11.3","12.7","13.6","12.7","12.5","14","13.4","11.5","10.9","9.3","11.4","9.2","9.6","10.3","12.3","11.9","8","7.7",
"울산광역시","여자","계","취업자[천명]","천명","201.3","209","214.5","214.6","212.3","219.9","221.1","224.5","221.1","219.7","220","221.4","217.2","222.2","223.4","224","214.3","209.1","211.7","209.1","209.5","215.5","218.7","215.8","209.7","222.2","223.3","223.4","219.9","228.2","227.8","224.7","220","229.9","228","223.5","215","221.7","221.5","217","222.2",
"울산광역시","여자","15 - 29세","취업자[천명]","천명","38.6","40.1","40.8","38.1","37.9","38.4","40.1","41.9","42.7","37.9","35.9","37.9","35.2","35.8","36.4","36.6","34.1","31.3","31.5","30.7","30.5","28","30.3","30.2","28.4","30.3","29.2","29.4","28.7","30.9","29.8","26.8","27","29.7","28.2","28.5","26.2","27.2","26.4","25.4","25",
"울산광역시","여자","15 - 19세","취업자[천명]","천명","1.7","1.1","2","2.1","2.7","1.2","1.8","1.7","1.6","1.4","2.2","1.8","1.7","1.5","2.2","1.5","2","1.3","1.1","1.1","1.5",".9",".3","1","1.7",".4",".4","1",".8","1.5","1.1","2","1.5","2.3","2.9","2.6","1.9","1.6",".8","1.3","1.4",
"울산광역시","여자","20 - 29세","취업자[천명]","천명","36.9","38.9","38.8","36","35.1","37.2","38.2","40.2","41.1","36.5","33.7","36.1","33.5","34.4","34.2","35.1","32.1","29.9","30.5","29.6","29","27.1","29.9","29.2","26.7","29.9","28.8","28.4","28","29.4","28.7","24.8","25.5","27.5","25.3","25.9","24.3","25.6","25.6","24.1","23.6",
"울산광역시","여자","30 - 39세","취업자[천명]","천명","38","37.8","41.9","42.4","42.4","44.4","44.1","46","45","44.6","44.1","44.2","41.3","40.6","40.6","40","40.4","38.6","35.9","36.3","37.5","36.4","35.9","37.2","36.8","36.3","35.4","36.8","37.7","35.9","36.4","34.8","31.5","34.2","35.3","35.2","34.3","37.6","39.1","37.4","37.4",
"울산광역시","여자","40 - 49세","취업자[천명]","천명","58.4","57.7","56.8","57.8","59.3","59.8","58.2","58.7","56.4","55.9","56.4","54.1","56.4","58.1","58","55.7","51.5","51","51.1","51.5","53","55","55","52.7","49.2","52.2","54.5","55.8","53.8","52.8","50.9","52.4","50.9","52","49.6","50.3","48.9","48.3","46.6","47.3","50.1",
"울산광역시","여자","50 - 59세","취업자[천명]","천명","47.8","49.2","51.1","53.8","53.8","54.1","53.4","52.8","54.2","54.5","55.6","57.3","57.1","58.7","56.6","56.5","54.7","53.7","55.5","54.3","54.5","57.1","57.4","57.9","57.7","59.3","59.7","59","59.4","61.6","63.2","64.2","64.1","64.5","65.9","64.6","60.9","60.4","59.2","60.1","60.4",
"울산광역시","여자","60세이상","취업자[천명]","천명","18.5","24.1","23.8","22.4","19","23.2","25.4","25.2","22.8","26.7","28","27.9","27.2","29.1","31.8","35.2","33.5","34.5","37.7","36.4","34","39","40.1","37.9","37.6","44.1","44.6","42.5","40.3","47","47.5","46.5","46.6","49.5","49.2","45.1","44.8","48.1","50.2","46.7","49.2",
"울산광역시","여자","15 - 64세","취업자[천명]","천명","193.5","196.8","202.3","204.5","205.2","209.5","209.7","213.4","212","207.1","206","207","203.8","207.5","206.3","205.4","197.8","191.8","192","190","191.5","194","196.9","196.2","189.2","195.9","198","199.8","196.7","201.4","199.8","198.4","191.5","199.5","197.7","196.9","188.6","191.9","190.9","189.7","192.9",
"울산광역시","여자","15 - 24세","취업자[천명]","천명","19.4","19.8","20.1","17.2","17.5","16.8","17","18.5","19","16.4","15.1","16.9","14.8","15.5","15.2","14","11.9","11.3","12.7","11.1","11.6","9.8","11.3","10.9","10.7","12.3","11.6","12.6","12.7","14.4","12.3","9.4","11.1","15","14.4","13.8","11.9","11.9","10.3","8.9","9",
"세종특별자치시","계","계","취업자[천명]","천명","","","","","120.7","129.6","132.6","134","136.3","147.3","152.8","157","159.1","166.9","171.2","173.4","172.2","179.6","185","182","180.4","187.9","188.9","184.6","186.5","199.3","201.4","202.1","202.7","211.6","210.9","207.2","204.6","211.4","212.3","213.4","207.8","213.9","212.1","211.3","211.8",
"세종특별자치시","계","15 - 29세","취업자[천명]","천명","","","","","17.4","18.2","18.6","18.1","19.1","20.9","21.8","20.7","20.1","20.7","22.1","21","21.2","22.1","25.6","22.4","23.7","23.4","22.5","19.4","20.4","22.8","23.2","22","22.1","23.1","21.6","21.4","22.7","23.7","24.1","24.2","22.6","22.5","21.8","21.1","20.4",
"세종특별자치시","계","15 - 19세","취업자[천명]","천명","","","","","1.6","1.3","1.5","1.1","1","1.1","1.1",".6",".7",".9",".8",".9","1","1.2",".7",".4","1.1","1.3","1.3",".7","1.1",".9","1",".8",".9",".8",".5",".4","1.3","2","1.3","1",".6","1.2","1.1",".8","1.4",
"세종특별자치시","계","20 - 29세","취업자[천명]","천명","","","","","15.8","16.9","17.2","17","18.1","19.7","20.7","20.1","19.4","19.8","21.2","20.1","20.2","20.9","25","22","22.6","22.2","21.2","18.7","19.3","21.9","22.2","21.1","21.2","22.3","21.2","21.1","21.4","21.6","22.8","23.2","22","21.4","20.7","20.3","19.1",
"세종특별자치시","계","30 - 39세","취업자[천명]","천명","","","","","34.6","35.4","36.4","37.6","39.2","40.7","42.2","44.6","45.4","45.8","46.7","47.7","49.4","50.9","49.8","49.8","48.5","48.1","48","46.9","47.5","48.3","49.2","50.2","50.1","51.4","50.8","50.1","49.5","49.5","49.5","50.4","50.5","50.8","50","50.1","50.7",
"세종특별자치시","계","40 - 49세","취업자[천명]","천명","","","","","35.4","37.2","38.4","39.1","40.2","43","45","46.8","48","49.8","50.4","52.5","53","54","55.1","55.7","56.8","56.8","57.3","57.9","58.7","61.1","61.6","61.7","62.3","63.6","63.2","62.6","62.3","62.9","61.9","61.9","60.1","59.5","60.3","61.2","62.3",
"세종특별자치시","계","50 - 59세","취업자[천명]","천명","","","","","20.7","23","23.2","23.5","24.1","26.3","27.6","29","30.2","31.7","32.4","32.7","31.6","31.8","32.6","33.5","33.7","35.7","36.5","36","37","39.2","39.7","40.9","40.9","41.2","42.6","43.5","44.1","44.6","45.2","45.7","45.8","47.3","46.8","46.7","46.6",
"세종특별자치시","계","60세이상","취업자[천명]","천명","","","","","12.6","15.8","15.9","15.6","13.8","16.5","16.2","15.8","15.5","18.9","19.7","19.5","17","20.7","21.9","20.6","17.6","23.9","24.6","24.3","23","27.8","27.7","27.3","27.3","32.2","32.7","29.5","26","30.6","31.7","31.3","28.8","33.6","33.2","32.1","31.7",
"세종특별자치시","계","15 - 64세","취업자[천명]","천명","","","","","114.5","120.3","123.1","125.1","129.1","137.7","143.2","147.9","150.4","155.7","159.6","162.2","163.3","167.8","172.1","170.4","170.6","173.7","174.9","171.6","174.9","183.9","186","187.2","188","193.2","192.3","190.5","190","193","193.4","195.1","191.4","193.4","191.5","192","193.1",
"세종특별자치시","계","15 - 24세","취업자[천명]","천명","","","","","6.8","6.4","7","6.7","6.5","8","8.2","6.9","6.3","6.3","8.4","7","5.8","6.2","8.2","5.3","6.6","6.6","5.9","4.8","6.6","8.4","8.6","6.5","6.5","7.4","5.7","5.1","6.7","8.6","8.8","9","7.3","7.1","7.1","6.8","7.1",
"세종특별자치시","남자","계","취업자[천명]","천명","","","","","73.3","76.9","78.3","80.3","82.1","88.1","91.4","92","94","98.3","100.4","100.9","100.4","105.3","108.9","107.4","106","111","111.3","108.7","109.7","117.5","118.9","118.9","119","121.9","120.9","119.9","118.3","119.9","120.6","121.1","118.3","119","116.7","116.1","116.4",
"세종특별자치시","남자","15 - 29세","취업자[천명]","천명","","","","","8.8","8.6","8.7","8.9","9.4","11.4","11.9","9.9","10.1","10.1","10.6","9.7","10.7","11","12.5","10.5","10.2","10.6","10.3","8.1","9.9","12.4","12.4","11.3","10.7","10.9","9.9","10.5","11.2","10.9","11.6","11.6","11.2","10.5","9.9","9","7.7",
"세종특별자치시","남자","15 - 19세","취업자[천명]","천명","","","","",".5",".5",".7",".7",".6",".7",".5",".2",".1",".1",".1",".1",".3",".6",".2",".1",".7",".6",".7",".2",".5",".4",".5",".3",".2",".1",".1",".1",".3",".4",".2",".3",".2",".4",".1",".1",".2",
"세종특별자치시","남자","20 - 29세","취업자[천명]","천명","","","","","8.2","8.1","8","8.2","8.8","10.7","11.4","9.7","10","10","10.4","9.6","10.4","10.4","12.3","10.4","9.6","10","9.5","7.9","9.4","12","11.9","11","10.5","10.8","9.8","10.5","10.9","10.4","11.4","11.2","11","10.1","9.8","8.9","7.6",
"세종특별자치시","남자","30 - 39세","취업자[천명]","천명","","","","","21.8","22.2","22.6","23.1","24.1","25.2","26.2","27.5","28.3","28.9","28.9","29.2","28.9","29.8","29.8","30","29.5","29.8","29.5","28.9","28.6","28.6","28.9","29.4","29.9","30.2","29.4","29.5","29.1","28.4","27.8","28.1","28.2","28.1","26.9","27.2","28.2",
"세종특별자치시","남자","40 - 49세","취업자[천명]","천명","","","","","22.3","23.1","24.1","24.8","25.8","26.7","27.6","28.3","28.8","30.2","31.3","32.2","32.5","33.2","33.6","34.1","34.4","33.5","33.8","34.3","34.3","35.2","35.9","36.4","36.3","36.4","36.6","36.4","36.3","36.1","35.8","35.9","35.5","34.5","34.5","35","35.4",
"세종특별자치시","남자","50 - 59세","취업자[천명]","천명","","","","","13","14.2","14.3","14.9","14.7","15.6","16.6","17.4","17.8","18.4","18.9","19.1","19","19.6","19.9","20","20.6","22","22.2","22.5","22.8","24.1","24.5","25","25.6","25.7","26.2","26","26","26.4","26.8","27","26.7","27.3","27.3","26.8","27",
"세종특별자치시","남자","60세이상","취업자[천명]","천명","","","","","7.4","8.7","8.6","8.6","8","9.2","9","8.8","9.1","10.6","10.7","10.6","9.3","11.7","13.1","12.9","11.2","15","15.6","14.9","14.2","17.3","17.2","16.9","16.5","18.7","18.7","17.4","15.8","18.2","18.6","18.5","16.7","18.6","18.2","18.2","18",
"세종특별자치시","남자","15 - 64세","취업자[천명]","천명","","","","","69.5","71.6","73.1","75.4","78.1","82.9","86.2","87.1","89.2","92.4","94.8","95.6","96.1","99","101.3","100.1","100","102.6","102.7","100.9","102.3","108","109.5","110","110.4","111.7","110.7","110.6","109.8","109.4","109.7","110.6","109.2","107.8","105.4","105.1","105.2",
"세종특별자치시","남자","15 - 24세","취업자[천명]","천명","","","","","3.3","2.9","3","3.2","3.1","4.6","4.9","3.5","3.5","2.9","3.3","2.9","2.3","2.3","3.9","1.5","2","2.1","2.4","2.3","4.4","5.1","4.9","3.7","3.3","3","1.8","2.3","2.7","3","3.9","3.8","3.4","2.6","1.9","1.5","1.3",
"세종특별자치시","여자","계","취업자[천명]","천명","","","","","47.4","52.7","54.2","53.7","54.2","59.3","61.4","65","65.1","68.6","70.8","72.5","71.8","74.2","76.2","74.5","74.4","76.9","77.7","75.9","76.8","81.7","82.5","83.1","83.7","89.7","90","87.3","86.3","91.5","91.8","92.3","89.4","94.9","95.4","95.2","95.4",
"세종특별자치시","여자","15 - 29세","취업자[천명]","천명","","","","","8.6","9.6","9.9","9.2","9.8","9.5","9.9","10.8","10","10.6","11.5","11.3","10.5","11.1","13.1","11.9","13.5","12.8","12.2","11.3","10.5","10.4","10.8","10.7","11.4","12.3","11.7","10.9","11.5","12.8","12.5","12.6","11.3","12","12","12.1","12.7",
"세종특별자치시","여자","15 - 19세","취업자[천명]","천명","","","","","1",".8",".8",".4",".4",".4",".6",".4",".6",".8",".7",".8",".7",".6",".4",".3",".4",".7",".6",".5",".6",".5",".5",".6",".7",".8",".4",".3","1.1","1.6","1.1",".6",".3",".8","1",".7","1.2",
"세종특별자치시","여자","20 - 29세","취업자[천명]","천명","","","","","7.6","8.8","9.1","8.8","9.4","9","9.3","10.4","9.4","9.8","10.8","10.5","9.8","10.5","12.7","11.6","13","12.1","11.7","10.8","9.9","9.9","10.2","10.1","10.7","11.5","11.3","10.6","10.5","11.2","11.4","12","11","11.2","10.9","11.4","11.5",
"세종특별자치시","여자","30 - 39세","취업자[천명]","천명","","","","","12.8","13.2","13.9","14.5","15","15.5","15.9","17","17","16.9","17.8","18.5","20.5","21.1","20","19.9","18.9","18.2","18.5","18.1","18.8","19.8","20.3","20.9","20.2","21.2","21.4","20.6","20.4","21.2","21.7","22.3","22.3","22.8","23.2","22.9","22.5",
"세종특별자치시","여자","40 - 49세","취업자[천명]","천명","","","","","13.2","14","14.3","14.3","14.3","16.3","17.4","18.5","19.2","19.5","19.1","20.3","20.5","20.8","21.5","21.5","22.4","23.3","23.5","23.6","24.4","26","25.8","25.3","26","27.3","26.6","26.2","26.1","26.8","26","26","24.6","25.1","25.8","26.2","26.9",
"세종특별자치시","여자","50 - 59세","취업자[천명]","천명","","","","","7.6","8.7","8.9","8.6","9.4","10.7","11","11.6","12.4","13.3","13.4","13.6","12.6","12.2","12.7","13.5","13.2","13.7","14.4","13.5","14.3","15.1","15.2","15.8","15.3","15.5","16.4","17.5","18.1","18.2","18.4","18.7","19.1","20.1","19.6","19.9","19.6",
"세종특별자치시","여자","60세이상","취업자[천명]","천명","","","","","5.2","7.1","7.3","7","5.7","7.3","7.2","7","6.4","8.3","9","8.8","7.7","8.9","8.9","7.7","6.4","8.9","9","9.4","8.8","10.6","10.5","10.5","10.8","13.5","13.9","12.1","10.2","12.4","13.1","12.8","12.1","15","14.9","14","13.7",
"세종특별자치시","여자","15 - 64세","취업자[천명]","천명","","","","","45","48.7","50.1","49.7","51.1","54.8","56.9","60.8","61.2","63.2","64.8","66.6","67.1","68.8","70.8","70.3","70.6","71.2","72.1","70.6","72.6","75.9","76.5","77.2","77.6","81.5","81.6","79.9","80.2","83.6","83.7","84.5","82.2","85.6","86.1","87","87.8",
"세종특별자치시","여자","15 - 24세","취업자[천명]","천명","","","","","3.5","3.5","3.9","3.4","3.4","3.4","3.3","3.4","2.8","3.4","5.1","4.1","3.5","3.9","4.3","3.8","4.6","4.5","3.5","2.5","2.2","3.3","3.8","2.9","3.1","4.3","3.9","2.8","4","5.6","4.9","5.2","4","4.5","5.2","5.3","5.8",
"경기도","계","계","취업자[천명]","천명","6337.2","6523.8","6592.1","6562","6511.4","6685.2","6763.4","6777.8","6669.9","6825","6836.5","6829.1","6771.8","6992.6","6999.4","7043.1","6913.1","6910.9","6903.5","6906.4","6850.2","7153.5","7254.7","7339.4","7392.7","7697.7","7693.6","7605.6","7476.1","7694.3","7727.1","7715","7558.4","7787.3","7822.9","7760","7684.2","7880.6","7819.8","7767.4","7697.1",
"경기도","계","15 - 29세","취업자[천명]","천명","997.8","1028.9","1027.5","1002.9","997.2","1040.9","1070.4","1041.8","1041.3","1050.9","1061.2","1042.1","1029.5","1054","1061.8","1081.9","1036.1","1007.5","996.6","972.2","987.4","1052.1","1102.9","1102.2","1141.9","1185.2","1154.7","1118","1117.3","1135.8","1124.8","1118.3","1096.4","1116.8","1093.4","1044.9","1025.2","1039","1001.8","970","966.8",
"경기도","계","15 - 19세","취업자[천명]","천명","76.7","73.5","73.2","65.2","77","86.1","89.9","66.6","78.1","67.5","73.6","59.3","67.5","70.2","58.7","57.4","58.2","52.7","55.9","42.5","41.8","61.5","56.2","54.5","70.7","63.2","60.6","47.3","67.6","57.8","51.4","47.7","52.3","50.4","46.9","34","34.3","40.7","45.5","49.9","53.8",
"경기도","계","20 - 29세","취업자[천명]","천명","921.2","955.4","954.3","937.7","920.2","954.8","980.5","975.2","963.2","983.4","987.6","982.8","962","983.8","1003","1024.5","977.9","954.8","940.8","929.7","945.6","990.5","1046.7","1047.7","1071.2","1122","1094.1","1070.7","1049.7","1078.1","1073.4","1070.6","1044.1","1066.4","1046.5","1010.9","990.9","998.3","956.3","920.1","913",
"경기도","계","30 - 39세","취업자[천명]","천명","1488.5","1501.2","1510","1506.5","1498.3","1482","1482","1500.1","1506.7","1523","1510.9","1510","1498.9","1524","1500.9","1529.4","1536.5","1524.1","1474.4","1494.7","1486.4","1521.6","1493.7","1515.1","1540.2","1543.1","1550","1537.8","1534.7","1533.4","1547.3","1571","1557.9","1574.6","1584.4","1605.4","1605.4","1616.1","1606.5","1599.8","1599.7",
"경기도","계","40 - 49세","취업자[천명]","천명","1805.7","1812.9","1829.4","1816.8","1817.2","1823.3","1842.1","1845.2","1801.3","1799.2","1788.7","1776.7","1774.4","1775.5","1774.7","1767.6","1751.5","1714.1","1714.9","1721.6","1747.3","1757.3","1768.9","1782.1","1800.9","1838.9","1825.9","1788.1","1759.7","1783.6","1781.7","1783.4","1769.2","1786.7","1793.1","1787","1774","1799.4","1766.8","1776.8","1769",
"경기도","계","50 - 59세","취업자[천명]","천명","1411.1","1457.8","1484.5","1506.7","1514.1","1569.7","1572.5","1603.7","1585.5","1618.7","1614.2","1632.7","1626.9","1680.2","1672","1687.6","1651.1","1630.4","1623.2","1637.3","1621.2","1678.7","1707.5","1746.2","1757.5","1801.7","1802.5","1814.5","1802.5","1841.8","1844.1","1828.7","1815.5","1835.7","1832.2","1825.5","1834","1851","1858.1","1847.7","1850.4",
"경기도","계","60세이상","취업자[천명]","천명","634","723","740.8","729.1","684.5","769.4","796.4","787","735.1","833.1","861.4","867.5","842.1","958.8","990","976.8","937.8","1034.9","1094.4","1080.5","1007.9","1143.8","1181.8","1193.7","1152.2","1328.8","1360.5","1347.3","1261.9","1399.6","1429.3","1413.6","1319.4","1473.6","1519.9","1497.2","1445.6","1575.2","1586.6","1573.1","1511.2",
"경기도","계","15 - 64세","취업자[천명]","천명","6047.1","6168.6","6236.7","6231.8","6216.4","6321.8","6382.9","6424.1","6357.2","6439.3","6433.2","6436.1","6393.4","6540.7","6530.9","6578.9","6488.7","6427.8","6374.7","6388.8","6379","6595.4","6663.5","6744.2","6839.8","7019.5","6990.9","6920.1","6854.8","6974.6","6993","6995.4","6897.4","6989.1","7004.3","6970.4","6930","7019.1","6941.9","6892.1","6848.8",
"경기도","계","15 - 24세","취업자[천명]","천명","413.7","429.8","426.2","409.5","420.5","437.4","458.7","423.4","425.5","412.2","400.5","382.7","388.5","389","395.4","402.1","381","349.7","350.9","326.4","338.3","393.5","403.4","396.9","433.8","444","419.5","393.5","407.1","415.2","411.3","407.8","387.7","403.1","396.9","362.3","348.7","357.2","347.4","330.5","325.1",
"경기도","남자","계","취업자[천명]","천명","3724.1","3841.3","3876.7","3861.8","3830.4","3935","3973.6","3968.7","3926.5","4004.2","4008.3","4015.5","3978.6","4072.5","4068","4109.5","4057.8","4074","4080","4087.8","4054.8","4195","4256.2","4288.4","4320.5","4470","4466.7","4416.7","4330.9","4413","4411.1","4392.6","4315.2","4420.9","4434.8","4390.4","4340.3","4442.5","4409.4","4372.4","4335.9",
"경기도","남자","15 - 29세","취업자[천명]","천명","471.2","509.6","503.4","484.3","475.2","500.4","523.6","518.4","504.1","497.4","505.1","499.7","501.8","528.1","525.2","547.4","527.8","510.5","492.4","483.3","477.1","515.3","525.4","510.9","527.8","559.5","554.8","533.1","526","532.6","531.9","524.2","517.3","540.9","510.2","481","473","491.5","471.3","464.3","454",
"경기도","남자","15 - 19세","취업자[천명]","천명","32.3","36.3","32.5","30.2","37.8","39.8","40.8","30.5","30.1","24","28.3","22.5","31.3","38.4","28.3","31.1","30.7","28.3","24.4","17.4","14.6","24.4","21.8","15.8","22.1","22","20.8","16.4","21.6","19","19.6","15.7","16.7","21.2","17.9","9.9","12.4","17.1","16.8","17.8","17.3",
"경기도","남자","20 - 29세","취업자[천명]","천명","438.9","473.2","470.9","454.1","437.3","460.6","482.8","487.9","474","473.4","476.7","477.2","470.6","489.7","496.9","516.3","497.1","482.2","468","465.8","462.4","491","503.7","495.1","505.6","537.5","533.9","516.7","504.4","513.6","512.3","508.5","500.6","519.7","492.3","471.1","460.6","474.4","454.5","446.6","436.7",
"경기도","남자","30 - 39세","취업자[천명]","천명","938.7","941.3","951.4","949.6","944","935.6","939.3","947.7","942.4","946.7","949.1","957.8","948.4","948.9","935.6","951.7","955.1","945.6","926.3","927.3","932.6","950","940.4","947.1","953.7","960.9","951.1","942.8","926.5","920.7","915.7","916.7","905.7","911.8","917.5","918.8","918.8","918.6","918.9","907.5","910.7",
"경기도","남자","40 - 49세","취업자[천명]","천명","1075.4","1078.9","1091.3","1089.6","1089.7","1104.3","1101.9","1091.5","1089.5","1092.7","1082.9","1087.2","1080.8","1066.1","1063.6","1068.6","1066.9","1053","1053.6","1056.6","1076.3","1066.4","1083.7","1084.1","1100.2","1096.7","1095.9","1087.2","1072.4","1074.5","1061.2","1056.8","1059.5","1058.9","1075.9","1068.6","1055.7","1066.7","1051.1","1051.3","1045.2",
"경기도","남자","50 - 59세","취업자[천명]","천명","847.2","876.4","890.5","906.4","906.1","929.8","933.5","941.3","932.7","952.3","944.2","944.2","939.3","958.2","958.4","974.9","961.2","956.1","962.4","977.1","969.1","993.6","1005.5","1023.6","1030","1048","1037.7","1030.4","1026.6","1045.2","1043.1","1039.8","1032","1044.8","1047.4","1042.1","1043","1057.4","1055.6","1049.8","1049.1",
"경기도","남자","60세이상","취업자[천명]","천명","391.6","435.1","440","431.9","415.4","465","475.3","469.7","457.8","515.1","527.1","526.6","508.2","571.2","585.2","566.9","546.9","608.7","645.3","643.6","599.8","669.7","701.2","722.7","708.8","804.9","827.3","823.3","779.4","839.9","859.3","855.2","800.7","864.5","883.8","880","849.8","908.4","912.4","899.4","876.9",
"경기도","남자","15 - 64세","취업자[천명]","천명","3543.2","3624.8","3662.9","3667.2","3650.5","3717.3","3749.7","3756.3","3729.3","3769.1","3763.6","3779.5","3754","3804","3790.3","3842.5","3805.8","3777.8","3766.8","3780.5","3772.1","3874.2","3909.8","3933.5","3971.8","4057.4","4036.3","3990.9","3933.8","3977.8","3963.4","3949.7","3908","3950","3952.6","3918.5","3890.3","3937.4","3897.9","3866.3","3835.5",
"경기도","남자","15 - 24세","취업자[천명]","천명","153.2","183.8","176.8","172.6","177","188","203.3","184.9","177.4","165.8","158","152.9","160.7","170.1","168.7","180.1","173.5","158.1","147.2","134","131.6","156.8","150.3","141.8","164.6","171.6","166.4","152.3","158.5","163.7","161.1","156","146","159.9","148.5","128","122.6","135.2","138","132.6","127.2",
"경기도","여자","계","취업자[천명]","천명","2613.1","2682.5","2715.4","2700.2","2681","2750.2","2789.8","2809.1","2743.3","2820.8","2828.2","2813.6","2793.2","2920.1","2931.4","2933.6","2855.3","2836.9","2823.5","2818.6","2795.5","2958.5","2998.5","3051","3072.2","3227.7","3226.9","3188.9","3145.2","3281.3","3315.9","3322.4","3243.2","3366.5","3388.2","3369.5","3343.9","3438.1","3410.4","3395.1","3361.2",
"경기도","여자","15 - 29세","취업자[천명]","천명","526.6","519.4","524","518.6","522","540.5","546.8","523.4","537.2","553.6","556.1","542.4","527.7","525.9","536.5","534.5","508.4","497","504.2","489","510.4","536.8","577.5","591.3","614.2","625.6","599.9","584.9","591.3","603.2","592.9","594.2","579.1","575.9","583.2","564","552.2","547.5","530.5","505.7","512.8",
"경기도","여자","15 - 19세","취업자[천명]","천명","44.3","37.2","40.7","35","39.1","46.3","49.1","36.1","48","43.5","45.2","36.8","36.2","31.8","30.4","26.3","27.5","24.5","31.4","25.1","27.2","37.2","34.4","38.7","48.6","41.2","39.7","30.8","46","38.8","31.8","32.1","35.6","29.2","29","24.1","21.9","23.6","28.7","32.2","36.5",
"경기도","여자","20 - 29세","취업자[천명]","천명","482.3","482.2","483.3","483.5","482.9","494.2","497.7","487.3","489.2","510","510.9","505.5","491.5","494.1","506.1","508.2","480.9","472.5","472.8","463.9","483.2","499.6","543","552.6","565.6","584.4","560.2","554","545.3","564.5","561.1","562.1","543.5","546.7","554.2","539.8","530.3","523.9","501.8","473.6","476.2",
"경기도","여자","30 - 39세","취업자[천명]","천명","549.8","559.9","558.6","557","554.3","546.5","542.7","552.4","564.2","576.3","561.8","552.2","550.5","575.1","565.3","577.7","581.5","578.4","548.2","567.4","553.8","571.6","553.3","568","586.5","582.3","598.9","595","608.2","612.7","631.6","654.3","652.2","662.7","666.9","686.6","686.6","697.5","687.6","692.3","689",
"경기도","여자","40 - 49세","취업자[천명]","천명","730.4","734","738","727.2","727.5","718.9","740.3","753.7","711.8","706.6","705.9","689.5","693.6","709.5","711.2","699","684.6","661","661.3","665","671","690.9","685.2","698","700.7","742.2","730","700.9","687.3","709.1","720.5","726.6","709.7","727.8","717.2","718.4","718.3","732.7","715.7","725.5","723.8",
"경기도","여자","50 - 59세","취업자[천명]","천명","563.9","581.3","593.9","600.3","608","639.9","639","662.4","652.8","666.4","670.1","688.5","687.6","722","713.6","712.6","689.8","674.3","660.8","660.3","652.1","685.1","701.9","722.6","727.4","753.7","764.9","784","775.9","796.6","801","789","783.5","791","784.8","783.4","791","793.7","802.5","797.9","801.4",
"경기도","여자","60세이상","취업자[천명]","천명","242.4","287.8","300.9","297.1","269.1","304.4","321.1","317.3","277.3","318","334.4","340.9","333.8","387.6","404.8","409.9","390.9","426.2","449.1","436.9","408.1","474.1","480.6","471.1","443.4","523.9","533.2","524","482.4","559.8","570","558.3","518.7","609","636","617.2","595.8","666.8","674.1","673.7","634.3",
"경기도","여자","15 - 64세","취업자[천명]","천명","2503.8","2543.9","2573.8","2564.6","2565.9","2604.5","2633.2","2667.7","2627.9","2670.2","2669.6","2656.6","2639.4","2736.7","2740.6","2736.4","2683","2650","2607.9","2608.3","2606.9","2721.2","2753.7","2810.6","2868","2962.1","2954.7","2929.2","2921","2996.8","3029.6","3045.7","2989.4","3039.1","3051.8","3051.9","3039.8","3081.7","3044","3025.9","3013.3",
"경기도","여자","15 - 24세","취업자[천명]","천명","260.6","245.9","249.4","236.9","243.5","249.4","255.3","238.5","248","246.4","242.5","229.8","227.7","218.9","226.7","222","207.5","191.6","203.7","192.4","206.7","236.7","253","255.1","269.2","272.4","253","241.2","248.6","251.5","250.2","251.8","241.7","243.2","248.3","234.3","226.1","221.9","209.3","197.9","197.9",
"강원도","계","계","취업자[천명]","천명","689.5","772.2","774","761.7","724.1","818.5","825.8","790.6","727.8","812.7","819.5","794.5","750.9","834","848.5","811.6","763.9","813.5","815.9","785.7","744.3","832.2","840.9","819.6","764.5","838.1","847.9","820.3","786.4","871.4","868.6","836.2","783.3","872.1","877.9","841.1","798.9","884.5","881.9","852.6","821.3",
"강원도","계","15 - 29세","취업자[천명]","천명","86.8","90.9","95.2","96.4","100","108.5","107.9","104.8","109.3","108.6","107.3","99.7","102.7","101.1","110.3","101.1","100.9","97.1","95.9","93.2","87.4","96.2","96.9","91.7","88.4","90.1","93.1","91.1","91.6","97.9","96","94.9","97.3","102.2","104.8","100.1","92.8","94.8","89.4","85.6","85.8",
"강원도","계","15 - 19세","취업자[천명]","천명","7.7","6.4","8.1","5.6","7.5","8.9","10.1","6.4","5.2","4.1","5.6","5.1","5.4","4.4","7.4","4.4","5.8","5","6","5.1","4.2","4.6","5","3.2","2.2","1.8","2.7","1.9","4.2","6.6","5.5","5.2","4.9","5.4","6.9","6.3","7.4","6","4.9","3","4.7",
"강원도","계","20 - 29세","취업자[천명]","천명","79.1","84.6","87.1","90.8","92.5","99.6","97.8","98.4","104.2","104.6","101.7","94.6","97.4","96.7","102.9","96.7","95.1","92.1","89.9","88.1","83.2","91.6","92","88.5","86.1","88.4","90.4","89.2","87.4","91.3","90.5","89.7","92.4","96.8","97.8","93.8","85.4","88.9","84.5","82.5","81.2",
"강원도","계","30 - 39세","취업자[천명]","천명","129.3","133.3","132.7","132","130.4","129.6","129.6","124.3","120.4","121.1","124.6","123.6","119.8","123.9","125.9","126.6","122.8","119.4","117.5","117.7","117.7","118.9","119.1","121.9","119","117.6","117.5","116.5","115.3","122.2","125","122.5","120.4","126.6","127","126","123.2","127.8","128.6","129.3","129.8",
"강원도","계","40 - 49세","취업자[천명]","천명","181.1","187.6","186.1","186.6","181.9","190.4","189.7","184.8","174","181","178.6","178.3","175.1","181.1","179.3","175.7","166.1","170.7","171.3","171.2","164.7","169.9","170.3","171.6","164.4","169.7","168.3","167.9","165","168.8","166.8","165.4","157.2","158.4","156.4","154","149.1","151.2","150.2","150.6","150.8",
"강원도","계","50 - 59세","취업자[천명]","천명","182.4","201.3","196.2","195.7","184.9","204.3","205.3","200.6","187.9","205.1","206.5","206.4","196.7","211.9","212.3","202.6","194.4","202.8","203.9","198.7","189.9","200.1","200.3","196.8","189.4","202","202.5","199.1","194.5","206.4","200","198.5","191.4","201.9","202.6","200.5","197.6","205","203.5","201.4","192.2",
"강원도","계","60세이상","취업자[천명]","천명","109.9","159","163.8","151","126.8","185.7","193.3","176.1","136.2","196.9","202.5","186.4","156.5","215.9","220.7","205.6","179.6","223.5","227.3","204.8","184.5","247","254.3","237.7","203.4","258.5","266.5","245.6","220","276.1","280.9","254.9","217.1","282.9","287.1","260.5","236.2","305.7","310.1","285.7","262.7",
"강원도","계","15 - 64세","취업자[천명]","천명","632.8","677.8","675","674.9","659.6","706.2","706.4","684.8","653.9","691.2","695.7","686.8","666","701.7","714.2","691.1","663.4","679.1","678.7","668.7","641.4","679.7","683.4","678.7","646.8","676.6","678","671","653.7","695.8","687.2","675.3","648.1","685.2","689","675.4","644.8","677.3","669.2","657.7","640.3",
"강원도","계","15 - 24세","취업자[천명]","천명","39.4","37.8","44.8","45.4","47.2","54.5","57.4","54.3","54.8","50.5","49","41","45.3","46.4","55","47.3","47.2","44.7","43.9","41.4","38.1","44.1","44.2","34.8","30","28.7","32.9","31.9","35.9","38.1","38.1","37.8","36.9","37.7","40","36.1","35.4","34.7","33.3","29.4","32.7",
"강원도","남자","계","취업자[천명]","천명","386","427.6","427.1","424.2","407.3","453.8","452.5","436.2","403.6","443.8","457.4","438.4","416.7","456.5","464.1","448","421.1","451.2","448.7","434.1","413","450.9","451.3","445.3","409.3","446.8","455.4","440","416.4","460","460","444.9","416.6","465.7","467.9","452.6","427.3","471.8","470.4","465.2","454.2",
"강원도","남자","15 - 29세","취업자[천명]","천명","37.8","39","41.4","42.2","44.7","50","48.2","48.2","48.4","51.1","54.8","45.9","46.7","48.7","56.4","51","50.1","50","48.6","44.7","41.6","45.8","47.2","49.2","47.3","49.2","50.7","46.6","44","47","46.4","43.4","44.4","51.2","52.2","49.7","46.4","51","47.6","47.5","46.8",
"강원도","남자","15 - 19세","취업자[천명]","천명","4","2.4","4.1","2.2","3.7","6.2","6.1","3.3","1.3","1","1.5","1.3","1.6","1.7","2.9","1.7","2.6","2.8","2.8","2.1","1.6","1.9","2.1","1.5","1.1","1.3","1.7",".8","1.7","1.7","1.6","1.7","1.1","1.7","2.5","2.9","3.3","4.2","3.2","2.1","1.6",
"강원도","남자","20 - 29세","취업자[천명]","천명","33.8","36.6","37.3","40","41","43.9","42.2","44.9","47.1","50.1","53.3","44.5","45.1","47","53.5","49.3","47.4","47.1","45.8","42.6","40","43.9","45.2","47.6","46.2","47.9","49","45.8","42.3","45.3","44.8","41.7","43.3","49.4","49.7","46.8","43","46.9","44.4","45.4","45.2",
"강원도","남자","30 - 39세","취업자[천명]","천명","76.8","78.9","77.9","78.9","78.4","79.1","79.4","74.9","71.8","71.9","74.3","73.4","71.7","72.3","72.8","71.7","71.4","71.4","71.1","71.5","71.2","71","69.9","71.5","68.6","68.9","69.5","69","67.4","68.6","71.5","71.3","72.2","75.1","73.1","71.7","70.3","72.2","72.6","72.6","74.6",
"강원도","남자","40 - 49세","취업자[천명]","천명","103.9","108.1","108","107.9","106.3","111.5","111.5","109.6","103","105.3","105.1","103.8","100.6","103.7","100.2","98.9","94.4","99","98.1","97.4","93.3","95.8","94.9","94.1","87.9","90.8","90.8","90.1","89.3","93","90","89.2","85.9","86","85.6","84.6","81.7","82.5","82.2","81.7","83.3",
"강원도","남자","50 - 59세","취업자[천명]","천명","104.8","115.5","113.6","113.7","107.2","115.5","114.3","112","105.3","114.3","117.7","115.6","110.5","118.6","119","113.8","108.1","114.1","114.5","112.6","108.5","114.1","113","109.2","104","111.3","112.9","112.4","108","115.8","112.3","111.8","107.6","112.3","114.3","113.3","109.8","113.3","111.7","112.2","106.8",
"강원도","남자","60세이상","취업자[천명]","천명","62.8","86.1","86.2","81.5","70.8","97.7","99.1","91.5","75.1","101.2","105.6","99.8","87.2","113.2","115.7","112.6","97.1","116.7","116.5","107.9","98.5","124.2","126.2","121.3","101.5","126.5","131.5","121.9","107.8","135.6","139.7","129.2","106.5","141.2","142.9","133.3","119.1","152.9","156.4","151.2","142.7",
"강원도","남자","15 - 64세","취업자[천명]","천명","355.6","379.2","377.6","378.7","371.4","395.9","392.8","382.1","362.9","384.6","398.1","386.1","373.9","392.5","399.1","386.6","370.7","384.7","382.8","375.6","360","378.8","378","378.3","354.8","372.1","375","367.1","354","377.4","372.8","367","356.2","377.9","378.3","371.2","353.7","372.2","366.7","364.7","358.9",
"강원도","남자","15 - 24세","취업자[천명]","천명","14","13.3","18.5","18.8","19.5","24.7","22.8","19.9","19","19.2","20.2","12.6","15.2","18.2","25","20.1","20","20.5","19.4","16.3","15.5","18.9","20.2","17.1","15","16.2","17.9","14.6","15.1","14.7","14.3","12.4","12.7","16.2","18","15.8","15.7","17.1","15.9","14.6","14.4",
"강원도","여자","계","취업자[천명]","천명","303.5","344.6","346.9","337.4","316.8","364.7","373.3","354.4","324.2","368.8","362.1","356.1","334.2","377.4","384.4","363.6","342.8","362.3","367.3","351.6","331.3","381.3","389.6","374.3","355.2","391.3","392.4","380.3","370.1","411.4","408.7","391.3","366.7","406.3","410","388.6","371.6","412.7","411.5","387.4","367.1",
"강원도","여자","15 - 29세","취업자[천명]","천명","49","51.9","53.8","54.2","55.4","58.5","59.7","56.5","60.9","57.5","52.5","53.9","56","52.5","53.8","50.1","50.9","47.1","47.3","48.5","45.9","50.4","49.7","42.5","41.1","40.9","42.4","44.5","47.6","50.9","49.6","51.5","52.9","51","52.6","50.4","46.5","43.8","41.8","38","39",
"강원도","여자","15 - 19세","취업자[천명]","천명","3.7","3.9","4","3.4","3.9","2.7","4","3","3.8","3.1","4","3.7","3.8","2.8","4.5","2.7","3.2","2.1","3.2","3","2.6","2.7","2.9","1.6","1.2",".4","1.1","1.1","2.5","4.9","3.8","3.5","3.8","3.7","4.5","3.5","4.1","1.8","1.7",".9","3",
"강원도","여자","20 - 29세","취업자[천명]","천명","45.3","48","49.8","50.8","51.5","55.8","55.7","53.5","57","54.5","48.5","50.1","52.2","49.7","49.4","47.4","47.7","45","44.2","45.4","43.3","47.7","46.8","40.9","39.9","40.5","41.4","43.4","45.1","46.1","45.7","48","49.1","47.3","48.1","47","42.4","42","40.1","37.2","36",
"강원도","여자","30 - 39세","취업자[천명]","천명","52.5","54.4","54.8","53","52","50.5","50.2","49.4","48.6","49.1","50.2","50.2","48.2","51.6","53","54.9","51.4","47.9","46.4","46.2","46.5","47.9","49.2","50.3","50.3","48.7","47.9","47.6","47.9","53.6","53.5","51.2","48.2","51.5","54","54.4","52.9","55.7","56.1","56.8","55.1",
"강원도","여자","40 - 49세","취업자[천명]","천명","77.2","79.5","78.2","78.6","75.6","78.9","78.2","75.2","71","75.7","73.5","74.5","74.5","77.4","79.1","76.8","71.7","71.7","73.2","73.8","71.4","74.2","75.4","77.5","76.6","78.9","77.5","77.8","75.8","75.8","76.8","76.2","71.2","72.5","70.8","69.3","67.3","68.7","68","68.9","67.5",
"강원도","여자","50 - 59세","취업자[천명]","천명","77.6","85.8","82.6","82","77.8","88.8","91","88.6","82.6","90.7","88.8","90.8","86.2","93.3","93.3","88.8","86.3","88.7","89.5","86.2","81.4","86","87.3","87.6","85.3","90.7","89.6","86.8","86.6","90.5","87.7","86.6","83.8","89.6","88.4","87.1","87.8","91.7","91.8","89.3","85.4",
"강원도","여자","60세이상","취업자[천명]","천명","47.1","73","77.6","69.5","56","88","94.2","84.6","61.1","95.7","97","86.7","69.3","102.7","105","93","82.5","106.8","110.8","96.9","86","122.8","128.1","116.3","101.9","132.1","135","123.6","112.2","140.6","141.2","125.8","110.6","141.7","144.2","127.3","117.1","152.8","153.8","134.5","120",
"강원도","여자","15 - 64세","취업자[천명]","천명","277.2","298.6","297.5","296.2","288.2","310.3","313.6","302.7","291.1","306.6","297.6","300.7","292.1","309.2","315.1","304.6","292.6","294.4","295.9","293","281.4","300.9","305.4","300.4","292.1","304.5","303.1","303.9","299.7","318.4","314.4","308.3","291.9","307.2","310.8","304.1","291","305.1","302.5","293","281.4",
"강원도","여자","15 - 24세","취업자[천명]","천명","25.4","24.5","26.3","26.6","27.7","29.8","34.6","34.4","35.8","31.3","28.8","28.5","30.1","28.3","30","27.2","27.1","24.2","24.5","25.1","22.6","25.2","24","17.7","15","12.4","15","17.3","20.7","23.4","23.8","25.3","24.2","21.6","22","20.3","19.7","17.6","17.4","14.8","18.3",
"충청북도","계","계","취업자[천명]","천명","807.8","854.7","861.6","854.6","812.3","876.5","883.6","869.9","833","896.2","895.6","880.4","850.2","890.6","894.8","884.8","869.7","902.1","901.4","886.6","859","906.6","910.1","913.7","896.4","939.6","938.2","929.5","908.3","952.7","950.7","943","922.3","970.7","961.5","947.4","943.7","987.6","990.1","980.5","955.5",
"충청북도","계","15 - 29세","취업자[천명]","천명","123.6","126.4","128.7","126","119.7","134.2","133.5","130.6","129.7","132.4","138","134.1","127.3","125.7","125.8","127.3","124.5","126","123.3","123.2","130.1","129.1","127.6","129.8","133.7","136.9","134.5","132.5","129","129.6","126.3","123.7","121.6","125.2","125.8","120.2","119.8","119","120.1","126.3","119.2",
"충청북도","계","15 - 19세","취업자[천명]","천명","9.9","8.8","9.2","5.9","6.8","6","8","8.3","9.7","11.2","10.2","8.7","9.8","6.4","7","5.8","6.3","5.9","4.7","4.9","4.9","4","6.7","5","6.2","5.2","6.2","6.4","6.4","6.2","2","1.9","3.9","6.4","5.8","4","3.9","4.7","5.2","5.5","5.5",
"충청북도","계","20 - 29세","취업자[천명]","천명","113.7","117.6","119.4","120.1","112.9","128.2","125.6","122.3","120.1","121.2","127.8","125.4","117.5","119.4","118.9","121.6","118.2","120.1","118.6","118.4","125.2","125","120.9","124.8","127.5","131.7","128.4","126.1","122.5","123.5","124.3","121.8","117.7","118.8","119.9","116.2","115.9","114.3","114.9","120.8","113.6",
"충청북도","계","30 - 39세","취업자[천명]","천명","168.1","166.7","164.8","164.9","163.3","164.8","166.2","164.5","160.4","165","161.2","161.8","162.5","166.4","163.9","164.7","165.6","163.7","163.3","159.9","156.2","155","151.8","149.1","151.5","155.5","157.2","155.3","157.8","162.2","163.7","158.2","158.8","165.7","160.9","163.4","169.1","173.9","174.8","174.7","171.9",
"충청북도","계","40 - 49세","취업자[천명]","천명","206.8","207.8","208.4","212.3","211.6","213.8","213.6","210.1","204.9","207.1","205.1","203.8","200.4","200.4","198.8","196.5","193.5","195.4","193","194.6","191.5","197.5","199","198.1","189.9","188.6","189.2","189.4","189.1","189.2","183.2","186.1","183.4","187.4","184.2","184.5","185.1","189.5","189.3","187.4","186.6",
"충청북도","계","50 - 59세","취업자[천명]","천명","195.9","207.1","211.3","208.2","200.5","210.7","213.3","212.2","205.4","213.9","210.8","211.3","206.1","211.3","213.8","210.3","210.2","218.7","222.2","215.7","207.8","214.4","214.8","215.8","213.8","218.2","215.9","216.1","210.5","219.8","219.2","219.7","220","226.6","225.4","224.1","219.6","225","224.5","223.4","220.3",
"충청북도","계","60세이상","취업자[천명]","천명","113.3","146.7","148.3","143.2","117.2","153","156.9","152.4","132.6","177.8","180.5","169.4","153.9","186.8","192.5","186","175.9","198.4","199.7","193.2","173.3","210.6","217","220.8","207.5","240.4","241.3","236.1","221.8","251.8","258.4","255.3","238.5","265.8","265.3","255.1","250.2","280.1","281.3","268.7","257.5",
"충청북도","계","15 - 64세","취업자[천명]","천명","750","773.2","779.8","775.8","753.9","791.5","795.6","787.1","765","792.1","789.4","782","765.2","779.1","779.8","778.5","773.2","787.4","785.3","777.7","768.6","790.2","790.8","794.4","786.8","803.2","800.2","794.2","783.1","805.7","797","791","781.5","805.1","793.5","787.5","789.2","808.3","807.3","805.4","790.5",
"충청북도","계","15 - 24세","취업자[천명]","천명","61.1","64.5","66.5","60.3","55","62.1","59.7","57.7","58.2","59.4","62","58","57.3","53.1","54.2","52.6","48.9","51.9","48.4","43","52","47.6","50.9","49.5","45.8","47.5","48.3","44.6","43.2","44.4","41","41.2","40.1","41.5","44.5","36.8","35.3","37.2","39.4","41.1","36.7",
"충청북도","남자","계","취업자[천명]","천명","467.1","486.6","488","481.6","465.4","497.7","505.6","502.9","490.1","520.5","522.3","513.7","496","509.8","513.1","511.8","504.8","519.2","510.9","507.4","501.6","519.9","515.2","522.9","519.2","538.9","537.1","539.1","532.1","555.5","556.9","556.6","540.6","555.5","546.6","539.5","542.3","557.1","558.8","549.7","543.3",
"충청북도","남자","15 - 29세","취업자[천명]","천명","64.5","63.9","61.7","58.1","56.5","67.5","69.2","67.6","65.5","70.1","73.1","68.9","64.3","62.3","65.5","65.4","64.6","66.8","65.1","65.3","71.4","70.7","67.4","68.7","69.3","69.2","69.7","69.5","70.1","71.5","71.1","68.4","63.7","64","66.9","62.3","61.6","59.4","59.3","63","61.6",
"충청북도","남자","15 - 19세","취업자[천명]","천명","3.2","2.7","2.1","1.3","2.7","2","3.2","3","2.5","5.4","4.9","4","5.3","3","3.9","2.5","2","2.4","2","2.1","2","1.3","2.7","2.8","3","2","2.3","1.6","3.7","5","1.8","1.9","3.1","4.5","3.9","2.7","2.1","1.9","2.1","2.3","2.7",
"충청북도","남자","20 - 29세","취업자[천명]","천명","61.3","61.2","59.5","56.8","53.8","65.6","65.9","64.5","63","64.7","68.1","64.8","59","59.3","61.6","62.8","62.6","64.5","63.1","63.3","69.3","69.4","64.7","65.9","66.3","67.2","67.3","67.8","66.3","66.4","69.3","66.5","60.6","59.4","63","59.7","59.5","57.5","57.2","60.7","58.9",
"충청북도","남자","30 - 39세","취업자[천명]","천명","101.4","100.4","99.5","98.5","99.1","99.8","102.7","103.5","103.3","105.1","102","101.4","100.7","102.6","101.6","103.1","103.1","100.4","98.9","97.5","96.8","98.3","96.9","98.4","100","99.5","99.7","97.4","99","103.4","104.2","104.1","102.8","105","101.4","103.5","106.5","109.1","110.4","108.1","107.1",
"충청북도","남자","40 - 49세","취업자[천명]","천명","121.7","121.5","122.3","123.3","122.6","123.6","123.8","121.8","119.5","121","122.3","121.1","118.4","117.4","114.6","113.9","113.5","115.2","111.8","113.6","112.2","113.8","112","112.3","109.8","110.9","110.9","111.3","110.6","112","111","112.5","111.3","111.2","108.1","106.5","108.1","109.2","111.6","111.7","110.9",
"충청북도","남자","50 - 59세","취업자[천명]","천명","112.2","118.2","120.6","121","117.5","120.9","122.7","123.7","121.1","125","123.5","124.1","120.2","124.5","126.6","124","121","126.3","125.8","122.2","117.9","120.2","119.6","120.4","118.8","122.2","121","123.3","121.1","124.9","123.8","124.3","124.6","127.8","125.8","125.6","125.2","126.1","124.4","120.5","118.7",
"충청북도","남자","60세이상","취업자[천명]","천명","67.3","82.7","84","80.7","69.7","85.9","87.2","86.3","80.7","99.2","101.4","98.2","92.5","102.9","104.8","105.4","102.6","110.6","109.4","108.6","103.2","116.8","119.3","123.2","121.2","137.2","135.7","137.7","131.3","143.8","146.8","147.2","138.2","147.5","144.5","141.5","141","153.3","153.1","146.4","144.9",
"충청북도","남자","15 - 64세","취업자[천명]","천명","433.4","442.8","444","439.1","430.5","452.2","458.8","456.5","448","463.7","464.8","458.7","445.6","449.4","451.4","452.3","449.7","457.2","449","447.7","447.8","456.5","450.8","457.1","452","459.5","457.7","459","455.8","472.1","470.2","469.3","460.6","465.7","457.1","452.6","456.4","461.9","461.9","456.3","451.4",
"충청북도","남자","15 - 24세","취업자[천명]","천명","25.9","25.7","25.8","20.2","19.2","24.6","23.9","24","22.2","25.8","26.8","23.8","24.2","21.4","22.9","22.3","19.2","21.6","19.6","17.1","23.8","20.9","22.2","21.7","18.7","19.5","21.5","21","21.6","24.2","24.5","24","20.8","21.4","25.7","19.4","15.6","15","16.6","18.3","16.7",
"충청북도","여자","계","취업자[천명]","천명","340.7","368","373.5","373","346.9","378.8","378","367","342.9","375.7","373.3","366.7","354.2","380.8","381.7","373","364.9","382.9","390.5","379.2","357.4","386.7","394.9","390.8","377.2","400.7","401.1","390.3","376.2","397.1","393.8","386.4","381.7","415.3","414.9","407.9","401.4","430.5","431.3","430.8","412.2",
"충청북도","여자","15 - 29세","취업자[천명]","천명","59.1","62.5","67","67.9","63.2","66.7","64.4","63","64.2","62.2","65","65.2","63.1","63.4","60.4","61.9","59.9","59.1","58.1","57.9","58.7","58.3","60.2","61.2","64.4","67.7","64.9","63","58.9","58.2","55.2","55.3","57.9","61.3","58.9","57.8","58.2","59.6","60.8","63.3","57.5",
"충청북도","여자","15 - 19세","취업자[천명]","천명","6.7","6.1","7.1","4.6","4.1","4","4.7","5.3","7.1","5.8","5.3","4.6","4.5","3.4","3.1","3.2","4.3","3.5","2.7","2.8","2.8","2.7","4","2.3","3.2","3.2","3.8","4.8","2.7","1.1",".2","",".8","1.8","2","1.4","1.8","2.8","3.1","3.2","2.8",
"충청북도","여자","20 - 29세","취업자[천명]","천명","52.4","56.4","59.9","63.3","59.1","62.7","59.6","57.8","57.1","56.5","59.7","60.6","58.5","60","57.3","58.7","55.6","55.6","55.4","55.1","55.9","55.7","56.2","58.9","61.1","64.5","61","58.3","56.2","57","55","55.3","57.1","59.4","56.9","56.5","56.3","56.8","57.7","60.1","54.7",
"충청북도","여자","30 - 39세","취업자[천명]","천명","66.7","66.3","65.3","66.3","64.2","64.9","63.5","61","57.1","59.9","59.1","60.5","61.8","63.8","62.3","61.6","62.5","63.3","64.4","62.4","59.4","56.7","54.9","50.7","51.5","56","57.5","58","58.7","58.9","59.5","54.1","56","60.7","59.4","59.9","62.6","64.8","64.5","66.6","64.8",
"충청북도","여자","40 - 49세","취업자[천명]","천명","85.1","86.3","86.1","89","89","90.2","89.8","88.3","85.4","86.1","82.8","82.7","82","83","84.1","82.6","80","80.3","81.2","81","79.3","83.7","86.9","85.8","80.1","77.7","78.3","78.1","78.6","77.2","72.2","73.5","72.1","76.2","76.1","78","77","80.3","77.7","75.7","75.7",
"충청북도","여자","50 - 59세","취업자[천명]","천명","83.8","89","90.8","87.2","83","89.8","90.6","88.6","84.2","88.9","87.3","87.2","85.9","86.8","87.2","86.3","89.2","92.4","96.4","93.4","89.9","94.2","95.2","95.4","95","96","94.8","92.9","89.5","94.9","95.4","95.3","95.3","98.9","99.6","98.5","94.4","98.9","100.1","102.9","101.6",
"충청북도","여자","60세이상","취업자[천명]","천명","46","64","64.3","62.5","47.5","67.1","69.6","66.1","51.9","78.6","79.1","71.2","61.3","83.8","87.7","80.6","73.3","87.8","90.4","84.5","70.1","93.8","97.7","97.6","86.2","103.3","105.6","98.3","90.5","108","111.6","108.1","100.3","118.3","120.8","113.6","109.2","126.9","128.2","122.3","112.6",
"충청북도","여자","15 - 64세","취업자[천명]","천명","316.6","330.4","335.8","336.8","323.3","339.4","336.8","330.6","317.1","328.4","324.6","323.4","319.6","329.7","328.4","326.2","323.4","330.1","336.3","329.9","320.8","333.7","340.1","337.3","334.8","343.7","342.4","335.3","327.2","333.7","326.7","321.7","320.9","339.3","336.3","334.8","332.8","346.4","345.4","349.1","339.1",
"충청북도","여자","15 - 24세","취업자[천명]","천명","35.2","38.8","40.7","40.2","35.7","37.6","35.8","33.7","36","33.6","35.2","34.2","33.1","31.7","31.3","30.2","29.7","30.3","28.8","25.8","28.2","26.7","28.7","27.8","27.1","28","26.8","23.5","21.6","20.2","16.6","17.2","19.3","20.1","18.8","17.5","19.8","22.1","22.9","22.8","20",
"충청남도","계","계","취업자[천명]","천명","1145.4","1241","1264.9","1253.2","1063","1162.3","1173.6","1162.6","1105","1193.4","1222","1195.2","1156.6","1215.7","1208.5","1202.9","1127.2","1189.5","1206.8","1181.5","1115.1","1216.7","1230.7","1209.1","1149.8","1240.5","1267.4","1244.9","1178.4","1278","1278.4","1256.4","1185.8","1289.6","1292.8","1287.9","1239.9","1322.8","1317.7","1305.7","1272.1",
"충청남도","계","15 - 29세","취업자[천명]","천명","175.2","180","190.8","187.4","158.1","159.3","158.6","150.8","163.8","162.4","175.6","170.3","184.8","171.5","166","167.6","157.6","156.9","161.2","152.2","150.7","152.8","159.5","154.8","158.3","162.6","164.3","159.4","154.5","161.6","159.7","152.8","156.2","151.1","149.1","153.7","161.9","162.8","157","151.5","153.2",
"충청남도","계","15 - 19세","취업자[천명]","천명","12.8","12.1","14.6","14.5","10.1","10.6","8.6","6.3","9.5","7.3","11.1","10.9","13.4","6.7","6.4","9.6","5.7","6.5","7.1","5.2","4.6","6.2","6.5","7.9","9.7","8.4","9.1","5.7","6.8","6.2","6.3","6.9","5.8","4.2","3.2","3.6","6.4","6.8","6","3.6","5.8",
"충청남도","계","20 - 29세","취업자[천명]","천명","162.4","167.9","176.2","173","148","148.6","150","144.6","154.4","155.1","164.5","159.4","171.4","164.8","159.6","158","151.8","150.5","154","147","146.1","146.6","153","146.9","148.6","154.2","155.2","153.7","147.6","155.4","153.3","145.9","150.5","146.9","145.9","150.2","155.6","156","151","147.9","147.4",
"충청남도","계","30 - 39세","취업자[천명]","천명","251.7","260.8","260.7","270.2","236.3","243.6","245.1","245.9","240.2","240.6","234","232.9","228.8","228.3","226.9","227.9","227.1","221.9","219.3","220.8","213.7","220.1","224.6","225","215.2","219.9","228.4","232.3","222.4","223.1","220.9","218.1","217.7","224.2","225.4","227.1","226.5","239.9","235.8","240.4","241.3",
"충청남도","계","40 - 49세","취업자[천명]","천명","287.7","298","303.3","304.4","263.6","268.4","271.4","276","271","271.1","276","273.8","269.8","275.6","276.4","278.3","268.4","276.1","270.6","267.1","256.2","268.4","272.7","268.9","262.3","257.7","258.1","261.1","257.5","263","269.5","271.3","267.4","270.7","271","270.4","265.9","273.1","271","272.6","270.2",
"충청남도","계","50 - 59세","취업자[천명]","천명","259.9","277.9","279.5","277.5","244.6","258.1","257.3","252.8","243.9","263.5","269","263.9","260.5","272.7","271.2","268.2","249.4","260.5","266.5","263.7","255.8","271.6","264.8","266.5","256.9","272.9","277.4","272.5","262.9","272.3","268.7","270.9","265.8","282.1","283.2","287.6","276.2","283.3","282.8","283.2","279.1",
"충청남도","계","60세이상","취업자[천명]","천명","170.9","224.3","230.5","213.6","160.3","232.9","241.3","237.1","186","255.8","267.4","254.2","212.8","267.5","268","260.9","224.8","274","289.1","277.7","238.8","303.8","309.2","293.9","257.1","327.3","339.2","319.7","281.2","358.1","359.7","343.4","278.5","361.5","364","349.2","309.4","363.6","371","358","328.3",
"충청남도","계","15 - 64세","취업자[천명]","천명","1046","1097.7","1121.1","1126.2","975.1","1016.2","1019.3","1012.6","997.1","1033.1","1054","1038.9","1035","1051.3","1043.6","1044.7","998.1","1020.8","1026.8","1010.8","973.8","1023.9","1031.5","1025.5","995.1","1031.8","1051.8","1047.6","1009.2","1047","1049.2","1039.4","1021.9","1051.9","1054","1064.1","1046.2","1084.3","1073.5","1070.6","1058.8",
"충청남도","계","15 - 24세","취업자[천명]","천명","74.3","79.5","90","85.6","73.5","74.8","73.9","61.6","69.9","64.9","72.5","68.6","80.3","73.2","67.1","70.6","63.5","63.8","67","56.8","56","55.2","59.7","51.3","57.2","54.7","57","51","50.2","53.7","53.3","50","54.1","50.8","48.5","49.8","53.1","55.9","55.8","47.3","46.5",
"충청남도","남자","계","취업자[천명]","천명","698.9","745","759.3","758.8","656.7","697.9","697.9","685.1","663.7","697.5","717","707.5","696.3","715.5","704.1","707.8","679.6","699.8","704.7","692","665","711.3","717.9","718.3","691.1","724","734.1","724","695.4","737.9","743.6","732.9","705.7","752.5","751.1","753.5","731.9","763.7","758.6","761.5","748.1",
"충청남도","남자","15 - 29세","취업자[천명]","천명","100.6","102.8","107.2","106.6","92.2","94.1","93.7","86.2","94","88.6","95.1","91.2","101.4","95.6","88","90.9","90.2","88.3","86.1","75.4","77.4","79.5","82.5","88.4","90.1","87.1","84.5","82","79.4","84","86.8","82.6","85.4","83.1","83.7","83.3","86.9","87.4","83.3","82.1","82.7",
"충청남도","남자","15 - 19세","취업자[천명]","천명","7.1","7.7","8.5","9.7","7","8.1","5.1","3.8","6.3","3.3","7","6.1","6.5","3.2","1.3","2.9","2.4","2.1","2.8","1.7","2","3.1","1.5","3.6","5.4","3.9","3.3","3.4","2.9","2.1","2.7","3.5","3.3","3.8","2.7","1.6","3","3.1","3.3","1.6","2.5",
"충청남도","남자","20 - 29세","취업자[천명]","천명","93.6","95.1","98.7","96.9","85.2","86","88.6","82.4","87.8","85.3","88","85.1","94.9","92.4","86.7","88","87.8","86.2","83.3","73.7","75.4","76.4","81","84.7","84.7","83.2","81.2","78.6","76.5","81.9","84.1","79.1","82.1","79.4","81","81.7","83.9","84.4","80","80.5","80.2",
"충청남도","남자","30 - 39세","취업자[천명]","천명","166.8","172.1","172.5","176.7","157.7","156.8","156.2","153.3","152.6","153.4","152.8","154.4","152.5","150.6","148.2","149.6","149.2","144.4","141.6","144.5","142.4","140.9","142.8","144.5","138.6","140.1","146.3","148","141.4","143.6","144.7","141.3","142.3","145.8","143.4","141.9","140.8","146","144.2","147.2","150.5",
"충청남도","남자","40 - 49세","취업자[천명]","천명","175.4","182.7","185.6","186.9","162.3","164.9","163.7","166.1","165.6","165.8","168.6","166.6","166","167.9","170","170.3","161","163.3","162.3","160.3","158.1","163","163.7","161.7","158.8","158","157.9","158.3","159.6","160.8","162.5","163.4","161.5","163.2","164.6","163.8","163.7","168.1","168.1","168.5","166.1",
"충청남도","남자","50 - 59세","취업자[천명]","천명","154.3","160.7","163","165.3","147.3","151.5","152.3","147.3","139.3","151","154.1","151.2","149","155.4","154.3","154.3","146.5","151.5","153","154","148.5","157.9","156","157.6","152.1","158.7","160.1","156.2","151.1","156.8","156.8","159.6","156.2","164.9","167.2","168.8","164.5","164.4","165","167","165.1",
"충청남도","남자","60세이상","취업자[천명]","천명","101.8","126.8","131.1","123.3","97.2","130.7","132.1","132.2","112.1","138.7","146.4","144.1","127.4","146","143.7","142.7","132.8","152.3","161.7","157.9","138.6","170.1","172.8","166","151.6","180.1","185.3","179.6","163.9","192.6","192.9","186","160.4","195.5","192.3","195.7","175.9","197.7","198","196.8","183.8",
"충청남도","남자","15 - 64세","취업자[천명]","천명","639.8","667.1","679.8","688.4","602.7","619.1","617.2","603.5","600.6","612.6","627.6","621.2","624.8","627.2","618.2","622.7","603.6","608.4","608.2","597","583.6","607.3","609.5","617.9","601.7","613.5","618.3","613.6","596.9","617.3","623.7","617.4","610.4","627.3","627.5","629.2","622.4","637.6","630.9","633.5","627.5",
"충청남도","남자","15 - 24세","취업자[천명]","천명","37.9","40.4","45.4","44.3","40.3","42.5","40.5","31","36.4","29.8","33.1","30","38.5","33.8","29.2","31.8","32.3","31.4","32.8","23.1","26.2","24.8","23.3","23.4","28.5","25.6","26.6","23.7","22","23.7","24.8","24.3","27.4","25.5","24.4","21.1","21.8","24.5","25.7","21.3","20.3",
"충청남도","여자","계","취업자[천명]","천명","446.5","495.9","505.6","494.4","406.2","464.5","475.7","477.5","441.3","495.9","505","487.6","460.3","500.2","504.4","495.1","447.6","489.7","502","489.5","450.1","505.4","512.9","490.8","458.7","516.5","533.2","520.8","483.1","540.1","534.8","523.5","480","537.1","541.6","534.4","508.1","559.1","559.1","544.3","523.9",
"충청남도","여자","15 - 29세","취업자[천명]","천명","74.6","77.2","83.6","80.8","65.9","65.2","64.9","64.6","69.8","73.8","80.5","79.2","83.4","75.9","78","76.7","67.4","68.7","75","76.8","73.3","73.4","77","66.4","68.2","75.5","79.8","77.3","75.1","77.6","72.8","70.2","70.9","68","65.4","70.5","75","75.4","73.7","69.5","70.5",
"충청남도","여자","15 - 19세","취업자[천명]","천명","5.8","4.4","6.1","4.7","3.1","2.6","3.5","2.5","3.2","4","4.1","4.8","6.9","3.5","5.1","6.7","3.4","4.4","4.3","3.6","2.6","3.1","5","4.3","4.3","4.5","5.8","2.3","3.9","4","3.6","3.4","2.5",".5",".5","2","3.4","3.7","2.6","2.1","3.3",
"충청남도","여자","20 - 29세","취업자[천명]","천명","68.8","72.8","77.5","76","62.8","62.6","61.4","62.1","66.6","69.8","76.4","74.4","76.5","72.3","72.9","70","64","64.2","70.7","73.2","70.7","70.2","71.9","62.1","63.9","71","74","75.1","71.2","73.5","69.2","66.8","68.4","67.5","64.9","68.5","71.6","71.6","71.1","67.4","67.2",
"충청남도","여자","30 - 39세","취업자[천명]","천명","84.9","88.7","88.2","93.5","78.6","86.8","88.9","92.6","87.6","87.2","81.2","78.5","76.3","77.7","78.8","78.3","77.8","77.5","77.7","76.3","71.2","79.2","81.8","80.5","76.6","79.8","82","84.3","81","79.4","76.3","76.7","75.5","78.4","82.1","85.2","85.7","93.9","91.6","93.2","90.8",
"충청남도","여자","40 - 49세","취업자[천명]","천명","112.3","115.3","117.8","117.5","101.3","103.5","107.7","109.8","105.4","105.3","107.4","107.3","103.8","107.7","106.4","108","107.4","112.8","108.3","106.9","98.1","105.5","109","107.2","103.5","99.7","100.2","102.9","98","102.2","107","107.9","106","107.5","106.5","106.6","102.2","105","103","104.1","104.2",
"충청남도","여자","50 - 59세","취업자[천명]","천명","105.6","117.3","116.5","112.2","97.3","106.6","105","105.5","104.6","112.6","114.9","112.6","111.5","117.4","116.9","113.9","102.9","109","113.6","109.6","107.2","113.6","108.8","108.9","104.8","114.2","117.4","116.3","111.8","115.5","111.9","111.3","109.6","117.2","116.1","118.7","111.6","118.9","117.9","116.2","114",
"충청남도","여자","60세이상","취업자[천명]","천명","69.1","97.4","99.5","90.4","63.1","102.3","109.2","104.9","73.9","117.1","121","110.1","85.3","121.5","124.3","118.2","92","121.7","127.5","119.8","100.2","133.8","136.3","127.8","105.6","147.3","153.8","140","117.3","165.5","166.8","157.4","118.1","166","171.7","153.4","133.5","165.9","173","161.2","144.5",
"충청남도","여자","15 - 64세","취업자[천명]","천명","406.1","430.6","441.3","437.8","372.4","397","402.1","409","396.5","420.5","426.4","417.7","410.2","424.1","425.4","422","394.5","412.4","418.6","413.8","390.2","416.6","422","407.6","393.4","418.3","433.5","433.9","412.3","429.7","425.4","422","411.5","424.6","426.5","434.9","423.8","446.6","442.6","437.1","431.3",
"충청남도","여자","15 - 24세","취업자[천명]","천명","36.4","39.1","44.6","41.3","33.3","32.3","33.4","30.5","33.4","35.1","39.5","38.6","41.7","39.5","37.9","38.8","31.1","32.4","34.1","33.8","29.8","30.4","36.4","27.9","28.7","29.2","30.4","27.2","28.2","29.9","28.5","25.7","26.7","25.3","24.1","28.7","31.4","31.4","30.1","26","26.2",
"전라북도","계","계","취업자[천명]","천명","894.4","957.2","967.5","941.9","893.8","938.1","931.2","919.4","883.9","926.4","924.5","923.2","902.3","939.7","933.6","934.1","906.2","929.2","946.5","946.5","922.7","962.3","969.7","955.3","934.2","985.7","991","961.4","953.7","989.9","1002.2","985.6","970.6","1004.3","1002.6","972.4","955.6","987","1002.8","971","961.4",
"전라북도","계","15 - 29세","취업자[천명]","천명","103.9","111.5","115.6","110.9","103.5","110.1","106.4","101.4","105.8","98.7","96.8","100.1","98.3","105.5","99.6","99.9","91.5","86.8","95.9","101","101","102.7","108.3","112.5","106.7","110.3","114.1","106.4","107.2","103.3","109.9","107.3","100.8","101.2","99.9","100","97.2","94.9","98.9","97.3","93.2",
"전라북도","계","15 - 19세","취업자[천명]","천명","11.5","8.9","7.7","5.6","5.3","3.8","3.6","3.8","5.6","3","4.3","3.7","2.2","5.3","3.4","4.9","3.5","2.5","2.2","5.5","5.7","3.5","5.8","4.8","4.1","6.2","7.6","4.8","4.4","3.6","5.1","3.5","2.3","2.6","3.4","2.4","1.6","1.2","1.6","2.7","2.9",
"전라북도","계","20 - 29세","취업자[천명]","천명","92.4","102.5","107.9","105.4","98.2","106.4","102.8","97.6","100.2","95.7","92.6","96.4","96.1","100.2","96.2","95","88","84.3","93.6","95.5","95.3","99.2","102.5","107.7","102.6","104.1","106.5","101.6","102.7","99.7","104.8","103.8","98.5","98.6","96.5","97.5","95.6","93.7","97.3","94.5","90.3",
"전라북도","계","30 - 39세","취업자[천명]","천명","167","166.4","167.7","167.4","163.3","158.5","158.9","162.4","157.2","160.6","159.1","158.9","157","152.3","151.1","151.8","148.8","147","150.3","151.5","145.8","141.3","138.2","136.1","131.3","135.1","141.6","142.2","141.6","144.1","144.1","143.4","141.8","144.4","143.7","143.6","145","149.2","152.1","149.6","151",
"전라북도","계","40 - 49세","취업자[천명]","천명","238","237.5","236.4","233.5","230.8","233.4","227.8","226.9","224.3","221.4","221.2","219.6","216.6","216.8","211.9","211.2","207.7","203.6","203.6","207.2","204.3","205.6","206.8","206.5","208.5","208.9","202","201.9","197.3","198","192.9","192.7","189.4","189.8","190.6","186.3","182.3","186.1","187.4","183.5","181",
"전라북도","계","50 - 59세","취업자[천명]","천명","215","230.8","233.3","228.7","219.4","225.9","226.4","222","216.7","222.8","221.7","222.8","218.8","225.1","226","224.2","222.3","227.6","226.7","223.5","220","223.5","221.6","223.6","220.8","228.5","225.1","226.5","228.5","230.9","234","237.4","235","243.4","244.8","242.8","237.6","238","235.6","232.7","228.8",
"전라북도","계","60세이상","취업자[천명]","천명","170.5","211.1","214.6","201.5","176.8","210.2","211.7","206.7","179.9","223","225.7","221.7","211.6","240","245","247","235.9","264.2","270.2","263.3","251.6","289.3","294.9","276.6","266.9","302.8","308.2","284.5","279.1","313.7","321.3","304.8","303.5","325.5","323.5","299.8","293.5","318.8","328.8","307.9","307.5",
"전라북도","계","15 - 64세","취업자[천명]","천명","788.2","819.3","825.7","811.3","784.7","803.9","795.8","789.3","774.3","784.2","779.6","783.5","772.1","785.8","777.2","776.6","756","757.4","772","779.9","766.5","775.5","778.3","778.5","761.7","783.5","784.5","770.4","765.6","774.9","783.1","780","767.9","781.3","776.5","768.2","751.1","762.7","769.9","759.4","744.8",
"전라북도","계","15 - 24세","취업자[천명]","천명","52.8","48","51.7","48.7","45.9","50.1","47.4","45.4","45.9","45.1","41.9","44.4","43.2","42.5","36.7","40.1","35.8","34.8","38.8","39.2","36.6","38.1","41.8","42.6","42.8","46.6","48.1","40.8","41.7","39","40.2","37.8","32.8","34.4","35.2","31.1","27.8","27.8","32.6","30.4","31.5",
"전라북도","남자","계","취업자[천명]","천명","526.5","543.8","546.1","536.2","524.3","534.8","530.8","528.5","524.4","526.5","525.3","529","519.7","525.2","529.1","531.2","521.1","525.2","528.1","535.5","531.7","534","539.2","540","528.9","539.5","541.6","531","527.1","531.6","538.4","536","534.2","535.9","534.1","530.3","527.7","535","544.5","540.8","536",
"전라북도","남자","15 - 29세","취업자[천명]","천명","49.4","54.3","57.4","52.9","52.8","57.6","56.4","50.4","57","53.4","52.2","55.2","52.1","54.9","58","58.3","51.4","46.3","49","52.8","54.2","48.3","52.8","58","54","56.8","59.4","55","54.2","50.5","54.7","52.3","50","46.6","48.9","52.9","53.1","48.5","52.8","54","51.5",
"전라북도","남자","15 - 19세","취업자[천명]","천명","6.5","6","4.5","2.9","4","2.4","2.5","1.8","3.2","1.7","2.6","1.7",".6","2.7","2.3","1.9","1.4",".9",".3","1.5","2.4",".9","1.7","1.6","1.6","2.4","3.9","2.7","3.1","2.9","3.6","2.3","1.4","1.2","1.7",".9",".5","1.2","1","1.6","1.6",
"전라북도","남자","20 - 29세","취업자[천명]","천명","42.9","48.3","52.9","50","48.9","55.1","53.9","48.6","53.8","51.7","49.6","53.5","51.4","52.2","55.7","56.3","50","45.4","48.6","51.3","51.7","47.4","51.1","56.4","52.4","54.4","55.5","52.3","51.1","47.6","51.1","50","48.5","45.4","47.2","52","52.6","47.2","51.8","52.4","50",
"전라북도","남자","30 - 39세","취업자[천명]","천명","107.7","103.5","101.5","102.4","98.4","96.4","95.5","101.1","99.3","98.7","97.7","96.9","93.7","92","91.1","90.2","90.3","89.9","88.6","92","92","87.3","86.2","84","82.1","82.9","86.1","85.6","84","84.8","85.1","83.3","83.8","86.4","82.3","81.8","85.4","88.6","89.1","88.5","87.5",
"전라북도","남자","40 - 49세","취업자[천명]","천명","138.5","137.8","135.1","133.6","133","133.6","132.4","130.2","128","128","128.2","126.6","123.7","121.7","119.6","118.9","119.6","118.1","117.1","117","115.3","116.4","116.2","115.6","115.4","114.2","110.6","110.7","110.2","111.1","109.8","110.5","107.1","106.9","107.4","106","103.4","105","106.5","105.2","105.1",
"전라북도","남자","50 - 59세","취업자[천명]","천명","126.1","133.1","134.5","131.1","127.4","130.2","129.5","130.6","128.8","126","127.5","129.5","127.8","129.3","132.4","132.6","130.3","131.6","131.1","128.8","126.3","126.2","124.9","127.1","126.5","126.4","124.2","126.3","125.4","125.4","126.4","129.8","130.7","133.5","133.5","131.6","130.9","131","129.4","129.7","128.9",
"전라북도","남자","60세이상","취업자[천명]","천명","104.8","115","117.6","116.2","112.7","117","117","116.1","111.3","120.5","119.7","120.8","122.4","127.3","127.9","131.3","129.5","139.3","142.3","144.8","144","155.8","159.1","155.5","150.9","159.3","161.4","153.4","153.2","159.7","162.4","160.2","162.6","162.5","162","157.9","155","161.9","166.6","163.4","163.1",
"전라북도","남자","15 - 64세","취업자[천명]","천명","461.4","471.6","470.6","463.1","454.8","463.5","459.2","457.8","456.7","452.5","451.7","456.3","446.3","448","452.2","451","441.9","439.2","440.3","446.1","443.1","436.3","438.3","441.5","431.5","434.8","434.4","427.4","423.6","423.2","429.2","428.6","428.1","429.4","425.4","425.2","421.2","422.9","429.8","431.1","424",
"전라북도","남자","15 - 24세","취업자[천명]","천명","22.2","22","23.7","20.6","22.6","24.2","23.6","20","24","24","22.9","22.8","21.4","19.4","19.8","18.7","15.6","13.4","15.7","18.3","16.5","13.2","15.4","17.1","18.4","19.3","20.9","17.7","17.5","15.3","18.5","16.9","14.7","14.6","16.6","15.4","13.8","13.9","16.5","14.6","14.7",
"전라북도","여자","계","취업자[천명]","천명","367.9","413.4","421.5","405.8","369.5","403.3","400.4","391","359.5","399.9","399.3","394.2","382.7","414.5","404.5","403","385.1","404.1","418.4","411","391","428.3","430.5","415.3","405.3","446.1","449.4","430.4","426.6","458.4","463.8","449.5","436.5","468.4","468.4","442.1","428","452","458.3","430.2","425.4",
"전라북도","여자","15 - 29세","취업자[천명]","천명","54.5","57.1","58.2","58.1","50.7","52.6","50.1","50.9","48.8","45.3","44.7","44.9","46.2","50.7","41.6","41.7","40.1","40.5","46.9","48.2","46.8","54.3","55.5","54.5","52.7","53.5","54.7","51.4","52.9","52.8","55.3","55","50.8","54.6","51","47.1","44.2","46.5","46","43.3","41.6",
"전라북도","여자","15 - 19세","취업자[천명]","천명","5","2.9","3.3","2.7","1.3","1.3","1.2","2","2.4","1.3","1.7","2.1","1.5","2.6","1.1","3","2.1","1.6","1.9","4","3.3","2.6","4.1","3.2","2.5","3.9","3.7","2.1","1.3",".7","1.5","1.2",".8","1.4","1.7","1.6","1.2","",".5","1.1","1.3",
"전라북도","여자","20 - 29세","취업자[천명]","천명","49.5","54.2","54.9","55.4","49.3","51.2","48.9","48.9","46.4","44","43","42.9","44.7","48","40.5","38.7","38","38.9","45","44.2","43.6","51.8","51.4","51.3","50.2","49.7","51","49.3","51.6","52.1","53.8","53.8","50","53.2","49.4","45.6","43","46.5","45.5","42.2","40.3",
"전라북도","여자","30 - 39세","취업자[천명]","천명","59.2","62.9","66.2","65","64.9","62.1","63.4","61.3","57.9","61.9","61.4","62","63.3","60.3","60","61.6","58.5","57.2","61.6","59.4","53.8","54","52","52.1","49.2","52.2","55.6","56.6","57.6","59.2","59","60.1","58.1","58","61.4","61.7","59.6","60.5","63","61.1","63.5",
"전라북도","여자","40 - 49세","취업자[천명]","천명","99.5","99.7","101.3","99.9","97.8","99.8","95.4","96.7","96.4","93.4","93","93","92.9","95.1","92.2","92.3","88","85.4","86.5","90.2","89","89.2","90.6","91","93.1","94.8","91.4","91.1","87","86.9","83.1","82.2","82.3","82.9","83.2","80.2","78.9","81.1","80.9","78.3","75.9",
"전라북도","여자","50 - 59세","취업자[천명]","천명","88.9","97.7","98.9","97.6","92","95.7","96.9","91.4","87.9","96.8","94.2","93.3","91.1","95.8","93.6","91.6","92","96","95.5","94.7","93.8","97.3","96.7","96.5","94.3","102.1","100.9","100.2","103.1","105.5","107.5","107.6","104.3","109.9","111.3","111.2","106.8","107","106.2","103","99.9",
"전라북도","여자","60세이상","취업자[천명]","천명","65.7","96.1","96.9","85.3","64.1","93.1","94.7","90.6","68.5","102.5","106","100.9","89.2","112.6","117.1","115.7","106.4","125","127.9","118.5","107.6","133.5","135.8","121.2","116","143.5","146.8","131.1","125.9","153.9","158.9","144.6","140.9","163.1","161.5","141.9","138.6","157","162.2","144.6","144.5",
"전라북도","여자","15 - 64세","취업자[천명]","천명","326.8","347.7","355.1","348.2","329.9","340.4","336.5","331.5","317.6","331.7","327.9","327.2","325.7","337.9","325","325.6","314","318.2","331.8","333.8","323.4","339.2","340","337","330.2","348.7","350.1","343","342","351.7","354","351.4","339.8","351.9","351.1","343","329.8","339.8","340.1","328.3","320.7",
"전라북도","여자","15 - 24세","취업자[천명]","천명","30.6","25.9","28","28.1","23.3","26","23.8","25.4","21.9","21.1","19","21.6","21.9","23.2","16.9","21.3","20.2","21.5","23.1","20.9","20.2","25","26.4","25.5","24.5","27.3","27.1","23.1","24.3","23.7","21.7","20.9","18","19.9","18.7","15.6","14","13.9","16.1","15.8","16.8",
"전라남도","계","계","취업자[천명]","천명","920","975.1","989.4","972.9","921.6","966.8","968.5","970.4","929.6","969.8","966.8","977.5","951.7","973","981.2","988.7","961.2","977.4","982.2","975.4","946.9","995","1000.8","996","981.1","1023.5","1020.7","1016.3","1003.4","1040.6","1023.9","1007","990.9","1016.6","1012.1","997.2","981.6","1012.4","1004.7","990.7","978.7",
"전라남도","계","15 - 29세","취업자[천명]","천명","95.4","100.5","104.6","100.4","97.3","97.9","96.4","92.1","92.4","91.1","97.1","102.9","90.9","90","97.5","105.6","99","95.3","93.3","87.4","82.9","89.2","93.1","93.7","93","97.2","93.1","92.9","89.1","90","90.8","93.5","88.5","90.3","94.2","98.3","90.3","100.5","96.9","92.2","87.2",
"전라남도","계","15 - 19세","취업자[천명]","천명","10.6","8.9","10.7","8.4","9.4","7.3","8.1","7.7","9","9.7","8.1","6.6","4.5","4.9","4.1","3.8","6.2","4.7","5","3.4","3.1","4","3.4","2.7","4.4","4.6","5.4","4.8","4","3.2","3.3","2.9","2.1","3.9","6.2","4.9","3.7","3.8","3.4","3.8","3.2",
"전라남도","계","20 - 29세","취업자[천명]","천명","84.8","91.6","93.8","92.1","87.9","90.6","88.3","84.3","83.4","81.3","89","96.3","86.5","85","93.4","101.8","92.9","90.7","88.3","83.9","79.8","85.2","89.7","90.9","88.6","92.5","87.7","88.2","85.1","86.8","87.5","90.6","86.4","86.4","88","93.4","86.6","96.8","93.5","88.4","84",
"전라남도","계","30 - 39세","취업자[천명]","천명","159.4","158.4","157.6","151.4","152","152.5","155.7","155","152.2","154.7","153.5","155.9","153.5","147.7","147.2","145.8","141.9","140.3","143.3","144.4","138.6","135.9","132.9","132.9","130.4","129.7","131.5","131.7","131.5","129.7","128.4","124.5","124.6","125.2","126.3","124.1","124","126.2","126","125.4","128",
"전라남도","계","40 - 49세","취업자[천명]","천명","221.4","220.8","221.3","219.2","207.5","209.5","211","214.9","209.1","209.7","209.4","212.2","204.8","203.1","206.5","208.9","208.1","205.7","208.6","205.7","205.1","204.1","202.3","205.5","201","203.1","198.5","197.3","195.7","198.4","192.9","192","192.6","186.7","186.4","183.9","184.4","185.1","180.6","181.9","184.3",
"전라남도","계","50 - 59세","취업자[천명]","천명","222.9","234.2","236.7","234.3","226","231.3","228.3","234.7","227.6","235.5","228.7","232.9","236.4","243.4","243.5","242.1","236.5","234.8","234.6","235.2","231.9","237.4","241.3","243.2","239.9","246.7","248","251.9","253.1","255.4","248.4","241.9","243.4","246.3","244.4","240.8","237.8","236.9","235.6","239.5","235.6",
"전라남도","계","60세이상","취업자[천명]","천명","220.9","261.2","269.3","267.5","238.9","275.6","277.2","273.7","248.2","278.9","277.9","273.6","266.1","288.8","286.4","286.2","275.7","301.3","302.5","302.8","288.5","328.5","331.2","320.7","316.7","346.8","349.7","342.5","334","367.1","363.3","355","341.8","368.2","360.8","350","345.1","363.6","365.5","351.7","343.7",
"전라남도","계","15 - 64세","취업자[천명]","천명","770.9","788.8","798.8","785.8","758.8","774.1","776.8","784.1","763.2","780.5","777.9","791.8","775.3","775.9","788.8","801.6","781.2","775.1","774.9","768.9","752.5","771.5","774","782","769.3","787.3","781.7","788.8","781.6","794.6","776.5","764.8","757.3","760.5","757.4","751.6","737.1","749.9","740.9","742.7","732.3",
"전라남도","계","15 - 24세","취업자[천명]","천명","43.4","47.9","49.9","42.3","41.3","36.5","36.6","35.5","33.3","32.5","39","41.9","34.7","28.8","33.4","40.2","42.6","40.3","38.7","33.4","32.7","34.3","36.1","37.9","40.9","46.2","42.8","38.6","36.9","36.2","36.2","38.8","35","37.7","39","39.8","32","38.3","38","33.2","31.4",
"전라남도","남자","계","취업자[천명]","천명","528","540.6","551.3","541.2","526.9","538.8","540.5","544.2","530.7","544","543.8","546.1","536.6","545.3","551.1","561.9","549","549.9","554.9","550.9","546.6","560","560.8","558.9","555.1","569.3","567.3","571.1","563.3","570.9","564.8","556.6","553.5","556","557.6","559.7","555","561.3","556","559.2","555.4",
"전라남도","남자","15 - 29세","취업자[천명]","천명","48.2","48.8","51.3","47.4","47.6","45.5","41.9","43.1","46.6","48.1","52.4","53.4","45.1","50.3","53.9","58.5","52.1","49.4","51.5","46.5","44.9","47.6","51.6","51.5","49.5","50.6","48.8","50.6","48.2","50.7","53.4","51.8","50.3","50","54.4","57.4","53.3","56.8","53.1","52.8","49.3",
"전라남도","남자","15 - 19세","취업자[천명]","천명","5.3","4.8","5.4","3.9","3.8","3.1","2.3","1.4","2.8","4.1","3.4","2.2","1.6","1.8",".8","","2.2","1.9","2.4","1.4","1",".5",".7",".6","1.4","1.6","1.4","1.3","1.8","1.6","1.7","1","1","1.7","2.4","2.1","2.1","2","1.5","2","1.9",
"전라남도","남자","20 - 29세","취업자[천명]","천명","42.9","44","45.9","43.5","43.8","42.5","39.6","41.7","43.8","44","49","51.2","43.6","48.5","53.1","58.5","49.9","47.5","49.1","45.1","43.9","47.2","50.8","50.9","48.2","49","47.4","49.3","46.3","49","51.7","50.7","49.3","48.3","52","55.3","51.1","54.8","51.6","50.8","47.4",
"전라남도","남자","30 - 39세","취업자[천명]","천명","104.5","103.4","101.8","95.4","94.5","95.6","98.5","97.4","95","97.5","95.5","95.3","93.9","89.4","88.9","89.4","87.4","85.5","88.2","86.7","86.9","86.1","83","81.5","81.7","80.7","80.6","79.8","77.8","77","76.4","75.4","75.1","74.5","75.7","75.7","75.5","77.3","80.2","81","82.2",
"전라남도","남자","40 - 49세","취업자[천명]","천명","130.5","128.6","129.9","129","123.9","125.3","127.8","129.6","124.9","123.7","124.6","124.9","120.4","120.7","121.6","122.9","120.9","119.5","121.1","120.5","121.2","121.3","120.4","121.7","120.9","120.2","120","118.8","116.7","117","113.1","110.8","110.6","107.7","106.1","106.2","108.2","109.5","105.1","106","107.7",
"전라남도","남자","50 - 59세","취업자[천명]","천명","128.7","132.5","134.5","134","131.7","133.6","131.5","133.6","132","135.9","131.8","132.8","136.5","137.7","138.8","141.2","141.2","141.3","140.5","140.3","138.1","138.1","138.5","140.9","138.4","140.7","140.3","143.9","144.7","142.4","139.2","137.6","138.7","140.2","138.5","137.6","136.1","134.6","133.8","136.6","135.8",
"전라남도","남자","60세이상","취업자[천명]","천명","116.1","127.3","133.9","135.4","129.2","138.8","140.8","140.5","132.2","138.8","139.5","139.6","140.7","147.3","147.9","149.9","147.5","154","153.5","156.9","155.6","166.8","167.4","163.3","164.6","177","177.7","178","175.9","183.8","182.7","181.1","178.9","183.7","182.9","182.8","182","183.1","183.8","182.9","180.5",
"전라남도","남자","15 - 64세","취업자[천명]","천명","450.7","454","461.6","451.9","441","446.6","448","452.8","443.8","453.3","452.5","454.1","446.1","449.8","458.8","469.4","456.7","451.8","454.6","447.1","442.4","448.2","449","452.5","447.1","452.8","448.8","456.5","450.9","454.6","447","439.6","438.1","436.3","436.2","437.3","431.3","434","429.2","434.6","430.6",
"전라남도","남자","15 - 24세","취업자[천명]","천명","17.5","19.9","21.1","15.8","17.2","13.5","11.1","11.6","13","14.6","20.5","19.4","14.4","14.1","16.2","19.7","18.9","15.8","17.8","15.2","16.6","15.9","18.5","19","19.5","21.7","19.8","17","14.8","16.1","16.4","15.7","15.1","17.3","18.9","20.5","15.2","16.8","15.1","15.3","15.2",
"전라남도","여자","계","취업자[천명]","천명","392.1","434.5","438.1","431.6","394.8","428","428","426.2","398.9","425.9","422.9","431.3","415.1","427.7","430.1","426.8","412.2","427.5","427.4","424.5","400.3","435","439.9","437.1","425.9","454.2","453.5","445.2","440","469.7","459","450.4","437.4","460.6","454.5","437.5","426.7","451.2","448.6","431.5","423.3",
"전라남도","여자","15 - 29세","취업자[천명]","천명","47.2","51.7","53.2","53","49.7","52.4","54.5","49","45.8","43","44.7","49.5","45.8","39.7","43.6","47.1","46.9","45.9","41.8","40.8","38","41.5","41.5","42.1","43.4","46.6","44.3","42.3","40.9","39.3","37.4","41.8","38.3","40.3","39.8","40.9","37","43.8","43.8","39.4","37.9",
"전라남도","여자","15 - 19세","취업자[천명]","천명","5.3","4.1","5.3","4.5","5.6","4.2","5.8","6.3","6.3","5.6","4.7","4.4","2.9","3.1","3.3","3.8","4","2.8","2.6","2","2.1","3.5","2.6","2.1","3","3.1","4","3.5","2.1","1.6","1.6","1.9","1.1","2.2","3.8","2.7","1.6","1.8","1.9","1.8","1.3",
"전라남도","여자","20 - 29세","취업자[천명]","천명","41.9","47.6","47.9","48.6","44.1","48.1","48.7","42.7","39.6","37.4","40","45.1","42.9","36.5","40.3","43.3","43","43.2","39.2","38.8","35.9","38","38.9","40.1","40.4","43.5","40.3","38.8","38.8","37.7","35.8","39.9","37.1","38.1","36","38.2","35.5","42","41.8","37.6","36.7",
"전라남도","여자","30 - 39세","취업자[천명]","천명","55","55","55.8","56","57.4","56.9","57.2","57.6","57.3","57.1","58","60.6","59.6","58.3","58.3","56.5","54.5","54.7","55.1","57.7","51.7","49.7","49.9","51.5","48.7","48.9","50.9","51.9","53.7","52.7","52","49.2","49.5","50.7","50.6","48.5","48.5","48.9","45.9","44.5","45.8",
"전라남도","여자","40 - 49세","취업자[천명]","천명","90.9","92.2","91.5","90.2","83.6","84.2","83.2","85.3","84.1","86","84.8","87.3","84.4","82.4","85","86","87.2","86.2","87.4","85.2","83.9","82.7","81.9","83.8","80.2","82.9","78.5","78.5","79.1","81.4","79.8","81.2","82","79","80.3","77.7","76.2","75.7","75.5","75.9","76.6",
"전라남도","여자","50 - 59세","취업자[천명]","천명","94.2","101.7","102.2","100.3","94.3","97.7","96.8","101.1","95.6","99.6","96.9","100","99.9","105.8","104.7","100.8","95.3","93.5","94.1","94.9","93.7","99.3","102.8","102.4","101.5","106","107.7","108","108.4","113","109.2","104.3","104.7","106.1","105.9","103.3","101.8","102.3","101.8","102.9","99.8",
"전라남도","여자","60세이상","취업자[천명]","천명","104.8","133.8","135.4","132.1","109.7","136.8","136.3","133.2","116.1","140.1","138.4","133.9","125.4","141.6","138.6","136.3","128.2","147.2","149","145.9","133","161.8","163.9","157.3","152.1","169.8","172","164.5","158","183.4","180.7","174","162.9","184.5","177.9","167.2","163.2","180.5","181.7","168.8","163.2",
"전라남도","여자","15 - 64세","취업자[천명]","천명","320.2","334.8","337.2","333.8","317.8","327.5","328.8","331.3","319.4","327.2","325.4","337.7","329.2","326.1","330.1","332.2","324.5","323.4","320.3","321.9","310","323.3","325","329.5","322.2","334.5","332.9","332.3","330.7","339.9","329.5","325.2","319.2","324.2","321.3","314.3","305.8","315.9","311.7","308.1","301.8",
"전라남도","여자","15 - 24세","취업자[천명]","천명","25.8","28","28.9","26.5","24.1","23.1","25.6","23.9","20.3","17.8","18.5","22.5","20.3","14.6","17.2","20.5","23.7","24.6","20.9","18.2","16.1","18.4","17.6","18.8","21.4","24.6","22.9","21.6","22.1","20.1","19.8","23","19.9","20.4","20.1","19.3","16.8","21.5","22.8","17.9","16.2",
"경상북도","계","계","취업자[천명]","천명","1400.1","1462.6","1457.6","1452.2","1408.7","1468.1","1464.7","1444.6","1378.2","1442","1442.8","1443.2","1387.5","1435.8","1448","1449.3","1397.1","1413.1","1441.3","1422.2","1356.6","1416.9","1439","1428","1404.7","1492.4","1485.5","1464.3","1426.1","1496.5","1465.4","1458.3","1423.3","1484.5","1479.2","1460","1430.7","1495.6","1514.1","1473.8","1415.8",
"경상북도","계","15 - 29세","취업자[천명]","천명","185.5","186.1","176.5","172.8","173.6","178.2","176.1","167.6","153","156.6","163.7","165.4","158.7","158.9","167.7","164.3","160.6","144.6","158.7","155.7","147.2","147.9","151.6","158.2","159.5","169.2","161.1","156.5","146.5","145.2","139.6","145.5","141.7","145.4","149.7","146.2","139.4","144.1","156.7","152.4","145.1",
"경상북도","계","15 - 19세","취업자[천명]","천명","9.2","10.4","11.7","8.6","10.3","12.9","8.8","7.5","7.5","5.9","8.4","7.7","7.5","8.7","9.5","7.3","7.2","7.4","7","4.9","5.1","4.8","4.6","3.1","4.7","9.1","7.5","6","6.5","6","5.2","5.1","5.2","4.4","5.5","4.5","2.8","5.5","5.2","2.4","3.5",
"경상북도","계","20 - 29세","취업자[천명]","천명","176.3","175.7","164.8","164.2","163.2","165.3","167.2","160.1","145.6","150.7","155.2","157.7","151.2","150.2","158.2","157.1","153.4","137.2","151.7","150.8","142.1","143","147","155.1","154.9","160.1","153.6","150.5","139.9","139.2","134.3","140.5","136.4","141","144.2","141.7","136.6","138.6","151.5","149.9","141.7",
"경상북도","계","30 - 39세","취업자[천명]","천명","251.2","248.2","252.8","254.8","253.5","251.6","246.8","245.7","247.2","246.9","245.4","248.6","246.9","242","240.1","237.5","228.7","223.3","226.8","216","203","203.8","207.7","206.8","214.1","218.6","212.6","209.4","204.2","207.6","210.8","208.9","205.1","203.3","207.2","210.6","212","214","215.8","215.4","211.8",
"경상북도","계","40 - 49세","취업자[천명]","천명","344.6","345.4","345.4","342.8","338.2","338.8","344.7","341","333.3","324.3","319.9","319.3","313.4","312.5","310.1","314.5","307.4","301.3","301.2","297.9","288","285.3","288.8","288.7","282.6","289.6","293.9","294.1","287.7","285.3","273.7","273.8","271.5","280.5","280.9","277","270.1","275.6","277.8","275.9","274.3",
"경상북도","계","50 - 59세","취업자[천명]","천명","336","348.4","345.6","348.3","344.6","352.9","353","353.2","344.7","358.5","353.2","358.1","351.6","357.3","351","352.7","343.6","349.7","347.1","347.8","339.1","342.1","342.3","344.3","339.9","352.6","352.5","352.5","346.8","362.6","355.5","351.7","344.5","351.4","342.7","343.5","334.1","335.5","334.6","334","327",
"경상북도","계","60세이상","취업자[천명]","천명","282.7","334.4","337.3","333.4","298.8","346.7","344","337","299.9","355.7","360.6","351.8","316.9","365.1","379.1","380.2","356.8","394.1","407.5","404.8","379.3","437.8","448.6","429.9","408.5","462.4","465.4","451.8","440.9","495.7","485.8","478.4","460.6","503.9","498.7","482.8","475.1","526.3","529.1","496.2","457.5",
"경상북도","계","15 - 64세","취업자[천명]","천명","1225","1250.8","1241.3","1242.6","1224.8","1247.9","1246.6","1230.2","1192","1212.6","1208.9","1219.7","1195.4","1209.4","1212.3","1213.9","1178.3","1166.1","1187.2","1173.2","1125.8","1137.3","1151.5","1155.9","1152","1197.8","1182.7","1177.3","1145.8","1176.5","1148.2","1150.4","1119.9","1147.7","1140.8","1141.2","1111.4","1135","1153.4","1142.5","1107.7",
"경상북도","계","15 - 24세","취업자[천명]","천명","75","81","79.3","81.5","77.4","79.6","72.8","66.2","58.3","59.3","63.3","67.2","63.8","63.2","70.5","69.1","63.8","54.1","61.4","54.5","54.5","60.9","62.5","57.2","61.7","69.5","64.7","59.2","55.3","57.1","59.8","60.8","53.4","56.6","59.1","51.7","46.5","44.8","54.7","48.8","45.9",
"경상북도","남자","계","취업자[천명]","천명","832.4","846.7","849.1","855.3","834.5","852.2","852.9","850.7","824.4","834.8","834.2","841.8","824.9","829.9","839.2","841.9","833.5","822","838.5","832.5","810.9","827.8","835.1","842","837.3","857.8","854","850","832.9","850.7","834.1","836.6","820.8","839.3","829.3","828.3","813.3","834.7","838.4","834.6","816.1",
"경상북도","남자","15 - 29세","취업자[천명]","천명","100.2","97.7","96.9","97.1","93.1","98.9","101.4","98.8","90.6","85.9","87.7","87.1","87.5","88.2","92.5","88.9","93.8","83","90.8","90.4","89.2","91.3","89.9","99","95.1","95.2","90.2","87.3","82.1","78.8","73.4","73.2","69.8","75.2","79.3","72.8","67.9","72.6","79.7","85.7","84.8",
"경상북도","남자","15 - 19세","취업자[천명]","천명","3.4","3.3","3.6","2.2","3.6","5.3","3.2","2.5","3.3","2.7","4.4","3.8","4.1","6","5","3","3.8","4.3","4.9","4.2","4","4.1","4.3","3.1","3.9","6.7","5.1","3.7","3.8","2.8","2.8","3.2","3.5","2","2.1","1.1",".5","1.3","1.8",".4",".8",
"경상북도","남자","20 - 29세","취업자[천명]","천명","96.7","94.4","93.3","94.9","89.5","93.6","98.3","96.3","87.3","83.2","83.3","83.3","83.4","82.2","87.5","85.9","90","78.6","85.9","86.2","85.3","87.3","85.6","95.9","91.1","88.5","85","83.6","78.3","75.9","70.6","70","66.3","73.2","77.2","71.7","67.4","71.3","78","85.3","84",
"경상북도","남자","30 - 39세","취업자[천명]","천명","164","163.4","167.6","168.2","169","165.7","164.4","164.1","164.8","160.2","158.6","161.3","160.2","155.7","154.7","150.6","147.2","143.6","143.6","138","131.1","129.1","132.9","131.4","135.5","137.3","132.6","132.8","128.4","131.3","137","133.7","127.2","125.6","128.6","131.9","134.4","138","137.9","137.6","136.6",
"경상북도","남자","40 - 49세","취업자[천명]","천명","202.2","200.8","200.2","200.6","197","199.7","199","194.9","189.4","187.1","184.8","185.6","184.4","185.8","185.9","185","180.3","175.9","176.7","176","172.6","173","176.4","176.1","171.7","172.6","174","172.2","168.9","166.7","162","163.4","163.4","167.2","163.9","162.1","158.3","159.9","162.5","159.4","158.4",
"경상북도","남자","50 - 59세","취업자[천명]","천명","199.1","205.3","203.8","206","204.9","206.4","204.4","205.9","201.4","206","203.7","205.5","199.1","201","198.2","204.7","203.5","207.2","207.6","204.5","200.1","201.6","199","200.3","200.6","205.5","205.6","205.9","203.8","204.7","200.1","203","200.1","201.5","196.1","198.7","194.2","192.2","188.3","188.7","188.6",
"경상북도","남자","60세이상","취업자[천명]","천명","167","179.5","180.6","183.3","170.4","181.5","183.8","187","178.2","195.7","199.4","202.3","193.7","199.1","207.9","212.6","208.8","212.3","219.7","223.5","217.8","232.8","236.9","235.3","234.5","247.2","251.6","251.6","249.6","269.2","261.6","263.3","260.2","269.8","261.4","262.8","258.5","271.9","270","263.1","247.6",
"경상북도","남자","15 - 64세","취업자[천명]","천명","727.1","733.9","736.4","741.5","728","739.8","739.4","732.8","712.4","709.9","707.8","715.4","704.6","707.1","712.3","711.6","705","693.2","705.5","698.1","679.3","687.4","691.2","699.4","696.4","706.2","695.4","695.7","677.9","681.5","666","669.5","652.9","665.4","658.8","660.2","643.5","654.8","659.1","659.1","652.1",
"경상북도","남자","15 - 24세","취업자[천명]","천명","36.8","35.9","38.7","44.5","36.7","40.3","39.1","37.4","31","26.8","29.7","30.9","32.8","34.6","38.1","34.5","35","28.2","32.2","30","30.9","36.7","34.9","34.8","34.4","37.7","33.5","30.3","29.6","26.5","27.3","27.3","22.8","26.2","30.5","21.8","16.4","14.9","24.2","27","26",
"경상북도","여자","계","취업자[천명]","천명","567.7","615.9","608.5","596.9","574.2","616","611.7","593.9","553.7","607.2","608.6","601.4","562.5","605.9","608.8","607.4","563.6","591.1","602.8","589.7","545.7","589.1","603.8","585.9","567.3","634.5","631.5","614.3","593.3","645.8","631.3","621.7","602.6","645.3","649.9","631.8","617.4","660.9","675.7","639.3","599.7",
"경상북도","여자","15 - 29세","취업자[천명]","천명","85.4","88.4","79.6","75.8","80.4","79.2","74.7","68.9","62.5","70.7","76","78.3","71.2","70.7","75.3","75.4","66.8","61.6","67.9","65.3","57.9","56.5","61.7","59.2","64.5","74.1","71","69.1","64.3","66.5","66.1","72.3","71.8","70.2","70.3","73.4","71.5","71.5","77","66.6","60.3",
"경상북도","여자","15 - 19세","취업자[천명]","천명","5.8","7.1","8.1","6.5","6.7","7.5","5.7","5.1","4.2","3.2","4","3.9","3.4","2.7","4.5","4.3","3.4","3.1","2.1",".6","1.1",".8",".3","",".7","2.4","2.4","2.3","2.7","3.2","2.4","1.8","1.7","2.5","3.4","3.4","2.3","4.2","3.5","2","2.7",
"경상북도","여자","20 - 29세","취업자[천명]","천명","79.6","81.3","71.5","69.3","73.7","71.7","69","63.8","58.3","67.5","72","74.4","67.8","68","70.7","71.1","63.4","58.5","65.8","64.6","56.8","55.8","61.4","59.2","63.7","71.6","68.6","66.8","61.6","63.3","63.7","70.4","70.2","67.8","67","70","69.2","67.3","73.5","64.6","57.7",
"경상북도","여자","30 - 39세","취업자[천명]","천명","87.2","84.8","85.2","86.5","84.5","86","82.4","81.6","82.4","86.7","86.8","87.3","86.7","86.3","85.4","86.9","81.6","79.7","83.1","78","71.8","74.8","74.8","75.4","78.6","81.2","80","76.5","75.8","76.3","73.9","75.2","77.9","77.7","78.6","78.7","77.6","76","77.9","77.8","75.2",
"경상북도","여자","40 - 49세","취업자[천명]","천명","142.5","144.6","145.1","142.1","141.1","139.1","145.8","146.1","143.9","137.2","135.1","133.6","128.9","126.6","124.2","129.5","127.2","125.4","124.5","121.9","115.4","112.3","112.4","112.5","110.9","116.9","119.8","121.9","118.9","118.6","111.7","110.5","108.1","113.3","117","114.9","111.8","115.7","115.3","116.5","115.8",
"경상북도","여자","50 - 59세","취업자[천명]","천명","136.9","143.2","141.8","142.4","139.7","146.5","148.6","147.3","143.3","152.6","149.6","152.7","152.4","156.3","152.8","148","140.1","142.6","139.5","143.2","139","140.5","143.3","144.1","139.3","147.1","147","146.6","143","157.9","155.4","148.6","144.4","149.9","146.7","144.8","139.9","143.3","146.3","145.2","138.4",
"경상북도","여자","60세이상","취업자[천명]","천명","115.7","154.9","156.7","150.1","128.4","165.2","160.2","150.1","121.7","160.1","161.2","149.5","123.3","166","171.1","167.6","148","181.8","187.8","181.3","161.4","205","211.7","194.7","173.9","215.2","213.7","200.2","191.2","226.6","224.2","215.1","200.4","234.2","237.3","220","216.6","254.4","259.1","233.1","210",
"경상북도","여자","15 - 64세","취업자[천명]","천명","498","516.9","504.9","501.2","496.9","508.1","507.2","497.4","479.6","502.7","501.1","504.3","490.8","502.3","500","502.3","473.3","472.9","481.7","475.1","446.5","449.9","460.3","456.6","455.6","491.7","487.3","481.7","467.9","495","482.3","480.9","466.9","482.2","482","481","467.9","480.2","494.3","483.4","455.6",
"경상북도","여자","15 - 24세","취업자[천명]","천명","38.2","45.1","40.5","36.9","40.7","39.2","33.7","28.8","27.4","32.5","33.6","36.3","31.1","28.6","32.4","34.6","28.8","25.9","29.2","24.5","23.5","24.2","27.5","22.4","27.3","31.9","31.2","28.9","25.7","30.6","32.5","33.5","30.6","30.4","28.5","29.9","30.1","29.9","30.5","21.7","19.9",
"경상남도","계","계","취업자[천명]","천명","1669","1703.9","1717.1","1725.6","1689.9","1736.8","1730.7","1733.5","1696.7","1763.5","1769","1755.7","1727","1751.1","1753.6","1762.9","1729.7","1726.8","1738.9","1722","1682.3","1762.1","1759","1724.1","1711","1765.9","1744.3","1740.3","1714.6","1792.4","1770.7","1763.2","1740.5","1782.6","1756.6","1751.6","1764.3","1798.4","1807.4","1824.6","1801.6",
"경상남도","계","15 - 29세","취업자[천명]","천명","212.1","227.1","225.1","224.9","215.6","215.9","214.2","205.6","199.2","207.3","211.9","205.4","212.5","211.4","195.4","197","192.2","189.7","191.4","182.8","188.2","200.5","194.8","181.5","190.7","194.5","182","181.4","179.5","190.4","176.6","160.4","161.1","163.7","160.1","149.1","154.1","158.5","166.7","173.4","172.5",
"경상남도","계","15 - 19세","취업자[천명]","천명","11.5","9.9","14.7","11","12.3","12.2","14.7","9.9","10.1","12.9","9.2","7.8","12.7","13.4","11.2","11.9","11.7","8.7","10.1","8.4","11.1","12.2","11.7","5.9","8.7","10.6","8.9","7.5","10","9.1","13.8","9.1","9","8.2","11.2","6","9.5","9.5","9.3","8.6","10.5",
"경상남도","계","20 - 29세","취업자[천명]","천명","200.6","217.2","210.5","213.9","203.3","203.7","199.4","195.7","189.2","194.4","202.8","197.6","199.8","198","184.2","185.1","180.5","180.9","181.3","174.3","177.1","188.3","183.1","175.6","182","183.9","173.1","174","169.6","181.3","162.8","151.3","152.1","155.5","148.9","143.1","144.6","149.1","157.5","164.8","162",
"경상남도","계","30 - 39세","취업자[천명]","천명","344.9","333.4","335.7","338","337.2","342.9","337.2","338.9","339","347.7","345.4","352.3","357.6","352.3","345.6","344.5","335.5","324.6","324.3","317","305.6","301.4","289.5","274.5","276","280.6","279.6","276.8","271.2","279.8","275.2","283.4","272","280.9","275.9","282.4","279.9","283.4","279.4","282.6","278.9",
"경상남도","계","40 - 49세","취업자[천명]","천명","442.3","442.9","449","455.1","447.2","446.5","447","443.9","439.9","444.4","442.4","442.4","429.1","418.1","430.2","426.5","420.7","411.2","407.3","409.8","404","406.9","407.8","397.8","394.3","389.7","391.1","387.5","393.8","400.4","402.4","400.2","397.5","399.1","387.4","393.2","397.2","400.1","399","400.9","398.8",
"경상남도","계","50 - 59세","취업자[천명]","천명","411.3","413.6","417","421","423.3","431.3","431.8","437.5","430.3","438.6","432.8","431.4","426.2","429.7","434.5","444.9","435.5","422.4","419.5","423.3","412.8","429.4","432.5","442.7","440.8","445.1","441","450.2","449.7","458.9","456.5","464.6","455.7","461","453.6","452.1","454.1","448.7","453.8","465.3","461",
"경상남도","계","60세이상","취업자[천명]","천명","258.4","286.8","290.3","286.7","266.8","300.4","300.4","307.5","288.2","325.6","336.4","324.2","301.7","339.7","347.9","349.9","345.9","379","396.4","389","371.8","423.8","434.3","427.6","409.2","456","450.6","444.3","420.3","462.9","460","454.6","454.3","477.9","479.6","474.7","478.9","507.6","508.4","502.5","490.4",
"경상남도","계","15 - 64세","취업자[천명]","천명","1527.1","1547","1554.6","1566.7","1545.3","1569.8","1560.1","1559.8","1537.6","1577.5","1576.3","1571.6","1563.7","1560.8","1556.2","1563.8","1533.4","1502.7","1503.2","1490.6","1461.9","1507.4","1500.1","1476.4","1479.9","1501.7","1478.8","1480.9","1471.1","1522.6","1501","1493.1","1462.3","1483.6","1455.5","1461.5","1462","1479.9","1490.4","1513.9","1491.9",
"경상남도","계","15 - 24세","취업자[천명]","천명","85.8","98.2","94.8","89","83.3","85.5","86","78.8","73.9","76.4","76.6","76.1","84.2","93.5","75.3","78.5","76.1","72","80.9","67.7","66.7","75.2","76.2","66.8","76.3","76.4","72.9","76","75.7","78.3","73.1","61","63.5","70.4","70.3","61.2","64.6","62.1","62.5","63.2","60.3",
"경상남도","남자","계","취업자[천명]","천명","997.9","1015.7","1018.8","1026.5","1010.9","1025.9","1026.1","1037.8","1016.8","1042","1057.3","1043.9","1020.8","1026.5","1029","1033","1016.4","1009.9","1010.6","1006.1","983.9","1021","1012.4","1004.4","998.1","1024.2","1008.7","1003.5","986.7","1005.7","991.7","991.2","990.9","1007.1","990.1","991.9","993.3","1012.2","1031.3","1042.4","1025.1",
"경상남도","남자","15 - 29세","취업자[천명]","천명","110.6","123.2","124.7","126.3","122.8","116.4","111.3","114.6","113.3","112.9","123.2","118.3","117.1","115.8","109.9","108.4","102","103.9","104.9","107.4","106.6","112.2","101.8","102.6","108.6","114.2","106.8","103","100.4","104","94.9","88.2","91.5","89.4","86.6","80","81.6","88.5","96.5","96","94.4",
"경상남도","남자","15 - 19세","취업자[천명]","천명","4.4","4.7","8.3","6.5","7.2","5.3","5.9","5.2","6.1","8.6","7.3","6.2","8.5","8.2","4.2","4","3.9","2.7","5.6","5.1","7.5","7.8","6.7","3.4","5","5.8","3.7","3.6","5.5","4.6","7.6","4.6","4.7","3","4.8","3.4","3.9","4.9","4.8","3.6","5.3",
"경상남도","남자","20 - 29세","취업자[천명]","천명","106.2","118.4","116.4","119.7","115.6","111.2","105.5","109.4","107.3","104.3","116","112.1","108.6","107.6","105.7","104.4","98.1","101.1","99.2","102.4","99.2","104.5","95.1","99.2","103.6","108.4","103.1","99.4","94.9","99.4","87.3","83.5","86.8","86.5","81.8","76.6","77.6","83.6","91.7","92.5","89.1",
"경상남도","남자","30 - 39세","취업자[천명]","천명","230.4","222.2","221.7","225.1","221.1","225.4","230","230.2","225.3","228.3","224.8","225","224.2","222.7","219.2","217.4","214.5","206","207.7","196","186.9","188.3","181","171.4","177","180.8","176","170.4","169.4","174.3","172.5","175.1","171.5","172.1","166.7","171.1","172.4","172","171.2","177.9","173.9",
"경상남도","남자","40 - 49세","취업자[천명]","천명","266.3","265.9","265.1","266.4","259.3","259.1","261.4","262.9","261.9","265.1","265","263.5","256.8","250","257","255.2","256.2","253","244.4","245.8","243.2","245.8","247.1","242.8","238.7","239.2","239","235.1","232.6","231.5","230.5","228.9","233.1","235.8","229.7","232.3","231.2","229.4","231.1","229.6","230.5",
"경상남도","남자","50 - 59세","취업자[천명]","천명","237.4","241.2","242.3","243.4","246.8","251.5","251.5","254.5","247.7","257.8","253.8","251.5","242.2","248.1","247.6","254.5","253.7","246.7","242","245.1","239.5","246.2","249.3","255.9","252","248.1","246.7","252.5","249.3","250.5","248.2","254.3","250.4","258.3","257.2","259.4","260.6","258.7","260.9","263","260.6",
"경상남도","남자","60세이상","취업자[천명]","천명","153.2","163.2","165","165.4","160.8","173.5","171.8","175.6","168.6","177.8","190.4","185.7","180.4","190","195.3","197.5","190","200.3","211.6","211.8","207.5","228.5","233.2","231.7","221.7","241.9","240.3","242.6","235","245.2","245.7","244.8","244.4","251.4","249.8","249","247.6","263.7","271.7","275.9","265.7",
"경상남도","남자","15 - 64세","취업자[천명]","천명","914.7","926.9","926.6","935.8","923.5","931.7","931.6","940.9","924","945","953.4","944","925.7","925.1","923.8","924.5","911.3","895.8","887.9","881.7","860","884.7","873.5","867.9","873.5","888.8","871.9","865.3","853.4","867.9","855.6","854.4","848.2","857.6","839.9","843.9","840.6","849.4","864.6","874.4","863.2",
"경상남도","남자","15 - 24세","취업자[천명]","천명","38.1","47.5","46.3","42.3","38.6","33.3","33.2","37.8","39.3","35.8","43.7","41.1","42.2","47","37","38.2","34.6","35.4","40.2","35.7","36.8","37.3","34.3","33.3","37.5","39","36.4","35.8","36.3","36.8","33.4","29.3","32.5","34.2","31.7","26.9","27.5","27.8","32.5","31.6","30.3",
"경상남도","여자","계","취업자[천명]","천명","671","688.2","698.3","699","679","710.9","704.5","695.8","679.9","721.6","711.7","711.8","706.2","724.6","724.6","729.9","713.3","716.9","728.4","715.9","698.5","741","746.6","719.7","712.9","741.7","735.6","736.8","727.9","786.7","779","772","749.6","775.6","766.5","759.6","771","786.2","776.1","782.2","776.5",
"경상남도","여자","15 - 29세","취업자[천명]","천명","101.4","104","100.4","98.6","92.8","99.5","102.8","91","85.9","94.4","88.7","87.1","95.4","95.6","85.4","88.6","90.2","85.8","86.6","75.3","81.6","88.3","93","79","82.1","80.3","75.2","78.4","79.1","86.4","81.7","72.2","69.6","74.2","73.4","69.1","72.5","70.1","70.3","77.4","78.1",
"경상남도","여자","15 - 19세","취업자[천명]","천명","7.1","5.2","6.4","4.5","5.1","7","8.9","4.7","4","4.2","1.9","1.6","4.1","5.2","6.9","7.9","7.8","6","4.5","3.3","3.6","4.5","5","2.5","3.7","4.8","5.2","3.8","4.5","4.4","6.1","4.5","4.3","5.3","6.3","2.6","5.6","4.6","4.5","5","5.2",
"경상남도","여자","20 - 29세","취업자[천명]","천명","94.3","98.8","94","94.1","87.7","92.5","94","86.3","81.9","90.1","86.8","85.5","91.3","90.4","78.5","80.7","82.4","79.8","82.1","72","78","83.8","88","76.4","78.4","75.5","70","74.6","74.7","81.9","75.5","67.8","65.3","69","67.1","66.5","66.9","65.5","65.8","72.4","72.9",
"경상남도","여자","30 - 39세","취업자[천명]","천명","114.5","111.2","114","112.9","116","117.4","107.2","108.7","113.6","119.4","120.6","127.4","133.4","129.6","126.4","127.2","121","118.6","116.6","121.1","118.6","113.1","108.5","103","99","99.8","103.6","106.4","101.7","105.5","102.8","108.4","100.6","108.8","109.2","111.3","107.6","111.4","108.2","104.7","105",
"경상남도","여자","40 - 49세","취업자[천명]","천명","176","177","183.9","188.6","187.8","187.3","185.6","181","178","179.3","177.4","178.9","172.2","168.1","173.2","171.3","164.4","158.1","163","164","160.7","161.1","160.8","155","155.6","150.4","152.1","152.5","161.2","168.8","172","171.3","164.4","163.4","157.7","160.9","166","170.8","167.9","171.3","168.3",
"경상남도","여자","50 - 59세","취업자[천명]","천명","173.9","172.4","174.7","177.6","176.5","179.8","180.3","183.1","182.7","180.8","179","179.9","184","181.6","186.9","190.4","181.8","175.8","177.5","178.2","173.2","183.2","183.2","186.8","188.8","197","194.4","197.8","200.5","208.3","208.2","210.3","205.3","202.7","196.4","192.7","193.6","190","192.9","202.3","200.4",
"경상남도","여자","60세이상","취업자[천명]","천명","105.2","123.5","125.3","121.3","105.9","126.8","128.6","132","119.6","147.8","146","138.5","121.2","149.7","152.6","152.4","155.9","178.6","184.7","177.2","164.3","195.4","201.2","195.9","187.5","214.1","210.3","201.8","185.3","217.7","214.3","209.8","209.9","226.5","229.8","225.7","231.3","243.9","236.7","226.6","224.7",
"경상남도","여자","15 - 64세","취업자[천명]","천명","612.4","620.1","628","630.9","621.8","638.1","628.5","618.8","613.6","632.6","622.9","627.6","637.9","635.7","632.3","639.3","622.2","606.9","615.3","608.9","601.9","622.6","626.6","608.4","606.4","612.9","606.8","615.6","617.7","654.7","645.4","638.7","614.1","626","615.6","617.6","621.4","630.4","625.8","639.6","628.7",
"경상남도","여자","15 - 24세","취업자[천명]","천명","47.6","50.7","48.5","46.7","44.7","52.1","52.8","41","34.6","40.6","32.9","35","42","46.5","38.3","40.3","41.5","36.7","40.7","32","29.9","37.9","42","33.6","38.8","37.4","36.5","40.2","39.4","41.5","39.7","31.7","31","36.2","38.6","34.3","37.1","34.3","30","31.6","30.1",
"제주도","계","계","취업자[천명]","천명","344.5","351.2","356.8","366.5","366.9","375.5","376.3","378.1","366.5","370.8","371.9","378.9","375.2","381.2","380.8","389.4","379.9","370.8","378.3","383.4","375.2","387.5","379.5","389.3","392.6","396.8","403.8","413.3","391.8","400.9","405","406.3","400","402.6","401.2","397.8","397.1","404.8","403","406.2","409.9",
"제주도","계","15 - 29세","취업자[천명]","천명","46.8","46.1","51.1","51","51.7","53.2","51.3","47.9","50.2","50.4","49.5","49","49.8","48.5","47.6","47.3","45.1","45.1","46.2","45.4","45","48.4","44.7","45.9","48.5","48","52.2","53.4","49.9","48.2","47.9","47","46","44.3","40.2","37.8","40.1","41.5","42.2","43.6","46.3",
"제주도","계","15 - 19세","취업자[천명]","천명","4.5","4.1","4.7","3.2","4","3.1","3.2","1.4","2.3","1.5","2.8","2.5","3.1","3.5","3.4","3.5","3.7","3.4","4.5","4","5.5","4.4","4","3.7","4.3","3.9","4.7","4.1","2.9","2.2","2.5","1.6","2.3","2.1","1.8","1.7","1.7","1.1","1.3","1.9","2.6",
"제주도","계","20 - 29세","취업자[천명]","천명","42.3","42","46.5","47.8","47.8","50.1","48.1","46.5","47.9","48.9","46.7","46.5","46.7","45","44.2","43.8","41.4","41.7","41.7","41.5","39.5","44","40.7","42.2","44.3","44.1","47.6","49.3","47.1","46.1","45.3","45.4","43.7","42.1","38.4","36.1","38.5","40.4","40.8","41.7","43.7",
"제주도","계","30 - 39세","취업자[천명]","천명","69.9","69.9","69.6","71.3","73.4","74.6","74.7","76.7","74.5","73.1","72.3","75.6","71.5","70.5","69.2","69.5","68.9","66.8","67.9","68.6","67.4","66.3","65.9","67.8","69.7","70.3","70.5","71.6","68.1","67.1","69.6","69.5","67.6","65.7","66.2","66.1","65.2","65.8","64.2","65.1","64.9",
"제주도","계","40 - 49세","취업자[천명]","천명","92.8","92.9","91.6","94.9","94.3","95.2","94.9","93.6","94.1","92.7","92","94.1","96.1","95","95.9","96.4","94.2","91.6","91.9","94.1","92.9","94.5","91.3","93.1","94.8","94","94.5","96.2","93.2","94.9","95.4","94.8","94.9","96.6","95.4","94.9","92.1","91.9","92.1","92.2","89.5",
"제주도","계","50 - 59세","취업자[천명]","천명","75.7","77.6","78.2","80.3","83.2","85.8","86.8","88.8","85.6","87.3","88.9","87.2","85.5","89.3","88.8","93.2","90.8","85.2","88.1","89.6","88.2","90","90.1","92.7","90.4","90.7","93.2","94.6","92.6","97.4","98.7","100.7","98.1","98.7","99.8","101.4","99","98.9","97.5","100.7","100.4",
"제주도","계","60세이상","취업자[천명]","천명","59.2","64.6","66.3","69","64.3","66.6","68.6","71.1","62","67.3","69.2","73","72.4","77.9","79.2","82.9","80.8","81.9","84.2","85.8","81.7","88.2","87.6","89.8","89.2","93.8","93.5","97.4","88.1","93.2","93.4","94.3","93.3","97.4","99.7","97.6","100.6","106.8","106.9","104.5","108.8",
"제주도","계","15 - 64세","취업자[천명]","천명","308.9","311.3","315.5","323.5","328.8","334.7","334.9","335.5","330.9","331.4","331","335.1","331.5","333.5","333.1","339.7","329.6","320.1","326.1","331.2","326.6","332.9","327.4","336.3","339.4","339.5","346.7","353.6","338.6","343.8","348","350.2","343.4","342.8","338.2","338","333.7","336","333.6","340.4","339.6",
"제주도","계","15 - 24세","취업자[천명]","천명","24.2","23.1","26.8","24.8","25.5","26","24.7","21","21.3","21.2","20.7","20.9","22.8","21.1","21","20.4","17.9","18.9","19.7","19.3","20.1","21.3","19.1","20.5","23","23.2","24.1","25.4","24","22.5","22","21.8","21.6","20.9","16.8","13.9","15.8","16.5","17.1","18.3","19.3",
"제주도","남자","계","취업자[천명]","천명","187.5","190.7","193","195.5","198.7","201.5","200.9","202.8","201.3","203.2","206","206.8","208.8","210.1","206.2","210","204.8","197.3","202.4","205.2","202.3","207.7","207.5","211.7","212.9","211.6","216.2","219.4","212.9","216.6","218.6","219.3","213","215.8","214.7","212.4","211.3","213.9","210.4","210","214.2",
"제주도","남자","15 - 29세","취업자[천명]","천명","23.4","22.4","24","23.3","23.6","26.1","24.1","23","26.2","26.4","26.4","26.5","27.6","26.8","25","24.6","22","20.3","21.3","21.3","20.4","23.1","22.7","22.6","23.2","22.8","25.2","26.4","24.9","24.4","24.6","23.9","23","22.3","20.9","20.1","21.5","23.3","23.2","22.2","24.3",
"제주도","남자","15 - 19세","취업자[천명]","천명","2.3","2.3","2.3","1.9","1.8","1.6",".8",".4","1","1","1.8","1.1","1.7","1.5","1.2","1.5","1.1",".8","1.8","1.2","1.7","1.7","1.7","1.7","1.8","2.2","2.5","2.2","1.6","1.3","1.5",".9","1.2","1.2",".7",".7",".8",".4",".4",".7",".7",
"제주도","남자","20 - 29세","취업자[천명]","천명","21.1","20.1","21.7","21.4","21.8","24.5","23.2","22.7","25.2","25.4","24.6","25.4","25.9","25.4","23.8","23.1","21","19.5","19.5","20.1","18.7","21.5","21","20.9","21.5","20.6","22.7","24.2","23.3","23.1","23.1","23","21.8","21.1","20.2","19.4","20.7","22.9","22.8","21.4","23.6",
"제주도","남자","30 - 39세","취업자[천명]","천명","41.2","41.6","41.3","42.2","42.3","41.9","42.4","43.8","42","42.4","42.8","43.9","43.1","43.2","43.2","42.5","42","40.7","40.9","41.2","40","38.4","39.2","39.7","39.9","39.1","38.3","38.6","38.2","38.1","38.1","38.1","37.2","37.7","37.3","37.6","35.9","36.5","34.6","34.3","35.9",
"제주도","남자","40 - 49세","취업자[천명]","천명","51.4","51.6","51.7","53.5","53.5","53.8","54.1","54.2","53.9","52.8","52.5","52.4","54.1","53.1","52.7","53.4","52.4","49.9","49.8","50.8","50.5","51.8","51","52.6","53.6","52.8","52.8","53.7","52.6","53.2","53.7","52.3","52.4","53","52.2","51.4","50.2","49.8","49.2","49.5","48.7",
"제주도","남자","50 - 59세","취업자[천명]","천명","42.2","43.6","43.8","44.5","46.5","47.1","47.3","48.7","47.4","47.9","48.4","47","46.5","48.1","47.9","50.6","49.8","47.6","49.7","50.4","50.3","50.4","50.8","51.9","51.8","50.8","52.5","52","52.2","54","54.1","55.2","54.4","54.6","54.1","54.4","52.7","51.4","50.3","52.4","52.6",
"제주도","남자","60세이상","취업자[천명]","천명","29.2","31.4","32.3","32","32.7","32.6","33","33","31.8","33.7","35.8","36.9","37.4","38.8","37.4","38.9","38.7","38.8","40.8","41.6","41","43.9","43.8","44.9","44.3","46.1","47.5","48.6","45","47","48.2","49.7","46","48.2","50.2","49","51.1","53","53.1","51.5","52.8",
"제주도","남자","15 - 64세","취업자[천명]","천명","170.4","172.2","173.6","177","180.9","183.5","182.7","184.9","184.3","184.7","185.7","185.4","186.8","187.3","184.9","188.4","182.4","174.7","178.3","181.1","178.4","181.7","182.9","186.7","187.2","184.9","188.6","191.1","186.7","188.7","190.2","190.2","186","187.5","184.4","183.5","180.7","181.3","176.9","178.2","180.8",
"제주도","남자","15 - 24세","취업자[천명]","천명","11.2","10.5","11.3","9.4","9.9","11.3","9.7","8.1","9.7","9.1","10.5","10.8","12","11","9.6","9.6","8.3","8.1","8.6","9","9","10.6","8.7","8.4","9.5","9.4","10.3","12","10.9","9.7","10","11.1","10.1","9.2","7.9","6.8","7.4","8.1","8.8","8.3","9.1",
"제주도","여자","계","취업자[천명]","천명","157.1","160.5","163.8","171","168.2","174","175.5","175.3","165.2","167.6","165.9","172.1","166.4","171.1","174.6","179.4","175.1","173.4","175.9","178.2","172.9","179.9","172.1","177.6","179.7","185.2","187.6","193.9","178.9","184.3","186.4","187","187","186.8","186.6","185.4","185.8","190.9","192.5","196.2","195.7",
"제주도","여자","15 - 29세","취업자[천명]","천명","23.4","23.7","27.1","27.8","28.1","27.1","27.2","24.9","24","24","23.1","22.5","22.2","21.7","22.6","22.7","23.1","24.8","24.9","24.2","24.6","25.3","22","23.3","25.3","25.2","27","27","25","23.8","23.3","23.1","23","22","19.3","17.6","18.7","18.2","19","21.4","22",
"제주도","여자","15 - 19세","취업자[천명]","천명","2.2","1.8","2.3","1.3","2.1","1.5","2.3","1.1","1.3",".5","1","1.4","1.4","2","2.2","2","2.6","2.6","2.7","2.8","3.8","2.7","2.3","2","2.5","1.7","2.1","1.9","1.3",".9","1",".7","1.1",".9","1.1","1",".9",".7",".9","1.2","1.9",
"제주도","여자","20 - 29세","취업자[천명]","천명","21.2","21.9","24.8","26.5","26","25.6","24.9","23.8","22.7","23.5","22","21.1","20.8","19.7","20.4","20.7","20.5","22.2","22.2","21.4","20.8","22.6","19.7","21.3","22.8","23.5","24.9","25.1","23.7","23","22.3","22.3","21.9","21","18.2","16.7","17.8","17.5","18.1","20.3","20.1",
"제주도","여자","30 - 39세","취업자[천명]","천명","28.7","28.3","28.3","29.1","31.1","32.8","32.2","33","32.5","30.7","29.4","31.6","28.3","27.3","26","27","26.9","26.1","27","27.3","27.3","27.9","26.7","28.1","29.8","31.2","32.2","32.9","29.9","29.1","31.6","31.4","30.4","28.1","28.9","28.5","29.3","29.3","29.6","30.8","29.1",
"제주도","여자","40 - 49세","취업자[천명]","천명","41.4","41.4","40","41.4","40.8","41.4","40.9","39.4","40.3","39.9","39.4","41.7","41.9","41.9","43.2","43","41.9","41.7","42.1","43.3","42.4","42.7","40.3","40.5","41.2","41.2","41.7","42.5","40.6","41.7","41.7","42.5","42.6","43.5","43.2","43.5","41.9","42.2","43","42.7","40.8",
"제주도","여자","50 - 59세","취업자[천명]","천명","33.5","34","34.5","35.8","36.6","38.7","39.5","40.1","38.2","39.4","40.5","40.2","38.9","41.2","40.9","42.7","41","37.6","38.5","39.2","37.9","39.6","39.3","40.8","38.6","40","40.7","42.6","40.4","43.5","44.6","45.5","43.7","44.1","45.7","47.1","46.3","47.5","47.2","48.3","47.8",
"제주도","여자","60세이상","취업자[천명]","천명","30","33.2","34","36.9","31.6","34.1","35.6","38","30.3","33.6","33.5","36","35","39.1","41.9","44","42.1","43.1","43.4","44.2","40.6","44.3","43.8","44.9","44.9","47.7","45.9","48.8","43","46.3","45.3","44.6","47.3","49.2","49.5","48.6","49.6","53.7","53.9","53","55.9",
"제주도","여자","15 - 64세","취업자[천명]","천명","138.6","139.1","141.8","146.5","147.9","151.2","152.2","150.6","146.7","146.7","145.3","149.7","144.7","146.2","148.2","151.4","147.2","145.3","147.8","150.1","148.2","151.2","144.5","149.6","152.1","154.6","158.1","162.5","151.9","155.1","157.8","160","157.4","155.3","153.8","154.5","152.9","154.7","156.7","162.2","158.7",
"제주도","여자","15 - 24세","취업자[천명]","천명","13","12.5","15.4","15.4","15.7","14.8","15","12.9","11.6","12","10.2","10.1","10.9","10.1","11.5","10.9","9.6","10.8","11","10.3","11.1","10.7","10.4","12.1","13.5","13.8","13.8","13.3","13.1","12.7","12","10.7","11.5","11.7","8.9","7.2","8.4","8.4","8.3","10","10.2",
